band,cond,channel,n_rows,empty_file,n_cols,columns_ok,subject_order_same,label_same,dup_subjects,dup_feature_rows
THETA,C_2,B12,0,True,,,,,,
ALFA,C_1,A1,112,False,9.0,True,True,True,0.0,0.0
ALFA,C_1,A10,112,False,9.0,True,True,True,0.0,0.0
ALFA,C_1,A11,112,False,9.0,True,True,True,0.0,0.0
ALFA,C_1,A12,112,False,9.0,True,True,True,0.0,0.0
ALFA,C_1,A13,112,False,9.0,True,True,True,0.0,0.0
ALFA,C_1,A14,112,False,9.0,True,True,True,0.0,0.0
ALFA,C_1,A15,112,False,9.0,True,True,True,0.0,0.0
ALFA,C_1,A16,112,False,9.0,True,True,True,0.0,0.0
ALFA,C_1,A17,112,False,9.0,True,True,True,0.0,0.0
ALFA,C_1,A18,112,False,9.0,True,True,True,0.0,0.0
ALFA,C_1,A19,112,False,9.0,True,True,True,0.0,0.0
ALFA,C_1,A2,112,False,9.0,True,True,True,0.0,0.0
ALFA,C_1,A20,112,False,9.0,True,True,True,0.0,0.0
ALFA,C_1,A21,112,False,9.0,True,True,True,0.0,0.0
ALFA,C_1,A22,112,False,9.0,True,True,True,0.0,0.0
ALFA,C_1,A23,112,False,9.0,True,True,True,0.0,0.0
ALFA,C_1,A24,112,False,9.0,True,True,True,0.0,0.0
ALFA,C_1,A25,112,False,9.0,True,True,True,0.0,0.0
ALFA,C_1,A26,112,False,9.0,True,True,True,0.0,0.0
ALFA,C_1,A27,112,False,9.0,True,True,True,0.0,0.0
ALFA,C_1,A28,112,False,9.0,True,True,True,0.0,0.0
ALFA,C_1,A29,112,False,9.0,True,True,True,0.0,0.0
ALFA,C_1,A3,112,False,9.0,True,True,True,0.0,0.0
ALFA,C_1,A30,112,False,9.0,True,True,True,0.0,0.0
ALFA,C_1,A31,112,False,9.0,True,True,True,0.0,0.0
ALFA,C_1,A32,112,False,9.0,True,True,True,0.0,0.0
ALFA,C_1,A4,112,False,9.0,True,True,True,0.0,0.0
ALFA,C_1,A5,112,False,9.0,True,True,True,0.0,0.0
ALFA,C_1,A6,112,False,9.0,True,True,True,0.0,0.0
ALFA,C_1,A7,112,False,9.0,True,True,True,0.0,0.0
ALFA,C_1,A8,112,False,9.0,True,True,True,0.0,0.0
ALFA,C_1,A9,112,False,9.0,True,True,True,0.0,0.0
ALFA,C_1,B1,112,False,9.0,True,True,True,0.0,0.0
ALFA,C_1,B10,112,False,9.0,True,True,True,0.0,0.0
ALFA,C_1,B11,112,False,9.0,True,True,True,0.0,0.0
ALFA,C_1,B12,112,False,9.0,True,True,True,0.0,0.0
ALFA,C_1,B13,112,False,9.0,True,True,True,0.0,0.0
ALFA,C_1,B14,112,False,9.0,True,True,True,0.0,0.0
ALFA,C_1,B15,112,False,9.0,True,True,True,0.0,0.0
ALFA,C_1,B16,112,False,9.0,True,True,True,0.0,0.0
ALFA,C_1,B17,112,False,9.0,True,True,True,0.0,0.0
ALFA,C_1,B18,112,False,9.0,True,True,True,0.0,0.0
ALFA,C_1,B19,112,False,9.0,True,True,True,0.0,0.0
ALFA,C_1,B2,112,False,9.0,True,True,True,0.0,0.0
ALFA,C_1,B20,112,False,9.0,True,True,True,0.0,0.0
ALFA,C_1,B21,112,False,9.0,True,True,True,0.0,0.0
ALFA,C_1,B22,112,False,9.0,True,True,True,0.0,0.0
ALFA,C_1,B23,112,False,9.0,True,True,True,0.0,0.0
ALFA,C_1,B24,112,False,9.0,True,True,True,0.0,0.0
ALFA,C_1,B25,112,False,9.0,True,True,True,0.0,0.0
ALFA,C_1,B26,112,False,9.0,True,True,True,0.0,0.0
ALFA,C_1,B27,112,False,9.0,True,True,True,0.0,0.0
ALFA,C_1,B28,112,False,9.0,True,True,True,0.0,0.0
ALFA,C_1,B29,112,False,9.0,True,True,True,0.0,0.0
ALFA,C_1,B3,112,False,9.0,True,True,True,0.0,0.0
ALFA,C_1,B30,112,False,9.0,True,True,True,0.0,0.0
ALFA,C_1,B31,112,False,9.0,True,True,True,0.0,0.0
ALFA,C_1,B32,112,False,9.0,True,True,True,0.0,0.0
ALFA,C_1,B4,112,False,9.0,True,True,True,0.0,0.0
ALFA,C_1,B5,112,False,9.0,True,True,True,0.0,0.0
ALFA,C_1,B6,112,False,9.0,True,True,True,0.0,0.0
ALFA,C_1,B7,112,False,9.0,True,True,True,0.0,0.0
ALFA,C_1,B8,112,False,9.0,True,True,True,0.0,0.0
ALFA,C_1,B9,112,False,9.0,True,True,True,0.0,0.0
ALFA,C_1,C1,112,False,9.0,True,True,True,0.0,0.0
ALFA,C_1,C10,112,False,9.0,True,True,True,0.0,0.0
ALFA,C_1,C11,112,False,9.0,True,True,True,0.0,0.0
ALFA,C_1,C12,112,False,9.0,True,True,True,0.0,0.0
ALFA,C_1,C13,112,False,9.0,True,True,True,0.0,0.0
ALFA,C_1,C14,112,False,9.0,True,True,True,0.0,0.0
ALFA,C_1,C15,112,False,9.0,True,True,True,0.0,0.0
ALFA,C_1,C16,112,False,9.0,True,True,True,0.0,0.0
ALFA,C_1,C17,112,False,9.0,True,True,True,0.0,0.0
ALFA,C_1,C18,112,False,9.0,True,True,True,0.0,0.0
ALFA,C_1,C19,112,False,9.0,True,True,True,0.0,0.0
ALFA,C_1,C2,112,False,9.0,True,True,True,0.0,0.0
ALFA,C_1,C20,112,False,9.0,True,True,True,0.0,0.0
ALFA,C_1,C21,112,False,9.0,True,True,True,0.0,0.0
ALFA,C_1,C22,112,False,9.0,True,True,True,0.0,0.0
ALFA,C_1,C23,112,False,9.0,True,True,True,0.0,0.0
ALFA,C_1,C24,112,False,9.0,True,True,True,0.0,0.0
ALFA,C_1,C25,112,False,9.0,True,True,True,0.0,0.0
ALFA,C_1,C26,112,False,9.0,True,True,True,0.0,0.0
ALFA,C_1,C27,112,False,9.0,True,True,True,0.0,0.0
ALFA,C_1,C28,112,False,9.0,True,True,True,0.0,0.0
ALFA,C_1,C29,112,False,9.0,True,True,True,0.0,0.0
ALFA,C_1,C3,112,False,9.0,True,True,True,0.0,0.0
ALFA,C_1,C30,112,False,9.0,True,True,True,0.0,0.0
ALFA,C_1,C31,112,False,9.0,True,True,True,0.0,0.0
ALFA,C_1,C32,112,False,9.0,True,True,True,0.0,0.0
ALFA,C_1,C4,112,False,9.0,True,True,True,0.0,0.0
ALFA,C_1,C5,112,False,9.0,True,True,True,0.0,0.0
ALFA,C_1,C6,112,False,9.0,True,True,True,0.0,0.0
ALFA,C_1,C7,112,False,9.0,True,True,True,0.0,0.0
ALFA,C_1,C8,112,False,9.0,True,True,True,0.0,0.0
ALFA,C_1,C9,112,False,9.0,True,True,True,0.0,0.0
ALFA,C_1,D1,112,False,9.0,True,True,True,0.0,0.0
ALFA,C_1,D10,112,False,9.0,True,True,True,0.0,0.0
ALFA,C_1,D11,112,False,9.0,True,True,True,0.0,0.0
ALFA,C_1,D12,112,False,9.0,True,True,True,0.0,0.0
ALFA,C_1,D13,112,False,9.0,True,True,True,0.0,0.0
ALFA,C_1,D14,112,False,9.0,True,True,True,0.0,0.0
ALFA,C_1,D15,112,False,9.0,True,True,True,0.0,0.0
ALFA,C_1,D16,112,False,9.0,True,True,True,0.0,0.0
ALFA,C_1,D17,112,False,9.0,True,True,True,0.0,0.0
ALFA,C_1,D18,112,False,9.0,True,True,True,0.0,0.0
ALFA,C_1,D19,112,False,9.0,True,True,True,0.0,0.0
ALFA,C_1,D2,112,False,9.0,True,True,True,0.0,0.0
ALFA,C_1,D20,112,False,9.0,True,True,True,0.0,0.0
ALFA,C_1,D21,112,False,9.0,True,True,True,0.0,0.0
ALFA,C_1,D22,112,False,9.0,True,True,True,0.0,0.0
ALFA,C_1,D23,112,False,9.0,True,True,True,0.0,0.0
ALFA,C_1,D24,112,False,9.0,True,True,True,0.0,0.0
ALFA,C_1,D25,112,False,9.0,True,True,True,0.0,0.0
ALFA,C_1,D26,112,False,9.0,True,True,True,0.0,0.0
ALFA,C_1,D27,112,False,9.0,True,True,True,0.0,0.0
ALFA,C_1,D28,112,False,9.0,True,True,True,0.0,0.0
ALFA,C_1,D29,112,False,9.0,True,True,True,0.0,0.0
ALFA,C_1,D3,112,False,9.0,True,True,True,0.0,0.0
ALFA,C_1,D30,112,False,9.0,True,True,True,0.0,0.0
ALFA,C_1,D31,112,False,9.0,True,True,True,0.0,0.0
ALFA,C_1,D32,112,False,9.0,True,True,True,0.0,0.0
ALFA,C_1,D4,112,False,9.0,True,True,True,0.0,0.0
ALFA,C_1,D5,112,False,9.0,True,True,True,0.0,0.0
ALFA,C_1,D6,112,False,9.0,True,True,True,0.0,0.0
ALFA,C_1,D7,112,False,9.0,True,True,True,0.0,0.0
ALFA,C_1,D8,112,False,9.0,True,True,True,0.0,0.0
ALFA,C_1,D9,112,False,9.0,True,True,True,0.0,0.0
ALFA,C_2,A1,112,False,9.0,True,True,True,0.0,0.0
ALFA,C_2,A10,112,False,9.0,True,True,True,0.0,0.0
ALFA,C_2,A11,112,False,9.0,True,True,True,0.0,0.0
ALFA,C_2,A12,112,False,9.0,True,True,True,0.0,0.0
ALFA,C_2,A13,112,False,9.0,True,True,True,0.0,0.0
ALFA,C_2,A14,112,False,9.0,True,True,True,0.0,0.0
ALFA,C_2,A15,112,False,9.0,True,True,True,0.0,0.0
ALFA,C_2,A16,112,False,9.0,True,True,True,0.0,0.0
ALFA,C_2,A17,112,False,9.0,True,True,True,0.0,0.0
ALFA,C_2,A18,112,False,9.0,True,True,True,0.0,0.0
ALFA,C_2,A19,112,False,9.0,True,True,True,0.0,0.0
ALFA,C_2,A2,112,False,9.0,True,True,True,0.0,0.0
ALFA,C_2,A20,112,False,9.0,True,True,True,0.0,0.0
ALFA,C_2,A21,112,False,9.0,True,True,True,0.0,0.0
ALFA,C_2,A22,112,False,9.0,True,True,True,0.0,0.0
ALFA,C_2,A23,112,False,9.0,True,True,True,0.0,0.0
ALFA,C_2,A24,112,False,9.0,True,True,True,0.0,0.0
ALFA,C_2,A25,112,False,9.0,True,True,True,0.0,0.0
ALFA,C_2,A26,112,False,9.0,True,True,True,0.0,0.0
ALFA,C_2,A27,112,False,9.0,True,True,True,0.0,0.0
ALFA,C_2,A28,112,False,9.0,True,True,True,0.0,0.0
ALFA,C_2,A29,112,False,9.0,True,True,True,0.0,0.0
ALFA,C_2,A3,112,False,9.0,True,True,True,0.0,0.0
ALFA,C_2,A30,112,False,9.0,True,True,True,0.0,0.0
ALFA,C_2,A31,112,False,9.0,True,True,True,0.0,0.0
ALFA,C_2,A32,112,False,9.0,True,True,True,0.0,0.0
ALFA,C_2,A4,112,False,9.0,True,True,True,0.0,0.0
ALFA,C_2,A5,112,False,9.0,True,True,True,0.0,0.0
ALFA,C_2,A6,112,False,9.0,True,True,True,0.0,0.0
ALFA,C_2,A7,112,False,9.0,True,True,True,0.0,0.0
ALFA,C_2,A8,112,False,9.0,True,True,True,0.0,0.0
ALFA,C_2,A9,112,False,9.0,True,True,True,0.0,0.0
ALFA,C_2,B1,112,False,9.0,True,True,True,0.0,0.0
ALFA,C_2,B10,112,False,9.0,True,True,True,0.0,0.0
ALFA,C_2,B11,112,False,9.0,True,True,True,0.0,0.0
ALFA,C_2,B12,112,False,9.0,True,True,True,0.0,0.0
ALFA,C_2,B13,112,False,9.0,True,True,True,0.0,0.0
ALFA,C_2,B14,112,False,9.0,True,True,True,0.0,0.0
ALFA,C_2,B15,112,False,9.0,True,True,True,0.0,0.0
ALFA,C_2,B16,112,False,9.0,True,True,True,0.0,0.0
ALFA,C_2,B17,112,False,9.0,True,True,True,0.0,0.0
ALFA,C_2,B18,112,False,9.0,True,True,True,0.0,0.0
ALFA,C_2,B19,112,False,9.0,True,True,True,0.0,0.0
ALFA,C_2,B2,112,False,9.0,True,True,True,0.0,0.0
ALFA,C_2,B20,112,False,9.0,True,True,True,0.0,0.0
ALFA,C_2,B21,112,False,9.0,True,True,True,0.0,0.0
ALFA,C_2,B22,112,False,9.0,True,True,True,0.0,0.0
ALFA,C_2,B23,112,False,9.0,True,True,True,0.0,0.0
ALFA,C_2,B24,112,False,9.0,True,True,True,0.0,0.0
ALFA,C_2,B25,112,False,9.0,True,True,True,0.0,0.0
ALFA,C_2,B26,112,False,9.0,True,True,True,0.0,0.0
ALFA,C_2,B27,112,False,9.0,True,True,True,0.0,0.0
ALFA,C_2,B28,112,False,9.0,True,True,True,0.0,0.0
ALFA,C_2,B29,112,False,9.0,True,True,True,0.0,0.0
ALFA,C_2,B3,112,False,9.0,True,True,True,0.0,0.0
ALFA,C_2,B30,112,False,9.0,True,True,True,0.0,0.0
ALFA,C_2,B31,112,False,9.0,True,True,True,0.0,0.0
ALFA,C_2,B32,112,False,9.0,True,True,True,0.0,0.0
ALFA,C_2,B4,112,False,9.0,True,True,True,0.0,0.0
ALFA,C_2,B5,112,False,9.0,True,True,True,0.0,0.0
ALFA,C_2,B6,112,False,9.0,True,True,True,0.0,0.0
ALFA,C_2,B7,112,False,9.0,True,True,True,0.0,0.0
ALFA,C_2,B8,112,False,9.0,True,True,True,0.0,0.0
ALFA,C_2,B9,112,False,9.0,True,True,True,0.0,0.0
ALFA,C_2,C1,112,False,9.0,True,True,True,0.0,0.0
ALFA,C_2,C10,112,False,9.0,True,True,True,0.0,0.0
ALFA,C_2,C11,112,False,9.0,True,True,True,0.0,0.0
ALFA,C_2,C12,112,False,9.0,True,True,True,0.0,0.0
ALFA,C_2,C13,112,False,9.0,True,True,True,0.0,0.0
ALFA,C_2,C14,112,False,9.0,True,True,True,0.0,0.0
ALFA,C_2,C15,112,False,9.0,True,True,True,0.0,0.0
ALFA,C_2,C16,112,False,9.0,True,True,True,0.0,0.0
ALFA,C_2,C17,112,False,9.0,True,True,True,0.0,0.0
ALFA,C_2,C18,112,False,9.0,True,True,True,0.0,0.0
ALFA,C_2,C19,112,False,9.0,True,True,True,0.0,0.0
ALFA,C_2,C2,112,False,9.0,True,True,True,0.0,0.0
ALFA,C_2,C20,112,False,9.0,True,True,True,0.0,0.0
ALFA,C_2,C21,112,False,9.0,True,True,True,0.0,0.0
ALFA,C_2,C22,112,False,9.0,True,True,True,0.0,0.0
ALFA,C_2,C23,112,False,9.0,True,True,True,0.0,0.0
ALFA,C_2,C24,112,False,9.0,True,True,True,0.0,0.0
ALFA,C_2,C25,112,False,9.0,True,True,True,0.0,0.0
ALFA,C_2,C26,112,False,9.0,True,True,True,0.0,0.0
ALFA,C_2,C27,112,False,9.0,True,True,True,0.0,0.0
ALFA,C_2,C28,112,False,9.0,True,True,True,0.0,0.0
ALFA,C_2,C29,112,False,9.0,True,True,True,0.0,0.0
ALFA,C_2,C3,112,False,9.0,True,True,True,0.0,0.0
ALFA,C_2,C30,112,False,9.0,True,True,True,0.0,0.0
ALFA,C_2,C31,112,False,9.0,True,True,True,0.0,0.0
ALFA,C_2,C32,112,False,9.0,True,True,True,0.0,0.0
ALFA,C_2,C4,112,False,9.0,True,True,True,0.0,0.0
ALFA,C_2,C5,112,False,9.0,True,True,True,0.0,0.0
ALFA,C_2,C6,112,False,9.0,True,True,True,0.0,0.0
ALFA,C_2,C7,112,False,9.0,True,True,True,0.0,0.0
ALFA,C_2,C8,112,False,9.0,True,True,True,0.0,0.0
ALFA,C_2,C9,112,False,9.0,True,True,True,0.0,0.0
ALFA,C_2,D1,112,False,9.0,True,True,True,0.0,0.0
ALFA,C_2,D10,112,False,9.0,True,True,True,0.0,0.0
ALFA,C_2,D11,112,False,9.0,True,True,True,0.0,0.0
ALFA,C_2,D12,112,False,9.0,True,True,True,0.0,0.0
ALFA,C_2,D13,112,False,9.0,True,True,True,0.0,0.0
ALFA,C_2,D14,112,False,9.0,True,True,True,0.0,0.0
ALFA,C_2,D15,112,False,9.0,True,True,True,0.0,0.0
ALFA,C_2,D16,112,False,9.0,True,True,True,0.0,0.0
ALFA,C_2,D17,112,False,9.0,True,True,True,0.0,0.0
ALFA,C_2,D18,112,False,9.0,True,True,True,0.0,0.0
ALFA,C_2,D19,112,False,9.0,True,True,True,0.0,0.0
ALFA,C_2,D2,112,False,9.0,True,True,True,0.0,0.0
ALFA,C_2,D20,112,False,9.0,True,True,True,0.0,0.0
ALFA,C_2,D21,112,False,9.0,True,True,True,0.0,0.0
ALFA,C_2,D22,112,False,9.0,True,True,True,0.0,0.0
ALFA,C_2,D23,112,False,9.0,True,True,True,0.0,0.0
ALFA,C_2,D24,112,False,9.0,True,True,True,0.0,0.0
ALFA,C_2,D25,112,False,9.0,True,True,True,0.0,0.0
ALFA,C_2,D26,112,False,9.0,True,True,True,0.0,0.0
ALFA,C_2,D27,112,False,9.0,True,True,True,0.0,0.0
ALFA,C_2,D28,112,False,9.0,True,True,True,0.0,0.0
ALFA,C_2,D29,112,False,9.0,True,True,True,0.0,0.0
ALFA,C_2,D3,112,False,9.0,True,True,True,0.0,0.0
ALFA,C_2,D30,112,False,9.0,True,True,True,0.0,0.0
ALFA,C_2,D31,112,False,9.0,True,True,True,0.0,0.0
ALFA,C_2,D32,112,False,9.0,True,True,True,0.0,0.0
ALFA,C_2,D4,112,False,9.0,True,True,True,0.0,0.0
ALFA,C_2,D5,112,False,9.0,True,True,True,0.0,0.0
ALFA,C_2,D6,112,False,9.0,True,True,True,0.0,0.0
ALFA,C_2,D7,112,False,9.0,True,True,True,0.0,0.0
ALFA,C_2,D8,112,False,9.0,True,True,True,0.0,0.0
ALFA,C_2,D9,112,False,9.0,True,True,True,0.0,0.0
ALFA,O_1,A1,112,False,9.0,True,True,True,0.0,0.0
ALFA,O_1,A10,112,False,9.0,True,True,True,0.0,0.0
ALFA,O_1,A11,112,False,9.0,True,True,True,0.0,0.0
ALFA,O_1,A12,112,False,9.0,True,True,True,0.0,0.0
ALFA,O_1,A13,112,False,9.0,True,True,True,0.0,0.0
ALFA,O_1,A14,112,False,9.0,True,True,True,0.0,0.0
ALFA,O_1,A15,112,False,9.0,True,True,True,0.0,0.0
ALFA,O_1,A16,112,False,9.0,True,True,True,0.0,0.0
ALFA,O_1,A17,112,False,9.0,True,True,True,0.0,0.0
ALFA,O_1,A18,112,False,9.0,True,True,True,0.0,0.0
ALFA,O_1,A19,112,False,9.0,True,True,True,0.0,0.0
ALFA,O_1,A2,112,False,9.0,True,True,True,0.0,0.0
ALFA,O_1,A20,112,False,9.0,True,True,True,0.0,0.0
ALFA,O_1,A21,112,False,9.0,True,True,True,0.0,0.0
ALFA,O_1,A22,112,False,9.0,True,True,True,0.0,0.0
ALFA,O_1,A23,112,False,9.0,True,True,True,0.0,0.0
ALFA,O_1,A24,112,False,9.0,True,True,True,0.0,0.0
ALFA,O_1,A25,112,False,9.0,True,True,True,0.0,0.0
ALFA,O_1,A26,112,False,9.0,True,True,True,0.0,0.0
ALFA,O_1,A27,112,False,9.0,True,True,True,0.0,0.0
ALFA,O_1,A28,112,False,9.0,True,True,True,0.0,0.0
ALFA,O_1,A29,112,False,9.0,True,True,True,0.0,0.0
ALFA,O_1,A3,112,False,9.0,True,True,True,0.0,0.0
ALFA,O_1,A30,112,False,9.0,True,True,True,0.0,0.0
ALFA,O_1,A31,112,False,9.0,True,True,True,0.0,0.0
ALFA,O_1,A32,112,False,9.0,True,True,True,0.0,0.0
ALFA,O_1,A4,112,False,9.0,True,True,True,0.0,0.0
ALFA,O_1,A5,112,False,9.0,True,True,True,0.0,0.0
ALFA,O_1,A6,112,False,9.0,True,True,True,0.0,0.0
ALFA,O_1,A7,112,False,9.0,True,True,True,0.0,0.0
ALFA,O_1,A8,112,False,9.0,True,True,True,0.0,0.0
ALFA,O_1,A9,112,False,9.0,True,True,True,0.0,0.0
ALFA,O_1,B1,112,False,9.0,True,True,True,0.0,0.0
ALFA,O_1,B10,112,False,9.0,True,True,True,0.0,0.0
ALFA,O_1,B11,112,False,9.0,True,True,True,0.0,0.0
ALFA,O_1,B12,112,False,9.0,True,True,True,0.0,0.0
ALFA,O_1,B13,112,False,9.0,True,True,True,0.0,0.0
ALFA,O_1,B14,112,False,9.0,True,True,True,0.0,0.0
ALFA,O_1,B15,112,False,9.0,True,True,True,0.0,0.0
ALFA,O_1,B16,112,False,9.0,True,True,True,0.0,0.0
ALFA,O_1,B17,112,False,9.0,True,True,True,0.0,0.0
ALFA,O_1,B18,112,False,9.0,True,True,True,0.0,0.0
ALFA,O_1,B19,112,False,9.0,True,True,True,0.0,0.0
ALFA,O_1,B2,112,False,9.0,True,True,True,0.0,0.0
ALFA,O_1,B20,112,False,9.0,True,True,True,0.0,0.0
ALFA,O_1,B21,112,False,9.0,True,True,True,0.0,0.0
ALFA,O_1,B22,112,False,9.0,True,True,True,0.0,0.0
ALFA,O_1,B23,112,False,9.0,True,True,True,0.0,0.0
ALFA,O_1,B24,112,False,9.0,True,True,True,0.0,0.0
ALFA,O_1,B25,112,False,9.0,True,True,True,0.0,0.0
ALFA,O_1,B26,112,False,9.0,True,True,True,0.0,0.0
ALFA,O_1,B27,112,False,9.0,True,True,True,0.0,0.0
ALFA,O_1,B28,112,False,9.0,True,True,True,0.0,0.0
ALFA,O_1,B29,112,False,9.0,True,True,True,0.0,0.0
ALFA,O_1,B3,112,False,9.0,True,True,True,0.0,0.0
ALFA,O_1,B30,112,False,9.0,True,True,True,0.0,0.0
ALFA,O_1,B31,112,False,9.0,True,True,True,0.0,0.0
ALFA,O_1,B32,112,False,9.0,True,True,True,0.0,0.0
ALFA,O_1,B4,112,False,9.0,True,True,True,0.0,0.0
ALFA,O_1,B5,112,False,9.0,True,True,True,0.0,0.0
ALFA,O_1,B6,112,False,9.0,True,True,True,0.0,0.0
ALFA,O_1,B7,112,False,9.0,True,True,True,0.0,0.0
ALFA,O_1,B8,112,False,9.0,True,True,True,0.0,0.0
ALFA,O_1,B9,112,False,9.0,True,True,True,0.0,0.0
ALFA,O_1,C1,112,False,9.0,True,True,True,0.0,0.0
ALFA,O_1,C10,112,False,9.0,True,True,True,0.0,0.0
ALFA,O_1,C11,112,False,9.0,True,True,True,0.0,0.0
ALFA,O_1,C12,112,False,9.0,True,True,True,0.0,0.0
ALFA,O_1,C13,112,False,9.0,True,True,True,0.0,0.0
ALFA,O_1,C14,112,False,9.0,True,True,True,0.0,0.0
ALFA,O_1,C15,112,False,9.0,True,True,True,0.0,0.0
ALFA,O_1,C16,112,False,9.0,True,True,True,0.0,0.0
ALFA,O_1,C17,112,False,9.0,True,True,True,0.0,0.0
ALFA,O_1,C18,112,False,9.0,True,True,True,0.0,0.0
ALFA,O_1,C19,112,False,9.0,True,True,True,0.0,0.0
ALFA,O_1,C2,112,False,9.0,True,True,True,0.0,0.0
ALFA,O_1,C20,112,False,9.0,True,True,True,0.0,0.0
ALFA,O_1,C21,112,False,9.0,True,True,True,0.0,0.0
ALFA,O_1,C22,112,False,9.0,True,True,True,0.0,0.0
ALFA,O_1,C23,112,False,9.0,True,True,True,0.0,0.0
ALFA,O_1,C24,112,False,9.0,True,True,True,0.0,0.0
ALFA,O_1,C25,112,False,9.0,True,True,True,0.0,0.0
ALFA,O_1,C26,112,False,9.0,True,True,True,0.0,0.0
ALFA,O_1,C27,112,False,9.0,True,True,True,0.0,0.0
ALFA,O_1,C28,112,False,9.0,True,True,True,0.0,0.0
ALFA,O_1,C29,112,False,9.0,True,True,True,0.0,0.0
ALFA,O_1,C3,112,False,9.0,True,True,True,0.0,0.0
ALFA,O_1,C30,112,False,9.0,True,True,True,0.0,0.0
ALFA,O_1,C31,112,False,9.0,True,True,True,0.0,0.0
ALFA,O_1,C32,112,False,9.0,True,True,True,0.0,0.0
ALFA,O_1,C4,112,False,9.0,True,True,True,0.0,0.0
ALFA,O_1,C5,112,False,9.0,True,True,True,0.0,0.0
ALFA,O_1,C6,112,False,9.0,True,True,True,0.0,0.0
ALFA,O_1,C7,112,False,9.0,True,True,True,0.0,0.0
ALFA,O_1,C8,112,False,9.0,True,True,True,0.0,0.0
ALFA,O_1,C9,112,False,9.0,True,True,True,0.0,0.0
ALFA,O_1,D1,112,False,9.0,True,True,True,0.0,0.0
ALFA,O_1,D10,112,False,9.0,True,True,True,0.0,0.0
ALFA,O_1,D11,112,False,9.0,True,True,True,0.0,0.0
ALFA,O_1,D12,112,False,9.0,True,True,True,0.0,0.0
ALFA,O_1,D13,112,False,9.0,True,True,True,0.0,0.0
ALFA,O_1,D14,112,False,9.0,True,True,True,0.0,0.0
ALFA,O_1,D15,112,False,9.0,True,True,True,0.0,0.0
ALFA,O_1,D16,112,False,9.0,True,True,True,0.0,0.0
ALFA,O_1,D17,112,False,9.0,True,True,True,0.0,0.0
ALFA,O_1,D18,112,False,9.0,True,True,True,0.0,0.0
ALFA,O_1,D19,112,False,9.0,True,True,True,0.0,0.0
ALFA,O_1,D2,112,False,9.0,True,True,True,0.0,0.0
ALFA,O_1,D20,112,False,9.0,True,True,True,0.0,0.0
ALFA,O_1,D21,112,False,9.0,True,True,True,0.0,0.0
ALFA,O_1,D22,112,False,9.0,True,True,True,0.0,0.0
ALFA,O_1,D23,112,False,9.0,True,True,True,0.0,0.0
ALFA,O_1,D24,112,False,9.0,True,True,True,0.0,0.0
ALFA,O_1,D25,112,False,9.0,True,True,True,0.0,0.0
ALFA,O_1,D26,112,False,9.0,True,True,True,0.0,0.0
ALFA,O_1,D27,112,False,9.0,True,True,True,0.0,0.0
ALFA,O_1,D28,112,False,9.0,True,True,True,0.0,0.0
ALFA,O_1,D29,112,False,9.0,True,True,True,0.0,0.0
ALFA,O_1,D3,112,False,9.0,True,True,True,0.0,0.0
ALFA,O_1,D30,112,False,9.0,True,True,True,0.0,0.0
ALFA,O_1,D31,112,False,9.0,True,True,True,0.0,0.0
ALFA,O_1,D32,112,False,9.0,True,True,True,0.0,0.0
ALFA,O_1,D4,112,False,9.0,True,True,True,0.0,0.0
ALFA,O_1,D5,112,False,9.0,True,True,True,0.0,0.0
ALFA,O_1,D6,112,False,9.0,True,True,True,0.0,0.0
ALFA,O_1,D7,112,False,9.0,True,True,True,0.0,0.0
ALFA,O_1,D8,112,False,9.0,True,True,True,0.0,0.0
ALFA,O_1,D9,112,False,9.0,True,True,True,0.0,0.0
ALFA,O_2,A1,112,False,9.0,True,True,True,0.0,0.0
ALFA,O_2,A10,112,False,9.0,True,True,True,0.0,0.0
ALFA,O_2,A11,112,False,9.0,True,True,True,0.0,0.0
ALFA,O_2,A12,112,False,9.0,True,True,True,0.0,0.0
ALFA,O_2,A13,112,False,9.0,True,True,True,0.0,0.0
ALFA,O_2,A14,112,False,9.0,True,True,True,0.0,0.0
ALFA,O_2,A15,112,False,9.0,True,True,True,0.0,0.0
ALFA,O_2,A16,112,False,9.0,True,True,True,0.0,0.0
ALFA,O_2,A17,112,False,9.0,True,True,True,0.0,0.0
ALFA,O_2,A18,112,False,9.0,True,True,True,0.0,0.0
ALFA,O_2,A19,112,False,9.0,True,True,True,0.0,0.0
ALFA,O_2,A2,112,False,9.0,True,True,True,0.0,0.0
ALFA,O_2,A20,112,False,9.0,True,True,True,0.0,0.0
ALFA,O_2,A21,112,False,9.0,True,True,True,0.0,0.0
ALFA,O_2,A22,112,False,9.0,True,True,True,0.0,0.0
ALFA,O_2,A23,112,False,9.0,True,True,True,0.0,0.0
ALFA,O_2,A24,112,False,9.0,True,True,True,0.0,0.0
ALFA,O_2,A25,112,False,9.0,True,True,True,0.0,0.0
ALFA,O_2,A26,112,False,9.0,True,True,True,0.0,0.0
ALFA,O_2,A27,112,False,9.0,True,True,True,0.0,0.0
ALFA,O_2,A28,112,False,9.0,True,True,True,0.0,0.0
ALFA,O_2,A29,112,False,9.0,True,True,True,0.0,0.0
ALFA,O_2,A3,112,False,9.0,True,True,True,0.0,0.0
ALFA,O_2,A30,112,False,9.0,True,True,True,0.0,0.0
ALFA,O_2,A31,112,False,9.0,True,True,True,0.0,0.0
ALFA,O_2,A32,112,False,9.0,True,True,True,0.0,0.0
ALFA,O_2,A4,112,False,9.0,True,True,True,0.0,0.0
ALFA,O_2,A5,112,False,9.0,True,True,True,0.0,0.0
ALFA,O_2,A6,112,False,9.0,True,True,True,0.0,0.0
ALFA,O_2,A7,112,False,9.0,True,True,True,0.0,0.0
ALFA,O_2,A8,112,False,9.0,True,True,True,0.0,0.0
ALFA,O_2,A9,112,False,9.0,True,True,True,0.0,0.0
ALFA,O_2,B1,112,False,9.0,True,True,True,0.0,0.0
ALFA,O_2,B10,112,False,9.0,True,True,True,0.0,0.0
ALFA,O_2,B11,112,False,9.0,True,True,True,0.0,0.0
ALFA,O_2,B12,112,False,9.0,True,True,True,0.0,0.0
ALFA,O_2,B13,112,False,9.0,True,True,True,0.0,0.0
ALFA,O_2,B14,112,False,9.0,True,True,True,0.0,0.0
ALFA,O_2,B15,112,False,9.0,True,True,True,0.0,0.0
ALFA,O_2,B16,112,False,9.0,True,True,True,0.0,0.0
ALFA,O_2,B17,112,False,9.0,True,True,True,0.0,0.0
ALFA,O_2,B18,112,False,9.0,True,True,True,0.0,0.0
ALFA,O_2,B19,112,False,9.0,True,True,True,0.0,0.0
ALFA,O_2,B2,112,False,9.0,True,True,True,0.0,0.0
ALFA,O_2,B20,112,False,9.0,True,True,True,0.0,0.0
ALFA,O_2,B21,112,False,9.0,True,True,True,0.0,0.0
ALFA,O_2,B22,112,False,9.0,True,True,True,0.0,0.0
ALFA,O_2,B23,112,False,9.0,True,True,True,0.0,0.0
ALFA,O_2,B24,112,False,9.0,True,True,True,0.0,0.0
ALFA,O_2,B25,112,False,9.0,True,True,True,0.0,0.0
ALFA,O_2,B26,112,False,9.0,True,True,True,0.0,0.0
ALFA,O_2,B27,112,False,9.0,True,True,True,0.0,0.0
ALFA,O_2,B28,112,False,9.0,True,True,True,0.0,0.0
ALFA,O_2,B29,112,False,9.0,True,True,True,0.0,0.0
ALFA,O_2,B3,112,False,9.0,True,True,True,0.0,0.0
ALFA,O_2,B30,112,False,9.0,True,True,True,0.0,0.0
ALFA,O_2,B31,112,False,9.0,True,True,True,0.0,0.0
ALFA,O_2,B32,112,False,9.0,True,True,True,0.0,0.0
ALFA,O_2,B4,112,False,9.0,True,True,True,0.0,0.0
ALFA,O_2,B5,112,False,9.0,True,True,True,0.0,0.0
ALFA,O_2,B6,112,False,9.0,True,True,True,0.0,0.0
ALFA,O_2,B7,112,False,9.0,True,True,True,0.0,0.0
ALFA,O_2,B8,112,False,9.0,True,True,True,0.0,0.0
ALFA,O_2,B9,112,False,9.0,True,True,True,0.0,0.0
ALFA,O_2,C1,112,False,9.0,True,True,True,0.0,0.0
ALFA,O_2,C10,112,False,9.0,True,True,True,0.0,0.0
ALFA,O_2,C11,112,False,9.0,True,True,True,0.0,0.0
ALFA,O_2,C12,112,False,9.0,True,True,True,0.0,0.0
ALFA,O_2,C13,112,False,9.0,True,True,True,0.0,0.0
ALFA,O_2,C14,112,False,9.0,True,True,True,0.0,0.0
ALFA,O_2,C15,112,False,9.0,True,True,True,0.0,0.0
ALFA,O_2,C16,112,False,9.0,True,True,True,0.0,0.0
ALFA,O_2,C17,112,False,9.0,True,True,True,0.0,0.0
ALFA,O_2,C18,112,False,9.0,True,True,True,0.0,0.0
ALFA,O_2,C19,112,False,9.0,True,True,True,0.0,0.0
ALFA,O_2,C2,112,False,9.0,True,True,True,0.0,0.0
ALFA,O_2,C20,112,False,9.0,True,True,True,0.0,0.0
ALFA,O_2,C21,112,False,9.0,True,True,True,0.0,0.0
ALFA,O_2,C22,112,False,9.0,True,True,True,0.0,0.0
ALFA,O_2,C23,112,False,9.0,True,True,True,0.0,0.0
ALFA,O_2,C24,112,False,9.0,True,True,True,0.0,0.0
ALFA,O_2,C25,112,False,9.0,True,True,True,0.0,0.0
ALFA,O_2,C26,112,False,9.0,True,True,True,0.0,0.0
ALFA,O_2,C27,112,False,9.0,True,True,True,0.0,0.0
ALFA,O_2,C28,112,False,9.0,True,True,True,0.0,0.0
ALFA,O_2,C29,112,False,9.0,True,True,True,0.0,0.0
ALFA,O_2,C3,112,False,9.0,True,True,True,0.0,0.0
ALFA,O_2,C30,112,False,9.0,True,True,True,0.0,0.0
ALFA,O_2,C31,112,False,9.0,True,True,True,0.0,0.0
ALFA,O_2,C32,112,False,9.0,True,True,True,0.0,0.0
ALFA,O_2,C4,112,False,9.0,True,True,True,0.0,0.0
ALFA,O_2,C5,112,False,9.0,True,True,True,0.0,0.0
ALFA,O_2,C6,112,False,9.0,True,True,True,0.0,0.0
ALFA,O_2,C7,112,False,9.0,True,True,True,0.0,0.0
ALFA,O_2,C8,112,False,9.0,True,True,True,0.0,0.0
ALFA,O_2,C9,112,False,9.0,True,True,True,0.0,0.0
ALFA,O_2,D1,112,False,9.0,True,True,True,0.0,0.0
ALFA,O_2,D10,112,False,9.0,True,True,True,0.0,0.0
ALFA,O_2,D11,112,False,9.0,True,True,True,0.0,0.0
ALFA,O_2,D12,112,False,9.0,True,True,True,0.0,0.0
ALFA,O_2,D13,112,False,9.0,True,True,True,0.0,0.0
ALFA,O_2,D14,112,False,9.0,True,True,True,0.0,0.0
ALFA,O_2,D15,112,False,9.0,True,True,True,0.0,0.0
ALFA,O_2,D16,112,False,9.0,True,True,True,0.0,0.0
ALFA,O_2,D17,112,False,9.0,True,True,True,0.0,0.0
ALFA,O_2,D18,112,False,9.0,True,True,True,0.0,0.0
ALFA,O_2,D19,112,False,9.0,True,True,True,0.0,0.0
ALFA,O_2,D2,112,False,9.0,True,True,True,0.0,0.0
ALFA,O_2,D20,112,False,9.0,True,True,True,0.0,0.0
ALFA,O_2,D21,112,False,9.0,True,True,True,0.0,0.0
ALFA,O_2,D22,112,False,9.0,True,True,True,0.0,0.0
ALFA,O_2,D23,112,False,9.0,True,True,True,0.0,0.0
ALFA,O_2,D24,112,False,9.0,True,True,True,0.0,0.0
ALFA,O_2,D25,112,False,9.0,True,True,True,0.0,0.0
ALFA,O_2,D26,112,False,9.0,True,True,True,0.0,0.0
ALFA,O_2,D27,112,False,9.0,True,True,True,0.0,0.0
ALFA,O_2,D28,112,False,9.0,True,True,True,0.0,0.0
ALFA,O_2,D29,112,False,9.0,True,True,True,0.0,0.0
ALFA,O_2,D3,112,False,9.0,True,True,True,0.0,0.0
ALFA,O_2,D30,112,False,9.0,True,True,True,0.0,0.0
ALFA,O_2,D31,112,False,9.0,True,True,True,0.0,0.0
ALFA,O_2,D32,112,False,9.0,True,True,True,0.0,0.0
ALFA,O_2,D4,112,False,9.0,True,True,True,0.0,0.0
ALFA,O_2,D5,112,False,9.0,True,True,True,0.0,0.0
ALFA,O_2,D6,112,False,9.0,True,True,True,0.0,0.0
ALFA,O_2,D7,112,False,9.0,True,True,True,0.0,0.0
ALFA,O_2,D8,112,False,9.0,True,True,True,0.0,0.0
ALFA,O_2,D9,112,False,9.0,True,True,True,0.0,0.0
BETA,C_1,A1,112,False,9.0,True,True,True,0.0,0.0
BETA,C_1,A10,112,False,9.0,True,True,True,0.0,0.0
BETA,C_1,A11,112,False,9.0,True,True,True,0.0,0.0
BETA,C_1,A12,112,False,9.0,True,True,True,0.0,0.0
BETA,C_1,A13,112,False,9.0,True,True,True,0.0,0.0
BETA,C_1,A14,112,False,9.0,True,True,True,0.0,0.0
BETA,C_1,A15,112,False,9.0,True,True,True,0.0,0.0
BETA,C_1,A16,112,False,9.0,True,True,True,0.0,0.0
BETA,C_1,A17,112,False,9.0,True,True,True,0.0,0.0
BETA,C_1,A18,112,False,9.0,True,True,True,0.0,0.0
BETA,C_1,A19,112,False,9.0,True,True,True,0.0,0.0
BETA,C_1,A2,112,False,9.0,True,True,True,0.0,0.0
BETA,C_1,A20,112,False,9.0,True,True,True,0.0,0.0
BETA,C_1,A21,112,False,9.0,True,True,True,0.0,0.0
BETA,C_1,A22,112,False,9.0,True,True,True,0.0,0.0
BETA,C_1,A23,112,False,9.0,True,True,True,0.0,0.0
BETA,C_1,A24,112,False,9.0,True,True,True,0.0,0.0
BETA,C_1,A25,112,False,9.0,True,True,True,0.0,0.0
BETA,C_1,A26,112,False,9.0,True,True,True,0.0,0.0
BETA,C_1,A27,112,False,9.0,True,True,True,0.0,0.0
BETA,C_1,A28,112,False,9.0,True,True,True,0.0,0.0
BETA,C_1,A29,112,False,9.0,True,True,True,0.0,0.0
BETA,C_1,A3,112,False,9.0,True,True,True,0.0,0.0
BETA,C_1,A30,112,False,9.0,True,True,True,0.0,0.0
BETA,C_1,A31,112,False,9.0,True,True,True,0.0,0.0
BETA,C_1,A32,112,False,9.0,True,True,True,0.0,0.0
BETA,C_1,A4,112,False,9.0,True,True,True,0.0,0.0
BETA,C_1,A5,112,False,9.0,True,True,True,0.0,0.0
BETA,C_1,A6,112,False,9.0,True,True,True,0.0,0.0
BETA,C_1,A7,112,False,9.0,True,True,True,0.0,0.0
BETA,C_1,A8,112,False,9.0,True,True,True,0.0,0.0
BETA,C_1,A9,112,False,9.0,True,True,True,0.0,0.0
BETA,C_1,B1,112,False,9.0,True,True,True,0.0,0.0
BETA,C_1,B10,112,False,9.0,True,True,True,0.0,0.0
BETA,C_1,B11,112,False,9.0,True,True,True,0.0,0.0
BETA,C_1,B12,112,False,9.0,True,True,True,0.0,0.0
BETA,C_1,B13,112,False,9.0,True,True,True,0.0,0.0
BETA,C_1,B14,112,False,9.0,True,True,True,0.0,0.0
BETA,C_1,B15,112,False,9.0,True,True,True,0.0,0.0
BETA,C_1,B16,112,False,9.0,True,True,True,0.0,0.0
BETA,C_1,B17,112,False,9.0,True,True,True,0.0,0.0
BETA,C_1,B18,112,False,9.0,True,True,True,0.0,0.0
BETA,C_1,B19,112,False,9.0,True,True,True,0.0,0.0
BETA,C_1,B2,112,False,9.0,True,True,True,0.0,0.0
BETA,C_1,B20,112,False,9.0,True,True,True,0.0,0.0
BETA,C_1,B21,112,False,9.0,True,True,True,0.0,0.0
BETA,C_1,B22,112,False,9.0,True,True,True,0.0,0.0
BETA,C_1,B23,112,False,9.0,True,True,True,0.0,0.0
BETA,C_1,B24,112,False,9.0,True,True,True,0.0,0.0
BETA,C_1,B25,112,False,9.0,True,True,True,0.0,0.0
BETA,C_1,B26,112,False,9.0,True,True,True,0.0,0.0
BETA,C_1,B27,112,False,9.0,True,True,True,0.0,0.0
BETA,C_1,B28,112,False,9.0,True,True,True,0.0,0.0
BETA,C_1,B29,112,False,9.0,True,True,True,0.0,0.0
BETA,C_1,B3,112,False,9.0,True,True,True,0.0,0.0
BETA,C_1,B30,112,False,9.0,True,True,True,0.0,0.0
BETA,C_1,B31,112,False,9.0,True,True,True,0.0,0.0
BETA,C_1,B32,112,False,9.0,True,True,True,0.0,0.0
BETA,C_1,B4,112,False,9.0,True,True,True,0.0,0.0
BETA,C_1,B5,112,False,9.0,True,True,True,0.0,0.0
BETA,C_1,B6,112,False,9.0,True,True,True,0.0,0.0
BETA,C_1,B7,112,False,9.0,True,True,True,0.0,0.0
BETA,C_1,B8,112,False,9.0,True,True,True,0.0,0.0
BETA,C_1,B9,112,False,9.0,True,True,True,0.0,0.0
BETA,C_1,C1,112,False,9.0,True,True,True,0.0,0.0
BETA,C_1,C10,112,False,9.0,True,True,True,0.0,0.0
BETA,C_1,C11,112,False,9.0,True,True,True,0.0,0.0
BETA,C_1,C12,112,False,9.0,True,True,True,0.0,0.0
BETA,C_1,C13,112,False,9.0,True,True,True,0.0,0.0
BETA,C_1,C14,112,False,9.0,True,True,True,0.0,0.0
BETA,C_1,C15,112,False,9.0,True,True,True,0.0,0.0
BETA,C_1,C16,112,False,9.0,True,True,True,0.0,0.0
BETA,C_1,C17,112,False,9.0,True,True,True,0.0,0.0
BETA,C_1,C18,112,False,9.0,True,True,True,0.0,0.0
BETA,C_1,C19,112,False,9.0,True,True,True,0.0,0.0
BETA,C_1,C2,112,False,9.0,True,True,True,0.0,0.0
BETA,C_1,C20,112,False,9.0,True,True,True,0.0,0.0
BETA,C_1,C21,112,False,9.0,True,True,True,0.0,0.0
BETA,C_1,C22,112,False,9.0,True,True,True,0.0,0.0
BETA,C_1,C23,112,False,9.0,True,True,True,0.0,0.0
BETA,C_1,C24,112,False,9.0,True,True,True,0.0,0.0
BETA,C_1,C25,112,False,9.0,True,True,True,0.0,0.0
BETA,C_1,C26,112,False,9.0,True,True,True,0.0,0.0
BETA,C_1,C27,112,False,9.0,True,True,True,0.0,0.0
BETA,C_1,C28,112,False,9.0,True,True,True,0.0,0.0
BETA,C_1,C29,112,False,9.0,True,True,True,0.0,0.0
BETA,C_1,C3,112,False,9.0,True,True,True,0.0,0.0
BETA,C_1,C30,112,False,9.0,True,True,True,0.0,0.0
BETA,C_1,C31,112,False,9.0,True,True,True,0.0,0.0
BETA,C_1,C32,112,False,9.0,True,True,True,0.0,0.0
BETA,C_1,C4,112,False,9.0,True,True,True,0.0,0.0
BETA,C_1,C5,112,False,9.0,True,True,True,0.0,0.0
BETA,C_1,C6,112,False,9.0,True,True,True,0.0,0.0
BETA,C_1,C7,112,False,9.0,True,True,True,0.0,0.0
BETA,C_1,C8,112,False,9.0,True,True,True,0.0,0.0
BETA,C_1,C9,112,False,9.0,True,True,True,0.0,0.0
BETA,C_1,D1,112,False,9.0,True,True,True,0.0,0.0
BETA,C_1,D10,112,False,9.0,True,True,True,0.0,0.0
BETA,C_1,D11,112,False,9.0,True,True,True,0.0,0.0
BETA,C_1,D12,112,False,9.0,True,True,True,0.0,0.0
BETA,C_1,D13,112,False,9.0,True,True,True,0.0,0.0
BETA,C_1,D14,112,False,9.0,True,True,True,0.0,0.0
BETA,C_1,D15,112,False,9.0,True,True,True,0.0,0.0
BETA,C_1,D16,112,False,9.0,True,True,True,0.0,0.0
BETA,C_1,D17,112,False,9.0,True,True,True,0.0,0.0
BETA,C_1,D18,112,False,9.0,True,True,True,0.0,0.0
BETA,C_1,D19,112,False,9.0,True,True,True,0.0,0.0
BETA,C_1,D2,112,False,9.0,True,True,True,0.0,0.0
BETA,C_1,D20,112,False,9.0,True,True,True,0.0,0.0
BETA,C_1,D21,112,False,9.0,True,True,True,0.0,0.0
BETA,C_1,D22,112,False,9.0,True,True,True,0.0,0.0
BETA,C_1,D23,112,False,9.0,True,True,True,0.0,0.0
BETA,C_1,D24,112,False,9.0,True,True,True,0.0,0.0
BETA,C_1,D25,112,False,9.0,True,True,True,0.0,0.0
BETA,C_1,D26,112,False,9.0,True,True,True,0.0,0.0
BETA,C_1,D27,112,False,9.0,True,True,True,0.0,0.0
BETA,C_1,D28,112,False,9.0,True,True,True,0.0,0.0
BETA,C_1,D29,112,False,9.0,True,True,True,0.0,0.0
BETA,C_1,D3,112,False,9.0,True,True,True,0.0,0.0
BETA,C_1,D30,112,False,9.0,True,True,True,0.0,0.0
BETA,C_1,D31,112,False,9.0,True,True,True,0.0,0.0
BETA,C_1,D32,112,False,9.0,True,True,True,0.0,0.0
BETA,C_1,D4,112,False,9.0,True,True,True,0.0,0.0
BETA,C_1,D5,112,False,9.0,True,True,True,0.0,0.0
BETA,C_1,D6,112,False,9.0,True,True,True,0.0,0.0
BETA,C_1,D7,112,False,9.0,True,True,True,0.0,0.0
BETA,C_1,D8,112,False,9.0,True,True,True,0.0,0.0
BETA,C_1,D9,112,False,9.0,True,True,True,0.0,0.0
BETA,C_2,A1,112,False,9.0,True,True,True,0.0,0.0
BETA,C_2,A10,112,False,9.0,True,True,True,0.0,0.0
BETA,C_2,A11,112,False,9.0,True,True,True,0.0,0.0
BETA,C_2,A12,112,False,9.0,True,True,True,0.0,0.0
BETA,C_2,A13,112,False,9.0,True,True,True,0.0,0.0
BETA,C_2,A14,112,False,9.0,True,True,True,0.0,0.0
BETA,C_2,A15,112,False,9.0,True,True,True,0.0,0.0
BETA,C_2,A16,112,False,9.0,True,True,True,0.0,0.0
BETA,C_2,A17,112,False,9.0,True,True,True,0.0,0.0
BETA,C_2,A18,112,False,9.0,True,True,True,0.0,0.0
BETA,C_2,A19,112,False,9.0,True,True,True,0.0,0.0
BETA,C_2,A2,112,False,9.0,True,True,True,0.0,0.0
BETA,C_2,A20,112,False,9.0,True,True,True,0.0,0.0
BETA,C_2,A21,112,False,9.0,True,True,True,0.0,0.0
BETA,C_2,A22,112,False,9.0,True,True,True,0.0,0.0
BETA,C_2,A23,112,False,9.0,True,True,True,0.0,0.0
BETA,C_2,A24,112,False,9.0,True,True,True,0.0,0.0
BETA,C_2,A25,112,False,9.0,True,True,True,0.0,0.0
BETA,C_2,A26,112,False,9.0,True,True,True,0.0,0.0
BETA,C_2,A27,112,False,9.0,True,True,True,0.0,0.0
BETA,C_2,A28,112,False,9.0,True,True,True,0.0,0.0
BETA,C_2,A29,112,False,9.0,True,True,True,0.0,0.0
BETA,C_2,A3,112,False,9.0,True,True,True,0.0,0.0
BETA,C_2,A30,112,False,9.0,True,True,True,0.0,0.0
BETA,C_2,A31,112,False,9.0,True,True,True,0.0,0.0
BETA,C_2,A32,112,False,9.0,True,True,True,0.0,0.0
BETA,C_2,A4,112,False,9.0,True,True,True,0.0,0.0
BETA,C_2,A5,112,False,9.0,True,True,True,0.0,0.0
BETA,C_2,A6,112,False,9.0,True,True,True,0.0,0.0
BETA,C_2,A7,112,False,9.0,True,True,True,0.0,0.0
BETA,C_2,A8,112,False,9.0,True,True,True,0.0,0.0
BETA,C_2,A9,112,False,9.0,True,True,True,0.0,0.0
BETA,C_2,B1,112,False,9.0,True,True,True,0.0,0.0
BETA,C_2,B10,112,False,9.0,True,True,True,0.0,0.0
BETA,C_2,B11,112,False,9.0,True,True,True,0.0,0.0
BETA,C_2,B12,112,False,9.0,True,True,True,0.0,0.0
BETA,C_2,B13,112,False,9.0,True,True,True,0.0,0.0
BETA,C_2,B14,112,False,9.0,True,True,True,0.0,0.0
BETA,C_2,B15,112,False,9.0,True,True,True,0.0,0.0
BETA,C_2,B16,112,False,9.0,True,True,True,0.0,0.0
BETA,C_2,B17,112,False,9.0,True,True,True,0.0,0.0
BETA,C_2,B18,112,False,9.0,True,True,True,0.0,0.0
BETA,C_2,B19,112,False,9.0,True,True,True,0.0,0.0
BETA,C_2,B2,112,False,9.0,True,True,True,0.0,0.0
BETA,C_2,B20,112,False,9.0,True,True,True,0.0,0.0
BETA,C_2,B21,112,False,9.0,True,True,True,0.0,0.0
BETA,C_2,B22,112,False,9.0,True,True,True,0.0,0.0
BETA,C_2,B23,112,False,9.0,True,True,True,0.0,0.0
BETA,C_2,B24,112,False,9.0,True,True,True,0.0,0.0
BETA,C_2,B25,112,False,9.0,True,True,True,0.0,0.0
BETA,C_2,B26,112,False,9.0,True,True,True,0.0,0.0
BETA,C_2,B27,112,False,9.0,True,True,True,0.0,0.0
BETA,C_2,B28,112,False,9.0,True,True,True,0.0,0.0
BETA,C_2,B29,112,False,9.0,True,True,True,0.0,0.0
BETA,C_2,B3,112,False,9.0,True,True,True,0.0,0.0
BETA,C_2,B30,112,False,9.0,True,True,True,0.0,0.0
BETA,C_2,B31,112,False,9.0,True,True,True,0.0,0.0
BETA,C_2,B32,112,False,9.0,True,True,True,0.0,0.0
BETA,C_2,B4,112,False,9.0,True,True,True,0.0,0.0
BETA,C_2,B5,112,False,9.0,True,True,True,0.0,0.0
BETA,C_2,B6,112,False,9.0,True,True,True,0.0,0.0
BETA,C_2,B7,112,False,9.0,True,True,True,0.0,0.0
BETA,C_2,B8,112,False,9.0,True,True,True,0.0,0.0
BETA,C_2,B9,112,False,9.0,True,True,True,0.0,0.0
BETA,C_2,C1,112,False,9.0,True,True,True,0.0,0.0
BETA,C_2,C10,112,False,9.0,True,True,True,0.0,0.0
BETA,C_2,C11,112,False,9.0,True,True,True,0.0,0.0
BETA,C_2,C12,112,False,9.0,True,True,True,0.0,0.0
BETA,C_2,C13,112,False,9.0,True,True,True,0.0,0.0
BETA,C_2,C14,112,False,9.0,True,True,True,0.0,0.0
BETA,C_2,C15,112,False,9.0,True,True,True,0.0,0.0
BETA,C_2,C16,112,False,9.0,True,True,True,0.0,0.0
BETA,C_2,C17,112,False,9.0,True,True,True,0.0,0.0
BETA,C_2,C18,112,False,9.0,True,True,True,0.0,0.0
BETA,C_2,C19,112,False,9.0,True,True,True,0.0,0.0
BETA,C_2,C2,112,False,9.0,True,True,True,0.0,0.0
BETA,C_2,C20,112,False,9.0,True,True,True,0.0,0.0
BETA,C_2,C21,112,False,9.0,True,True,True,0.0,0.0
BETA,C_2,C22,112,False,9.0,True,True,True,0.0,0.0
BETA,C_2,C23,112,False,9.0,True,True,True,0.0,0.0
BETA,C_2,C24,112,False,9.0,True,True,True,0.0,0.0
BETA,C_2,C25,112,False,9.0,True,True,True,0.0,0.0
BETA,C_2,C26,112,False,9.0,True,True,True,0.0,0.0
BETA,C_2,C27,112,False,9.0,True,True,True,0.0,0.0
BETA,C_2,C28,112,False,9.0,True,True,True,0.0,0.0
BETA,C_2,C29,112,False,9.0,True,True,True,0.0,0.0
BETA,C_2,C3,112,False,9.0,True,True,True,0.0,0.0
BETA,C_2,C30,112,False,9.0,True,True,True,0.0,0.0
BETA,C_2,C31,112,False,9.0,True,True,True,0.0,0.0
BETA,C_2,C32,112,False,9.0,True,True,True,0.0,0.0
BETA,C_2,C4,112,False,9.0,True,True,True,0.0,0.0
BETA,C_2,C5,112,False,9.0,True,True,True,0.0,0.0
BETA,C_2,C6,112,False,9.0,True,True,True,0.0,0.0
BETA,C_2,C7,112,False,9.0,True,True,True,0.0,0.0
BETA,C_2,C8,112,False,9.0,True,True,True,0.0,0.0
BETA,C_2,C9,112,False,9.0,True,True,True,0.0,0.0
BETA,C_2,D1,112,False,9.0,True,True,True,0.0,0.0
BETA,C_2,D10,112,False,9.0,True,True,True,0.0,0.0
BETA,C_2,D11,112,False,9.0,True,True,True,0.0,0.0
BETA,C_2,D12,112,False,9.0,True,True,True,0.0,0.0
BETA,C_2,D13,112,False,9.0,True,True,True,0.0,0.0
BETA,C_2,D14,112,False,9.0,True,True,True,0.0,0.0
BETA,C_2,D15,112,False,9.0,True,True,True,0.0,0.0
BETA,C_2,D16,112,False,9.0,True,True,True,0.0,0.0
BETA,C_2,D17,112,False,9.0,True,True,True,0.0,0.0
BETA,C_2,D18,112,False,9.0,True,True,True,0.0,0.0
BETA,C_2,D19,112,False,9.0,True,True,True,0.0,0.0
BETA,C_2,D2,112,False,9.0,True,True,True,0.0,0.0
BETA,C_2,D20,112,False,9.0,True,True,True,0.0,0.0
BETA,C_2,D21,112,False,9.0,True,True,True,0.0,0.0
BETA,C_2,D22,112,False,9.0,True,True,True,0.0,0.0
BETA,C_2,D23,112,False,9.0,True,True,True,0.0,0.0
BETA,C_2,D24,112,False,9.0,True,True,True,0.0,0.0
BETA,C_2,D25,112,False,9.0,True,True,True,0.0,0.0
BETA,C_2,D26,112,False,9.0,True,True,True,0.0,0.0
BETA,C_2,D27,112,False,9.0,True,True,True,0.0,0.0
BETA,C_2,D28,112,False,9.0,True,True,True,0.0,0.0
BETA,C_2,D29,112,False,9.0,True,True,True,0.0,0.0
BETA,C_2,D3,112,False,9.0,True,True,True,0.0,0.0
BETA,C_2,D30,112,False,9.0,True,True,True,0.0,0.0
BETA,C_2,D31,112,False,9.0,True,True,True,0.0,0.0
BETA,C_2,D32,112,False,9.0,True,True,True,0.0,0.0
BETA,C_2,D4,112,False,9.0,True,True,True,0.0,0.0
BETA,C_2,D5,112,False,9.0,True,True,True,0.0,0.0
BETA,C_2,D6,112,False,9.0,True,True,True,0.0,0.0
BETA,C_2,D7,112,False,9.0,True,True,True,0.0,0.0
BETA,C_2,D8,112,False,9.0,True,True,True,0.0,0.0
BETA,C_2,D9,112,False,9.0,True,True,True,0.0,0.0
BETA,O_1,A1,112,False,9.0,True,True,True,0.0,0.0
BETA,O_1,A10,112,False,9.0,True,True,True,0.0,0.0
BETA,O_1,A11,112,False,9.0,True,True,True,0.0,0.0
BETA,O_1,A12,112,False,9.0,True,True,True,0.0,0.0
BETA,O_1,A13,112,False,9.0,True,True,True,0.0,0.0
BETA,O_1,A14,112,False,9.0,True,True,True,0.0,0.0
BETA,O_1,A15,112,False,9.0,True,True,True,0.0,0.0
BETA,O_1,A16,112,False,9.0,True,True,True,0.0,0.0
BETA,O_1,A17,112,False,9.0,True,True,True,0.0,0.0
BETA,O_1,A18,112,False,9.0,True,True,True,0.0,0.0
BETA,O_1,A19,112,False,9.0,True,True,True,0.0,0.0
BETA,O_1,A2,112,False,9.0,True,True,True,0.0,0.0
BETA,O_1,A20,112,False,9.0,True,True,True,0.0,0.0
BETA,O_1,A21,112,False,9.0,True,True,True,0.0,0.0
BETA,O_1,A22,112,False,9.0,True,True,True,0.0,0.0
BETA,O_1,A23,112,False,9.0,True,True,True,0.0,0.0
BETA,O_1,A24,112,False,9.0,True,True,True,0.0,0.0
BETA,O_1,A25,112,False,9.0,True,True,True,0.0,0.0
BETA,O_1,A26,112,False,9.0,True,True,True,0.0,0.0
BETA,O_1,A27,112,False,9.0,True,True,True,0.0,0.0
BETA,O_1,A28,112,False,9.0,True,True,True,0.0,0.0
BETA,O_1,A29,112,False,9.0,True,True,True,0.0,0.0
BETA,O_1,A3,112,False,9.0,True,True,True,0.0,0.0
BETA,O_1,A30,112,False,9.0,True,True,True,0.0,0.0
BETA,O_1,A31,112,False,9.0,True,True,True,0.0,0.0
BETA,O_1,A32,112,False,9.0,True,True,True,0.0,0.0
BETA,O_1,A4,112,False,9.0,True,True,True,0.0,0.0
BETA,O_1,A5,112,False,9.0,True,True,True,0.0,0.0
BETA,O_1,A6,112,False,9.0,True,True,True,0.0,0.0
BETA,O_1,A7,112,False,9.0,True,True,True,0.0,0.0
BETA,O_1,A8,112,False,9.0,True,True,True,0.0,0.0
BETA,O_1,A9,112,False,9.0,True,True,True,0.0,0.0
BETA,O_1,B1,112,False,9.0,True,True,True,0.0,0.0
BETA,O_1,B10,112,False,9.0,True,True,True,0.0,0.0
BETA,O_1,B11,112,False,9.0,True,True,True,0.0,0.0
BETA,O_1,B12,112,False,9.0,True,True,True,0.0,0.0
BETA,O_1,B13,112,False,9.0,True,True,True,0.0,0.0
BETA,O_1,B14,112,False,9.0,True,True,True,0.0,0.0
BETA,O_1,B15,112,False,9.0,True,True,True,0.0,0.0
BETA,O_1,B16,112,False,9.0,True,True,True,0.0,0.0
BETA,O_1,B17,112,False,9.0,True,True,True,0.0,0.0
BETA,O_1,B18,112,False,9.0,True,True,True,0.0,0.0
BETA,O_1,B19,112,False,9.0,True,True,True,0.0,0.0
BETA,O_1,B2,112,False,9.0,True,True,True,0.0,0.0
BETA,O_1,B20,112,False,9.0,True,True,True,0.0,0.0
BETA,O_1,B21,112,False,9.0,True,True,True,0.0,0.0
BETA,O_1,B22,112,False,9.0,True,True,True,0.0,0.0
BETA,O_1,B23,112,False,9.0,True,True,True,0.0,0.0
BETA,O_1,B24,112,False,9.0,True,True,True,0.0,0.0
BETA,O_1,B25,112,False,9.0,True,True,True,0.0,0.0
BETA,O_1,B26,112,False,9.0,True,True,True,0.0,0.0
BETA,O_1,B27,112,False,9.0,True,True,True,0.0,0.0
BETA,O_1,B28,112,False,9.0,True,True,True,0.0,0.0
BETA,O_1,B29,112,False,9.0,True,True,True,0.0,0.0
BETA,O_1,B3,112,False,9.0,True,True,True,0.0,0.0
BETA,O_1,B30,112,False,9.0,True,True,True,0.0,0.0
BETA,O_1,B31,112,False,9.0,True,True,True,0.0,0.0
BETA,O_1,B32,112,False,9.0,True,True,True,0.0,0.0
BETA,O_1,B4,112,False,9.0,True,True,True,0.0,0.0
BETA,O_1,B5,112,False,9.0,True,True,True,0.0,0.0
BETA,O_1,B6,112,False,9.0,True,True,True,0.0,0.0
BETA,O_1,B7,112,False,9.0,True,True,True,0.0,0.0
BETA,O_1,B8,112,False,9.0,True,True,True,0.0,0.0
BETA,O_1,B9,112,False,9.0,True,True,True,0.0,0.0
BETA,O_1,C1,112,False,9.0,True,True,True,0.0,0.0
BETA,O_1,C10,112,False,9.0,True,True,True,0.0,0.0
BETA,O_1,C11,112,False,9.0,True,True,True,0.0,0.0
BETA,O_1,C12,112,False,9.0,True,True,True,0.0,0.0
BETA,O_1,C13,112,False,9.0,True,True,True,0.0,0.0
BETA,O_1,C14,112,False,9.0,True,True,True,0.0,0.0
BETA,O_1,C15,112,False,9.0,True,True,True,0.0,0.0
BETA,O_1,C16,112,False,9.0,True,True,True,0.0,0.0
BETA,O_1,C17,112,False,9.0,True,True,True,0.0,0.0
BETA,O_1,C18,112,False,9.0,True,True,True,0.0,0.0
BETA,O_1,C19,112,False,9.0,True,True,True,0.0,0.0
BETA,O_1,C2,112,False,9.0,True,True,True,0.0,0.0
BETA,O_1,C20,112,False,9.0,True,True,True,0.0,0.0
BETA,O_1,C21,112,False,9.0,True,True,True,0.0,0.0
BETA,O_1,C22,112,False,9.0,True,True,True,0.0,0.0
BETA,O_1,C23,112,False,9.0,True,True,True,0.0,0.0
BETA,O_1,C24,112,False,9.0,True,True,True,0.0,0.0
BETA,O_1,C25,112,False,9.0,True,True,True,0.0,0.0
BETA,O_1,C26,112,False,9.0,True,True,True,0.0,0.0
BETA,O_1,C27,112,False,9.0,True,True,True,0.0,0.0
BETA,O_1,C28,112,False,9.0,True,True,True,0.0,0.0
BETA,O_1,C29,112,False,9.0,True,True,True,0.0,0.0
BETA,O_1,C3,112,False,9.0,True,True,True,0.0,0.0
BETA,O_1,C30,112,False,9.0,True,True,True,0.0,0.0
BETA,O_1,C31,112,False,9.0,True,True,True,0.0,0.0
BETA,O_1,C32,112,False,9.0,True,True,True,0.0,0.0
BETA,O_1,C4,112,False,9.0,True,True,True,0.0,0.0
BETA,O_1,C5,112,False,9.0,True,True,True,0.0,0.0
BETA,O_1,C6,112,False,9.0,True,True,True,0.0,0.0
BETA,O_1,C7,112,False,9.0,True,True,True,0.0,0.0
BETA,O_1,C8,112,False,9.0,True,True,True,0.0,0.0
BETA,O_1,C9,112,False,9.0,True,True,True,0.0,0.0
BETA,O_1,D1,112,False,9.0,True,True,True,0.0,0.0
BETA,O_1,D10,112,False,9.0,True,True,True,0.0,0.0
BETA,O_1,D11,112,False,9.0,True,True,True,0.0,0.0
BETA,O_1,D12,112,False,9.0,True,True,True,0.0,0.0
BETA,O_1,D13,112,False,9.0,True,True,True,0.0,0.0
BETA,O_1,D14,112,False,9.0,True,True,True,0.0,0.0
BETA,O_1,D15,112,False,9.0,True,True,True,0.0,0.0
BETA,O_1,D16,112,False,9.0,True,True,True,0.0,0.0
BETA,O_1,D17,112,False,9.0,True,True,True,0.0,0.0
BETA,O_1,D18,112,False,9.0,True,True,True,0.0,0.0
BETA,O_1,D19,112,False,9.0,True,True,True,0.0,0.0
BETA,O_1,D2,112,False,9.0,True,True,True,0.0,0.0
BETA,O_1,D20,112,False,9.0,True,True,True,0.0,0.0
BETA,O_1,D21,112,False,9.0,True,True,True,0.0,0.0
BETA,O_1,D22,112,False,9.0,True,True,True,0.0,0.0
BETA,O_1,D23,112,False,9.0,True,True,True,0.0,0.0
BETA,O_1,D24,112,False,9.0,True,True,True,0.0,0.0
BETA,O_1,D25,112,False,9.0,True,True,True,0.0,0.0
BETA,O_1,D26,112,False,9.0,True,True,True,0.0,0.0
BETA,O_1,D27,112,False,9.0,True,True,True,0.0,0.0
BETA,O_1,D28,112,False,9.0,True,True,True,0.0,0.0
BETA,O_1,D29,112,False,9.0,True,True,True,0.0,0.0
BETA,O_1,D3,112,False,9.0,True,True,True,0.0,0.0
BETA,O_1,D30,112,False,9.0,True,True,True,0.0,0.0
BETA,O_1,D31,112,False,9.0,True,True,True,0.0,0.0
BETA,O_1,D32,112,False,9.0,True,True,True,0.0,0.0
BETA,O_1,D4,112,False,9.0,True,True,True,0.0,0.0
BETA,O_1,D5,112,False,9.0,True,True,True,0.0,0.0
BETA,O_1,D6,112,False,9.0,True,True,True,0.0,0.0
BETA,O_1,D7,112,False,9.0,True,True,True,0.0,0.0
BETA,O_1,D8,112,False,9.0,True,True,True,0.0,0.0
BETA,O_1,D9,112,False,9.0,True,True,True,0.0,0.0
BETA,O_2,A1,112,False,9.0,True,True,True,0.0,0.0
BETA,O_2,A10,112,False,9.0,True,True,True,0.0,0.0
BETA,O_2,A11,112,False,9.0,True,True,True,0.0,0.0
BETA,O_2,A12,112,False,9.0,True,True,True,0.0,0.0
BETA,O_2,A13,112,False,9.0,True,True,True,0.0,0.0
BETA,O_2,A14,112,False,9.0,True,True,True,0.0,0.0
BETA,O_2,A15,112,False,9.0,True,True,True,0.0,0.0
BETA,O_2,A16,112,False,9.0,True,True,True,0.0,0.0
BETA,O_2,A17,112,False,9.0,True,True,True,0.0,0.0
BETA,O_2,A18,112,False,9.0,True,True,True,0.0,0.0
BETA,O_2,A19,112,False,9.0,True,True,True,0.0,0.0
BETA,O_2,A2,112,False,9.0,True,True,True,0.0,0.0
BETA,O_2,A20,112,False,9.0,True,True,True,0.0,0.0
BETA,O_2,A21,112,False,9.0,True,True,True,0.0,0.0
BETA,O_2,A22,112,False,9.0,True,True,True,0.0,0.0
BETA,O_2,A23,112,False,9.0,True,True,True,0.0,0.0
BETA,O_2,A24,112,False,9.0,True,True,True,0.0,0.0
BETA,O_2,A25,112,False,9.0,True,True,True,0.0,0.0
BETA,O_2,A26,112,False,9.0,True,True,True,0.0,0.0
BETA,O_2,A27,112,False,9.0,True,True,True,0.0,0.0
BETA,O_2,A28,112,False,9.0,True,True,True,0.0,0.0
BETA,O_2,A29,112,False,9.0,True,True,True,0.0,0.0
BETA,O_2,A3,112,False,9.0,True,True,True,0.0,0.0
BETA,O_2,A30,112,False,9.0,True,True,True,0.0,0.0
BETA,O_2,A31,112,False,9.0,True,True,True,0.0,0.0
BETA,O_2,A32,112,False,9.0,True,True,True,0.0,0.0
BETA,O_2,A4,112,False,9.0,True,True,True,0.0,0.0
BETA,O_2,A5,112,False,9.0,True,True,True,0.0,0.0
BETA,O_2,A6,112,False,9.0,True,True,True,0.0,0.0
BETA,O_2,A7,112,False,9.0,True,True,True,0.0,0.0
BETA,O_2,A8,112,False,9.0,True,True,True,0.0,0.0
BETA,O_2,A9,112,False,9.0,True,True,True,0.0,0.0
BETA,O_2,B1,112,False,9.0,True,True,True,0.0,0.0
BETA,O_2,B10,112,False,9.0,True,True,True,0.0,0.0
BETA,O_2,B11,112,False,9.0,True,True,True,0.0,0.0
BETA,O_2,B12,112,False,9.0,True,True,True,0.0,0.0
BETA,O_2,B13,112,False,9.0,True,True,True,0.0,0.0
BETA,O_2,B14,112,False,9.0,True,True,True,0.0,0.0
BETA,O_2,B15,112,False,9.0,True,True,True,0.0,0.0
BETA,O_2,B16,112,False,9.0,True,True,True,0.0,0.0
BETA,O_2,B17,112,False,9.0,True,True,True,0.0,0.0
BETA,O_2,B18,112,False,9.0,True,True,True,0.0,0.0
BETA,O_2,B19,112,False,9.0,True,True,True,0.0,0.0
BETA,O_2,B2,112,False,9.0,True,True,True,0.0,0.0
BETA,O_2,B20,112,False,9.0,True,True,True,0.0,0.0
BETA,O_2,B21,112,False,9.0,True,True,True,0.0,0.0
BETA,O_2,B22,112,False,9.0,True,True,True,0.0,0.0
BETA,O_2,B23,112,False,9.0,True,True,True,0.0,0.0
BETA,O_2,B24,112,False,9.0,True,True,True,0.0,0.0
BETA,O_2,B25,112,False,9.0,True,True,True,0.0,0.0
BETA,O_2,B26,112,False,9.0,True,True,True,0.0,0.0
BETA,O_2,B27,112,False,9.0,True,True,True,0.0,0.0
BETA,O_2,B28,112,False,9.0,True,True,True,0.0,0.0
BETA,O_2,B29,112,False,9.0,True,True,True,0.0,0.0
BETA,O_2,B3,112,False,9.0,True,True,True,0.0,0.0
BETA,O_2,B30,112,False,9.0,True,True,True,0.0,0.0
BETA,O_2,B31,112,False,9.0,True,True,True,0.0,0.0
BETA,O_2,B32,112,False,9.0,True,True,True,0.0,0.0
BETA,O_2,B4,112,False,9.0,True,True,True,0.0,0.0
BETA,O_2,B5,112,False,9.0,True,True,True,0.0,0.0
BETA,O_2,B6,112,False,9.0,True,True,True,0.0,0.0
BETA,O_2,B7,112,False,9.0,True,True,True,0.0,0.0
BETA,O_2,B8,112,False,9.0,True,True,True,0.0,0.0
BETA,O_2,B9,112,False,9.0,True,True,True,0.0,0.0
BETA,O_2,C1,112,False,9.0,True,True,True,0.0,0.0
BETA,O_2,C10,112,False,9.0,True,True,True,0.0,0.0
BETA,O_2,C11,112,False,9.0,True,True,True,0.0,0.0
BETA,O_2,C12,112,False,9.0,True,True,True,0.0,0.0
BETA,O_2,C13,112,False,9.0,True,True,True,0.0,0.0
BETA,O_2,C14,112,False,9.0,True,True,True,0.0,0.0
BETA,O_2,C15,112,False,9.0,True,True,True,0.0,0.0
BETA,O_2,C16,112,False,9.0,True,True,True,0.0,0.0
BETA,O_2,C17,112,False,9.0,True,True,True,0.0,0.0
BETA,O_2,C18,112,False,9.0,True,True,True,0.0,0.0
BETA,O_2,C19,112,False,9.0,True,True,True,0.0,0.0
BETA,O_2,C2,112,False,9.0,True,True,True,0.0,0.0
BETA,O_2,C20,112,False,9.0,True,True,True,0.0,0.0
BETA,O_2,C21,112,False,9.0,True,True,True,0.0,0.0
BETA,O_2,C22,112,False,9.0,True,True,True,0.0,0.0
BETA,O_2,C23,112,False,9.0,True,True,True,0.0,0.0
BETA,O_2,C24,112,False,9.0,True,True,True,0.0,0.0
BETA,O_2,C25,112,False,9.0,True,True,True,0.0,0.0
BETA,O_2,C26,112,False,9.0,True,True,True,0.0,0.0
BETA,O_2,C27,112,False,9.0,True,True,True,0.0,0.0
BETA,O_2,C28,112,False,9.0,True,True,True,0.0,0.0
BETA,O_2,C29,112,False,9.0,True,True,True,0.0,0.0
BETA,O_2,C3,112,False,9.0,True,True,True,0.0,0.0
BETA,O_2,C30,112,False,9.0,True,True,True,0.0,0.0
BETA,O_2,C31,112,False,9.0,True,True,True,0.0,0.0
BETA,O_2,C32,112,False,9.0,True,True,True,0.0,0.0
BETA,O_2,C4,112,False,9.0,True,True,True,0.0,0.0
BETA,O_2,C5,112,False,9.0,True,True,True,0.0,0.0
BETA,O_2,C6,112,False,9.0,True,True,True,0.0,0.0
BETA,O_2,C7,112,False,9.0,True,True,True,0.0,0.0
BETA,O_2,C8,112,False,9.0,True,True,True,0.0,0.0
BETA,O_2,C9,112,False,9.0,True,True,True,0.0,0.0
BETA,O_2,D1,112,False,9.0,True,True,True,0.0,0.0
BETA,O_2,D10,112,False,9.0,True,True,True,0.0,0.0
BETA,O_2,D11,112,False,9.0,True,True,True,0.0,0.0
BETA,O_2,D12,112,False,9.0,True,True,True,0.0,0.0
BETA,O_2,D13,112,False,9.0,True,True,True,0.0,0.0
BETA,O_2,D14,112,False,9.0,True,True,True,0.0,0.0
BETA,O_2,D15,112,False,9.0,True,True,True,0.0,0.0
BETA,O_2,D16,112,False,9.0,True,True,True,0.0,0.0
BETA,O_2,D17,112,False,9.0,True,True,True,0.0,0.0
BETA,O_2,D18,112,False,9.0,True,True,True,0.0,0.0
BETA,O_2,D19,112,False,9.0,True,True,True,0.0,0.0
BETA,O_2,D2,112,False,9.0,True,True,True,0.0,0.0
BETA,O_2,D20,112,False,9.0,True,True,True,0.0,0.0
BETA,O_2,D21,112,False,9.0,True,True,True,0.0,0.0
BETA,O_2,D22,112,False,9.0,True,True,True,0.0,0.0
BETA,O_2,D23,112,False,9.0,True,True,True,0.0,0.0
BETA,O_2,D24,112,False,9.0,True,True,True,0.0,0.0
BETA,O_2,D25,112,False,9.0,True,True,True,0.0,0.0
BETA,O_2,D26,112,False,9.0,True,True,True,0.0,0.0
BETA,O_2,D27,112,False,9.0,True,True,True,0.0,0.0
BETA,O_2,D28,112,False,9.0,True,True,True,0.0,0.0
BETA,O_2,D29,112,False,9.0,True,True,True,0.0,0.0
BETA,O_2,D3,112,False,9.0,True,True,True,0.0,0.0
BETA,O_2,D30,112,False,9.0,True,True,True,0.0,0.0
BETA,O_2,D31,112,False,9.0,True,True,True,0.0,0.0
BETA,O_2,D32,112,False,9.0,True,True,True,0.0,0.0
BETA,O_2,D4,112,False,9.0,True,True,True,0.0,0.0
BETA,O_2,D5,112,False,9.0,True,True,True,0.0,0.0
BETA,O_2,D6,112,False,9.0,True,True,True,0.0,0.0
BETA,O_2,D7,112,False,9.0,True,True,True,0.0,0.0
BETA,O_2,D8,112,False,9.0,True,True,True,0.0,0.0
BETA,O_2,D9,112,False,9.0,True,True,True,0.0,0.0
DELTA,C_1,A1,112,False,9.0,True,True,True,0.0,0.0
DELTA,C_1,A10,112,False,9.0,True,True,True,0.0,0.0
DELTA,C_1,A11,112,False,9.0,True,True,True,0.0,0.0
DELTA,C_1,A12,112,False,9.0,True,True,True,0.0,0.0
DELTA,C_1,A13,112,False,9.0,True,True,True,0.0,0.0
DELTA,C_1,A14,112,False,9.0,True,True,True,0.0,0.0
DELTA,C_1,A15,112,False,9.0,True,True,True,0.0,0.0
DELTA,C_1,A16,112,False,9.0,True,True,True,0.0,0.0
DELTA,C_1,A17,112,False,9.0,True,True,True,0.0,0.0
DELTA,C_1,A18,112,False,9.0,True,True,True,0.0,0.0
DELTA,C_1,A19,112,False,9.0,True,True,True,0.0,0.0
DELTA,C_1,A2,112,False,9.0,True,True,True,0.0,0.0
DELTA,C_1,A20,112,False,9.0,True,True,True,0.0,0.0
DELTA,C_1,A21,112,False,9.0,True,True,True,0.0,0.0
DELTA,C_1,A22,112,False,9.0,True,True,True,0.0,0.0
DELTA,C_1,A23,112,False,9.0,True,True,True,0.0,0.0
DELTA,C_1,A24,112,False,9.0,True,True,True,0.0,0.0
DELTA,C_1,A25,112,False,9.0,True,True,True,0.0,0.0
DELTA,C_1,A26,112,False,9.0,True,True,True,0.0,0.0
DELTA,C_1,A27,112,False,9.0,True,True,True,0.0,0.0
DELTA,C_1,A28,112,False,9.0,True,True,True,0.0,0.0
DELTA,C_1,A29,112,False,9.0,True,True,True,0.0,0.0
DELTA,C_1,A3,112,False,9.0,True,True,True,0.0,0.0
DELTA,C_1,A30,112,False,9.0,True,True,True,0.0,0.0
DELTA,C_1,A31,112,False,9.0,True,True,True,0.0,0.0
DELTA,C_1,A32,112,False,9.0,True,True,True,0.0,0.0
DELTA,C_1,A4,112,False,9.0,True,True,True,0.0,0.0
DELTA,C_1,A5,112,False,9.0,True,True,True,0.0,0.0
DELTA,C_1,A6,112,False,9.0,True,True,True,0.0,0.0
DELTA,C_1,A7,112,False,9.0,True,True,True,0.0,0.0
DELTA,C_1,A8,112,False,9.0,True,True,True,0.0,0.0
DELTA,C_1,A9,112,False,9.0,True,True,True,0.0,0.0
DELTA,C_1,B1,112,False,9.0,True,True,True,0.0,0.0
DELTA,C_1,B10,112,False,9.0,True,True,True,0.0,0.0
DELTA,C_1,B11,112,False,9.0,True,True,True,0.0,0.0
DELTA,C_1,B12,112,False,9.0,True,True,True,0.0,0.0
DELTA,C_1,B13,112,False,9.0,True,True,True,0.0,0.0
DELTA,C_1,B14,112,False,9.0,True,True,True,0.0,0.0
DELTA,C_1,B15,112,False,9.0,True,True,True,0.0,0.0
DELTA,C_1,B16,112,False,9.0,True,True,True,0.0,0.0
DELTA,C_1,B17,112,False,9.0,True,True,True,0.0,0.0
DELTA,C_1,B18,112,False,9.0,True,True,True,0.0,0.0
DELTA,C_1,B19,112,False,9.0,True,True,True,0.0,0.0
DELTA,C_1,B2,112,False,9.0,True,True,True,0.0,0.0
DELTA,C_1,B20,112,False,9.0,True,True,True,0.0,0.0
DELTA,C_1,B21,112,False,9.0,True,True,True,0.0,0.0
DELTA,C_1,B22,112,False,9.0,True,True,True,0.0,0.0
DELTA,C_1,B23,112,False,9.0,True,True,True,0.0,0.0
DELTA,C_1,B24,112,False,9.0,True,True,True,0.0,0.0
DELTA,C_1,B25,112,False,9.0,True,True,True,0.0,0.0
DELTA,C_1,B26,112,False,9.0,True,True,True,0.0,0.0
DELTA,C_1,B27,112,False,9.0,True,True,True,0.0,0.0
DELTA,C_1,B28,112,False,9.0,True,True,True,0.0,0.0
DELTA,C_1,B29,112,False,9.0,True,True,True,0.0,0.0
DELTA,C_1,B3,112,False,9.0,True,True,True,0.0,0.0
DELTA,C_1,B30,112,False,9.0,True,True,True,0.0,0.0
DELTA,C_1,B31,112,False,9.0,True,True,True,0.0,0.0
DELTA,C_1,B32,112,False,9.0,True,True,True,0.0,0.0
DELTA,C_1,B4,112,False,9.0,True,True,True,0.0,0.0
DELTA,C_1,B5,112,False,9.0,True,True,True,0.0,0.0
DELTA,C_1,B6,112,False,9.0,True,True,True,0.0,0.0
DELTA,C_1,B7,112,False,9.0,True,True,True,0.0,0.0
DELTA,C_1,B8,112,False,9.0,True,True,True,0.0,0.0
DELTA,C_1,B9,112,False,9.0,True,True,True,0.0,0.0
DELTA,C_1,C1,112,False,9.0,True,True,True,0.0,0.0
DELTA,C_1,C10,112,False,9.0,True,True,True,0.0,0.0
DELTA,C_1,C11,112,False,9.0,True,True,True,0.0,0.0
DELTA,C_1,C12,112,False,9.0,True,True,True,0.0,0.0
DELTA,C_1,C13,112,False,9.0,True,True,True,0.0,0.0
DELTA,C_1,C14,112,False,9.0,True,True,True,0.0,0.0
DELTA,C_1,C15,112,False,9.0,True,True,True,0.0,0.0
DELTA,C_1,C16,112,False,9.0,True,True,True,0.0,0.0
DELTA,C_1,C17,112,False,9.0,True,True,True,0.0,0.0
DELTA,C_1,C18,112,False,9.0,True,True,True,0.0,0.0
DELTA,C_1,C19,112,False,9.0,True,True,True,0.0,0.0
DELTA,C_1,C2,112,False,9.0,True,True,True,0.0,0.0
DELTA,C_1,C20,112,False,9.0,True,True,True,0.0,0.0
DELTA,C_1,C21,112,False,9.0,True,True,True,0.0,0.0
DELTA,C_1,C22,112,False,9.0,True,True,True,0.0,0.0
DELTA,C_1,C23,112,False,9.0,True,True,True,0.0,0.0
DELTA,C_1,C24,112,False,9.0,True,True,True,0.0,0.0
DELTA,C_1,C25,112,False,9.0,True,True,True,0.0,0.0
DELTA,C_1,C26,112,False,9.0,True,True,True,0.0,0.0
DELTA,C_1,C27,112,False,9.0,True,True,True,0.0,0.0
DELTA,C_1,C28,112,False,9.0,True,True,True,0.0,0.0
DELTA,C_1,C29,112,False,9.0,True,True,True,0.0,0.0
DELTA,C_1,C3,112,False,9.0,True,True,True,0.0,0.0
DELTA,C_1,C30,112,False,9.0,True,True,True,0.0,0.0
DELTA,C_1,C31,112,False,9.0,True,True,True,0.0,0.0
DELTA,C_1,C32,112,False,9.0,True,True,True,0.0,0.0
DELTA,C_1,C4,112,False,9.0,True,True,True,0.0,0.0
DELTA,C_1,C5,112,False,9.0,True,True,True,0.0,0.0
DELTA,C_1,C6,112,False,9.0,True,True,True,0.0,0.0
DELTA,C_1,C7,112,False,9.0,True,True,True,0.0,0.0
DELTA,C_1,C8,112,False,9.0,True,True,True,0.0,0.0
DELTA,C_1,C9,112,False,9.0,True,True,True,0.0,0.0
DELTA,C_1,D1,112,False,9.0,True,True,True,0.0,0.0
DELTA,C_1,D10,112,False,9.0,True,True,True,0.0,0.0
DELTA,C_1,D11,112,False,9.0,True,True,True,0.0,0.0
DELTA,C_1,D12,112,False,9.0,True,True,True,0.0,0.0
DELTA,C_1,D13,112,False,9.0,True,True,True,0.0,0.0
DELTA,C_1,D14,112,False,9.0,True,True,True,0.0,0.0
DELTA,C_1,D15,112,False,9.0,True,True,True,0.0,0.0
DELTA,C_1,D16,112,False,9.0,True,True,True,0.0,0.0
DELTA,C_1,D17,112,False,9.0,True,True,True,0.0,0.0
DELTA,C_1,D18,112,False,9.0,True,True,True,0.0,0.0
DELTA,C_1,D19,112,False,9.0,True,True,True,0.0,0.0
DELTA,C_1,D2,112,False,9.0,True,True,True,0.0,0.0
DELTA,C_1,D20,112,False,9.0,True,True,True,0.0,0.0
DELTA,C_1,D21,112,False,9.0,True,True,True,0.0,0.0
DELTA,C_1,D22,112,False,9.0,True,True,True,0.0,0.0
DELTA,C_1,D23,112,False,9.0,True,True,True,0.0,0.0
DELTA,C_1,D24,112,False,9.0,True,True,True,0.0,0.0
DELTA,C_1,D25,112,False,9.0,True,True,True,0.0,0.0
DELTA,C_1,D26,112,False,9.0,True,True,True,0.0,0.0
DELTA,C_1,D27,112,False,9.0,True,True,True,0.0,0.0
DELTA,C_1,D28,112,False,9.0,True,True,True,0.0,0.0
DELTA,C_1,D29,112,False,9.0,True,True,True,0.0,0.0
DELTA,C_1,D3,112,False,9.0,True,True,True,0.0,0.0
DELTA,C_1,D30,112,False,9.0,True,True,True,0.0,0.0
DELTA,C_1,D31,112,False,9.0,True,True,True,0.0,0.0
DELTA,C_1,D32,112,False,9.0,True,True,True,0.0,0.0
DELTA,C_1,D4,112,False,9.0,True,True,True,0.0,0.0
DELTA,C_1,D5,112,False,9.0,True,True,True,0.0,0.0
DELTA,C_1,D6,112,False,9.0,True,True,True,0.0,0.0
DELTA,C_1,D7,112,False,9.0,True,True,True,0.0,0.0
DELTA,C_1,D8,112,False,9.0,True,True,True,0.0,0.0
DELTA,C_1,D9,112,False,9.0,True,True,True,0.0,0.0
DELTA,C_2,A1,112,False,9.0,True,True,True,0.0,0.0
DELTA,C_2,A10,112,False,9.0,True,True,True,0.0,0.0
DELTA,C_2,A11,112,False,9.0,True,True,True,0.0,0.0
DELTA,C_2,A12,112,False,9.0,True,True,True,0.0,0.0
DELTA,C_2,A13,112,False,9.0,True,True,True,0.0,0.0
DELTA,C_2,A14,112,False,9.0,True,True,True,0.0,0.0
DELTA,C_2,A15,112,False,9.0,True,True,True,0.0,0.0
DELTA,C_2,A16,112,False,9.0,True,True,True,0.0,0.0
DELTA,C_2,A17,112,False,9.0,True,True,True,0.0,0.0
DELTA,C_2,A18,112,False,9.0,True,True,True,0.0,0.0
DELTA,C_2,A19,112,False,9.0,True,True,True,0.0,0.0
DELTA,C_2,A2,112,False,9.0,True,True,True,0.0,0.0
DELTA,C_2,A20,112,False,9.0,True,True,True,0.0,0.0
DELTA,C_2,A21,112,False,9.0,True,True,True,0.0,0.0
DELTA,C_2,A22,112,False,9.0,True,True,True,0.0,0.0
DELTA,C_2,A23,112,False,9.0,True,True,True,0.0,0.0
DELTA,C_2,A24,112,False,9.0,True,True,True,0.0,0.0
DELTA,C_2,A25,112,False,9.0,True,True,True,0.0,0.0
DELTA,C_2,A26,112,False,9.0,True,True,True,0.0,0.0
DELTA,C_2,A27,112,False,9.0,True,True,True,0.0,0.0
DELTA,C_2,A28,112,False,9.0,True,True,True,0.0,0.0
DELTA,C_2,A29,112,False,9.0,True,True,True,0.0,0.0
DELTA,C_2,A3,112,False,9.0,True,True,True,0.0,0.0
DELTA,C_2,A30,112,False,9.0,True,True,True,0.0,0.0
DELTA,C_2,A31,112,False,9.0,True,True,True,0.0,0.0
DELTA,C_2,A32,112,False,9.0,True,True,True,0.0,0.0
DELTA,C_2,A4,112,False,9.0,True,True,True,0.0,0.0
DELTA,C_2,A5,112,False,9.0,True,True,True,0.0,0.0
DELTA,C_2,A6,112,False,9.0,True,True,True,0.0,0.0
DELTA,C_2,A7,112,False,9.0,True,True,True,0.0,0.0
DELTA,C_2,A8,112,False,9.0,True,True,True,0.0,0.0
DELTA,C_2,A9,112,False,9.0,True,True,True,0.0,0.0
DELTA,C_2,B1,112,False,9.0,True,True,True,0.0,0.0
DELTA,C_2,B10,112,False,9.0,True,True,True,0.0,0.0
DELTA,C_2,B11,112,False,9.0,True,True,True,0.0,0.0
DELTA,C_2,B12,112,False,9.0,True,True,True,0.0,0.0
DELTA,C_2,B13,112,False,9.0,True,True,True,0.0,0.0
DELTA,C_2,B14,112,False,9.0,True,True,True,0.0,0.0
DELTA,C_2,B15,112,False,9.0,True,True,True,0.0,0.0
DELTA,C_2,B16,112,False,9.0,True,True,True,0.0,0.0
DELTA,C_2,B17,112,False,9.0,True,True,True,0.0,0.0
DELTA,C_2,B18,112,False,9.0,True,True,True,0.0,0.0
DELTA,C_2,B19,112,False,9.0,True,True,True,0.0,0.0
DELTA,C_2,B2,112,False,9.0,True,True,True,0.0,0.0
DELTA,C_2,B20,112,False,9.0,True,True,True,0.0,0.0
DELTA,C_2,B21,112,False,9.0,True,True,True,0.0,0.0
DELTA,C_2,B22,112,False,9.0,True,True,True,0.0,0.0
DELTA,C_2,B23,112,False,9.0,True,True,True,0.0,0.0
DELTA,C_2,B24,112,False,9.0,True,True,True,0.0,0.0
DELTA,C_2,B25,112,False,9.0,True,True,True,0.0,0.0
DELTA,C_2,B26,112,False,9.0,True,True,True,0.0,0.0
DELTA,C_2,B27,112,False,9.0,True,True,True,0.0,0.0
DELTA,C_2,B28,112,False,9.0,True,True,True,0.0,0.0
DELTA,C_2,B29,112,False,9.0,True,True,True,0.0,0.0
DELTA,C_2,B3,112,False,9.0,True,True,True,0.0,0.0
DELTA,C_2,B30,112,False,9.0,True,True,True,0.0,0.0
DELTA,C_2,B31,112,False,9.0,True,True,True,0.0,0.0
DELTA,C_2,B32,112,False,9.0,True,True,True,0.0,0.0
DELTA,C_2,B4,112,False,9.0,True,True,True,0.0,0.0
DELTA,C_2,B5,112,False,9.0,True,True,True,0.0,0.0
DELTA,C_2,B6,112,False,9.0,True,True,True,0.0,0.0
DELTA,C_2,B7,112,False,9.0,True,True,True,0.0,0.0
DELTA,C_2,B8,112,False,9.0,True,True,True,0.0,0.0
DELTA,C_2,B9,112,False,9.0,True,True,True,0.0,0.0
DELTA,C_2,C1,112,False,9.0,True,True,True,0.0,0.0
DELTA,C_2,C10,112,False,9.0,True,True,True,0.0,0.0
DELTA,C_2,C11,112,False,9.0,True,True,True,0.0,0.0
DELTA,C_2,C12,112,False,9.0,True,True,True,0.0,0.0
DELTA,C_2,C13,112,False,9.0,True,True,True,0.0,0.0
DELTA,C_2,C14,112,False,9.0,True,True,True,0.0,0.0
DELTA,C_2,C15,112,False,9.0,True,True,True,0.0,0.0
DELTA,C_2,C16,112,False,9.0,True,True,True,0.0,0.0
DELTA,C_2,C17,112,False,9.0,True,True,True,0.0,0.0
DELTA,C_2,C18,112,False,9.0,True,True,True,0.0,0.0
DELTA,C_2,C19,112,False,9.0,True,True,True,0.0,0.0
DELTA,C_2,C2,112,False,9.0,True,True,True,0.0,0.0
DELTA,C_2,C20,112,False,9.0,True,True,True,0.0,0.0
DELTA,C_2,C21,112,False,9.0,True,True,True,0.0,0.0
DELTA,C_2,C22,112,False,9.0,True,True,True,0.0,0.0
DELTA,C_2,C23,112,False,9.0,True,True,True,0.0,0.0
DELTA,C_2,C24,112,False,9.0,True,True,True,0.0,0.0
DELTA,C_2,C25,112,False,9.0,True,True,True,0.0,0.0
DELTA,C_2,C26,112,False,9.0,True,True,True,0.0,0.0
DELTA,C_2,C27,112,False,9.0,True,True,True,0.0,0.0
DELTA,C_2,C28,112,False,9.0,True,True,True,0.0,0.0
DELTA,C_2,C29,112,False,9.0,True,True,True,0.0,0.0
DELTA,C_2,C3,112,False,9.0,True,True,True,0.0,0.0
DELTA,C_2,C30,112,False,9.0,True,True,True,0.0,0.0
DELTA,C_2,C31,112,False,9.0,True,True,True,0.0,0.0
DELTA,C_2,C32,112,False,9.0,True,True,True,0.0,0.0
DELTA,C_2,C4,112,False,9.0,True,True,True,0.0,0.0
DELTA,C_2,C5,112,False,9.0,True,True,True,0.0,0.0
DELTA,C_2,C6,112,False,9.0,True,True,True,0.0,0.0
DELTA,C_2,C7,112,False,9.0,True,True,True,0.0,0.0
DELTA,C_2,C8,112,False,9.0,True,True,True,0.0,0.0
DELTA,C_2,C9,112,False,9.0,True,True,True,0.0,0.0
DELTA,C_2,D1,112,False,9.0,True,True,True,0.0,0.0
DELTA,C_2,D10,112,False,9.0,True,True,True,0.0,0.0
DELTA,C_2,D11,112,False,9.0,True,True,True,0.0,0.0
DELTA,C_2,D12,112,False,9.0,True,True,True,0.0,0.0
DELTA,C_2,D13,112,False,9.0,True,True,True,0.0,0.0
DELTA,C_2,D14,112,False,9.0,True,True,True,0.0,0.0
DELTA,C_2,D15,112,False,9.0,True,True,True,0.0,0.0
DELTA,C_2,D16,112,False,9.0,True,True,True,0.0,0.0
DELTA,C_2,D17,112,False,9.0,True,True,True,0.0,0.0
DELTA,C_2,D18,112,False,9.0,True,True,True,0.0,0.0
DELTA,C_2,D19,112,False,9.0,True,True,True,0.0,0.0
DELTA,C_2,D2,112,False,9.0,True,True,True,0.0,0.0
DELTA,C_2,D20,112,False,9.0,True,True,True,0.0,0.0
DELTA,C_2,D21,112,False,9.0,True,True,True,0.0,0.0
DELTA,C_2,D22,112,False,9.0,True,True,True,0.0,0.0
DELTA,C_2,D23,112,False,9.0,True,True,True,0.0,0.0
DELTA,C_2,D24,112,False,9.0,True,True,True,0.0,0.0
DELTA,C_2,D25,112,False,9.0,True,True,True,0.0,0.0
DELTA,C_2,D26,112,False,9.0,True,True,True,0.0,0.0
DELTA,C_2,D27,112,False,9.0,True,True,True,0.0,0.0
DELTA,C_2,D28,112,False,9.0,True,True,True,0.0,0.0
DELTA,C_2,D29,112,False,9.0,True,True,True,0.0,0.0
DELTA,C_2,D3,112,False,9.0,True,True,True,0.0,0.0
DELTA,C_2,D30,112,False,9.0,True,True,True,0.0,0.0
DELTA,C_2,D31,112,False,9.0,True,True,True,0.0,0.0
DELTA,C_2,D32,112,False,9.0,True,True,True,0.0,0.0
DELTA,C_2,D4,112,False,9.0,True,True,True,0.0,0.0
DELTA,C_2,D5,112,False,9.0,True,True,True,0.0,0.0
DELTA,C_2,D6,112,False,9.0,True,True,True,0.0,0.0
DELTA,C_2,D7,112,False,9.0,True,True,True,0.0,0.0
DELTA,C_2,D8,112,False,9.0,True,True,True,0.0,0.0
DELTA,C_2,D9,112,False,9.0,True,True,True,0.0,0.0
DELTA,O_1,A1,112,False,9.0,True,True,True,0.0,0.0
DELTA,O_1,A10,112,False,9.0,True,True,True,0.0,0.0
DELTA,O_1,A11,112,False,9.0,True,True,True,0.0,0.0
DELTA,O_1,A12,112,False,9.0,True,True,True,0.0,0.0
DELTA,O_1,A13,112,False,9.0,True,True,True,0.0,0.0
DELTA,O_1,A14,112,False,9.0,True,True,True,0.0,0.0
DELTA,O_1,A15,112,False,9.0,True,True,True,0.0,0.0
DELTA,O_1,A16,112,False,9.0,True,True,True,0.0,0.0
DELTA,O_1,A17,112,False,9.0,True,True,True,0.0,0.0
DELTA,O_1,A18,112,False,9.0,True,True,True,0.0,0.0
DELTA,O_1,A19,112,False,9.0,True,True,True,0.0,0.0
DELTA,O_1,A2,112,False,9.0,True,True,True,0.0,0.0
DELTA,O_1,A20,112,False,9.0,True,True,True,0.0,0.0
DELTA,O_1,A21,112,False,9.0,True,True,True,0.0,0.0
DELTA,O_1,A22,112,False,9.0,True,True,True,0.0,0.0
DELTA,O_1,A23,112,False,9.0,True,True,True,0.0,0.0
DELTA,O_1,A24,112,False,9.0,True,True,True,0.0,0.0
DELTA,O_1,A25,112,False,9.0,True,True,True,0.0,0.0
DELTA,O_1,A26,112,False,9.0,True,True,True,0.0,0.0
DELTA,O_1,A27,112,False,9.0,True,True,True,0.0,0.0
DELTA,O_1,A28,112,False,9.0,True,True,True,0.0,0.0
DELTA,O_1,A29,112,False,9.0,True,True,True,0.0,0.0
DELTA,O_1,A3,112,False,9.0,True,True,True,0.0,0.0
DELTA,O_1,A30,112,False,9.0,True,True,True,0.0,0.0
DELTA,O_1,A31,112,False,9.0,True,True,True,0.0,0.0
DELTA,O_1,A32,112,False,9.0,True,True,True,0.0,0.0
DELTA,O_1,A4,112,False,9.0,True,True,True,0.0,0.0
DELTA,O_1,A5,112,False,9.0,True,True,True,0.0,0.0
DELTA,O_1,A6,112,False,9.0,True,True,True,0.0,0.0
DELTA,O_1,A7,112,False,9.0,True,True,True,0.0,0.0
DELTA,O_1,A8,112,False,9.0,True,True,True,0.0,0.0
DELTA,O_1,A9,112,False,9.0,True,True,True,0.0,0.0
DELTA,O_1,B1,112,False,9.0,True,True,True,0.0,0.0
DELTA,O_1,B10,112,False,9.0,True,True,True,0.0,0.0
DELTA,O_1,B11,112,False,9.0,True,True,True,0.0,0.0
DELTA,O_1,B12,112,False,9.0,True,True,True,0.0,0.0
DELTA,O_1,B13,112,False,9.0,True,True,True,0.0,0.0
DELTA,O_1,B14,112,False,9.0,True,True,True,0.0,0.0
DELTA,O_1,B15,112,False,9.0,True,True,True,0.0,0.0
DELTA,O_1,B16,112,False,9.0,True,True,True,0.0,0.0
DELTA,O_1,B17,112,False,9.0,True,True,True,0.0,0.0
DELTA,O_1,B18,112,False,9.0,True,True,True,0.0,0.0
DELTA,O_1,B19,112,False,9.0,True,True,True,0.0,0.0
DELTA,O_1,B2,112,False,9.0,True,True,True,0.0,0.0
DELTA,O_1,B20,112,False,9.0,True,True,True,0.0,0.0
DELTA,O_1,B21,112,False,9.0,True,True,True,0.0,0.0
DELTA,O_1,B22,112,False,9.0,True,True,True,0.0,0.0
DELTA,O_1,B23,112,False,9.0,True,True,True,0.0,0.0
DELTA,O_1,B24,112,False,9.0,True,True,True,0.0,0.0
DELTA,O_1,B25,112,False,9.0,True,True,True,0.0,0.0
DELTA,O_1,B26,112,False,9.0,True,True,True,0.0,0.0
DELTA,O_1,B27,112,False,9.0,True,True,True,0.0,0.0
DELTA,O_1,B28,112,False,9.0,True,True,True,0.0,0.0
DELTA,O_1,B29,112,False,9.0,True,True,True,0.0,0.0
DELTA,O_1,B3,112,False,9.0,True,True,True,0.0,0.0
DELTA,O_1,B30,112,False,9.0,True,True,True,0.0,0.0
DELTA,O_1,B31,112,False,9.0,True,True,True,0.0,0.0
DELTA,O_1,B32,112,False,9.0,True,True,True,0.0,0.0
DELTA,O_1,B4,112,False,9.0,True,True,True,0.0,0.0
DELTA,O_1,B5,112,False,9.0,True,True,True,0.0,0.0
DELTA,O_1,B6,112,False,9.0,True,True,True,0.0,0.0
DELTA,O_1,B7,112,False,9.0,True,True,True,0.0,0.0
DELTA,O_1,B8,112,False,9.0,True,True,True,0.0,0.0
DELTA,O_1,B9,112,False,9.0,True,True,True,0.0,0.0
DELTA,O_1,C1,112,False,9.0,True,True,True,0.0,0.0
DELTA,O_1,C10,112,False,9.0,True,True,True,0.0,0.0
DELTA,O_1,C11,112,False,9.0,True,True,True,0.0,0.0
DELTA,O_1,C12,112,False,9.0,True,True,True,0.0,0.0
DELTA,O_1,C13,112,False,9.0,True,True,True,0.0,0.0
DELTA,O_1,C14,112,False,9.0,True,True,True,0.0,0.0
DELTA,O_1,C15,112,False,9.0,True,True,True,0.0,0.0
DELTA,O_1,C16,112,False,9.0,True,True,True,0.0,0.0
DELTA,O_1,C17,112,False,9.0,True,True,True,0.0,0.0
DELTA,O_1,C18,112,False,9.0,True,True,True,0.0,0.0
DELTA,O_1,C19,112,False,9.0,True,True,True,0.0,0.0
DELTA,O_1,C2,112,False,9.0,True,True,True,0.0,0.0
DELTA,O_1,C20,112,False,9.0,True,True,True,0.0,0.0
DELTA,O_1,C21,112,False,9.0,True,True,True,0.0,0.0
DELTA,O_1,C22,112,False,9.0,True,True,True,0.0,0.0
DELTA,O_1,C23,112,False,9.0,True,True,True,0.0,0.0
DELTA,O_1,C24,112,False,9.0,True,True,True,0.0,0.0
DELTA,O_1,C25,112,False,9.0,True,True,True,0.0,0.0
DELTA,O_1,C26,112,False,9.0,True,True,True,0.0,0.0
DELTA,O_1,C27,112,False,9.0,True,True,True,0.0,0.0
DELTA,O_1,C28,112,False,9.0,True,True,True,0.0,0.0
DELTA,O_1,C29,112,False,9.0,True,True,True,0.0,0.0
DELTA,O_1,C3,112,False,9.0,True,True,True,0.0,0.0
DELTA,O_1,C30,112,False,9.0,True,True,True,0.0,0.0
DELTA,O_1,C31,112,False,9.0,True,True,True,0.0,0.0
DELTA,O_1,C32,112,False,9.0,True,True,True,0.0,0.0
DELTA,O_1,C4,112,False,9.0,True,True,True,0.0,0.0
DELTA,O_1,C5,112,False,9.0,True,True,True,0.0,0.0
DELTA,O_1,C6,112,False,9.0,True,True,True,0.0,0.0
DELTA,O_1,C7,112,False,9.0,True,True,True,0.0,0.0
DELTA,O_1,C8,112,False,9.0,True,True,True,0.0,0.0
DELTA,O_1,C9,112,False,9.0,True,True,True,0.0,0.0
DELTA,O_1,D1,112,False,9.0,True,True,True,0.0,0.0
DELTA,O_1,D10,112,False,9.0,True,True,True,0.0,0.0
DELTA,O_1,D11,112,False,9.0,True,True,True,0.0,0.0
DELTA,O_1,D12,112,False,9.0,True,True,True,0.0,0.0
DELTA,O_1,D13,112,False,9.0,True,True,True,0.0,0.0
DELTA,O_1,D14,112,False,9.0,True,True,True,0.0,0.0
DELTA,O_1,D15,112,False,9.0,True,True,True,0.0,0.0
DELTA,O_1,D16,112,False,9.0,True,True,True,0.0,0.0
DELTA,O_1,D17,112,False,9.0,True,True,True,0.0,0.0
DELTA,O_1,D18,112,False,9.0,True,True,True,0.0,0.0
DELTA,O_1,D19,112,False,9.0,True,True,True,0.0,0.0
DELTA,O_1,D2,112,False,9.0,True,True,True,0.0,0.0
DELTA,O_1,D20,112,False,9.0,True,True,True,0.0,0.0
DELTA,O_1,D21,112,False,9.0,True,True,True,0.0,0.0
DELTA,O_1,D22,112,False,9.0,True,True,True,0.0,0.0
DELTA,O_1,D23,112,False,9.0,True,True,True,0.0,0.0
DELTA,O_1,D24,112,False,9.0,True,True,True,0.0,0.0
DELTA,O_1,D25,112,False,9.0,True,True,True,0.0,0.0
DELTA,O_1,D26,112,False,9.0,True,True,True,0.0,0.0
DELTA,O_1,D27,112,False,9.0,True,True,True,0.0,0.0
DELTA,O_1,D28,112,False,9.0,True,True,True,0.0,0.0
DELTA,O_1,D29,112,False,9.0,True,True,True,0.0,0.0
DELTA,O_1,D3,112,False,9.0,True,True,True,0.0,0.0
DELTA,O_1,D30,112,False,9.0,True,True,True,0.0,0.0
DELTA,O_1,D31,112,False,9.0,True,True,True,0.0,0.0
DELTA,O_1,D32,112,False,9.0,True,True,True,0.0,0.0
DELTA,O_1,D4,112,False,9.0,True,True,True,0.0,0.0
DELTA,O_1,D5,112,False,9.0,True,True,True,0.0,0.0
DELTA,O_1,D6,112,False,9.0,True,True,True,0.0,0.0
DELTA,O_1,D7,112,False,9.0,True,True,True,0.0,0.0
DELTA,O_1,D8,112,False,9.0,True,True,True,0.0,0.0
DELTA,O_1,D9,112,False,9.0,True,True,True,0.0,0.0
DELTA,O_2,A1,112,False,9.0,True,True,True,0.0,0.0
DELTA,O_2,A10,112,False,9.0,True,True,True,0.0,0.0
DELTA,O_2,A11,112,False,9.0,True,True,True,0.0,0.0
DELTA,O_2,A12,112,False,9.0,True,True,True,0.0,0.0
DELTA,O_2,A13,112,False,9.0,True,True,True,0.0,0.0
DELTA,O_2,A14,112,False,9.0,True,True,True,0.0,0.0
DELTA,O_2,A15,112,False,9.0,True,True,True,0.0,0.0
DELTA,O_2,A16,112,False,9.0,True,True,True,0.0,0.0
DELTA,O_2,A17,112,False,9.0,True,True,True,0.0,0.0
DELTA,O_2,A18,112,False,9.0,True,True,True,0.0,0.0
DELTA,O_2,A19,112,False,9.0,True,True,True,0.0,0.0
DELTA,O_2,A2,112,False,9.0,True,True,True,0.0,0.0
DELTA,O_2,A20,112,False,9.0,True,True,True,0.0,0.0
DELTA,O_2,A21,112,False,9.0,True,True,True,0.0,0.0
DELTA,O_2,A22,112,False,9.0,True,True,True,0.0,0.0
DELTA,O_2,A23,112,False,9.0,True,True,True,0.0,0.0
DELTA,O_2,A24,112,False,9.0,True,True,True,0.0,0.0
DELTA,O_2,A25,112,False,9.0,True,True,True,0.0,0.0
DELTA,O_2,A26,112,False,9.0,True,True,True,0.0,0.0
DELTA,O_2,A27,112,False,9.0,True,True,True,0.0,0.0
DELTA,O_2,A28,112,False,9.0,True,True,True,0.0,0.0
DELTA,O_2,A29,112,False,9.0,True,True,True,0.0,0.0
DELTA,O_2,A3,112,False,9.0,True,True,True,0.0,0.0
DELTA,O_2,A30,112,False,9.0,True,True,True,0.0,0.0
DELTA,O_2,A31,112,False,9.0,True,True,True,0.0,0.0
DELTA,O_2,A32,112,False,9.0,True,True,True,0.0,0.0
DELTA,O_2,A4,112,False,9.0,True,True,True,0.0,0.0
DELTA,O_2,A5,112,False,9.0,True,True,True,0.0,0.0
DELTA,O_2,A6,112,False,9.0,True,True,True,0.0,0.0
DELTA,O_2,A7,112,False,9.0,True,True,True,0.0,0.0
DELTA,O_2,A8,112,False,9.0,True,True,True,0.0,0.0
DELTA,O_2,A9,112,False,9.0,True,True,True,0.0,0.0
DELTA,O_2,B1,112,False,9.0,True,True,True,0.0,0.0
DELTA,O_2,B10,112,False,9.0,True,True,True,0.0,0.0
DELTA,O_2,B11,112,False,9.0,True,True,True,0.0,0.0
DELTA,O_2,B12,112,False,9.0,True,True,True,0.0,0.0
DELTA,O_2,B13,112,False,9.0,True,True,True,0.0,0.0
DELTA,O_2,B14,112,False,9.0,True,True,True,0.0,0.0
DELTA,O_2,B15,112,False,9.0,True,True,True,0.0,0.0
DELTA,O_2,B16,112,False,9.0,True,True,True,0.0,0.0
DELTA,O_2,B17,112,False,9.0,True,True,True,0.0,0.0
DELTA,O_2,B18,112,False,9.0,True,True,True,0.0,0.0
DELTA,O_2,B19,112,False,9.0,True,True,True,0.0,0.0
DELTA,O_2,B2,112,False,9.0,True,True,True,0.0,0.0
DELTA,O_2,B20,112,False,9.0,True,True,True,0.0,0.0
DELTA,O_2,B21,112,False,9.0,True,True,True,0.0,0.0
DELTA,O_2,B22,112,False,9.0,True,True,True,0.0,0.0
DELTA,O_2,B23,112,False,9.0,True,True,True,0.0,0.0
DELTA,O_2,B24,112,False,9.0,True,True,True,0.0,0.0
DELTA,O_2,B25,112,False,9.0,True,True,True,0.0,0.0
DELTA,O_2,B26,112,False,9.0,True,True,True,0.0,0.0
DELTA,O_2,B27,112,False,9.0,True,True,True,0.0,0.0
DELTA,O_2,B28,112,False,9.0,True,True,True,0.0,0.0
DELTA,O_2,B29,112,False,9.0,True,True,True,0.0,0.0
DELTA,O_2,B3,112,False,9.0,True,True,True,0.0,0.0
DELTA,O_2,B30,112,False,9.0,True,True,True,0.0,0.0
DELTA,O_2,B31,112,False,9.0,True,True,True,0.0,0.0
DELTA,O_2,B32,112,False,9.0,True,True,True,0.0,0.0
DELTA,O_2,B4,112,False,9.0,True,True,True,0.0,0.0
DELTA,O_2,B5,112,False,9.0,True,True,True,0.0,0.0
DELTA,O_2,B6,112,False,9.0,True,True,True,0.0,0.0
DELTA,O_2,B7,112,False,9.0,True,True,True,0.0,0.0
DELTA,O_2,B8,112,False,9.0,True,True,True,0.0,0.0
DELTA,O_2,B9,112,False,9.0,True,True,True,0.0,0.0
DELTA,O_2,C1,112,False,9.0,True,True,True,0.0,0.0
DELTA,O_2,C10,112,False,9.0,True,True,True,0.0,0.0
DELTA,O_2,C11,112,False,9.0,True,True,True,0.0,0.0
DELTA,O_2,C12,112,False,9.0,True,True,True,0.0,0.0
DELTA,O_2,C13,112,False,9.0,True,True,True,0.0,0.0
DELTA,O_2,C14,112,False,9.0,True,True,True,0.0,0.0
DELTA,O_2,C15,112,False,9.0,True,True,True,0.0,0.0
DELTA,O_2,C16,112,False,9.0,True,True,True,0.0,0.0
DELTA,O_2,C17,112,False,9.0,True,True,True,0.0,0.0
DELTA,O_2,C18,112,False,9.0,True,True,True,0.0,0.0
DELTA,O_2,C19,112,False,9.0,True,True,True,0.0,0.0
DELTA,O_2,C2,112,False,9.0,True,True,True,0.0,0.0
DELTA,O_2,C20,112,False,9.0,True,True,True,0.0,0.0
DELTA,O_2,C21,112,False,9.0,True,True,True,0.0,0.0
DELTA,O_2,C22,112,False,9.0,True,True,True,0.0,0.0
DELTA,O_2,C23,112,False,9.0,True,True,True,0.0,0.0
DELTA,O_2,C24,112,False,9.0,True,True,True,0.0,0.0
DELTA,O_2,C25,112,False,9.0,True,True,True,0.0,0.0
DELTA,O_2,C26,112,False,9.0,True,True,True,0.0,0.0
DELTA,O_2,C27,112,False,9.0,True,True,True,0.0,0.0
DELTA,O_2,C28,112,False,9.0,True,True,True,0.0,0.0
DELTA,O_2,C29,112,False,9.0,True,True,True,0.0,0.0
DELTA,O_2,C3,112,False,9.0,True,True,True,0.0,0.0
DELTA,O_2,C30,112,False,9.0,True,True,True,0.0,0.0
DELTA,O_2,C31,112,False,9.0,True,True,True,0.0,0.0
DELTA,O_2,C32,112,False,9.0,True,True,True,0.0,0.0
DELTA,O_2,C4,112,False,9.0,True,True,True,0.0,0.0
DELTA,O_2,C5,112,False,9.0,True,True,True,0.0,0.0
DELTA,O_2,C6,112,False,9.0,True,True,True,0.0,0.0
DELTA,O_2,C7,112,False,9.0,True,True,True,0.0,0.0
DELTA,O_2,C8,112,False,9.0,True,True,True,0.0,0.0
DELTA,O_2,C9,112,False,9.0,True,True,True,0.0,0.0
DELTA,O_2,D1,112,False,9.0,True,True,True,0.0,0.0
DELTA,O_2,D10,112,False,9.0,True,True,True,0.0,0.0
DELTA,O_2,D11,112,False,9.0,True,True,True,0.0,0.0
DELTA,O_2,D12,112,False,9.0,True,True,True,0.0,0.0
DELTA,O_2,D13,112,False,9.0,True,True,True,0.0,0.0
DELTA,O_2,D14,112,False,9.0,True,True,True,0.0,0.0
DELTA,O_2,D15,112,False,9.0,True,True,True,0.0,0.0
DELTA,O_2,D16,112,False,9.0,True,True,True,0.0,0.0
DELTA,O_2,D17,112,False,9.0,True,True,True,0.0,0.0
DELTA,O_2,D18,112,False,9.0,True,True,True,0.0,0.0
DELTA,O_2,D19,112,False,9.0,True,True,True,0.0,0.0
DELTA,O_2,D2,112,False,9.0,True,True,True,0.0,0.0
DELTA,O_2,D20,112,False,9.0,True,True,True,0.0,0.0
DELTA,O_2,D21,112,False,9.0,True,True,True,0.0,0.0
DELTA,O_2,D22,112,False,9.0,True,True,True,0.0,0.0
DELTA,O_2,D23,112,False,9.0,True,True,True,0.0,0.0
DELTA,O_2,D24,112,False,9.0,True,True,True,0.0,0.0
DELTA,O_2,D25,112,False,9.0,True,True,True,0.0,0.0
DELTA,O_2,D26,112,False,9.0,True,True,True,0.0,0.0
DELTA,O_2,D27,112,False,9.0,True,True,True,0.0,0.0
DELTA,O_2,D28,112,False,9.0,True,True,True,0.0,0.0
DELTA,O_2,D29,112,False,9.0,True,True,True,0.0,0.0
DELTA,O_2,D3,112,False,9.0,True,True,True,0.0,0.0
DELTA,O_2,D30,112,False,9.0,True,True,True,0.0,0.0
DELTA,O_2,D31,112,False,9.0,True,True,True,0.0,0.0
DELTA,O_2,D32,112,False,9.0,True,True,True,0.0,0.0
DELTA,O_2,D4,112,False,9.0,True,True,True,0.0,0.0
DELTA,O_2,D5,112,False,9.0,True,True,True,0.0,0.0
DELTA,O_2,D6,112,False,9.0,True,True,True,0.0,0.0
DELTA,O_2,D7,112,False,9.0,True,True,True,0.0,0.0
DELTA,O_2,D8,112,False,9.0,True,True,True,0.0,0.0
DELTA,O_2,D9,112,False,9.0,True,True,True,0.0,0.0
THETA,C_1,A1,112,False,9.0,True,True,True,0.0,0.0
THETA,C_1,A10,112,False,9.0,True,True,True,0.0,0.0
THETA,C_1,A11,112,False,9.0,True,True,True,0.0,0.0
THETA,C_1,A12,112,False,9.0,True,True,True,0.0,0.0
THETA,C_1,A13,112,False,9.0,True,True,True,0.0,0.0
THETA,C_1,A14,112,False,9.0,True,True,True,0.0,0.0
THETA,C_1,A15,112,False,9.0,True,True,True,0.0,0.0
THETA,C_1,A16,112,False,9.0,True,True,True,0.0,0.0
THETA,C_1,A17,112,False,9.0,True,True,True,0.0,0.0
THETA,C_1,A18,112,False,9.0,True,True,True,0.0,0.0
THETA,C_1,A19,112,False,9.0,True,True,True,0.0,0.0
THETA,C_1,A2,112,False,9.0,True,True,True,0.0,0.0
THETA,C_1,A20,112,False,9.0,True,True,True,0.0,0.0
THETA,C_1,A21,112,False,9.0,True,True,True,0.0,0.0
THETA,C_1,A22,112,False,9.0,True,True,True,0.0,0.0
THETA,C_1,A23,112,False,9.0,True,True,True,0.0,0.0
THETA,C_1,A24,112,False,9.0,True,True,True,0.0,0.0
THETA,C_1,A25,112,False,9.0,True,True,True,0.0,0.0
THETA,C_1,A26,112,False,9.0,True,True,True,0.0,0.0
THETA,C_1,A27,112,False,9.0,True,True,True,0.0,0.0
THETA,C_1,A28,112,False,9.0,True,True,True,0.0,0.0
THETA,C_1,A29,112,False,9.0,True,True,True,0.0,0.0
THETA,C_1,A3,112,False,9.0,True,True,True,0.0,0.0
THETA,C_1,A30,112,False,9.0,True,True,True,0.0,0.0
THETA,C_1,A31,112,False,9.0,True,True,True,0.0,0.0
THETA,C_1,A32,112,False,9.0,True,True,True,0.0,0.0
THETA,C_1,A4,112,False,9.0,True,True,True,0.0,0.0
THETA,C_1,A5,112,False,9.0,True,True,True,0.0,0.0
THETA,C_1,A6,112,False,9.0,True,True,True,0.0,0.0
THETA,C_1,A7,112,False,9.0,True,True,True,0.0,0.0
THETA,C_1,A8,112,False,9.0,True,True,True,0.0,0.0
THETA,C_1,A9,112,False,9.0,True,True,True,0.0,0.0
THETA,C_1,B1,112,False,9.0,True,True,True,0.0,0.0
THETA,C_1,B10,112,False,9.0,True,True,True,0.0,0.0
THETA,C_1,B11,112,False,9.0,True,True,True,0.0,0.0
THETA,C_1,B12,112,False,9.0,True,True,True,0.0,0.0
THETA,C_1,B13,112,False,9.0,True,True,True,0.0,0.0
THETA,C_1,B14,112,False,9.0,True,True,True,0.0,0.0
THETA,C_1,B15,112,False,9.0,True,True,True,0.0,0.0
THETA,C_1,B16,112,False,9.0,True,True,True,0.0,0.0
THETA,C_1,B17,112,False,9.0,True,True,True,0.0,0.0
THETA,C_1,B18,112,False,9.0,True,True,True,0.0,0.0
THETA,C_1,B19,112,False,9.0,True,True,True,0.0,0.0
THETA,C_1,B2,112,False,9.0,True,True,True,0.0,0.0
THETA,C_1,B20,112,False,9.0,True,True,True,0.0,0.0
THETA,C_1,B21,112,False,9.0,True,True,True,0.0,0.0
THETA,C_1,B22,112,False,9.0,True,True,True,0.0,0.0
THETA,C_1,B23,112,False,9.0,True,True,True,0.0,0.0
THETA,C_1,B24,112,False,9.0,True,True,True,0.0,0.0
THETA,C_1,B25,112,False,9.0,True,True,True,0.0,0.0
THETA,C_1,B26,112,False,9.0,True,True,True,0.0,0.0
THETA,C_1,B27,112,False,9.0,True,True,True,0.0,0.0
THETA,C_1,B28,112,False,9.0,True,True,True,0.0,0.0
THETA,C_1,B29,112,False,9.0,True,True,True,0.0,0.0
THETA,C_1,B3,112,False,9.0,True,True,True,0.0,0.0
THETA,C_1,B30,112,False,9.0,True,True,True,0.0,0.0
THETA,C_1,B31,112,False,9.0,True,True,True,0.0,0.0
THETA,C_1,B32,112,False,9.0,True,True,True,0.0,0.0
THETA,C_1,B4,112,False,9.0,True,True,True,0.0,0.0
THETA,C_1,B5,112,False,9.0,True,True,True,0.0,0.0
THETA,C_1,B6,112,False,9.0,True,True,True,0.0,0.0
THETA,C_1,B7,112,False,9.0,True,True,True,0.0,0.0
THETA,C_1,B8,112,False,9.0,True,True,True,0.0,0.0
THETA,C_1,B9,112,False,9.0,True,True,True,0.0,0.0
THETA,C_1,C1,112,False,9.0,True,True,True,0.0,0.0
THETA,C_1,C10,112,False,9.0,True,True,True,0.0,0.0
THETA,C_1,C11,112,False,9.0,True,True,True,0.0,0.0
THETA,C_1,C12,112,False,9.0,True,True,True,0.0,0.0
THETA,C_1,C13,112,False,9.0,True,True,True,0.0,0.0
THETA,C_1,C14,112,False,9.0,True,True,True,0.0,0.0
THETA,C_1,C15,112,False,9.0,True,True,True,0.0,0.0
THETA,C_1,C16,112,False,9.0,True,True,True,0.0,0.0
THETA,C_1,C17,112,False,9.0,True,True,True,0.0,0.0
THETA,C_1,C18,112,False,9.0,True,True,True,0.0,0.0
THETA,C_1,C19,112,False,9.0,True,True,True,0.0,0.0
THETA,C_1,C2,112,False,9.0,True,True,True,0.0,0.0
THETA,C_1,C20,112,False,9.0,True,True,True,0.0,0.0
THETA,C_1,C21,112,False,9.0,True,True,True,0.0,0.0
THETA,C_1,C22,112,False,9.0,True,True,True,0.0,0.0
THETA,C_1,C23,112,False,9.0,True,True,True,0.0,0.0
THETA,C_1,C24,112,False,9.0,True,True,True,0.0,0.0
THETA,C_1,C25,112,False,9.0,True,True,True,0.0,0.0
THETA,C_1,C26,112,False,9.0,True,True,True,0.0,0.0
THETA,C_1,C27,112,False,9.0,True,True,True,0.0,0.0
THETA,C_1,C28,112,False,9.0,True,True,True,0.0,0.0
THETA,C_1,C29,112,False,9.0,True,True,True,0.0,0.0
THETA,C_1,C3,112,False,9.0,True,True,True,0.0,0.0
THETA,C_1,C30,112,False,9.0,True,True,True,0.0,0.0
THETA,C_1,C31,112,False,9.0,True,True,True,0.0,0.0
THETA,C_1,C32,112,False,9.0,True,True,True,0.0,0.0
THETA,C_1,C4,112,False,9.0,True,True,True,0.0,0.0
THETA,C_1,C5,112,False,9.0,True,True,True,0.0,0.0
THETA,C_1,C6,112,False,9.0,True,True,True,0.0,0.0
THETA,C_1,C7,112,False,9.0,True,True,True,0.0,0.0
THETA,C_1,C8,112,False,9.0,True,True,True,0.0,0.0
THETA,C_1,C9,112,False,9.0,True,True,True,0.0,0.0
THETA,C_1,D1,112,False,9.0,True,True,True,0.0,0.0
THETA,C_1,D10,112,False,9.0,True,True,True,0.0,0.0
THETA,C_1,D11,112,False,9.0,True,True,True,0.0,0.0
THETA,C_1,D12,112,False,9.0,True,True,True,0.0,0.0
THETA,C_1,D13,112,False,9.0,True,True,True,0.0,0.0
THETA,C_1,D14,112,False,9.0,True,True,True,0.0,0.0
THETA,C_1,D15,112,False,9.0,True,True,True,0.0,0.0
THETA,C_1,D16,112,False,9.0,True,True,True,0.0,0.0
THETA,C_1,D17,112,False,9.0,True,True,True,0.0,0.0
THETA,C_1,D18,112,False,9.0,True,True,True,0.0,0.0
THETA,C_1,D19,112,False,9.0,True,True,True,0.0,0.0
THETA,C_1,D2,112,False,9.0,True,True,True,0.0,0.0
THETA,C_1,D20,112,False,9.0,True,True,True,0.0,0.0
THETA,C_1,D21,112,False,9.0,True,True,True,0.0,0.0
THETA,C_1,D22,112,False,9.0,True,True,True,0.0,0.0
THETA,C_1,D23,112,False,9.0,True,True,True,0.0,0.0
THETA,C_1,D24,112,False,9.0,True,True,True,0.0,0.0
THETA,C_1,D25,112,False,9.0,True,True,True,0.0,0.0
THETA,C_1,D26,112,False,9.0,True,True,True,0.0,0.0
THETA,C_1,D27,112,False,9.0,True,True,True,0.0,0.0
THETA,C_1,D28,112,False,9.0,True,True,True,0.0,0.0
THETA,C_1,D29,112,False,9.0,True,True,True,0.0,0.0
THETA,C_1,D3,112,False,9.0,True,True,True,0.0,0.0
THETA,C_1,D30,112,False,9.0,True,True,True,0.0,0.0
THETA,C_1,D31,112,False,9.0,True,True,True,0.0,0.0
THETA,C_1,D32,112,False,9.0,True,True,True,0.0,0.0
THETA,C_1,D4,112,False,9.0,True,True,True,0.0,0.0
THETA,C_1,D5,112,False,9.0,True,True,True,0.0,0.0
THETA,C_1,D6,112,False,9.0,True,True,True,0.0,0.0
THETA,C_1,D7,112,False,9.0,True,True,True,0.0,0.0
THETA,C_1,D8,112,False,9.0,True,True,True,0.0,0.0
THETA,C_1,D9,112,False,9.0,True,True,True,0.0,0.0
THETA,C_2,A1,112,False,9.0,True,True,True,0.0,0.0
THETA,C_2,A10,112,False,9.0,True,True,True,0.0,0.0
THETA,C_2,A11,112,False,9.0,True,True,True,0.0,0.0
THETA,C_2,A12,112,False,9.0,True,True,True,0.0,0.0
THETA,C_2,A13,112,False,9.0,True,True,True,0.0,0.0
THETA,C_2,A14,112,False,9.0,True,True,True,0.0,0.0
THETA,C_2,A15,112,False,9.0,True,True,True,0.0,0.0
THETA,C_2,A16,112,False,9.0,True,True,True,0.0,0.0
THETA,C_2,A17,112,False,9.0,True,True,True,0.0,0.0
THETA,C_2,A18,112,False,9.0,True,True,True,0.0,0.0
THETA,C_2,A19,112,False,9.0,True,True,True,0.0,0.0
THETA,C_2,A2,112,False,9.0,True,True,True,0.0,0.0
THETA,C_2,A20,112,False,9.0,True,True,True,0.0,0.0
THETA,C_2,A21,112,False,9.0,True,True,True,0.0,0.0
THETA,C_2,A22,112,False,9.0,True,True,True,0.0,0.0
THETA,C_2,A23,112,False,9.0,True,True,True,0.0,0.0
THETA,C_2,A24,112,False,9.0,True,True,True,0.0,0.0
THETA,C_2,A25,112,False,9.0,True,True,True,0.0,0.0
THETA,C_2,A26,112,False,9.0,True,True,True,0.0,0.0
THETA,C_2,A27,112,False,9.0,True,True,True,0.0,0.0
THETA,C_2,A28,112,False,9.0,True,True,True,0.0,0.0
THETA,C_2,A29,112,False,9.0,True,True,True,0.0,0.0
THETA,C_2,A3,112,False,9.0,True,True,True,0.0,0.0
THETA,C_2,A30,112,False,9.0,True,True,True,0.0,0.0
THETA,C_2,A31,112,False,9.0,True,True,True,0.0,0.0
THETA,C_2,A32,112,False,9.0,True,True,True,0.0,0.0
THETA,C_2,A4,112,False,9.0,True,True,True,0.0,0.0
THETA,C_2,A5,112,False,9.0,True,True,True,0.0,0.0
THETA,C_2,A6,112,False,9.0,True,True,True,0.0,0.0
THETA,C_2,A7,112,False,9.0,True,True,True,0.0,0.0
THETA,C_2,A8,112,False,9.0,True,True,True,0.0,0.0
THETA,C_2,A9,112,False,9.0,True,True,True,0.0,0.0
THETA,C_2,B1,112,False,9.0,True,True,True,0.0,0.0
THETA,C_2,B10,112,False,9.0,True,True,True,0.0,0.0
THETA,C_2,B11,112,False,9.0,True,True,True,0.0,0.0
THETA,C_2,B13,112,False,9.0,True,True,True,0.0,0.0
THETA,C_2,B14,112,False,9.0,True,True,True,0.0,0.0
THETA,C_2,B15,112,False,9.0,True,True,True,0.0,0.0
THETA,C_2,B16,112,False,9.0,True,True,True,0.0,0.0
THETA,C_2,B17,112,False,9.0,True,True,True,0.0,0.0
THETA,C_2,B18,112,False,9.0,True,True,True,0.0,0.0
THETA,C_2,B19,112,False,9.0,True,True,True,0.0,0.0
THETA,C_2,B2,112,False,9.0,True,True,True,0.0,0.0
THETA,C_2,B20,112,False,9.0,True,True,True,0.0,0.0
THETA,C_2,B21,112,False,9.0,True,True,True,0.0,0.0
THETA,C_2,B22,112,False,9.0,True,True,True,0.0,0.0
THETA,C_2,B23,112,False,9.0,True,True,True,0.0,0.0
THETA,C_2,B24,112,False,9.0,True,True,True,0.0,0.0
THETA,C_2,B25,112,False,9.0,True,True,True,0.0,0.0
THETA,C_2,B26,112,False,9.0,True,True,True,0.0,0.0
THETA,C_2,B27,112,False,9.0,True,True,True,0.0,0.0
THETA,C_2,B28,112,False,9.0,True,True,True,0.0,0.0
THETA,C_2,B29,112,False,9.0,True,True,True,0.0,0.0
THETA,C_2,B3,112,False,9.0,True,True,True,0.0,0.0
THETA,C_2,B30,112,False,9.0,True,True,True,0.0,0.0
THETA,C_2,B31,112,False,9.0,True,True,True,0.0,0.0
THETA,C_2,B32,112,False,9.0,True,True,True,0.0,0.0
THETA,C_2,B4,112,False,9.0,True,True,True,0.0,0.0
THETA,C_2,B5,112,False,9.0,True,True,True,0.0,0.0
THETA,C_2,B6,112,False,9.0,True,True,True,0.0,0.0
THETA,C_2,B7,112,False,9.0,True,True,True,0.0,0.0
THETA,C_2,B8,112,False,9.0,True,True,True,0.0,0.0
THETA,C_2,B9,112,False,9.0,True,True,True,0.0,0.0
THETA,C_2,C1,112,False,9.0,True,True,True,0.0,0.0
THETA,C_2,C10,112,False,9.0,True,True,True,0.0,0.0
THETA,C_2,C11,112,False,9.0,True,True,True,0.0,0.0
THETA,C_2,C12,112,False,9.0,True,True,True,0.0,0.0
THETA,C_2,C13,112,False,9.0,True,True,True,0.0,0.0
THETA,C_2,C14,112,False,9.0,True,True,True,0.0,0.0
THETA,C_2,C15,112,False,9.0,True,True,True,0.0,0.0
THETA,C_2,C16,112,False,9.0,True,True,True,0.0,0.0
THETA,C_2,C17,112,False,9.0,True,True,True,0.0,0.0
THETA,C_2,C18,112,False,9.0,True,True,True,0.0,0.0
THETA,C_2,C19,112,False,9.0,True,True,True,0.0,0.0
THETA,C_2,C2,112,False,9.0,True,True,True,0.0,0.0
THETA,C_2,C20,112,False,9.0,True,True,True,0.0,0.0
THETA,C_2,C21,112,False,9.0,True,True,True,0.0,0.0
THETA,C_2,C22,112,False,9.0,True,True,True,0.0,0.0
THETA,C_2,C23,112,False,9.0,True,True,True,0.0,0.0
THETA,C_2,C24,112,False,9.0,True,True,True,0.0,0.0
THETA,C_2,C25,112,False,9.0,True,True,True,0.0,0.0
THETA,C_2,C26,112,False,9.0,True,True,True,0.0,0.0
THETA,C_2,C27,112,False,9.0,True,True,True,0.0,0.0
THETA,C_2,C28,112,False,9.0,True,True,True,0.0,0.0
THETA,C_2,C29,112,False,9.0,True,True,True,0.0,0.0
THETA,C_2,C3,112,False,9.0,True,True,True,0.0,0.0
THETA,C_2,C30,112,False,9.0,True,True,True,0.0,0.0
THETA,C_2,C31,112,False,9.0,True,True,True,0.0,0.0
THETA,C_2,C32,112,False,9.0,True,True,True,0.0,0.0
THETA,C_2,C4,112,False,9.0,True,True,True,0.0,0.0
THETA,C_2,C5,112,False,9.0,True,True,True,0.0,0.0
THETA,C_2,C6,112,False,9.0,True,True,True,0.0,0.0
THETA,C_2,C7,112,False,9.0,True,True,True,0.0,0.0
THETA,C_2,C8,112,False,9.0,True,True,True,0.0,0.0
THETA,C_2,C9,112,False,9.0,True,True,True,0.0,0.0
THETA,C_2,D1,112,False,9.0,True,True,True,0.0,0.0
THETA,C_2,D10,112,False,9.0,True,True,True,0.0,0.0
THETA,C_2,D11,112,False,9.0,True,True,True,0.0,0.0
THETA,C_2,D12,112,False,9.0,True,True,True,0.0,0.0
THETA,C_2,D13,112,False,9.0,True,True,True,0.0,0.0
THETA,C_2,D14,112,False,9.0,True,True,True,0.0,0.0
THETA,C_2,D15,112,False,9.0,True,True,True,0.0,0.0
THETA,C_2,D16,112,False,9.0,True,True,True,0.0,0.0
THETA,C_2,D17,112,False,9.0,True,True,True,0.0,0.0
THETA,C_2,D18,112,False,9.0,True,True,True,0.0,0.0
THETA,C_2,D19,112,False,9.0,True,True,True,0.0,0.0
THETA,C_2,D2,112,False,9.0,True,True,True,0.0,0.0
THETA,C_2,D20,112,False,9.0,True,True,True,0.0,0.0
THETA,C_2,D21,112,False,9.0,True,True,True,0.0,0.0
THETA,C_2,D22,112,False,9.0,True,True,True,0.0,0.0
THETA,C_2,D23,112,False,9.0,True,True,True,0.0,0.0
THETA,C_2,D24,112,False,9.0,True,True,True,0.0,0.0
THETA,C_2,D25,112,False,9.0,True,True,True,0.0,0.0
THETA,C_2,D26,112,False,9.0,True,True,True,0.0,0.0
THETA,C_2,D27,112,False,9.0,True,True,True,0.0,0.0
THETA,C_2,D28,112,False,9.0,True,True,True,0.0,0.0
THETA,C_2,D29,112,False,9.0,True,True,True,0.0,0.0
THETA,C_2,D3,112,False,9.0,True,True,True,0.0,0.0
THETA,C_2,D30,112,False,9.0,True,True,True,0.0,0.0
THETA,C_2,D31,112,False,9.0,True,True,True,0.0,0.0
THETA,C_2,D32,112,False,9.0,True,True,True,0.0,0.0
THETA,C_2,D4,112,False,9.0,True,True,True,0.0,0.0
THETA,C_2,D5,112,False,9.0,True,True,True,0.0,0.0
THETA,C_2,D6,112,False,9.0,True,True,True,0.0,0.0
THETA,C_2,D7,112,False,9.0,True,True,True,0.0,0.0
THETA,C_2,D8,112,False,9.0,True,True,True,0.0,0.0
THETA,C_2,D9,112,False,9.0,True,True,True,0.0,0.0
THETA,O_1,A1,112,False,9.0,True,True,True,0.0,0.0
THETA,O_1,A10,112,False,9.0,True,True,True,0.0,0.0
THETA,O_1,A11,112,False,9.0,True,True,True,0.0,0.0
THETA,O_1,A12,112,False,9.0,True,True,True,0.0,0.0
THETA,O_1,A13,112,False,9.0,True,True,True,0.0,0.0
THETA,O_1,A14,112,False,9.0,True,True,True,0.0,0.0
THETA,O_1,A15,112,False,9.0,True,True,True,0.0,0.0
THETA,O_1,A16,112,False,9.0,True,True,True,0.0,0.0
THETA,O_1,A17,112,False,9.0,True,True,True,0.0,0.0
THETA,O_1,A18,112,False,9.0,True,True,True,0.0,0.0
THETA,O_1,A19,112,False,9.0,True,True,True,0.0,0.0
THETA,O_1,A2,112,False,9.0,True,True,True,0.0,0.0
THETA,O_1,A20,112,False,9.0,True,True,True,0.0,0.0
THETA,O_1,A21,112,False,9.0,True,True,True,0.0,0.0
THETA,O_1,A22,112,False,9.0,True,True,True,0.0,0.0
THETA,O_1,A23,112,False,9.0,True,True,True,0.0,0.0
THETA,O_1,A24,112,False,9.0,True,True,True,0.0,0.0
THETA,O_1,A25,112,False,9.0,True,True,True,0.0,0.0
THETA,O_1,A26,112,False,9.0,True,True,True,0.0,0.0
THETA,O_1,A27,112,False,9.0,True,True,True,0.0,0.0
THETA,O_1,A28,112,False,9.0,True,True,True,0.0,0.0
THETA,O_1,A29,112,False,9.0,True,True,True,0.0,0.0
THETA,O_1,A3,112,False,9.0,True,True,True,0.0,0.0
THETA,O_1,A30,112,False,9.0,True,True,True,0.0,0.0
THETA,O_1,A31,112,False,9.0,True,True,True,0.0,0.0
THETA,O_1,A32,112,False,9.0,True,True,True,0.0,0.0
THETA,O_1,A4,112,False,9.0,True,True,True,0.0,0.0
THETA,O_1,A5,112,False,9.0,True,True,True,0.0,0.0
THETA,O_1,A6,112,False,9.0,True,True,True,0.0,0.0
THETA,O_1,A7,112,False,9.0,True,True,True,0.0,0.0
THETA,O_1,A8,112,False,9.0,True,True,True,0.0,0.0
THETA,O_1,A9,112,False,9.0,True,True,True,0.0,0.0
THETA,O_1,B1,112,False,9.0,True,True,True,0.0,0.0
THETA,O_1,B10,112,False,9.0,True,True,True,0.0,0.0
THETA,O_1,B11,112,False,9.0,True,True,True,0.0,0.0
THETA,O_1,B12,112,False,9.0,True,True,True,0.0,0.0
THETA,O_1,B13,112,False,9.0,True,True,True,0.0,0.0
THETA,O_1,B14,112,False,9.0,True,True,True,0.0,0.0
THETA,O_1,B15,112,False,9.0,True,True,True,0.0,0.0
THETA,O_1,B16,112,False,9.0,True,True,True,0.0,0.0
THETA,O_1,B17,112,False,9.0,True,True,True,0.0,0.0
THETA,O_1,B18,112,False,9.0,True,True,True,0.0,0.0
THETA,O_1,B19,112,False,9.0,True,True,True,0.0,0.0
THETA,O_1,B2,112,False,9.0,True,True,True,0.0,0.0
THETA,O_1,B20,112,False,9.0,True,True,True,0.0,0.0
THETA,O_1,B21,112,False,9.0,True,True,True,0.0,0.0
THETA,O_1,B22,112,False,9.0,True,True,True,0.0,0.0
THETA,O_1,B23,112,False,9.0,True,True,True,0.0,0.0
THETA,O_1,B24,112,False,9.0,True,True,True,0.0,0.0
THETA,O_1,B25,112,False,9.0,True,True,True,0.0,0.0
THETA,O_1,B26,112,False,9.0,True,True,True,0.0,0.0
THETA,O_1,B27,112,False,9.0,True,True,True,0.0,0.0
THETA,O_1,B28,112,False,9.0,True,True,True,0.0,0.0
THETA,O_1,B29,112,False,9.0,True,True,True,0.0,0.0
THETA,O_1,B3,112,False,9.0,True,True,True,0.0,0.0
THETA,O_1,B30,112,False,9.0,True,True,True,0.0,0.0
THETA,O_1,B31,112,False,9.0,True,True,True,0.0,0.0
THETA,O_1,B32,112,False,9.0,True,True,True,0.0,0.0
THETA,O_1,B4,112,False,9.0,True,True,True,0.0,0.0
THETA,O_1,B5,112,False,9.0,True,True,True,0.0,0.0
THETA,O_1,B6,112,False,9.0,True,True,True,0.0,0.0
THETA,O_1,B7,112,False,9.0,True,True,True,0.0,0.0
THETA,O_1,B8,112,False,9.0,True,True,True,0.0,0.0
THETA,O_1,B9,112,False,9.0,True,True,True,0.0,0.0
THETA,O_1,C1,112,False,9.0,True,True,True,0.0,0.0
THETA,O_1,C10,112,False,9.0,True,True,True,0.0,0.0
THETA,O_1,C11,112,False,9.0,True,True,True,0.0,0.0
THETA,O_1,C12,112,False,9.0,True,True,True,0.0,0.0
THETA,O_1,C13,112,False,9.0,True,True,True,0.0,0.0
THETA,O_1,C14,112,False,9.0,True,True,True,0.0,0.0
THETA,O_1,C15,112,False,9.0,True,True,True,0.0,0.0
THETA,O_1,C16,112,False,9.0,True,True,True,0.0,0.0
THETA,O_1,C17,112,False,9.0,True,True,True,0.0,0.0
THETA,O_1,C18,112,False,9.0,True,True,True,0.0,0.0
THETA,O_1,C19,112,False,9.0,True,True,True,0.0,0.0
THETA,O_1,C2,112,False,9.0,True,True,True,0.0,0.0
THETA,O_1,C20,112,False,9.0,True,True,True,0.0,0.0
THETA,O_1,C21,112,False,9.0,True,True,True,0.0,0.0
THETA,O_1,C22,112,False,9.0,True,True,True,0.0,0.0
THETA,O_1,C23,112,False,9.0,True,True,True,0.0,0.0
THETA,O_1,C24,112,False,9.0,True,True,True,0.0,0.0
THETA,O_1,C25,112,False,9.0,True,True,True,0.0,0.0
THETA,O_1,C26,112,False,9.0,True,True,True,0.0,0.0
THETA,O_1,C27,112,False,9.0,True,True,True,0.0,0.0
THETA,O_1,C28,112,False,9.0,True,True,True,0.0,0.0
THETA,O_1,C29,112,False,9.0,True,True,True,0.0,0.0
THETA,O_1,C3,112,False,9.0,True,True,True,0.0,0.0
THETA,O_1,C30,112,False,9.0,True,True,True,0.0,0.0
THETA,O_1,C31,112,False,9.0,True,True,True,0.0,0.0
THETA,O_1,C32,112,False,9.0,True,True,True,0.0,0.0
THETA,O_1,C4,112,False,9.0,True,True,True,0.0,0.0
THETA,O_1,C5,112,False,9.0,True,True,True,0.0,0.0
THETA,O_1,C6,112,False,9.0,True,True,True,0.0,0.0
THETA,O_1,C7,112,False,9.0,True,True,True,0.0,0.0
THETA,O_1,C8,112,False,9.0,True,True,True,0.0,0.0
THETA,O_1,C9,112,False,9.0,True,True,True,0.0,0.0
THETA,O_1,D1,112,False,9.0,True,True,True,0.0,0.0
THETA,O_1,D10,112,False,9.0,True,True,True,0.0,0.0
THETA,O_1,D11,112,False,9.0,True,True,True,0.0,0.0
THETA,O_1,D12,112,False,9.0,True,True,True,0.0,0.0
THETA,O_1,D13,112,False,9.0,True,True,True,0.0,0.0
THETA,O_1,D14,112,False,9.0,True,True,True,0.0,0.0
THETA,O_1,D15,112,False,9.0,True,True,True,0.0,0.0
THETA,O_1,D16,112,False,9.0,True,True,True,0.0,0.0
THETA,O_1,D17,112,False,9.0,True,True,True,0.0,0.0
THETA,O_1,D18,112,False,9.0,True,True,True,0.0,0.0
THETA,O_1,D19,112,False,9.0,True,True,True,0.0,0.0
THETA,O_1,D2,112,False,9.0,True,True,True,0.0,0.0
THETA,O_1,D20,112,False,9.0,True,True,True,0.0,0.0
THETA,O_1,D21,112,False,9.0,True,True,True,0.0,0.0
THETA,O_1,D22,112,False,9.0,True,True,True,0.0,0.0
THETA,O_1,D23,112,False,9.0,True,True,True,0.0,0.0
THETA,O_1,D24,112,False,9.0,True,True,True,0.0,0.0
THETA,O_1,D25,112,False,9.0,True,True,True,0.0,0.0
THETA,O_1,D26,112,False,9.0,True,True,True,0.0,0.0
THETA,O_1,D27,112,False,9.0,True,True,True,0.0,0.0
THETA,O_1,D28,112,False,9.0,True,True,True,0.0,0.0
THETA,O_1,D29,112,False,9.0,True,True,True,0.0,0.0
THETA,O_1,D3,112,False,9.0,True,True,True,0.0,0.0
THETA,O_1,D30,112,False,9.0,True,True,True,0.0,0.0
THETA,O_1,D31,112,False,9.0,True,True,True,0.0,0.0
THETA,O_1,D32,112,False,9.0,True,True,True,0.0,0.0
THETA,O_1,D4,112,False,9.0,True,True,True,0.0,0.0
THETA,O_1,D5,112,False,9.0,True,True,True,0.0,0.0
THETA,O_1,D6,112,False,9.0,True,True,True,0.0,0.0
THETA,O_1,D7,112,False,9.0,True,True,True,0.0,0.0
THETA,O_1,D8,112,False,9.0,True,True,True,0.0,0.0
THETA,O_1,D9,112,False,9.0,True,True,True,0.0,0.0
THETA,O_2,A1,112,False,9.0,True,True,True,0.0,0.0
THETA,O_2,A10,112,False,9.0,True,True,True,0.0,0.0
THETA,O_2,A11,112,False,9.0,True,True,True,0.0,0.0
THETA,O_2,A12,112,False,9.0,True,True,True,0.0,0.0
THETA,O_2,A13,112,False,9.0,True,True,True,0.0,0.0
THETA,O_2,A14,112,False,9.0,True,True,True,0.0,0.0
THETA,O_2,A15,112,False,9.0,True,True,True,0.0,0.0
THETA,O_2,A16,112,False,9.0,True,True,True,0.0,0.0
THETA,O_2,A17,112,False,9.0,True,True,True,0.0,0.0
THETA,O_2,A18,112,False,9.0,True,True,True,0.0,0.0
THETA,O_2,A19,112,False,9.0,True,True,True,0.0,0.0
THETA,O_2,A2,112,False,9.0,True,True,True,0.0,0.0
THETA,O_2,A20,112,False,9.0,True,True,True,0.0,0.0
THETA,O_2,A21,112,False,9.0,True,True,True,0.0,0.0
THETA,O_2,A22,112,False,9.0,True,True,True,0.0,0.0
THETA,O_2,A23,112,False,9.0,True,True,True,0.0,0.0
THETA,O_2,A24,112,False,9.0,True,True,True,0.0,0.0
THETA,O_2,A25,112,False,9.0,True,True,True,0.0,0.0
THETA,O_2,A26,112,False,9.0,True,True,True,0.0,0.0
THETA,O_2,A27,112,False,9.0,True,True,True,0.0,0.0
THETA,O_2,A28,112,False,9.0,True,True,True,0.0,0.0
THETA,O_2,A29,112,False,9.0,True,True,True,0.0,0.0
THETA,O_2,A3,112,False,9.0,True,True,True,0.0,0.0
THETA,O_2,A30,112,False,9.0,True,True,True,0.0,0.0
THETA,O_2,A31,112,False,9.0,True,True,True,0.0,0.0
THETA,O_2,A32,112,False,9.0,True,True,True,0.0,0.0
THETA,O_2,A4,112,False,9.0,True,True,True,0.0,0.0
THETA,O_2,A5,112,False,9.0,True,True,True,0.0,0.0
THETA,O_2,A6,112,False,9.0,True,True,True,0.0,0.0
THETA,O_2,A7,112,False,9.0,True,True,True,0.0,0.0
THETA,O_2,A8,112,False,9.0,True,True,True,0.0,0.0
THETA,O_2,A9,112,False,9.0,True,True,True,0.0,0.0
THETA,O_2,B1,112,False,9.0,True,True,True,0.0,0.0
THETA,O_2,B10,112,False,9.0,True,True,True,0.0,0.0
THETA,O_2,B11,112,False,9.0,True,True,True,0.0,0.0
THETA,O_2,B12,112,False,9.0,True,True,True,0.0,0.0
THETA,O_2,B13,112,False,9.0,True,True,True,0.0,0.0
THETA,O_2,B14,112,False,9.0,True,True,True,0.0,0.0
THETA,O_2,B15,112,False,9.0,True,True,True,0.0,0.0
THETA,O_2,B16,112,False,9.0,True,True,True,0.0,0.0
THETA,O_2,B17,112,False,9.0,True,True,True,0.0,0.0
THETA,O_2,B18,112,False,9.0,True,True,True,0.0,0.0
THETA,O_2,B19,112,False,9.0,True,True,True,0.0,0.0
THETA,O_2,B2,112,False,9.0,True,True,True,0.0,0.0
THETA,O_2,B20,112,False,9.0,True,True,True,0.0,0.0
THETA,O_2,B21,112,False,9.0,True,True,True,0.0,0.0
THETA,O_2,B22,112,False,9.0,True,True,True,0.0,0.0
THETA,O_2,B23,112,False,9.0,True,True,True,0.0,0.0
THETA,O_2,B24,112,False,9.0,True,True,True,0.0,0.0
THETA,O_2,B25,112,False,9.0,True,True,True,0.0,0.0
THETA,O_2,B26,112,False,9.0,True,True,True,0.0,0.0
THETA,O_2,B27,112,False,9.0,True,True,True,0.0,0.0
THETA,O_2,B28,112,False,9.0,True,True,True,0.0,0.0
THETA,O_2,B29,112,False,9.0,True,True,True,0.0,0.0
THETA,O_2,B3,112,False,9.0,True,True,True,0.0,0.0
THETA,O_2,B30,112,False,9.0,True,True,True,0.0,0.0
THETA,O_2,B31,112,False,9.0,True,True,True,0.0,0.0
THETA,O_2,B32,112,False,9.0,True,True,True,0.0,0.0
THETA,O_2,B4,112,False,9.0,True,True,True,0.0,0.0
THETA,O_2,B5,112,False,9.0,True,True,True,0.0,0.0
THETA,O_2,B6,112,False,9.0,True,True,True,0.0,0.0
THETA,O_2,B7,112,False,9.0,True,True,True,0.0,0.0
THETA,O_2,B8,112,False,9.0,True,True,True,0.0,0.0
THETA,O_2,B9,112,False,9.0,True,True,True,0.0,0.0
THETA,O_2,C1,112,False,9.0,True,True,True,0.0,0.0
THETA,O_2,C10,112,False,9.0,True,True,True,0.0,0.0
THETA,O_2,C11,112,False,9.0,True,True,True,0.0,0.0
THETA,O_2,C12,112,False,9.0,True,True,True,0.0,0.0
THETA,O_2,C13,112,False,9.0,True,True,True,0.0,0.0
THETA,O_2,C14,112,False,9.0,True,True,True,0.0,0.0
THETA,O_2,C15,112,False,9.0,True,True,True,0.0,0.0
THETA,O_2,C16,112,False,9.0,True,True,True,0.0,0.0
THETA,O_2,C17,112,False,9.0,True,True,True,0.0,0.0
THETA,O_2,C18,112,False,9.0,True,True,True,0.0,0.0
THETA,O_2,C19,112,False,9.0,True,True,True,0.0,0.0
THETA,O_2,C2,112,False,9.0,True,True,True,0.0,0.0
THETA,O_2,C20,112,False,9.0,True,True,True,0.0,0.0
THETA,O_2,C21,112,False,9.0,True,True,True,0.0,0.0
THETA,O_2,C22,112,False,9.0,True,True,True,0.0,0.0
THETA,O_2,C23,112,False,9.0,True,True,True,0.0,0.0
THETA,O_2,C24,112,False,9.0,True,True,True,0.0,0.0
THETA,O_2,C25,112,False,9.0,True,True,True,0.0,0.0
THETA,O_2,C26,112,False,9.0,True,True,True,0.0,0.0
THETA,O_2,C27,112,False,9.0,True,True,True,0.0,0.0
THETA,O_2,C28,112,False,9.0,True,True,True,0.0,0.0
THETA,O_2,C29,112,False,9.0,True,True,True,0.0,0.0
THETA,O_2,C3,112,False,9.0,True,True,True,0.0,0.0
THETA,O_2,C30,112,False,9.0,True,True,True,0.0,0.0
THETA,O_2,C31,112,False,9.0,True,True,True,0.0,0.0
THETA,O_2,C32,112,False,9.0,True,True,True,0.0,0.0
THETA,O_2,C4,112,False,9.0,True,True,True,0.0,0.0
THETA,O_2,C5,112,False,9.0,True,True,True,0.0,0.0
THETA,O_2,C6,112,False,9.0,True,True,True,0.0,0.0
THETA,O_2,C7,112,False,9.0,True,True,True,0.0,0.0
THETA,O_2,C8,112,False,9.0,True,True,True,0.0,0.0
THETA,O_2,C9,112,False,9.0,True,True,True,0.0,0.0
THETA,O_2,D1,112,False,9.0,True,True,True,0.0,0.0
THETA,O_2,D10,112,False,9.0,True,True,True,0.0,0.0
THETA,O_2,D11,112,False,9.0,True,True,True,0.0,0.0
THETA,O_2,D12,112,False,9.0,True,True,True,0.0,0.0
THETA,O_2,D13,112,False,9.0,True,True,True,0.0,0.0
THETA,O_2,D14,112,False,9.0,True,True,True,0.0,0.0
THETA,O_2,D15,112,False,9.0,True,True,True,0.0,0.0
THETA,O_2,D16,112,False,9.0,True,True,True,0.0,0.0
THETA,O_2,D17,112,False,9.0,True,True,True,0.0,0.0
THETA,O_2,D18,112,False,9.0,True,True,True,0.0,0.0
THETA,O_2,D19,112,False,9.0,True,True,True,0.0,0.0
THETA,O_2,D2,112,False,9.0,True,True,True,0.0,0.0
THETA,O_2,D20,112,False,9.0,True,True,True,0.0,0.0
THETA,O_2,D21,112,False,9.0,True,True,True,0.0,0.0
THETA,O_2,D22,112,False,9.0,True,True,True,0.0,0.0
THETA,O_2,D23,112,False,9.0,True,True,True,0.0,0.0
THETA,O_2,D24,112,False,9.0,True,True,True,0.0,0.0
THETA,O_2,D25,112,False,9.0,True,True,True,0.0,0.0
THETA,O_2,D26,112,False,9.0,True,True,True,0.0,0.0
THETA,O_2,D27,112,False,9.0,True,True,True,0.0,0.0
THETA,O_2,D28,112,False,9.0,True,True,True,0.0,0.0
THETA,O_2,D29,112,False,9.0,True,True,True,0.0,0.0
THETA,O_2,D3,112,False,9.0,True,True,True,0.0,0.0
THETA,O_2,D30,112,False,9.0,True,True,True,0.0,0.0
THETA,O_2,D31,112,False,9.0,True,True,True,0.0,0.0
THETA,O_2,D32,112,False,9.0,True,True,True,0.0,0.0
THETA,O_2,D4,112,False,9.0,True,True,True,0.0,0.0
THETA,O_2,D5,112,False,9.0,True,True,True,0.0,0.0
THETA,O_2,D6,112,False,9.0,True,True,True,0.0,0.0
THETA,O_2,D7,112,False,9.0,True,True,True,0.0,0.0
THETA,O_2,D8,112,False,9.0,True,True,True,0.0,0.0
THETA,O_2,D9,112,False,9.0,True,True,True,0.0,0.0
