subject,group,file,duration_s,n_epochs,n_channels,n_eeg,n_eog,n_ecg,event_seq,has_CO_markers,event_lat_s,path,size_mb,setname,eeglab_filename,orig_bdf,srate,pnts_per_epoch,chan_types_field,nonstandard_labels,removed_chans,ref,n_ica_comp,data_rank,n_flat_ch,n_nan,median_ch_sd_uv,rec_datetime,n_events,event_types,epoch_event_seq,urevent_lat_s,sidecar_duration_s,sidecar_epoch_len_s,sidecar_eog,sidecar_ecg,segments,first_marker_s,last_marker_s,tail_after_last_marker_s,long_closed_s,error
sub-1005sg,sg,epochs,200.0,4.0,128.0,128.0,0.0,0.0,COCO,True,0.00;50.00;100.00;150.00,v1.0.0\sub-1005sg\eeg\sub-1005sg_task-restingstate_acq-epochs_eeg.set,13.04,RsmpldPIcaEpochs,sg_rs_1005_prepro_epochs.set,D:\Infractores\1005\sg_rs_1005.bdf,128.0,6400.0,empty,,EX1;EX2;EX3;EX4;EX5;EX6;EX7;EX8,average,114.0,128.0,0.0,0.0,4.356,2021-09-09 08:38:05,4.0,PostClosed;PostOpen;PostClosed;PostOpen,COCO,13.71;73.36;134.43;194.10;254.61;735.33,240.0,60.0,2.0,3.0,,,,,,
sub-1005sg,sg,preprocessed,736.0,1.0,128.0,128.0,0.0,0.0,COCOCO,True,13.71;73.36;134.43;194.10;254.61;735.33,v1.0.0\sub-1005sg\eeg\sub-1005sg_task-restingstate_desc-preprocessed_eeg.set,47.34,BDF file resampled pruned with ICA,sg_rs_1005_prepro.set,D:\Infractores\1005\sg_rs_1005.bdf,128.0,94208.0,empty,,EX1;EX2;EX3;EX4;EX5;EX6;EX7;EX8,average,114.0,128.0,0.0,0.0,4.55,2021-09-09 08:38:05,6.0,condition 64;condition 128;condition 64;condition 128;condition 64;condition 128,,,720.0,0.0,2.0,3.0,C:13.7-73.4(59.7s) | O:73.4-134.4(61.1s) | C:134.4-194.1(59.7s) | O:194.1-254.6(60.5s) | C:254.6-735.3(480.7s) | O:735.3-736.0(0.7s),13.71,735.33,0.67,480.7,
sub-1009sg,sg,epochs,100.0,2.0,128.0,128.0,0.0,0.0,CO,True,0.00;50.00,v1.0.0\sub-1009sg\eeg\sub-1009sg_task-restingstate_acq-epochs_eeg.set,6.8,RsmpldPIcaEpochs,sg_rs_1009_prepro_epochs.set,D:\Infractores\1009\sg_rs_1009.bdf,128.0,6400.0,empty,,EX1;EX2;EX3;EX4;EX5;EX6;EX7;EX8,average,115.0,128.0,0.0,0.0,9.267,2021-07-15 09:48:26,2.0,PostClosed;PostOpen,CO,16.76;77.27;136.59;146.84,240.0,60.0,2.0,3.0,,,,,,
sub-1009sg,sg,preprocessed,157.0,1.0,128.0,128.0,0.0,0.0,CO??,True,16.76;77.27;136.59;146.84,v1.0.0\sub-1009sg\eeg\sub-1009sg_task-restingstate_desc-preprocessed_eeg.set,10.58,BDF file resampled pruned with ICA,sg_rs_1009_prepro.set,D:\Infractores\1009\sg_rs_1009.bdf,128.0,20096.0,empty,,EX1;EX2;EX3;EX4;EX5;EX6;EX7;EX8,average,115.0,128.0,0.0,0.0,8.874,2021-07-15 09:48:26,4.0,condition 64;condition 128;condition 16;condition 16,,,720.0,0.0,2.0,3.0,C:16.8-77.3(60.5s) | O:77.3-136.6(59.3s) | ?:136.6-146.8(10.2s) | ?:146.8-157.0(10.2s),16.76,146.84,10.16,,
sub-1013sg,sg,epochs,100.0,2.0,128.0,128.0,0.0,0.0,CO,True,0.00;50.00,v1.0.0\sub-1013sg\eeg\sub-1013sg_task-restingstate_acq-epochs_eeg.set,6.77,RsmpldPIcaEpochs,sg_rs_1013_prepro_epochs.set,D:\Infractores\1013\sg_rs_1013.bdf,128.0,6400.0,empty,,EX1;EX2;EX3;EX4;EX5;EX6;EX7;EX8,average,108.0,128.0,0.0,0.0,9.65,2021-07-19 09:41:01,2.0,PostClosed;PostOpen,CO,21.83;83.32;142.95;153.47,240.0,60.0,2.0,3.0,,,,,,
sub-1013sg,sg,preprocessed,164.0,1.0,128.0,128.0,0.0,0.0,CO??,True,21.83;83.32;142.95;153.47,v1.0.0\sub-1013sg\eeg\sub-1013sg_task-restingstate_desc-preprocessed_eeg.set,11.01,BDF file resampled pruned with ICA,sg_rs_1013_prepro.set,D:\Infractores\1013\sg_rs_1013.bdf,128.0,20992.0,empty,,EX1;EX2;EX3;EX4;EX5;EX6;EX7;EX8,average,108.0,128.0,0.0,0.0,8.727,2021-07-19 09:41:01,4.0,condition 64;condition 128;condition 16;condition 16,,,720.0,0.0,2.0,3.0,C:21.8-83.3(61.5s) | O:83.3-143.0(59.6s) | ?:143.0-153.5(10.5s) | ?:153.5-164.0(10.5s),21.83,153.47,10.53,,
sub-1017sg,sg,epochs,200.0,4.0,128.0,128.0,0.0,0.0,COCO,True,0.00;50.00;100.00;150.00,v1.0.0\sub-1017sg\eeg\sub-1017sg_task-restingstate_acq-epochs_eeg.set,12.99,RsmpldPIcaEpochs,sg_rs_1017_prepro_epochs.set,D:\Infractores\1017\sg_rs_1017.bdf,128.0,6400.0,empty,,EX1;EX2;EX3;EX4;EX5;EX6;EX7;EX8,average,95.0,128.0,0.0,0.0,4.208,2021-08-26 08:44:23,4.0,PostClosed;PostOpen;PostClosed;PostOpen,COCO,12.47;71.95;132.68;192.16;252.49;732.98,240.0,60.0,2.0,3.0,,,,,,
sub-1017sg,sg,preprocessed,734.0,1.0,128.0,128.0,0.0,0.0,COCOCO,True,12.47;71.95;132.68;192.16;252.49;732.98,v1.0.0\sub-1017sg\eeg\sub-1017sg_task-restingstate_desc-preprocessed_eeg.set,47.17,BDF file resampled pruned with ICA,sg_rs_1017_prepro.set,D:\Infractores\1017\sg_rs_1017.bdf,128.0,93952.0,empty,,EX1;EX2;EX3;EX4;EX5;EX6;EX7;EX8,average,95.0,128.0,0.0,0.0,4.135,2021-08-26 08:44:23,6.0,condition 64;condition 128;condition 64;condition 128;condition 64;condition 128,,,720.0,0.0,2.0,3.0,C:12.5-72.0(59.5s) | O:72.0-132.7(60.7s) | C:132.7-192.2(59.5s) | O:192.2-252.5(60.3s) | C:252.5-733.0(480.5s) | O:733.0-734.0(1.0s),12.47,732.98,1.02,480.5,
sub-1018sg,sg,epochs,200.0,4.0,128.0,128.0,0.0,0.0,COCO,True,0.00;50.00;100.00;150.00,v1.0.0\sub-1018sg\eeg\sub-1018sg_task-restingstate_acq-epochs_eeg.set,13.05,RsmpldPIcaEpochs,sg_rs_1018_prepro_epochs.set,D:\Infractores\1018\sg_rs_1018.bdf,128.0,6400.0,empty,,EX1;EX2;EX3;EX4;EX5;EX6;EX7;EX8,average,116.0,128.0,0.0,0.0,8.715,2021-08-26 10:35:24,4.0,PostClosed;PostOpen;PostClosed;PostOpen,COCO,9.85;69.49;130.48;190.22;250.72;731.53,240.0,60.0,2.0,3.0,,,,,,
sub-1018sg,sg,preprocessed,732.0,1.0,128.0,128.0,0.0,0.0,COCOCO,True,9.85;69.49;130.48;190.22;250.72;731.53,v1.0.0\sub-1018sg\eeg\sub-1018sg_task-restingstate_desc-preprocessed_eeg.set,47.09,BDF file resampled pruned with ICA,sg_rs_1018_prepro.set,D:\Infractores\1018\sg_rs_1018.bdf,128.0,93696.0,empty,,EX1;EX2;EX3;EX4;EX5;EX6;EX7;EX8,average,116.0,128.0,0.0,0.0,9.282,2021-08-26 10:35:24,6.0,condition 64;condition 128;condition 64;condition 128;condition 64;condition 128,,,720.0,0.0,2.0,3.0,C:9.9-69.5(59.6s) | O:69.5-130.5(61.0s) | C:130.5-190.2(59.7s) | O:190.2-250.7(60.5s) | C:250.7-731.5(480.8s) | O:731.5-732.0(0.5s),9.85,731.53,0.47,480.8,
sub-1020sg,sg,epochs,100.0,2.0,128.0,128.0,0.0,0.0,CO,True,0.00;50.00,v1.0.0\sub-1020sg\eeg\sub-1020sg_task-restingstate_acq-epochs_eeg.set,6.79,RsmpldPIcaEpochs,sg_rs_1020_prepro_epochs.set,D:\Infractores\1020\sg_rs_1020.bdf,128.0,6400.0,empty,,EX1;EX2;EX3;EX4;EX5;EX6;EX7;EX8,average,112.0,128.0,0.0,0.0,7.53,2021-07-19 11:40:52,2.0,PostClosed;PostOpen,CO,17.45;77.46;136.80;147.06,240.0,60.0,2.0,3.0,,,,,,
sub-1020sg,sg,preprocessed,157.0,1.0,128.0,128.0,0.0,0.0,CO??,True,17.45;77.46;136.80;147.06,v1.0.0\sub-1020sg\eeg\sub-1020sg_task-restingstate_desc-preprocessed_eeg.set,10.58,BDF file resampled pruned with ICA,sg_rs_1020_prepro.set,D:\Infractores\1020\sg_rs_1020.bdf,128.0,20096.0,empty,,EX1;EX2;EX3;EX4;EX5;EX6;EX7;EX8,average,112.0,128.0,0.0,0.0,8.805,2021-07-19 11:40:52,4.0,condition 64;condition 128;condition 16;condition 16,,,720.0,0.0,2.0,3.0,C:17.4-77.5(60.0s) | O:77.5-136.8(59.3s) | ?:136.8-147.1(10.3s) | ?:147.1-157.0(9.9s),17.45,147.06,9.94,,
sub-1021sg,sg,epochs,100.0,2.0,128.0,128.0,0.0,0.0,CO,True,0.00;50.00,v1.0.0\sub-1021sg\eeg\sub-1021sg_task-restingstate_acq-epochs_eeg.set,6.76,RsmpldPIcaEpochs,sg_rs_1021_prepro_epochs.set,D:\Infractores\1021\sg_rs_1021.bdf,128.0,6400.0,empty,,EX1;EX2;EX3;EX4;EX5;EX6;EX7;EX8,average,102.0,128.0,0.0,0.0,6.157,2021-07-19 14:14:11,2.0,PostClosed;PostOpen,CO,18.09;78.16;137.69;148.05,240.0,60.0,2.0,3.0,,,,,,
sub-1021sg,sg,preprocessed,158.0,1.0,128.0,128.0,0.0,0.0,CO??,True,18.09;78.16;137.69;148.05,v1.0.0\sub-1021sg\eeg\sub-1021sg_task-restingstate_desc-preprocessed_eeg.set,10.62,BDF file resampled pruned with ICA,sg_rs_1021_prepro.set,D:\Infractores\1021\sg_rs_1021.bdf,128.0,20224.0,empty,,EX1;EX2;EX3;EX4;EX5;EX6;EX7;EX8,average,102.0,128.0,0.0,0.0,5.86,2021-07-19 14:14:11,4.0,condition 64;condition 128;condition 16;condition 16,,,720.0,0.0,2.0,3.0,C:18.1-78.2(60.1s) | O:78.2-137.7(59.5s) | ?:137.7-148.1(10.4s) | ?:148.1-158.0(9.9s),18.09,148.05,9.95,,
sub-1027sg,sg,epochs,200.0,4.0,128.0,128.0,0.0,0.0,COCO,True,0.00;50.00;100.00;150.00,v1.0.0\sub-1027sg\eeg\sub-1027sg_task-restingstate_acq-epochs_eeg.set,13.03,RsmpldPIcaEpochs,sg_rs_1027_prepro_epochs.set,D:\Infractores\1027\sg_rs_1027.bdf,128.0,6400.0,empty,,EX1;EX2;EX3;EX4;EX5;EX6;EX7;EX8,average,108.0,128.0,0.0,0.0,7.919,2021-08-11 13:59:17,4.0,PostClosed;PostOpen;PostClosed;PostOpen,COCO,0.38;9.76;69.45;130.38;189.99;250.54;731.21,240.0,60.0,2.0,3.0,,,,,,
sub-1027sg,sg,preprocessed,732.0,1.0,128.0,128.0,0.0,0.0,?COCOCO,True,0.38;9.76;69.45;130.38;189.99;250.54;731.21,v1.0.0\sub-1027sg\eeg\sub-1027sg_task-restingstate_desc-preprocessed_eeg.set,47.07,BDF file resampled pruned with ICA,sg_rs_1027_prepro.set,D:\Infractores\1027\sg_rs_1027.bdf,128.0,93696.0,empty,,EX1;EX2;EX3;EX4;EX5;EX6;EX7;EX8,average,108.0,128.0,0.0,0.0,8.857,2021-08-11 13:59:17,7.0,254;condition 64;condition 128;condition 64;condition 128;condition 64;condition 128,,,720.0,0.0,2.0,3.0,?:0.4-9.8(9.4s) | C:9.8-69.5(59.7s) | O:69.5-130.4(60.9s) | C:130.4-190.0(59.6s) | O:190.0-250.5(60.5s) | C:250.5-731.2(480.7s) | O:731.2-732.0(0.8s),0.38,731.21,0.79,480.7,
sub-1028sg,sg,epochs,200.0,4.0,128.0,128.0,0.0,0.0,COCO,True,0.00;50.00;100.00;150.00,v1.0.0\sub-1028sg\eeg\sub-1028sg_task-restingstate_acq-epochs_eeg.set,12.99,RsmpldPIcaEpochs,sg_rs_1028_prepro_epochs.set,D:\Infractores\1028\sg_rs_1028.bdf,128.0,6400.0,empty,,EX1;EX2;EX3;EX4;EX5;EX6;EX7;EX8,average,96.0,128.0,0.0,0.0,3.655,2021-09-06 08:57:06,4.0,PostClosed;PostOpen;PostClosed;PostOpen,COCO,18.84;78.44;139.43;198.93;259.25;739.80,240.0,60.0,2.0,3.0,,,,,,
sub-1028sg,sg,preprocessed,741.0,1.0,128.0,128.0,0.0,0.0,COCOCO,True,18.84;78.44;139.43;198.93;259.25;739.80,v1.0.0\sub-1028sg\eeg\sub-1028sg_task-restingstate_desc-preprocessed_eeg.set,47.62,BDF file resampled pruned with ICA,sg_rs_1028_prepro.set,D:\Infractores\1028\sg_rs_1028.bdf,128.0,94848.0,empty,,EX1;EX2;EX3;EX4;EX5;EX6;EX7;EX8,average,96.0,128.0,0.0,0.0,3.747,2021-09-06 08:57:06,6.0,condition 64;condition 128;condition 64;condition 128;condition 64;condition 128,,,720.0,0.0,2.0,3.0,C:18.8-78.4(59.6s) | O:78.4-139.4(61.0s) | C:139.4-198.9(59.5s) | O:198.9-259.2(60.3s) | C:259.2-739.8(480.6s) | O:739.8-741.0(1.2s),18.84,739.8,1.2,480.6,
sub-1029sg,sg,epochs,200.0,4.0,128.0,128.0,0.0,0.0,COCO,True,0.00;50.00;100.00;150.00,v1.0.0\sub-1029sg\eeg\sub-1029sg_task-restingstate_acq-epochs_eeg.set,13.04,RsmpldPIcaEpochs,sg_rs_1029_prepro_epochs.set,D:\Infractores\1029\sg_rs_1029.bdf,128.0,6400.0,empty,,EX1;EX2;EX3;EX4;EX5;EX6;EX7;EX8,average,111.0,128.0,0.0,0.0,5.299,2021-08-12 08:57:48,4.0,PostClosed;PostOpen;PostClosed;PostOpen,COCO,0.94;15.30;75.02;136.20;195.96;256.49;737.45,240.0,60.0,2.0,3.0,,,,,,
sub-1029sg,sg,preprocessed,738.0,1.0,128.0,128.0,0.0,0.0,?COCOCO,True,0.94;15.30;75.02;136.20;195.96;256.49;737.45,v1.0.0\sub-1029sg\eeg\sub-1029sg_task-restingstate_desc-preprocessed_eeg.set,47.46,BDF file resampled pruned with ICA,sg_rs_1029_prepro.set,D:\Infractores\1029\sg_rs_1029.bdf,128.0,94464.0,empty,,EX1;EX2;EX3;EX4;EX5;EX6;EX7;EX8,average,111.0,128.0,0.0,0.0,5.927,2021-08-12 08:57:48,7.0,254;condition 64;condition 128;condition 64;condition 128;condition 64;condition 128,,,720.0,0.0,2.0,3.0,?:0.9-15.3(14.4s) | C:15.3-75.0(59.7s) | O:75.0-136.2(61.2s) | C:136.2-196.0(59.8s) | O:196.0-256.5(60.5s) | C:256.5-737.4(481.0s) | O:737.4-738.0(0.6s),0.94,737.45,0.55,481.0,
sub-1030sg,sg,epochs,200.0,4.0,128.0,128.0,0.0,0.0,COCO,True,0.00;50.00;100.00;150.00,v1.0.0\sub-1030sg\eeg\sub-1030sg_task-restingstate_acq-epochs_eeg.set,13.02,RsmpldPIcaEpochs,sg_rs_1030_prepro_epochs.set,D:\Infractores\1030\sg_rs_1030.bdf,128.0,6400.0,empty,,EX1;EX2;EX3;EX4;EX5;EX6;EX7;EX8,average,106.0,128.0,0.0,0.0,6.585,2021-08-02 11:13:58,4.0,PostClosed;PostOpen;PostClosed;PostOpen,COCO,9.47;69.05;130.13;189.78;250.29;731.02,240.0,60.0,2.0,3.0,,,,,,
sub-1030sg,sg,preprocessed,732.0,1.0,128.0,128.0,0.0,0.0,COCOCO,True,9.47;69.05;130.13;189.78;250.29;731.02,v1.0.0\sub-1030sg\eeg\sub-1030sg_task-restingstate_desc-preprocessed_eeg.set,47.07,BDF file resampled pruned with ICA,sg_rs_1030_prepro.set,D:\Infractores\1030\sg_rs_1030.bdf,128.0,93696.0,empty,,EX1;EX2;EX3;EX4;EX5;EX6;EX7;EX8,average,106.0,128.0,0.0,0.0,6.83,2021-08-02 11:13:58,6.0,condition 64;condition 128;condition 64;condition 128;condition 64;condition 128,,,720.0,0.0,2.0,3.0,C:9.5-69.1(59.6s) | O:69.1-130.1(61.1s) | C:130.1-189.8(59.6s) | O:189.8-250.3(60.5s) | C:250.3-731.0(480.7s) | O:731.0-732.0(1.0s),9.47,731.02,0.98,480.7,
sub-1031sg,sg,epochs,200.0,4.0,128.0,128.0,0.0,0.0,COCO,True,0.00;50.00;100.00;150.00,v1.0.0\sub-1031sg\eeg\sub-1031sg_task-restingstate_acq-epochs_eeg.set,12.99,RsmpldPIcaEpochs,sg_rs_1031_prepro_epochs.set,D:\Infractores\1031\sg_rs_1031.bdf,128.0,6400.0,empty,,EX1;EX2;EX3;EX4;EX5;EX6;EX7;EX8,average,94.0,128.0,0.0,0.0,5.248,2021-08-02 14:02:12,4.0,PostClosed;PostOpen;PostClosed;PostOpen,COCO,8.75;68.26;128.97;188.48;248.88;729.39,240.0,60.0,2.0,3.0,,,,,,
sub-1031sg,sg,preprocessed,730.0,1.0,128.0,128.0,0.0,0.0,COCOCO,True,8.75;68.26;128.97;188.48;248.88;729.39,v1.0.0\sub-1031sg\eeg\sub-1031sg_task-restingstate_desc-preprocessed_eeg.set,46.92,BDF file resampled pruned with ICA,sg_rs_1031_prepro.set,D:\Infractores\1031\sg_rs_1031.bdf,128.0,93440.0,empty,,EX1;EX2;EX3;EX4;EX5;EX6;EX7;EX8,average,94.0,128.0,0.0,0.0,5.411,2021-08-02 14:02:12,6.0,condition 64;condition 128;condition 64;condition 128;condition 64;condition 128,,,720.0,0.0,2.0,3.0,C:8.8-68.3(59.5s) | O:68.3-129.0(60.7s) | C:129.0-188.5(59.5s) | O:188.5-248.9(60.4s) | C:248.9-729.4(480.5s) | O:729.4-730.0(0.6s),8.75,729.39,0.61,480.5,
sub-1032sg,sg,epochs,200.0,4.0,128.0,128.0,0.0,0.0,COCO,True,0.00;50.00;100.00;150.00,v1.0.0\sub-1032sg\eeg\sub-1032sg_task-restingstate_acq-epochs_eeg.set,12.9,RsmpldPIcaEpochs,sg_rs_1032_prepro_epochs.set,D:\Infractores\1032\sg_rs_1032.bdf,128.0,6400.0,empty,,EX1;EX2;EX3;EX4;EX5;EX6;EX7;EX8,average,66.0,128.0,0.0,0.0,7.901,2021-07-27 14:21:51,4.0,PostClosed;PostOpen;PostClosed;PostOpen,COCO,9.22;68.96;129.92;189.65;250.17;730.82,240.0,60.0,2.0,3.0,,,,,,
sub-1032sg,sg,preprocessed,732.0,1.0,128.0,128.0,0.0,0.0,COCOCO,True,9.22;68.96;129.92;189.65;250.17;730.82,v1.0.0\sub-1032sg\eeg\sub-1032sg_task-restingstate_desc-preprocessed_eeg.set,46.99,BDF file resampled pruned with ICA,sg_rs_1032_prepro.set,D:\Infractores\1032\sg_rs_1032.bdf,128.0,93696.0,empty,,EX1;EX2;EX3;EX4;EX5;EX6;EX7;EX8,average,66.0,128.0,0.0,0.0,7.58,2021-07-27 14:21:51,6.0,condition 64;condition 128;condition 64;condition 128;condition 64;condition 128,,,720.0,0.0,2.0,3.0,C:9.2-69.0(59.7s) | O:69.0-129.9(61.0s) | C:129.9-189.6(59.7s) | O:189.6-250.2(60.5s) | C:250.2-730.8(480.7s) | O:730.8-732.0(1.2s),9.22,730.82,1.18,480.7,
sub-1033sg,sg,epochs,200.0,4.0,128.0,128.0,0.0,0.0,COCO,True,0.00;50.00;100.00;150.00,v1.0.0\sub-1033sg\eeg\sub-1033sg_task-restingstate_acq-epochs_eeg.set,13.08,RsmpldPIcaEpochs,sg_rs_1033_prepro_epochs.set,D:\Infractores\1033\sg_rs_1033.bdf,128.0,6400.0,empty,,EX1;EX2;EX3;EX4;EX5;EX6;EX7;EX8,average,127.0,128.0,0.0,0.0,9.848,2021-08-09 09:11:04,4.0,PostClosed;PostOpen;PostClosed;PostOpen,COCO,20.80;80.47;141.74;201.47;262.04;743.04,240.0,60.0,2.0,3.0,,,,,,
sub-1033sg,sg,preprocessed,744.0,1.0,128.0,128.0,0.0,0.0,COCOCO,True,20.80;80.47;141.74;201.47;262.04;743.04,v1.0.0\sub-1033sg\eeg\sub-1033sg_task-restingstate_desc-preprocessed_eeg.set,47.87,BDF file resampled pruned with ICA,sg_rs_1033_prepro.set,D:\Infractores\1033\sg_rs_1033.bdf,128.0,95232.0,empty,,EX1;EX2;EX3;EX4;EX5;EX6;EX7;EX8,average,127.0,128.0,0.0,0.0,11.058,2021-08-09 09:11:04,6.0,condition 64;condition 128;condition 64;condition 128;condition 64;condition 128,,,720.0,0.0,2.0,3.0,C:20.8-80.5(59.7s) | O:80.5-141.7(61.3s) | C:141.7-201.5(59.7s) | O:201.5-262.0(60.6s) | C:262.0-743.0(481.0s) | O:743.0-744.0(1.0s),20.8,743.04,0.96,481.0,
sub-1035sg,sg,epochs,200.0,4.0,128.0,128.0,0.0,0.0,COCO,True,0.00;50.00;100.00;150.00,v1.0.0\sub-1035sg\eeg\sub-1035sg_task-restingstate_acq-epochs_eeg.set,13.01,RsmpldPIcaEpochs,sg_rs_1035_prepro_epochs.set,D:\Infractores\1035\sg_rs_1035.bdf,128.0,6400.0,empty,,EX1;EX2;EX3;EX4;EX5;EX6;EX7;EX8,average,103.0,128.0,0.0,0.0,3.596,2021-08-05 14:06:19,4.0,PostClosed;PostOpen;PostClosed;PostOpen,COCO,13.77;73.41;134.37;193.94;254.38;734.90,240.0,60.0,2.0,3.0,,,,,,
sub-1035sg,sg,preprocessed,736.0,1.0,128.0,128.0,0.0,0.0,COCOCO,True,13.77;73.41;134.37;193.94;254.38;734.90,v1.0.0\sub-1035sg\eeg\sub-1035sg_task-restingstate_desc-preprocessed_eeg.set,47.31,BDF file resampled pruned with ICA,sg_rs_1035_prepro.set,D:\Infractores\1035\sg_rs_1035.bdf,128.0,94208.0,empty,,EX1;EX2;EX3;EX4;EX5;EX6;EX7;EX8,average,103.0,128.0,0.0,0.0,3.654,2021-08-05 14:06:19,6.0,condition 64;condition 128;condition 64;condition 128;condition 64;condition 128,,,720.0,0.0,2.0,3.0,C:13.8-73.4(59.6s) | O:73.4-134.4(61.0s) | C:134.4-193.9(59.6s) | O:193.9-254.4(60.4s) | C:254.4-734.9(480.5s) | O:734.9-736.0(1.1s),13.77,734.9,1.1,480.5,
sub-1037sg,sg,epochs,200.0,4.0,128.0,128.0,0.0,0.0,COCO,True,0.00;50.00;100.00;150.00,v1.0.0\sub-1037sg\eeg\sub-1037sg_task-restingstate_acq-epochs_eeg.set,13.01,RsmpldPIcaEpochs,sg_rs_1037_prepro_epochs.set,D:\Infractores\1037\sg_rs_1037.bdf,128.0,6400.0,empty,,EX1;EX2;EX3;EX4;EX5;EX6;EX7;EX8,average,103.0,128.0,0.0,0.0,6.777,2021-08-09 10:57:51,4.0,PostClosed;PostOpen;PostClosed;PostOpen,COCO,10.37;69.86;130.48;189.98;250.30;730.79,240.0,60.0,2.0,3.0,,,,,,
sub-1037sg,sg,preprocessed,732.0,1.0,128.0,128.0,0.0,0.0,COCOCO,True,10.37;69.86;130.48;189.98;250.30;730.79,v1.0.0\sub-1037sg\eeg\sub-1037sg_task-restingstate_desc-preprocessed_eeg.set,47.06,BDF file resampled pruned with ICA,sg_rs_1037_prepro.set,D:\Infractores\1037\sg_rs_1037.bdf,128.0,93696.0,empty,,EX1;EX2;EX3;EX4;EX5;EX6;EX7;EX8,average,103.0,128.0,0.0,0.0,7.277,2021-08-09 10:57:51,6.0,condition 64;condition 128;condition 64;condition 128;condition 64;condition 128,,,720.0,0.0,2.0,3.0,C:10.4-69.9(59.5s) | O:69.9-130.5(60.6s) | C:130.5-190.0(59.5s) | O:190.0-250.3(60.3s) | C:250.3-730.8(480.5s) | O:730.8-732.0(1.2s),10.37,730.79,1.21,480.5,
sub-1038sg,sg,epochs,200.0,4.0,128.0,128.0,0.0,0.0,COCO,True,0.00;50.00;100.00;150.00,v1.0.0\sub-1038sg\eeg\sub-1038sg_task-restingstate_acq-epochs_eeg.set,13.01,RsmpldPIcaEpochs,sg_rs_1038_prepro_epochs.set,D:\Infractores\1038\sg_rs_1038.bdf,128.0,6400.0,empty,,EX1;EX2;EX3;EX4;EX5;EX6;EX7;EX8,average,102.0,128.0,0.0,0.0,8.413,2021-08-19 14:03:38,4.0,PostClosed;PostOpen;PostClosed;PostOpen,COCO,8.72;68.23;128.81;188.32;248.64;729.19,240.0,60.0,2.0,3.0,,,,,,
sub-1038sg,sg,preprocessed,730.0,1.0,128.0,128.0,0.0,0.0,COCOCO,True,8.72;68.23;128.81;188.32;248.64;729.19,v1.0.0\sub-1038sg\eeg\sub-1038sg_task-restingstate_desc-preprocessed_eeg.set,46.93,BDF file resampled pruned with ICA,sg_rs_1038_prepro.set,D:\Infractores\1038\sg_rs_1038.bdf,128.0,93440.0,empty,,EX1;EX2;EX3;EX4;EX5;EX6;EX7;EX8,average,102.0,128.0,0.0,0.0,8.299,2021-08-19 14:03:38,6.0,condition 64;condition 128;condition 64;condition 128;condition 64;condition 128,,,720.0,0.0,2.0,3.0,C:8.7-68.2(59.5s) | O:68.2-128.8(60.6s) | C:128.8-188.3(59.5s) | O:188.3-248.6(60.3s) | C:248.6-729.2(480.5s) | O:729.2-730.0(0.8s),8.72,729.19,0.81,480.5,
sub-1039sg,sg,epochs,200.0,4.0,128.0,128.0,0.0,0.0,COCO,True,0.00;50.00;100.00;150.00,v1.0.0\sub-1039sg\eeg\sub-1039sg_task-restingstate_acq-epochs_eeg.set,13.05,RsmpldPIcaEpochs,sg_rs_1039_prepro_epochs.set,D:\Infractores\1039\sg_rs_1039.bdf,128.0,6400.0,empty,,EX1;EX2;EX3;EX4;EX5;EX6;EX7;EX8,average,117.0,128.0,0.0,0.0,7.895,2021-08-09 14:09:32,4.0,PostClosed;PostOpen;PostClosed;PostOpen,COCO,8.86;68.35;128.94;188.43;248.76;729.21,240.0,60.0,2.0,3.0,,,,,,
sub-1039sg,sg,preprocessed,730.0,1.0,128.0,128.0,0.0,0.0,COCOCO,True,8.86;68.35;128.94;188.43;248.76;729.21,v1.0.0\sub-1039sg\eeg\sub-1039sg_task-restingstate_desc-preprocessed_eeg.set,46.96,BDF file resampled pruned with ICA,sg_rs_1039_prepro.set,D:\Infractores\1039\sg_rs_1039.bdf,128.0,93440.0,empty,,EX1;EX2;EX3;EX4;EX5;EX6;EX7;EX8,average,117.0,128.0,0.0,0.0,8.154,2021-08-09 14:09:32,6.0,condition 64;condition 128;condition 64;condition 128;condition 64;condition 128,,,720.0,0.0,2.0,3.0,C:8.9-68.3(59.5s) | O:68.3-128.9(60.6s) | C:128.9-188.4(59.5s) | O:188.4-248.8(60.3s) | C:248.8-729.2(480.5s) | O:729.2-730.0(0.8s),8.86,729.21,0.79,480.5,
sub-1040sg,sg,epochs,200.0,4.0,128.0,128.0,0.0,0.0,COCO,True,0.00;50.00;100.00;150.00,v1.0.0\sub-1040sg\eeg\sub-1040sg_task-restingstate_acq-epochs_eeg.set,12.97,RsmpldPIcaEpochs,sg_rs_1040_prepro_epochs.set,D:\Infractores\1040\sg_rs_1040.bdf,128.0,6400.0,empty,,EX1;EX2;EX3;EX4;EX5;EX6;EX7;EX8,average,88.0,128.0,0.0,0.0,5.772,2021-09-02 13:49:10,4.0,PostClosed;PostOpen;PostClosed;PostOpen,COCO,12.51;72.20;133.64;193.34;253.82;734.92,240.0,60.0,2.0,3.0,,,,,,
sub-1040sg,sg,preprocessed,736.0,1.0,128.0,128.0,0.0,0.0,COCOCO,True,12.51;72.20;133.64;193.34;253.82;734.92,v1.0.0\sub-1040sg\eeg\sub-1040sg_task-restingstate_desc-preprocessed_eeg.set,47.28,BDF file resampled pruned with ICA,sg_rs_1040_prepro.set,D:\Infractores\1040\sg_rs_1040.bdf,128.0,94208.0,empty,,EX1;EX2;EX3;EX4;EX5;EX6;EX7;EX8,average,88.0,128.0,0.0,0.0,5.883,2021-09-02 13:49:10,6.0,condition 64;condition 128;condition 64;condition 128;condition 64;condition 128,,,720.0,0.0,2.0,3.0,C:12.5-72.2(59.7s) | O:72.2-133.6(61.4s) | C:133.6-193.3(59.7s) | O:193.3-253.8(60.5s) | C:253.8-734.9(481.1s) | O:734.9-736.0(1.1s),12.51,734.92,1.08,481.1,
sub-1041sg,sg,epochs,200.0,4.0,128.0,128.0,0.0,0.0,COCO,True,0.00;50.00;100.00;150.00,v1.0.0\sub-1041sg\eeg\sub-1041sg_task-restingstate_acq-epochs_eeg.set,13.03,RsmpldPIcaEpochs,sg_rs_1041_prepro_epochs.set,D:\Infractores\1041\sg_rs_1041.bdf,128.0,6400.0,empty,,EX1;EX2;EX3;EX4;EX5;EX6;EX7;EX8,average,108.0,128.0,0.0,0.0,7.682,2021-08-04 14:09:24,4.0,PostClosed;PostOpen;PostClosed;PostOpen,COCO,20.03;79.82;141.24;200.96;262.07;742.88,240.0,60.0,2.0,3.0,,,,,,
sub-1041sg,sg,preprocessed,744.0,1.0,128.0,128.0,0.0,0.0,COCOCO,True,20.03;79.82;141.24;200.96;262.07;742.88,v1.0.0\sub-1041sg\eeg\sub-1041sg_task-restingstate_desc-preprocessed_eeg.set,47.83,BDF file resampled pruned with ICA,sg_rs_1041_prepro.set,D:\Infractores\1041\sg_rs_1041.bdf,128.0,95232.0,empty,,EX1;EX2;EX3;EX4;EX5;EX6;EX7;EX8,average,108.0,128.0,0.0,0.0,7.942,2021-08-04 14:09:24,6.0,condition 64;condition 128;condition 64;condition 128;condition 64;condition 128,,,720.0,0.0,2.0,3.0,C:20.0-79.8(59.8s) | O:79.8-141.2(61.4s) | C:141.2-201.0(59.7s) | O:201.0-262.1(61.1s) | C:262.1-742.9(480.8s) | O:742.9-744.0(1.1s),20.03,742.88,1.12,480.8,
sub-1042sg,sg,epochs,200.0,4.0,128.0,128.0,0.0,0.0,COCO,True,0.00;50.00;100.00;150.00,v1.0.0\sub-1042sg\eeg\sub-1042sg_task-restingstate_acq-epochs_eeg.set,12.99,RsmpldPIcaEpochs,sg_rs_1042_prepro_epochs.set,D:\Infractores\1042\sg_rs_1042.bdf,128.0,6400.0,empty,,EX1;EX2;EX3;EX4;EX5;EX6;EX7;EX8,average,96.0,128.0,0.0,0.0,5.262,2021-08-18 14:05:10,4.0,PostClosed;PostOpen;PostClosed;PostOpen,COCO,10.08;69.57;130.16;189.66;249.98;730.53,240.0,60.0,2.0,3.0,,,,,,
sub-1042sg,sg,preprocessed,731.0,1.0,128.0,128.0,0.0,0.0,COCOCO,True,10.08;69.57;130.16;189.66;249.98;730.53,v1.0.0\sub-1042sg\eeg\sub-1042sg_task-restingstate_desc-preprocessed_eeg.set,46.98,BDF file resampled pruned with ICA,sg_rs_1042_prepro.set,D:\Infractores\1042\sg_rs_1042.bdf,128.0,93568.0,empty,,EX1;EX2;EX3;EX4;EX5;EX6;EX7;EX8,average,96.0,128.0,0.0,0.0,5.897,2021-08-18 14:05:10,6.0,condition 64;condition 128;condition 64;condition 128;condition 64;condition 128,,,720.0,0.0,2.0,3.0,C:10.1-69.6(59.5s) | O:69.6-130.2(60.6s) | C:130.2-189.7(59.5s) | O:189.7-250.0(60.3s) | C:250.0-730.5(480.5s) | O:730.5-731.0(0.5s),10.08,730.53,0.47,480.5,
sub-1043sg,sg,epochs,200.0,4.0,128.0,128.0,0.0,0.0,COCO,True,0.00;50.00;100.00;150.00,v1.0.0\sub-1043sg\eeg\sub-1043sg_task-restingstate_acq-epochs_eeg.set,12.95,RsmpldPIcaEpochs,sg_rs_1043_prepro_epochs.set,D:\Infractores\1043\sg_rs_1043.bdf,128.0,6400.0,empty,,EX1;EX2;EX3;EX4;EX5;EX6;EX7;EX8,average,81.0,128.0,0.0,0.0,5.116,2021-08-02 09:19:14,4.0,PostClosed;PostOpen;PostClosed;PostOpen,COCO,16.83;76.51;137.67;197.50;258.00;738.91,240.0,60.0,2.0,3.0,,,,,,
sub-1043sg,sg,preprocessed,740.0,1.0,128.0,128.0,0.0,0.0,COCOCO,True,16.83;76.51;137.67;197.50;258.00;738.91,v1.0.0\sub-1043sg\eeg\sub-1043sg_task-restingstate_desc-preprocessed_eeg.set,47.52,BDF file resampled pruned with ICA,sg_rs_1043_prepro.set,D:\Infractores\1043\sg_rs_1043.bdf,128.0,94720.0,empty,,EX1;EX2;EX3;EX4;EX5;EX6;EX7;EX8,average,81.0,128.0,0.0,0.0,5.068,2021-08-02 09:19:14,6.0,condition 64;condition 128;condition 64;condition 128;condition 64;condition 128,,,720.0,0.0,2.0,3.0,C:16.8-76.5(59.7s) | O:76.5-137.7(61.2s) | C:137.7-197.5(59.8s) | O:197.5-258.0(60.5s) | C:258.0-738.9(480.9s) | O:738.9-740.0(1.1s),16.83,738.91,1.09,480.9,
sub-1044sg,sg,epochs,200.0,4.0,128.0,128.0,0.0,0.0,COCO,True,0.00;50.00;100.00;150.00,v1.0.0\sub-1044sg\eeg\sub-1044sg_task-restingstate_acq-epochs_eeg.set,13.03,RsmpldPIcaEpochs,sg_rs_1044_prepro_epochs.set,D:\Infractores\1044\sg_rs_1044.bdf,128.0,6400.0,empty,,EX1;EX2;EX3;EX4;EX5;EX6;EX7;EX8,average,110.0,128.0,0.0,0.0,7.336,2021-08-18 10:54:40,4.0,PostClosed;PostOpen;PostClosed;PostOpen,COCO,8.89;68.39;129.01;188.51;248.84;729.55,240.0,60.0,2.0,3.0,,,,,,
sub-1044sg,sg,preprocessed,730.0,1.0,128.0,128.0,0.0,0.0,COCOCO,True,8.89;68.39;129.01;188.51;248.84;729.55,v1.0.0\sub-1044sg\eeg\sub-1044sg_task-restingstate_desc-preprocessed_eeg.set,46.95,BDF file resampled pruned with ICA,sg_rs_1044_prepro.set,D:\Infractores\1044\sg_rs_1044.bdf,128.0,93440.0,empty,,EX1;EX2;EX3;EX4;EX5;EX6;EX7;EX8,average,110.0,128.0,0.0,0.0,8.053,2021-08-18 10:54:40,6.0,condition 64;condition 128;condition 64;condition 128;condition 64;condition 128,,,720.0,0.0,2.0,3.0,C:8.9-68.4(59.5s) | O:68.4-129.0(60.6s) | C:129.0-188.5(59.5s) | O:188.5-248.8(60.3s) | C:248.8-729.5(480.7s) | O:729.5-730.0(0.5s),8.89,729.55,0.45,480.7,
sub-1045sg,sg,epochs,200.0,4.0,128.0,128.0,0.0,0.0,COCO,True,0.00;50.00;100.00;150.00,v1.0.0\sub-1045sg\eeg\sub-1045sg_task-restingstate_acq-epochs_eeg.set,13.04,RsmpldPIcaEpochs,sg_rs_1045_prepro_epochs.set,D:\Infractores\1045\sg_rs_1045.bdf,128.0,6400.0,empty,,EX1;EX2;EX3;EX4;EX5;EX6;EX7;EX8,average,112.0,128.0,0.0,0.0,6.557,2021-07-28 14:18:24,4.0,PostClosed;PostOpen;PostClosed;PostOpen,COCO,13.68;72.94;134.19;193.43;254.24;734.95,240.0,60.0,2.0,3.0,,,,,,
sub-1045sg,sg,preprocessed,736.0,1.0,128.0,128.0,0.0,0.0,COCOCO,True,13.68;72.94;134.19;193.43;254.24;734.95,v1.0.0\sub-1045sg\eeg\sub-1045sg_task-restingstate_desc-preprocessed_eeg.set,47.33,BDF file resampled pruned with ICA,sg_rs_1045_prepro.set,D:\Infractores\1045\sg_rs_1045.bdf,128.0,94208.0,empty,,EX1;EX2;EX3;EX4;EX5;EX6;EX7;EX8,average,112.0,128.0,0.0,0.0,6.719,2021-07-28 14:18:24,6.0,condition 64;condition 128;condition 64;condition 128;condition 64;condition 128,,,720.0,0.0,2.0,3.0,C:13.7-72.9(59.3s) | O:72.9-134.2(61.2s) | C:134.2-193.4(59.2s) | O:193.4-254.2(60.8s) | C:254.2-734.9(480.7s) | O:734.9-736.0(1.1s),13.68,734.95,1.05,480.7,
sub-1046sg,sg,epochs,200.0,4.0,128.0,128.0,0.0,0.0,COCO,True,0.00;50.00;100.00;150.00,v1.0.0\sub-1046sg\eeg\sub-1046sg_task-restingstate_acq-epochs_eeg.set,13.03,RsmpldPIcaEpochs,sg_rs_1046_prepro_epochs.set,D:\Infractores\1046\sg_rs_1046.bdf,128.0,6400.0,empty,,EX1;EX2;EX3;EX4;EX5;EX6;EX7;EX8,average,108.0,128.0,0.0,0.0,5.617,2021-07-29 13:41:59,4.0,PostClosed;PostOpen;PostClosed;PostOpen,COCO,14.75;74.35;135.55;195.21;255.73;736.59,240.0,60.0,2.0,3.0,,,,,,
sub-1046sg,sg,preprocessed,738.0,1.0,128.0,128.0,0.0,0.0,COCOCO,True,14.75;74.35;135.55;195.21;255.73;736.59,v1.0.0\sub-1046sg\eeg\sub-1046sg_task-restingstate_desc-preprocessed_eeg.set,47.45,BDF file resampled pruned with ICA,sg_rs_1046_prepro.set,D:\Infractores\1046\sg_rs_1046.bdf,128.0,94464.0,empty,,EX1;EX2;EX3;EX4;EX5;EX6;EX7;EX8,average,108.0,128.0,0.0,0.0,5.4,2021-07-29 13:41:59,6.0,condition 64;condition 128;condition 64;condition 128;condition 64;condition 128,,,720.0,0.0,2.0,3.0,C:14.7-74.4(59.6s) | O:74.4-135.6(61.2s) | C:135.6-195.2(59.7s) | O:195.2-255.7(60.5s) | C:255.7-736.6(480.9s) | O:736.6-738.0(1.4s),14.75,736.59,1.41,480.9,
sub-1047sg,sg,epochs,200.0,4.0,128.0,128.0,0.0,0.0,COCO,True,0.00;50.00;100.00;150.00,v1.0.0\sub-1047sg\eeg\sub-1047sg_task-restingstate_acq-epochs_eeg.set,13.03,RsmpldPIcaEpochs,sg_rs_1047_prepro_epochs.set,D:\Infractores\1047\sg_rs_1047.bdf,128.0,6400.0,empty,,EX1;EX2;EX3;EX4;EX5;EX6;EX7;EX8,average,109.0,128.0,0.0,0.0,6.072,2021-08-25 14:16:17,4.0,PostClosed;PostOpen;PostClosed;PostOpen,COCO,11.96;71.73;133.15;192.79;253.35;734.00,240.0,60.0,2.0,3.0,,,,,,
sub-1047sg,sg,preprocessed,735.0,1.0,128.0,128.0,0.0,0.0,COCOCO,True,11.96;71.73;133.15;192.79;253.35;734.00,v1.0.0\sub-1047sg\eeg\sub-1047sg_task-restingstate_desc-preprocessed_eeg.set,47.26,BDF file resampled pruned with ICA,sg_rs_1047_prepro.set,D:\Infractores\1047\sg_rs_1047.bdf,128.0,94080.0,empty,,EX1;EX2;EX3;EX4;EX5;EX6;EX7;EX8,average,109.0,128.0,0.0,0.0,5.128,2021-08-25 14:16:17,6.0,condition 64;condition 128;condition 64;condition 128;condition 64;condition 128,,,720.0,0.0,2.0,3.0,C:12.0-71.7(59.8s) | O:71.7-133.2(61.4s) | C:133.2-192.8(59.6s) | O:192.8-253.3(60.6s) | C:253.3-734.0(480.7s) | O:734.0-735.0(1.0s),11.96,734.0,1.0,480.7,
sub-1048sg,sg,epochs,200.0,4.0,128.0,128.0,0.0,0.0,COCO,True,0.00;50.00;100.00;150.00,v1.0.0\sub-1048sg\eeg\sub-1048sg_task-restingstate_acq-epochs_eeg.set,12.98,RsmpldPIcaEpochs,sg_rs_1048_prepro_epochs.set,D:\Infractores\1048\sg_rs_1048.bdf,128.0,6400.0,empty,,EX1;EX2;EX3;EX4;EX5;EX6;EX7;EX8,average,92.0,128.0,0.0,0.0,9.42,2021-07-29 15:44:39,4.0,PostClosed;PostOpen;PostClosed;PostOpen,COCO,10.05;69.78;130.78;190.49;251.00;731.80,240.0,60.0,2.0,3.0,,,,,,
sub-1048sg,sg,preprocessed,733.0,1.0,128.0,128.0,0.0,0.0,COCOCO,True,10.05;69.78;130.78;190.49;251.00;731.80,v1.0.0\sub-1048sg\eeg\sub-1048sg_task-restingstate_desc-preprocessed_eeg.set,47.1,BDF file resampled pruned with ICA,sg_rs_1048_prepro.set,D:\Infractores\1048\sg_rs_1048.bdf,128.0,93824.0,empty,,EX1;EX2;EX3;EX4;EX5;EX6;EX7;EX8,average,92.0,128.0,0.0,0.0,12.597,2021-07-29 15:44:39,6.0,condition 64;condition 128;condition 64;condition 128;condition 64;condition 128,,,720.0,0.0,2.0,3.0,C:10.0-69.8(59.7s) | O:69.8-130.8(61.0s) | C:130.8-190.5(59.7s) | O:190.5-251.0(60.5s) | C:251.0-731.8(480.8s) | O:731.8-733.0(1.2s),10.05,731.8,1.2,480.8,
sub-1050sg,sg,epochs,200.0,4.0,128.0,128.0,0.0,0.0,COCO,True,0.00;50.00;100.00;150.00,v1.0.0\sub-1050sg\eeg\sub-1050sg_task-restingstate_acq-epochs_eeg.set,13.04,RsmpldPIcaEpochs,sg_rs_1050_prepro_epochs.set,D:\Infractores\1050\sg_rs_1050.bdf,128.0,6400.0,empty,,EX1;EX2;EX3;EX4;EX5;EX6;EX7;EX8,average,111.0,128.0,0.0,0.0,6.622,2021-08-25 10:49:01,4.0,PostClosed;PostOpen;PostClosed;PostOpen,COCO,9.75;69.39;130.37;190.07;250.63;731.42,240.0,60.0,2.0,3.0,,,,,,
sub-1050sg,sg,preprocessed,732.0,1.0,128.0,128.0,0.0,0.0,COCOCO,True,9.75;69.39;130.37;190.07;250.63;731.42,v1.0.0\sub-1050sg\eeg\sub-1050sg_task-restingstate_desc-preprocessed_eeg.set,47.08,BDF file resampled pruned with ICA,sg_rs_1050_prepro.set,D:\Infractores\1050\sg_rs_1050.bdf,128.0,93696.0,empty,,EX1;EX2;EX3;EX4;EX5;EX6;EX7;EX8,average,111.0,128.0,0.0,0.0,7.265,2021-08-25 10:49:01,6.0,condition 64;condition 128;condition 64;condition 128;condition 64;condition 128,,,720.0,0.0,2.0,3.0,C:9.8-69.4(59.6s) | O:69.4-130.4(61.0s) | C:130.4-190.1(59.7s) | O:190.1-250.6(60.6s) | C:250.6-731.4(480.8s) | O:731.4-732.0(0.6s),9.75,731.42,0.58,480.8,
sub-1051sg,sg,epochs,200.0,4.0,128.0,128.0,0.0,0.0,COCO???????????????????????????????????????????????????????????????????????????????????????????????????????,True,0.00;50.00;100.00;150.00;183.78;184.62;184.62;184.62;184.62;184.62;184.63;184.63;184.63;184.63;184.63;184.64;184.64;184.64;184.64;184.64;184.65;184.65;184.65;184.65;184.65;184.65;184.65;184.66;184.66;184.66;184.66;184.66;184.66;184.67;184.67;184.67;184.67;184.67;184.67;184.67;184.68;184.68;184.68;184.68;184.68;184.68;184.69;184.69;184.69;184.69;184.69;184.70;184.70;184.70;184.70;184.70;184.70;184.70;184.71;184.71;184.71;184.71;184.71;184.71;184.72;184.72;184.72;184.72;184.72;184.72;184.72;184.72;184.73;184.73;184.73;184.73;184.73;184.73;184.74;184.74;184.74;184.74;184.74;184.74;184.74;184.75;184.75;184.75;184.75;184.75;184.75;184.75;184.76;184.76;184.76;184.76;184.76;184.76;184.77;184.77;184.77;184.77;184.78;184.78;184.78;184.78;184.78,v1.0.0\sub-1051sg\eeg\sub-1051sg_task-restingstate_acq-epochs_eeg.set,13.08,RsmpldPIcaEpochs,sg_rs_1051_prepro_epochs.set,D:\Infractores\1051\sg_rs_1051.bdf,128.0,6400.0,empty,,EX1;EX2;EX3;EX4;EX5;EX6;EX7;EX8,average,106.0,128.0,0.0,0.0,7.326,2021-08-23 14:10:35,107.0,PostClosed;PostOpen;PostClosed;PostOpen;38912;65231;65231;65232;65232;65232;65231;65232;65234;65233;65233;65232;65233;65233;65233;65233;65233;65234;65233;65233;65232;65233;65232;65233;65232;65232;65232;65233;65233;65232;65232;65231;65232;65231;65231;65231;65231;65231;65232;65232;65232;65232;65231;65231;65231;65231;65231;65232;65232;65232;65232;65230;65231;65231;65232;65231;65231;65232;65233;65232;65232;65232;65231;65231;65232;65232;65232;65232;65232;65232;65233;65232;65232;65232;65232;65232;65231;65232;65232;65232;65232;65233;65231;65232;65232;65231;65231;65232;65232;65232;65231;65232;65232;65232;65232;65231;65232;65232;65232;65232;65233;65232;65232,COCO???????????????????????????????????????????????????????????????????????????????????????????????????????,10.00;69.67;130.60;190.22;229.00;229.83;229.83;229.84;229.84;229.84;229.84;229.84;229.85;229.85;229.85;229.85;229.85;229.86;229.86;229.86;229.86;229.86;229.86;229.87;229.87;229.87;229.87;229.87;229.87;229.88;229.88;229.88;229.88;229.88;229.88;229.88;229.89;229.89;229.89;229.89;229.89;229.89;229.89;229.90;229.90;229.90;229.90;229.90;229.90;229.91;229.91;229.91;229.91;229.92;229.92;229.92;229.92;229.92;229.92;229.92;229.93;229.93;229.93;229.93;229.93;229.93;229.93;229.94;229.94;229.94;229.94;229.94;229.94;229.94;229.95;229.95;229.95;229.95;229.95;229.95;229.95;229.96;229.96;229.96;229.96;229.96;229.96;229.96;229.97;229.97;229.97;229.97;229.97;229.97;229.98;229.98;229.98;229.98;229.98;229.98;229.99;229.99;229.99;229.99;230.00;230.00;230.00;250.71;731.50,240.0,60.0,2.0,3.0,,,,,,
sub-1051sg,sg,preprocessed,732.0,1.0,128.0,128.0,0.0,0.0,COCO???????????????????????????????????????????????????????????????????????????????????????????????????????CO,True,10.00;69.67;130.60;190.22;229.00;229.83;229.83;229.84;229.84;229.84;229.84;229.84;229.85;229.85;229.85;229.85;229.85;229.86;229.86;229.86;229.86;229.86;229.86;229.87;229.87;229.87;229.87;229.87;229.87;229.88;229.88;229.88;229.88;229.88;229.88;229.88;229.89;229.89;229.89;229.89;229.89;229.89;229.89;229.90;229.90;229.90;229.90;229.90;229.90;229.91;229.91;229.91;229.91;229.92;229.92;229.92;229.92;229.92;229.92;229.92;229.93;229.93;229.93;229.93;229.93;229.93;229.93;229.94;229.94;229.94;229.94;229.94;229.94;229.94;229.95;229.95;229.95;229.95;229.95;229.95;229.95;229.96;229.96;229.96;229.96;229.96;229.96;229.96;229.97;229.97;229.97;229.97;229.97;229.97;229.98;229.98;229.98;229.98;229.98;229.98;229.99;229.99;229.99;229.99;230.00;230.00;230.00;250.71;731.50,v1.0.0\sub-1051sg\eeg\sub-1051sg_task-restingstate_desc-preprocessed_eeg.set,47.1,BDF file resampled pruned with ICA,sg_rs_1051_prepro.set,D:\Infractores\1051\sg_rs_1051.bdf,128.0,93696.0,empty,,EX1;EX2;EX3;EX4;EX5;EX6;EX7;EX8,average,106.0,128.0,0.0,0.0,7.547,2021-08-23 14:10:35,109.0,condition 64;condition 128;condition 64;condition 128;38912;65231;65231;65232;65232;65232;65231;65232;65234;65233;65233;65232;65233;65233;65233;65233;65233;65234;65233;65233;65232;65233;65232;65233;65232;65232;65232;65233;65233;65232;65232;65231;65232;65231;65231;65231;65231;65231;65232;65232;65232;65232;65231;65231;65231;65231;65231;65232;65232;65232;65232;65230;65231;65231;65232;65231;65231;65232;65233;65232;65232;65232;65231;65231;65232;65232;65232;65232;65232;65232;65233;65232;65232;65232;65232;65232;65231;65232;65232;65232;65232;65233;65231;65232;65232;65231;65231;65232;65232;65232;65231;65232;65232;65232;65232;65231;65232;65232;65232;65232;65233;65232;65232;condition 64;condition 128,,,720.0,0.0,2.0,3.0,C:10.0-69.7(59.7s) | O:69.7-130.6(60.9s) | C:130.6-190.2(59.6s) | O:190.2-229.0(38.8s) | ?:229.0-229.8(0.8s) | ?:229.8-229.8(0.0s) | ?:229.8-229.8(0.0s) | ?:229.8-229.8(0.0s) | ?:229.8-229.8(0.0s) | ?:229.8-229.8(0.0s) | ?:229.8-229.8(0.0s) | ?:229.8-229.8(0.0s) | ?:229.8-229.8(0.0s) | ?:229.8-229.9(0.0s) | ?:229.9-229.9(0.0s) | ?:229.9-229.9(0.0s) | ?:229.9-229.9(0.0s) | ?:229.9-229.9(0.0s) | ?:229.9-229.9(0.0s) | ?:229.9-229.9(0.0s) | ?:229.9-229.9(0.0s) | ?:229.9-229.9(0.0s) | ?:229.9-229.9(0.0s) | ?:229.9-229.9(0.0s) | ?:229.9-229.9(0.0s) | ?:229.9-229.9(0.0s) | ?:229.9-229.9(0.0s) | ?:229.9-229.9(0.0s) | ?:229.9-229.9(0.0s) | ?:229.9-229.9(0.0s) | ?:229.9-229.9(0.0s) | ?:229.9-229.9(0.0s) | ?:229.9-229.9(0.0s) | ?:229.9-229.9(0.0s) | ?:229.9-229.9(0.0s) | ?:229.9-229.9(0.0s) | ?:229.9-229.9(0.0s) | ?:229.9-229.9(0.0s) | ?:229.9-229.9(0.0s) | ?:229.9-229.9(0.0s) | ?:229.9-229.9(0.0s) | ?:229.9-229.9(0.0s) | ?:229.9-229.9(0.0s) | ?:229.9-229.9(0.0s) | ?:229.9-229.9(0.0s) | ?:229.9-229.9(0.0s) | ?:229.9-229.9(0.0s) | ?:229.9-229.9(0.0s) | ?:229.9-229.9(0.0s) | ?:229.9-229.9(0.0s) | ?:229.9-229.9(0.0s) | ?:229.9-229.9(0.0s) | ?:229.9-229.9(0.0s) | ?:229.9-229.9(0.0s) | ?:229.9-229.9(0.0s) | ?:229.9-229.9(0.0s) | ?:229.9-229.9(0.0s) | ?:229.9-229.9(0.0s) | ?:229.9-229.9(0.0s) | ?:229.9-229.9(0.0s) | ?:229.9-229.9(0.0s) | ?:229.9-229.9(0.0s) | ?:229.9-229.9(0.0s) | ?:229.9-229.9(0.0s) | ?:229.9-229.9(0.0s) | ?:229.9-229.9(0.0s) | ?:229.9-229.9(0.0s) | ?:229.9-229.9(0.0s) | ?:229.9-229.9(0.0s) | ?:229.9-229.9(0.0s) | ?:229.9-229.9(0.0s) | ?:229.9-229.9(0.0s) | ?:229.9-229.9(0.0s) | ?:229.9-229.9(0.0s) | ?:229.9-229.9(0.0s) | ?:229.9-229.9(0.0s) | ?:229.9-230.0(0.0s) | ?:230.0-230.0(0.0s) | ?:230.0-230.0(0.0s) | ?:230.0-230.0(0.0s) | ?:230.0-230.0(0.0s) | ?:230.0-230.0(0.0s) | ?:230.0-230.0(0.0s) | ?:230.0-230.0(0.0s) | ?:230.0-230.0(0.0s) | ?:230.0-230.0(0.0s) | ?:230.0-230.0(0.0s) | ?:230.0-230.0(0.0s) | ?:230.0-230.0(0.0s) | ?:230.0-230.0(0.0s) | ?:230.0-230.0(0.0s) | ?:230.0-230.0(0.0s) | ?:230.0-230.0(0.0s) | ?:230.0-230.0(0.0s) | ?:230.0-230.0(0.0s) | ?:230.0-230.0(0.0s) | ?:230.0-230.0(0.0s) | ?:230.0-230.0(0.0s) | ?:230.0-230.0(0.0s) | ?:230.0-230.0(0.0s) | ?:230.0-230.0(0.0s) | ?:230.0-230.0(0.0s) | ?:230.0-230.0(0.0s) | ?:230.0-230.0(0.0s) | ?:230.0-230.0(0.0s) | ?:230.0-230.0(0.0s) | ?:230.0-250.7(20.7s) | C:250.7-731.5(480.8s) | O:731.5-732.0(0.5s),10.0,731.5,0.5,480.8,
sub-1053sg,sg,epochs,200.0,4.0,128.0,128.0,0.0,0.0,COCO,True,0.00;50.00;100.00;150.00,v1.0.0\sub-1053sg\eeg\sub-1053sg_task-restingstate_acq-epochs_eeg.set,13.03,RsmpldPIcaEpochs,sg_rs_1053_prepro_epochs.set,D:\Infractores\1053\sg_rs_1053.bdf,128.0,6400.0,empty,,EX1;EX2;EX3;EX4;EX5;EX6;EX7;EX8,average,109.0,128.0,0.0,0.0,6.924,2021-08-25 09:06:49,4.0,PostClosed;PostOpen;PostClosed;PostOpen,COCO,11.42;70.91;131.53;191.06;251.37;731.90,240.0,60.0,2.0,3.0,,,,,,
sub-1053sg,sg,preprocessed,733.0,1.0,128.0,128.0,0.0,0.0,COCOCO,True,11.42;70.91;131.53;191.06;251.37;731.90,v1.0.0\sub-1053sg\eeg\sub-1053sg_task-restingstate_desc-preprocessed_eeg.set,47.14,BDF file resampled pruned with ICA,sg_rs_1053_prepro.set,D:\Infractores\1053\sg_rs_1053.bdf,128.0,93824.0,empty,,EX1;EX2;EX3;EX4;EX5;EX6;EX7;EX8,average,109.0,128.0,0.0,0.0,7.605,2021-08-25 09:06:49,6.0,condition 64;condition 128;condition 64;condition 128;condition 64;condition 128,,,720.0,0.0,2.0,3.0,C:11.4-70.9(59.5s) | O:70.9-131.5(60.6s) | C:131.5-191.1(59.5s) | O:191.1-251.4(60.3s) | C:251.4-731.9(480.5s) | O:731.9-733.0(1.1s),11.42,731.9,1.1,480.5,
sub-1054sg,sg,epochs,200.0,4.0,128.0,128.0,0.0,0.0,COCO,True,0.00;50.00;100.00;150.00,v1.0.0\sub-1054sg\eeg\sub-1054sg_task-restingstate_acq-epochs_eeg.set,13.01,RsmpldPIcaEpochs,sg_rs_1054_prepro_epochs.set,D:\Infractores\1054\sg_rs_1054.bdf,128.0,6400.0,empty,,EX1;EX2;EX3;EX4;EX5;EX6;EX7;EX8,average,104.0,128.0,0.0,0.0,5.39,2021-08-11 08:53:24,4.0,PostClosed;PostOpen;PostClosed;PostOpen,COCO,12.11;71.62;132.34;191.85;252.19;732.66,240.0,60.0,2.0,3.0,,,,,,
sub-1054sg,sg,preprocessed,734.0,1.0,128.0,128.0,0.0,0.0,COCOCO,True,12.11;71.62;132.34;191.85;252.19;732.66,v1.0.0\sub-1054sg\eeg\sub-1054sg_task-restingstate_desc-preprocessed_eeg.set,47.19,BDF file resampled pruned with ICA,sg_rs_1054_prepro.set,D:\Infractores\1054\sg_rs_1054.bdf,128.0,93952.0,empty,,EX1;EX2;EX3;EX4;EX5;EX6;EX7;EX8,average,104.0,128.0,0.0,0.0,5.701,2021-08-11 08:53:24,6.0,condition 64;condition 128;condition 64;condition 128;condition 64;condition 128,,,720.0,0.0,2.0,3.0,C:12.1-71.6(59.5s) | O:71.6-132.3(60.7s) | C:132.3-191.9(59.5s) | O:191.9-252.2(60.3s) | C:252.2-732.7(480.5s) | O:732.7-734.0(1.3s),12.11,732.66,1.34,480.5,
sub-1056sg,sg,epochs,200.0,4.0,128.0,128.0,0.0,0.0,COCO,True,0.00;50.00;100.00;150.00,v1.0.0\sub-1056sg\eeg\sub-1056sg_task-restingstate_acq-epochs_eeg.set,13.0,RsmpldPIcaEpochs,sg_rs_1056_prepro_epochs.set,D:\Infractores\1056\sg_rs_1056.bdf,128.0,6400.0,empty,,EX1;EX2;EX3;EX4;EX5;EX6;EX7;EX8,average,100.0,128.0,0.0,0.0,5.207,2021-08-11 10:34:43,4.0,PostClosed;PostOpen;PostClosed;PostOpen,COCO,0.62;12.07;71.57;132.14;191.62;251.94;732.44,240.0,60.0,2.0,3.0,,,,,,
sub-1056sg,sg,preprocessed,733.0,1.0,128.0,128.0,0.0,0.0,?COCOCO,True,0.62;12.07;71.57;132.14;191.62;251.94;732.44,v1.0.0\sub-1056sg\eeg\sub-1056sg_task-restingstate_desc-preprocessed_eeg.set,47.12,BDF file resampled pruned with ICA,sg_rs_1056_prepro.set,D:\Infractores\1056\sg_rs_1056.bdf,128.0,93824.0,empty,,EX1;EX2;EX3;EX4;EX5;EX6;EX7;EX8,average,100.0,128.0,0.0,0.0,5.046,2021-08-11 10:34:43,7.0,254;condition 64;condition 128;condition 64;condition 128;condition 64;condition 128,,,720.0,0.0,2.0,3.0,?:0.6-12.1(11.4s) | C:12.1-71.6(59.5s) | O:71.6-132.1(60.6s) | C:132.1-191.6(59.5s) | O:191.6-251.9(60.3s) | C:251.9-732.4(480.5s) | O:732.4-733.0(0.6s),0.62,732.44,0.56,480.5,
sub-1057sg,sg,epochs,200.0,4.0,128.0,128.0,0.0,0.0,COCO,True,0.00;50.00;100.00;150.00,v1.0.0\sub-1057sg\eeg\sub-1057sg_task-restingstate_acq-epochs_eeg.set,13.0,RsmpldPIcaEpochs,sg_rs_1057_prepro_epochs.set,D:\Infractores\1057\sg_rs_1057.bdf,128.0,6400.0,empty,,EX1;EX2;EX3;EX4;EX5;EX6;EX7;EX8,average,98.0,128.0,0.0,0.0,4.942,2021-08-18 09:01:08,4.0,PostClosed;PostOpen;PostClosed;PostOpen,COCO,22.04;81.67;142.79;202.41;262.91;743.77,240.0,60.0,2.0,3.0,,,,,,
sub-1057sg,sg,preprocessed,745.0,1.0,128.0,128.0,0.0,0.0,COCOCO,True,22.04;81.67;142.79;202.41;262.91;743.77,v1.0.0\sub-1057sg\eeg\sub-1057sg_task-restingstate_desc-preprocessed_eeg.set,47.88,BDF file resampled pruned with ICA,sg_rs_1057_prepro.set,D:\Infractores\1057\sg_rs_1057.bdf,128.0,95360.0,empty,,EX1;EX2;EX3;EX4;EX5;EX6;EX7;EX8,average,98.0,128.0,0.0,0.0,4.851,2021-08-18 09:01:08,6.0,condition 64;condition 128;condition 64;condition 128;condition 64;condition 128,,,720.0,0.0,2.0,3.0,C:22.0-81.7(59.6s) | O:81.7-142.8(61.1s) | C:142.8-202.4(59.6s) | O:202.4-262.9(60.5s) | C:262.9-743.8(480.9s) | O:743.8-745.0(1.2s),22.04,743.77,1.23,480.9,
sub-1058sg,sg,epochs,200.0,4.0,128.0,128.0,0.0,0.0,COCO,True,0.00;50.00;100.00;150.00,v1.0.0\sub-1058sg\eeg\sub-1058sg_task-restingstate_acq-epochs_eeg.set,13.02,RsmpldPIcaEpochs,sg_rs_1058_prepro_epochs.set,D:\Infractores\1058\sg_rs_1058.bdf,128.0,6400.0,empty,,EX1;EX2;EX3;EX4;EX5;EX6;EX7;EX8,average,105.0,128.0,0.0,0.0,5.234,2021-08-19 08:56:09,4.0,PostClosed;PostOpen;PostClosed;PostOpen,COCO,14.75;74.34;135.56;195.27;255.88;736.55,240.0,60.0,2.0,3.0,,,,,,
sub-1058sg,sg,preprocessed,738.0,1.0,128.0,128.0,0.0,0.0,COCOCO,True,14.75;74.34;135.56;195.27;255.88;736.55,v1.0.0\sub-1058sg\eeg\sub-1058sg_task-restingstate_desc-preprocessed_eeg.set,47.44,BDF file resampled pruned with ICA,sg_rs_1058_prepro.set,D:\Infractores\1058\sg_rs_1058.bdf,128.0,94464.0,empty,,EX1;EX2;EX3;EX4;EX5;EX6;EX7;EX8,average,105.0,128.0,0.0,0.0,5.224,2021-08-19 08:56:09,6.0,condition 64;condition 128;condition 64;condition 128;condition 64;condition 128,,,720.0,0.0,2.0,3.0,C:14.7-74.3(59.6s) | O:74.3-135.6(61.2s) | C:135.6-195.3(59.7s) | O:195.3-255.9(60.6s) | C:255.9-736.6(480.7s) | O:736.6-738.0(1.4s),14.75,736.55,1.45,480.7,
sub-1059sg,sg,epochs,200.0,4.0,128.0,128.0,0.0,0.0,COCO,True,0.00;50.00;100.00;150.00,v1.0.0\sub-1059sg\eeg\sub-1059sg_task-restingstate_acq-epochs_eeg.set,13.06,RsmpldPIcaEpochs,sg_rs_1059_prepro_epochs.set,D:\Infractores\1059\sg_rs_1059.bdf,128.0,6400.0,empty,,EX1;EX2;EX3;EX4;EX5;EX6;EX7;EX8,average,119.0,128.0,0.0,0.0,10.132,2021-08-19 10:54:38,4.0,PostClosed;PostOpen;PostClosed;PostOpen,COCO,11.06;70.74;131.78;191.54;252.06;732.91,240.0,60.0,2.0,3.0,,,,,,
sub-1059sg,sg,preprocessed,734.0,1.0,128.0,128.0,0.0,0.0,COCOCO,True,11.06;70.74;131.78;191.54;252.06;732.91,v1.0.0\sub-1059sg\eeg\sub-1059sg_task-restingstate_desc-preprocessed_eeg.set,47.22,BDF file resampled pruned with ICA,sg_rs_1059_prepro.set,D:\Infractores\1059\sg_rs_1059.bdf,128.0,93952.0,empty,,EX1;EX2;EX3;EX4;EX5;EX6;EX7;EX8,average,119.0,128.0,0.0,0.0,10.34,2021-08-19 10:54:38,6.0,condition 64;condition 128;condition 64;condition 128;condition 64;condition 128,,,720.0,0.0,2.0,3.0,C:11.1-70.7(59.7s) | O:70.7-131.8(61.0s) | C:131.8-191.5(59.8s) | O:191.5-252.1(60.5s) | C:252.1-732.9(480.9s) | O:732.9-734.0(1.1s),11.06,732.91,1.09,480.9,
sub-1061sg,sg,epochs,200.0,4.0,128.0,128.0,0.0,0.0,COCO,True,0.00;50.00;100.00;150.00,v1.0.0\sub-1061sg\eeg\sub-1061sg_task-restingstate_acq-epochs_eeg.set,13.03,RsmpldPIcaEpochs,sg_rs_1061_prepro_epochs.set,D:\Infractores\1061\sg_rs_1061.bdf,128.0,6400.0,empty,,EX1;EX2;EX3;EX4;EX5;EX6;EX7;EX8,average,110.0,128.0,0.0,0.0,10.34,2021-08-12 14:06:23,4.0,PostClosed;PostOpen;PostClosed;PostOpen,COCO,8.75;68.27;128.85;188.37;248.78;729.32,240.0,60.0,2.0,3.0,,,,,,
sub-1061sg,sg,preprocessed,730.0,1.0,128.0,128.0,0.0,0.0,COCOCO,True,8.75;68.27;128.85;188.37;248.78;729.32,v1.0.0\sub-1061sg\eeg\sub-1061sg_task-restingstate_desc-preprocessed_eeg.set,46.95,BDF file resampled pruned with ICA,sg_rs_1061_prepro.set,D:\Infractores\1061\sg_rs_1061.bdf,128.0,93440.0,empty,,EX1;EX2;EX3;EX4;EX5;EX6;EX7;EX8,average,110.0,128.0,0.0,0.0,11.607,2021-08-12 14:06:23,6.0,condition 64;condition 128;condition 64;condition 128;condition 64;condition 128,,,720.0,0.0,2.0,3.0,C:8.8-68.3(59.5s) | O:68.3-128.9(60.6s) | C:128.9-188.4(59.5s) | O:188.4-248.8(60.4s) | C:248.8-729.3(480.5s) | O:729.3-730.0(0.7s),8.75,729.32,0.68,480.5,
sub-1063sg,sg,epochs,200.0,4.0,128.0,128.0,0.0,0.0,COCO,True,0.00;50.00;100.00;150.00,v1.0.0\sub-1063sg\eeg\sub-1063sg_task-restingstate_acq-epochs_eeg.set,13.0,RsmpldPIcaEpochs,sg_rs_1063_prepro_epochs.set,D:\Infractores\1063\sg_rs_1063.bdf,128.0,6400.0,empty,,EX1;EX2;EX3;EX4;EX5;EX6;EX7;EX8,average,100.0,128.0,0.0,0.0,5.569,2021-08-23 10:44:23,4.0,PostClosed;PostOpen;PostClosed;PostOpen,COCO,10.60;69.77;130.43;189.60;249.90;730.06,240.0,60.0,2.0,3.0,,,,,,
sub-1063sg,sg,preprocessed,731.0,1.0,128.0,128.0,0.0,0.0,COCOCO,True,10.60;69.77;130.43;189.60;249.90;730.06,v1.0.0\sub-1063sg\eeg\sub-1063sg_task-restingstate_desc-preprocessed_eeg.set,46.99,BDF file resampled pruned with ICA,sg_rs_1063_prepro.set,D:\Infractores\1063\sg_rs_1063.bdf,128.0,93568.0,empty,,EX1;EX2;EX3;EX4;EX5;EX6;EX7;EX8,average,100.0,128.0,0.0,0.0,5.574,2021-08-23 10:44:23,6.0,condition 64;condition 128;condition 64;condition 128;condition 64;condition 128,,,720.0,0.0,2.0,3.0,C:10.6-69.8(59.2s) | O:69.8-130.4(60.7s) | C:130.4-189.6(59.2s) | O:189.6-249.9(60.3s) | C:249.9-730.1(480.2s) | O:730.1-731.0(0.9s),10.6,730.06,0.94,480.2,
sub-1064sg,sg,epochs,200.0,4.0,128.0,128.0,0.0,0.0,COCO,True,0.00;50.00;100.00;150.00,v1.0.0\sub-1064sg\eeg\sub-1064sg_task-restingstate_acq-epochs_eeg.set,13.03,RsmpldPIcaEpochs,sg_rs_1064_prepro_epochs.set,D:\Infractores\1064\sg_rs_1064.bdf,128.0,6400.0,empty,,EX1;EX2;EX3;EX4;EX5;EX6;EX7;EX8,average,110.0,128.0,0.0,0.0,8.818,2021-08-12 10:57:32,4.0,PostClosed;PostOpen;PostClosed;PostOpen,COCO,10.30;69.94;130.90;190.50;251.00;731.74,240.0,60.0,2.0,3.0,,,,,,
sub-1064sg,sg,preprocessed,733.0,1.0,128.0,128.0,0.0,0.0,COCOCO,True,10.30;69.94;130.90;190.50;251.00;731.74,v1.0.0\sub-1064sg\eeg\sub-1064sg_task-restingstate_desc-preprocessed_eeg.set,47.14,BDF file resampled pruned with ICA,sg_rs_1064_prepro.set,D:\Infractores\1064\sg_rs_1064.bdf,128.0,93824.0,empty,,EX1;EX2;EX3;EX4;EX5;EX6;EX7;EX8,average,110.0,128.0,0.0,0.0,8.652,2021-08-12 10:57:32,6.0,condition 64;condition 128;condition 64;condition 128;condition 64;condition 128,,,720.0,0.0,2.0,3.0,C:10.3-69.9(59.6s) | O:69.9-130.9(61.0s) | C:130.9-190.5(59.6s) | O:190.5-251.0(60.5s) | C:251.0-731.7(480.7s) | O:731.7-733.0(1.3s),10.3,731.74,1.26,480.7,
sub-1065sg,sg,epochs,200.0,4.0,128.0,128.0,0.0,0.0,COCO,True,0.00;50.00;100.00;150.00,v1.0.0\sub-1065sg\eeg\sub-1065sg_task-restingstate_acq-epochs_eeg.set,12.99,RsmpldPIcaEpochs,sg_rs_1065_prepro_epochs.set,D:\Infractores\1065\sg_rs_1065.bdf,128.0,6400.0,empty,,EX1;EX2;EX3;EX4;EX5;EX6;EX7;EX8,average,96.0,128.0,0.0,0.0,6.766,2021-08-23 09:00:05,4.0,PostClosed;PostOpen;PostClosed;PostOpen,COCO,11.18;70.69;131.36;190.87;251.20;731.69,240.0,60.0,2.0,3.0,,,,,,
sub-1065sg,sg,preprocessed,733.0,1.0,128.0,128.0,0.0,0.0,COCOCO,True,11.18;70.69;131.36;190.87;251.20;731.69,v1.0.0\sub-1065sg\eeg\sub-1065sg_task-restingstate_desc-preprocessed_eeg.set,47.11,BDF file resampled pruned with ICA,sg_rs_1065_prepro.set,D:\Infractores\1065\sg_rs_1065.bdf,128.0,93824.0,empty,,EX1;EX2;EX3;EX4;EX5;EX6;EX7;EX8,average,96.0,128.0,0.0,0.0,7.346,2021-08-23 09:00:05,6.0,condition 64;condition 128;condition 64;condition 128;condition 64;condition 128,,,720.0,0.0,2.0,3.0,C:11.2-70.7(59.5s) | O:70.7-131.4(60.7s) | C:131.4-190.9(59.5s) | O:190.9-251.2(60.3s) | C:251.2-731.7(480.5s) | O:731.7-733.0(1.3s),11.18,731.69,1.31,480.5,
sub-1066sg,sg,epochs,200.0,4.0,128.0,128.0,0.0,0.0,COCO,True,0.00;50.00;100.00;150.00,v1.0.0\sub-1066sg\eeg\sub-1066sg_task-restingstate_acq-epochs_eeg.set,13.03,RsmpldPIcaEpochs,sg_rs_1066_prepro_epochs.set,D:\Infractores\1066\sg_rs_1066.bdf,128.0,6400.0,empty,,EX1;EX2;EX3;EX4;EX5;EX6;EX7;EX8,average,109.0,128.0,0.0,0.0,4.274,2021-08-30 09:04:10,4.0,PostClosed;PostOpen;PostClosed;PostOpen,COCO,14.17;73.63;134.30;193.79;254.12;734.58,240.0,60.0,2.0,3.0,,,,,,
sub-1066sg,sg,preprocessed,736.0,1.0,128.0,128.0,0.0,0.0,COCOCO,True,14.17;73.63;134.30;193.79;254.12;734.58,v1.0.0\sub-1066sg\eeg\sub-1066sg_task-restingstate_desc-preprocessed_eeg.set,47.33,BDF file resampled pruned with ICA,sg_rs_1066_prepro.set,D:\Infractores\1066\sg_rs_1066.bdf,128.0,94208.0,empty,,EX1;EX2;EX3;EX4;EX5;EX6;EX7;EX8,average,109.0,128.0,0.0,0.0,4.174,2021-08-30 09:04:10,6.0,condition 64;condition 128;condition 64;condition 128;condition 64;condition 128,,,720.0,0.0,2.0,3.0,C:14.2-73.6(59.5s) | O:73.6-134.3(60.7s) | C:134.3-193.8(59.5s) | O:193.8-254.1(60.3s) | C:254.1-734.6(480.5s) | O:734.6-736.0(1.4s),14.17,734.58,1.42,480.5,
sub-1067sg,sg,epochs,200.0,4.0,128.0,128.0,0.0,0.0,COCO,True,0.00;50.00;100.00;150.00,v1.0.0\sub-1067sg\eeg\sub-1067sg_task-restingstate_acq-epochs_eeg.set,13.01,RsmpldPIcaEpochs,sg_rs_1067_prepro_epochs.set,D:\Infractores\1067\sg_rs_1067.bdf,128.0,6400.0,empty,,EX1;EX2;EX3;EX4;EX5;EX6;EX7;EX8,average,102.0,128.0,0.0,0.0,6.777,2021-08-30 10:44:00,4.0,PostClosed;PostOpen;PostClosed;PostOpen,COCO,8.94;68.43;129.02;188.54;248.86;729.33,240.0,60.0,2.0,3.0,,,,,,
sub-1067sg,sg,preprocessed,730.0,1.0,128.0,128.0,0.0,0.0,COCOCO,True,8.94;68.43;129.02;188.54;248.86;729.33,v1.0.0\sub-1067sg\eeg\sub-1067sg_task-restingstate_desc-preprocessed_eeg.set,46.93,BDF file resampled pruned with ICA,sg_rs_1067_prepro.set,D:\Infractores\1067\sg_rs_1067.bdf,128.0,93440.0,empty,,EX1;EX2;EX3;EX4;EX5;EX6;EX7;EX8,average,102.0,128.0,0.0,0.0,7.726,2021-08-30 10:44:00,6.0,condition 64;condition 128;condition 64;condition 128;condition 64;condition 128,,,720.0,0.0,2.0,3.0,C:8.9-68.4(59.5s) | O:68.4-129.0(60.6s) | C:129.0-188.5(59.5s) | O:188.5-248.9(60.3s) | C:248.9-729.3(480.5s) | O:729.3-730.0(0.7s),8.94,729.33,0.67,480.5,
sub-1068sg,sg,epochs,200.0,4.0,128.0,128.0,0.0,0.0,COCO,True,0.00;50.00;100.00;150.00,v1.0.0\sub-1068sg\eeg\sub-1068sg_task-restingstate_acq-epochs_eeg.set,13.01,RsmpldPIcaEpochs,sg_rs_1068_prepro_epochs.set,D:\Infractores\1068\sg_rs_1068.bdf,128.0,6400.0,empty,,EX1;EX2;EX3;EX4;EX5;EX6;EX7;EX8,average,101.0,128.0,0.0,0.0,6.027,2021-08-30 14:02:28,4.0,PostClosed;PostOpen;PostClosed;PostOpen,COCO,8.36;67.87;128.79;188.29;248.60;729.11,240.0,60.0,2.0,3.0,,,,,,
sub-1068sg,sg,preprocessed,730.0,1.0,128.0,128.0,0.0,0.0,COCOCO,True,8.36;67.87;128.79;188.29;248.60;729.11,v1.0.0\sub-1068sg\eeg\sub-1068sg_task-restingstate_desc-preprocessed_eeg.set,46.93,BDF file resampled pruned with ICA,sg_rs_1068_prepro.set,D:\Infractores\1068\sg_rs_1068.bdf,128.0,93440.0,empty,,EX1;EX2;EX3;EX4;EX5;EX6;EX7;EX8,average,101.0,128.0,0.0,0.0,6.001,2021-08-30 14:02:28,6.0,condition 64;condition 128;condition 64;condition 128;condition 64;condition 128,,,720.0,0.0,2.0,3.0,C:8.4-67.9(59.5s) | O:67.9-128.8(60.9s) | C:128.8-188.3(59.5s) | O:188.3-248.6(60.3s) | C:248.6-729.1(480.5s) | O:729.1-730.0(0.9s),8.36,729.11,0.89,480.5,
sub-1069sg,sg,epochs,200.0,4.0,128.0,128.0,0.0,0.0,COCO,True,0.00;50.00;100.00;150.00,v1.0.0\sub-1069sg\eeg\sub-1069sg_task-restingstate_acq-epochs_eeg.set,12.99,RsmpldPIcaEpochs,sg_rs_1069_prepro_epochs.set,D:\Infractores\1069\sg_rs_1069.bdf,128.0,6400.0,empty,,EX1;EX2;EX3;EX4;EX5;EX6;EX7;EX8,average,97.0,128.0,0.0,0.0,5.09,2021-09-01 08:58:10,4.0,PostClosed;PostOpen;PostClosed;PostOpen,COCO,18.24;78.09;139.16;198.75;259.05;739.69,240.0,60.0,2.0,3.0,,,,,,
sub-1069sg,sg,preprocessed,740.0,1.0,128.0,128.0,0.0,0.0,COCOCO,True,18.24;78.09;139.16;198.75;259.05;739.69,v1.0.0\sub-1069sg\eeg\sub-1069sg_task-restingstate_desc-preprocessed_eeg.set,47.56,BDF file resampled pruned with ICA,sg_rs_1069_prepro.set,D:\Infractores\1069\sg_rs_1069.bdf,128.0,94720.0,empty,,EX1;EX2;EX3;EX4;EX5;EX6;EX7;EX8,average,97.0,128.0,0.0,0.0,5.25,2021-09-01 08:58:10,6.0,condition 64;condition 128;condition 64;condition 128;condition 64;condition 128,,,720.0,0.0,2.0,3.0,C:18.2-78.1(59.8s) | O:78.1-139.2(61.1s) | C:139.2-198.7(59.6s) | O:198.7-259.0(60.3s) | C:259.0-739.7(480.6s) | O:739.7-740.0(0.3s),18.24,739.69,0.31,480.6,
sub-1070sg,sg,epochs,200.0,4.0,128.0,128.0,0.0,0.0,COCO,True,0.00;50.00;100.00;150.00,v1.0.0\sub-1070sg\eeg\sub-1070sg_task-restingstate_acq-epochs_eeg.set,13.0,RsmpldPIcaEpochs,sg_rs_1070_prepro_epochs.set,D:\Infractores\1070\sg_rs_1070.bdf,128.0,6400.0,empty,,EX1;EX2;EX3;EX4;EX5;EX6;EX7;EX8,average,99.0,128.0,0.0,0.0,6.543,2021-09-01 11:06:45,4.0,PostClosed;PostOpen;PostClosed;PostOpen,COCO,9.83;69.42;130.05;189.54;249.85;730.36,240.0,60.0,2.0,3.0,,,,,,
sub-1070sg,sg,preprocessed,731.0,1.0,128.0,128.0,0.0,0.0,COCOCO,True,9.83;69.42;130.05;189.54;249.85;730.36,v1.0.0\sub-1070sg\eeg\sub-1070sg_task-restingstate_desc-preprocessed_eeg.set,46.99,BDF file resampled pruned with ICA,sg_rs_1070_prepro.set,D:\Infractores\1070\sg_rs_1070.bdf,128.0,93568.0,empty,,EX1;EX2;EX3;EX4;EX5;EX6;EX7;EX8,average,99.0,128.0,0.0,0.0,6.684,2021-09-01 11:06:45,6.0,condition 64;condition 128;condition 64;condition 128;condition 64;condition 128,,,720.0,0.0,2.0,3.0,C:9.8-69.4(59.6s) | O:69.4-130.1(60.6s) | C:130.1-189.5(59.5s) | O:189.5-249.9(60.3s) | C:249.9-730.4(480.5s) | O:730.4-731.0(0.6s),9.83,730.36,0.64,480.5,
sub-1071sg,sg,epochs,200.0,4.0,128.0,128.0,0.0,0.0,COCO,True,0.00;50.00;100.00;150.00,v1.0.0\sub-1071sg\eeg\sub-1071sg_task-restingstate_acq-epochs_eeg.set,12.98,RsmpldPIcaEpochs,sg_rs_1071_prepro_epochs.set,D:\Infractores\1071\sg_rs_1071.bdf,128.0,6400.0,empty,,EX1;EX2;EX3;EX4;EX5;EX6;EX7;EX8,average,92.0,128.0,0.0,0.0,4.936,2021-09-01 13:49:34,4.0,PostClosed;PostOpen;PostClosed;PostOpen,COCO,10.53;70.19;131.25;190.98;251.53;732.61,240.0,60.0,2.0,3.0,,,,,,
sub-1071sg,sg,preprocessed,734.0,1.0,128.0,128.0,0.0,0.0,COCOCO,True,10.53;70.19;131.25;190.98;251.53;732.61,v1.0.0\sub-1071sg\eeg\sub-1071sg_task-restingstate_desc-preprocessed_eeg.set,47.17,BDF file resampled pruned with ICA,sg_rs_1071_prepro.set,D:\Infractores\1071\sg_rs_1071.bdf,128.0,93952.0,empty,,EX1;EX2;EX3;EX4;EX5;EX6;EX7;EX8,average,92.0,128.0,0.0,0.0,5.04,2021-09-01 13:49:34,6.0,condition 64;condition 128;condition 64;condition 128;condition 64;condition 128,,,720.0,0.0,2.0,3.0,C:10.5-70.2(59.7s) | O:70.2-131.2(61.1s) | C:131.2-191.0(59.7s) | O:191.0-251.5(60.6s) | C:251.5-732.6(481.1s) | O:732.6-734.0(1.4s),10.53,732.61,1.39,481.1,
sub-1072sg,sg,epochs,200.0,4.0,128.0,128.0,0.0,0.0,COCO,True,0.00;50.00;100.00;150.00,v1.0.0\sub-1072sg\eeg\sub-1072sg_task-restingstate_acq-epochs_eeg.set,13.0,RsmpldPIcaEpochs,sg_rs_1072_prepro_epochs.set,D:\Infractores\1072\sg_rs_1072.bdf,128.0,6400.0,empty,,EX1;EX2;EX3;EX4;EX5;EX6;EX7;EX8,average,99.0,128.0,0.0,0.0,5.45,2021-09-02 08:52:28,4.0,PostClosed;PostOpen;PostClosed;PostOpen,COCO,28.27;87.99;148.84;208.48;268.83;749.84,240.0,60.0,2.0,3.0,,,,,,
sub-1072sg,sg,preprocessed,751.0,1.0,128.0,128.0,0.0,0.0,COCOCO,True,28.27;87.99;148.84;208.48;268.83;749.84,v1.0.0\sub-1072sg\eeg\sub-1072sg_task-restingstate_desc-preprocessed_eeg.set,48.26,BDF file resampled pruned with ICA,sg_rs_1072_prepro.set,D:\Infractores\1072\sg_rs_1072.bdf,128.0,96128.0,empty,,EX1;EX2;EX3;EX4;EX5;EX6;EX7;EX8,average,99.0,128.0,0.0,0.0,5.63,2021-09-02 08:52:28,6.0,condition 64;condition 128;condition 64;condition 128;condition 64;condition 128,,,720.0,0.0,2.0,3.0,C:28.3-88.0(59.7s) | O:88.0-148.8(60.9s) | C:148.8-208.5(59.6s) | O:208.5-268.8(60.3s) | C:268.8-749.8(481.0s) | O:749.8-751.0(1.2s),28.27,749.84,1.16,481.0,
sub-1073sg,sg,epochs,200.0,4.0,128.0,128.0,0.0,0.0,COCO,True,0.00;50.00;100.00;150.00,v1.0.0\sub-1073sg\eeg\sub-1073sg_task-restingstate_acq-epochs_eeg.set,13.03,RsmpldPIcaEpochs,sg_rs_1073_prepro_epochs.set,D:\Infractores\1073\sg_rs_1073.bdf,128.0,6400.0,empty,,EX1;EX2;EX3;EX4;EX5;EX6;EX7;EX8,average,103.0,128.0,0.0,0.0,7.736,2021-09-02 10:58:34,4.0,PostClosed;PostOpen;PostClosed;PostOpen,COCO,8.30;67.78;128.39;187.88;248.20;423.00;423.83;423.84;423.84;423.84;423.84;423.84;423.84;423.85;423.85;423.85;423.85;423.85;423.85;423.85;423.86;423.86;423.86;423.86;423.87;423.87;423.87;423.87;423.87;423.88;423.88;423.88;423.88;423.89;423.89;423.89;423.89;423.89;423.89;423.89;423.90;423.90;423.90;423.90;423.90;423.90;423.90;423.90;423.91;423.91;423.91;423.91;423.91;423.92;423.92;423.92;423.92;423.92;423.92;423.92;423.92;423.93;423.93;423.93;423.93;423.93;423.93;423.94;423.94;423.94;423.94;423.94;423.94;423.94;423.95;423.95;423.95;423.95;423.95;423.95;423.95;423.95;423.96;423.96;423.96;423.96;423.96;423.96;423.96;423.97;423.97;423.97;423.97;423.97;423.97;423.98;423.98;423.98;423.98;423.98;423.98;423.98;423.98;423.99;423.99;423.99;423.99;423.99;423.99;424.00;424.00;729.05,240.0,60.0,2.0,3.0,,,,,,
sub-1073sg,sg,preprocessed,730.0,1.0,128.0,128.0,0.0,0.0,COCOC??????????????????????????????????????????????????????????????????????????????????????????????????????????O,True,8.30;67.78;128.39;187.88;248.20;423.00;423.83;423.84;423.84;423.84;423.84;423.84;423.84;423.85;423.85;423.85;423.85;423.85;423.85;423.85;423.86;423.86;423.86;423.86;423.87;423.87;423.87;423.87;423.87;423.88;423.88;423.88;423.88;423.89;423.89;423.89;423.89;423.89;423.89;423.89;423.90;423.90;423.90;423.90;423.90;423.90;423.90;423.90;423.91;423.91;423.91;423.91;423.91;423.92;423.92;423.92;423.92;423.92;423.92;423.92;423.92;423.93;423.93;423.93;423.93;423.93;423.93;423.94;423.94;423.94;423.94;423.94;423.94;423.94;423.95;423.95;423.95;423.95;423.95;423.95;423.95;423.95;423.96;423.96;423.96;423.96;423.96;423.96;423.96;423.97;423.97;423.97;423.97;423.97;423.97;423.98;423.98;423.98;423.98;423.98;423.98;423.98;423.98;423.99;423.99;423.99;423.99;423.99;423.99;424.00;424.00;729.05,v1.0.0\sub-1073sg\eeg\sub-1073sg_task-restingstate_desc-preprocessed_eeg.set,46.97,BDF file resampled pruned with ICA,sg_rs_1073_prepro.set,D:\Infractores\1073\sg_rs_1073.bdf,128.0,93440.0,empty,,EX1;EX2;EX3;EX4;EX5;EX6;EX7;EX8,average,103.0,128.0,0.0,0.0,7.937,2021-09-02 10:58:34,112.0,condition 64;condition 128;condition 64;condition 128;condition 64;38912;599;608;606;609;611;612;611;605;600;597;602;607;608;609;606;609;608;611;599;606;607;605;607;610;599;595;597;606;607;609;606;608;611;610;605;597;598;595;596;600;601;606;606;607;609;609;598;598;594;598;599;607;606;604;606;609;596;597;593;594;595;600;605;606;607;605;607;610;600;598;598;596;598;601;602;606;607;605;607;610;609;597;598;595;600;605;605;605;606;607;609;606;597;597;594;596;599;604;604;605;606;606;608;596;597;condition 128,,,720.0,0.0,2.0,3.0,C:8.3-67.8(59.5s) | O:67.8-128.4(60.6s) | C:128.4-187.9(59.5s) | O:187.9-248.2(60.3s) | C:248.2-423.0(174.8s) | ?:423.0-423.8(0.8s) | ?:423.8-423.8(0.0s) | ?:423.8-423.8(0.0s) | ?:423.8-423.8(0.0s) | ?:423.8-423.8(0.0s) | ?:423.8-423.8(0.0s) | ?:423.8-423.8(0.0s) | ?:423.8-423.8(0.0s) | ?:423.8-423.8(0.0s) | ?:423.8-423.9(0.0s) | ?:423.9-423.9(0.0s) | ?:423.9-423.9(0.0s) | ?:423.9-423.9(0.0s) | ?:423.9-423.9(0.0s) | ?:423.9-423.9(0.0s) | ?:423.9-423.9(0.0s) | ?:423.9-423.9(0.0s) | ?:423.9-423.9(0.0s) | ?:423.9-423.9(0.0s) | ?:423.9-423.9(0.0s) | ?:423.9-423.9(0.0s) | ?:423.9-423.9(0.0s) | ?:423.9-423.9(0.0s) | ?:423.9-423.9(0.0s) | ?:423.9-423.9(0.0s) | ?:423.9-423.9(0.0s) | ?:423.9-423.9(0.0s) | ?:423.9-423.9(0.0s) | ?:423.9-423.9(0.0s) | ?:423.9-423.9(0.0s) | ?:423.9-423.9(0.0s) | ?:423.9-423.9(0.0s) | ?:423.9-423.9(0.0s) | ?:423.9-423.9(0.0s) | ?:423.9-423.9(0.0s) | ?:423.9-423.9(0.0s) | ?:423.9-423.9(0.0s) | ?:423.9-423.9(0.0s) | ?:423.9-423.9(0.0s) | ?:423.9-423.9(0.0s) | ?:423.9-423.9(0.0s) | ?:423.9-423.9(0.0s) | ?:423.9-423.9(0.0s) | ?:423.9-423.9(0.0s) | ?:423.9-423.9(0.0s) | ?:423.9-423.9(0.0s) | ?:423.9-423.9(0.0s) | ?:423.9-423.9(0.0s) | ?:423.9-423.9(0.0s) | ?:423.9-423.9(0.0s) | ?:423.9-423.9(0.0s) | ?:423.9-423.9(0.0s) | ?:423.9-423.9(0.0s) | ?:423.9-423.9(0.0s) | ?:423.9-423.9(0.0s) | ?:423.9-423.9(0.0s) | ?:423.9-423.9(0.0s) | ?:423.9-423.9(0.0s) | ?:423.9-423.9(0.0s) | ?:423.9-423.9(0.0s) | ?:423.9-423.9(0.0s) | ?:423.9-423.9(0.0s) | ?:423.9-423.9(0.0s) | ?:423.9-423.9(0.0s) | ?:423.9-423.9(0.0s) | ?:423.9-423.9(0.0s) | ?:423.9-423.9(0.0s) | ?:423.9-423.9(0.0s) | ?:423.9-423.9(0.0s) | ?:423.9-423.9(0.0s) | ?:423.9-423.9(0.0s) | ?:423.9-424.0(0.0s) | ?:424.0-424.0(0.0s) | ?:424.0-424.0(0.0s) | ?:424.0-424.0(0.0s) | ?:424.0-424.0(0.0s) | ?:424.0-424.0(0.0s) | ?:424.0-424.0(0.0s) | ?:424.0-424.0(0.0s) | ?:424.0-424.0(0.0s) | ?:424.0-424.0(0.0s) | ?:424.0-424.0(0.0s) | ?:424.0-424.0(0.0s) | ?:424.0-424.0(0.0s) | ?:424.0-424.0(0.0s) | ?:424.0-424.0(0.0s) | ?:424.0-424.0(0.0s) | ?:424.0-424.0(0.0s) | ?:424.0-424.0(0.0s) | ?:424.0-424.0(0.0s) | ?:424.0-424.0(0.0s) | ?:424.0-424.0(0.0s) | ?:424.0-424.0(0.0s) | ?:424.0-424.0(0.0s) | ?:424.0-424.0(0.0s) | ?:424.0-424.0(0.0s) | ?:424.0-424.0(0.0s) | ?:424.0-424.0(0.0s) | ?:424.0-424.0(0.0s) | ?:424.0-424.0(0.0s) | ?:424.0-424.0(0.0s) | ?:424.0-424.0(0.0s) | ?:424.0-424.0(0.0s) | ?:424.0-424.0(0.0s) | ?:424.0-424.0(0.0s) | ?:424.0-729.1(305.1s) | O:729.1-730.0(0.9s),8.3,729.05,0.95,174.8,
sub-1074sg,sg,epochs,200.0,4.0,128.0,128.0,0.0,0.0,COCO,True,0.00;50.00;100.00;150.00,v1.0.0\sub-1074sg\eeg\sub-1074sg_task-restingstate_acq-epochs_eeg.set,12.99,RsmpldPIcaEpochs,sg_rs_1074_prepro_epochs.set,D:\Infractores\1074\sg_rs_1074.bdf,128.0,6400.0,empty,,EX1;EX2;EX3;EX4;EX5;EX6;EX7;EX8,average,94.0,128.0,0.0,0.0,5.424,2021-09-06 13:54:05,4.0,PostClosed;PostOpen;PostClosed;PostOpen,COCO,9.06;68.55;129.21;188.71;249.04;729.75,240.0,60.0,2.0,3.0,,,,,,
sub-1074sg,sg,preprocessed,730.0,1.0,128.0,128.0,0.0,0.0,COCOCO,True,9.06;68.55;129.21;188.71;249.04;729.75,v1.0.0\sub-1074sg\eeg\sub-1074sg_task-restingstate_desc-preprocessed_eeg.set,46.92,BDF file resampled pruned with ICA,sg_rs_1074_prepro.set,D:\Infractores\1074\sg_rs_1074.bdf,128.0,93440.0,empty,,EX1;EX2;EX3;EX4;EX5;EX6;EX7;EX8,average,94.0,128.0,0.0,0.0,5.668,2021-09-06 13:54:05,6.0,condition 64;condition 128;condition 64;condition 128;condition 64;condition 128,,,720.0,0.0,2.0,3.0,C:9.1-68.6(59.5s) | O:68.6-129.2(60.7s) | C:129.2-188.7(59.5s) | O:188.7-249.0(60.3s) | C:249.0-729.7(480.7s) | O:729.7-730.0(0.3s),9.06,729.75,0.25,480.7,
sub-1075sg,sg,epochs,200.0,4.0,128.0,128.0,0.0,0.0,COCO,True,0.00;50.00;100.00;150.00,v1.0.0\sub-1075sg\eeg\sub-1075sg_task-restingstate_acq-epochs_eeg.set,13.02,RsmpldPIcaEpochs,sg_rs_1075_prepro_epochs.set,D:\Infractores\1075\sg_rs_1075.bdf,128.0,6400.0,empty,,EX1;EX2;EX3;EX4;EX5;EX6;EX7;EX8,average,105.0,128.0,0.0,0.0,7.397,2021-09-08 08:47:47,4.0,PostClosed;PostOpen;PostClosed;PostOpen,COCO,15.56;75.27;136.43;196.03;256.54;737.35,240.0,60.0,2.0,3.0,,,,,,
sub-1075sg,sg,preprocessed,738.0,1.0,128.0,128.0,0.0,0.0,COCOCO,True,15.56;75.27;136.43;196.03;256.54;737.35,v1.0.0\sub-1075sg\eeg\sub-1075sg_task-restingstate_desc-preprocessed_eeg.set,47.44,BDF file resampled pruned with ICA,sg_rs_1075_prepro.set,D:\Infractores\1075\sg_rs_1075.bdf,128.0,94464.0,empty,,EX1;EX2;EX3;EX4;EX5;EX6;EX7;EX8,average,105.0,128.0,0.0,0.0,7.946,2021-09-08 08:47:47,6.0,condition 64;condition 128;condition 64;condition 128;condition 64;condition 128,,,720.0,0.0,2.0,3.0,C:15.6-75.3(59.7s) | O:75.3-136.4(61.2s) | C:136.4-196.0(59.6s) | O:196.0-256.5(60.5s) | C:256.5-737.3(480.8s) | O:737.3-738.0(0.7s),15.56,737.35,0.65,480.8,
sub-1076sg2,sg2,epochs,200.0,4.0,128.0,128.0,0.0,0.0,COCO,True,0.00;50.00;100.00;150.00,v1.0.0\sub-1076sg2\eeg\sub-1076sg2_task-restingstate_acq-epochs_eeg.set,13.05,RsmpldPIcaEpochs,sg2_rs_1076_prepro_epochs.set,D:\Infractores\1076\sg2_rs_1076.bdf,128.0,6400.0,empty,,EX1;EX2;EX3;EX4;EX5;EX6;EX7;EX8,average,116.0,128.0,0.0,0.0,5.107,2021-12-13 14:29:56,4.0,PostClosed;PostOpen;PostClosed;PostOpen,COCO,10.00;69.96;130.85;190.82;251.32;732.29,240.0,60.0,2.0,3.0,,,,,,
sub-1076sg2,sg2,preprocessed,733.0,1.0,128.0,128.0,0.0,0.0,COCOCO,True,10.00;69.96;130.85;190.82;251.32;732.29,v1.0.0\sub-1076sg2\eeg\sub-1076sg2_task-restingstate_desc-preprocessed_eeg.set,47.15,BDF file resampled pruned with ICA,sg2_rs_1076_prepro.set,D:\Infractores\1076\sg2_rs_1076.bdf,128.0,93824.0,empty,,EX1;EX2;EX3;EX4;EX5;EX6;EX7;EX8,average,116.0,128.0,0.0,0.0,5.471,2021-12-13 14:29:56,6.0,condition 64;condition 128;condition 64;condition 128;condition 64;condition 128,,,720.0,0.0,2.0,3.0,C:10.0-70.0(60.0s) | O:70.0-130.9(60.9s) | C:130.9-190.8(60.0s) | O:190.8-251.3(60.5s) | C:251.3-732.3(481.0s) | O:732.3-733.0(0.7s),10.0,732.29,0.71,481.0,
sub-1077sg2,sg2,epochs,200.0,4.0,128.0,128.0,0.0,0.0,COCO,True,0.00;50.00;100.00;150.00,v1.0.0\sub-1077sg2\eeg\sub-1077sg2_task-restingstate_acq-epochs_eeg.set,13.02,RsmpldPIcaEpochs,sg2_rs_1077_prepro_epochs.set,D:\Infractores\1077\sg2_rs_1077.bdf,128.0,6400.0,empty,,EX1;EX2;EX3;EX4;EX5;EX6;EX7;EX8,average,103.0,128.0,0.0,0.0,7.916,2021-12-14 14:23:52,4.0,PostClosed;PostOpen;PostClosed;PostOpen,COCO,10.70;70.67;131.57;191.53;251.99;709.00;709.83;709.84;709.84;709.84;709.84;709.85;709.85;709.85;709.85;709.85;709.85;709.86;709.86;709.86;709.86;709.86;709.86;709.87;709.87;709.87;709.87;709.87;709.87;709.87;709.87;709.88;709.88;709.88;709.88;709.88;709.88;709.89;709.89;709.89;709.90;709.90;709.90;709.91;709.91;709.91;709.91;709.91;709.92;709.92;709.92;709.92;709.92;709.92;709.92;709.92;709.92;709.93;709.93;709.93;709.93;709.93;709.93;709.93;709.94;709.94;709.94;709.94;709.94;709.94;709.95;709.95;709.95;709.95;709.96;709.96;709.96;709.96;709.96;709.97;709.97;709.97;709.97;709.97;709.97;709.97;709.97;709.98;709.98;709.98;709.98;709.98;709.99;709.99;709.99;709.99;709.99;709.99;709.99;710.00;710.00;732.99,240.0,60.0,2.0,3.0,,,,,,
sub-1077sg2,sg2,preprocessed,734.0,1.0,128.0,128.0,0.0,0.0,COCOC????????????????????????????????????????????????????????????????????????????????????????????????O,True,10.70;70.67;131.57;191.53;251.99;709.00;709.83;709.84;709.84;709.84;709.84;709.85;709.85;709.85;709.85;709.85;709.85;709.86;709.86;709.86;709.86;709.86;709.86;709.87;709.87;709.87;709.87;709.87;709.87;709.87;709.87;709.88;709.88;709.88;709.88;709.88;709.88;709.89;709.89;709.89;709.90;709.90;709.90;709.91;709.91;709.91;709.91;709.91;709.92;709.92;709.92;709.92;709.92;709.92;709.92;709.92;709.92;709.93;709.93;709.93;709.93;709.93;709.93;709.93;709.94;709.94;709.94;709.94;709.94;709.94;709.95;709.95;709.95;709.95;709.96;709.96;709.96;709.96;709.96;709.97;709.97;709.97;709.97;709.97;709.97;709.97;709.97;709.98;709.98;709.98;709.98;709.98;709.99;709.99;709.99;709.99;709.99;709.99;709.99;710.00;710.00;732.99,v1.0.0\sub-1077sg2\eeg\sub-1077sg2_task-restingstate_desc-preprocessed_eeg.set,47.22,BDF file resampled pruned with ICA,sg2_rs_1077_prepro.set,D:\Infractores\1077\sg2_rs_1077.bdf,128.0,93952.0,empty,,EX1;EX2;EX3;EX4;EX5;EX6;EX7;EX8,average,103.0,128.0,0.0,0.0,8.391,2021-12-14 14:23:52,102.0,condition 64;condition 128;condition 64;condition 128;condition 64;38912;1997;1997;1999;1997;1997;1997;1998;1998;1999;1998;1999;1997;1998;1997;1996;1997;1999;1998;1999;1999;1998;2000;1997;1998;1998;1998;1998;1999;1999;1999;1998;2000;1998;1998;1999;1999;1999;1998;1998;1998;1998;1999;1998;1999;1998;2000;1998;1997;1997;1998;1997;1997;1997;1996;1998;1999;1998;1999;1998;1999;1997;1997;1997;1995;1997;1998;1998;1997;1997;1997;1996;1997;1995;1998;1997;1998;1999;1997;1997;1997;1997;1997;1997;1998;1998;1998;1998;1998;1997;1997;1997;1997;1996;1997;1997;condition 128,,,720.0,0.0,2.0,3.0,C:10.7-70.7(60.0s) | O:70.7-131.6(60.9s) | C:131.6-191.5(60.0s) | O:191.5-252.0(60.5s) | C:252.0-709.0(457.0s) | ?:709.0-709.8(0.8s) | ?:709.8-709.8(0.0s) | ?:709.8-709.8(0.0s) | ?:709.8-709.8(0.0s) | ?:709.8-709.8(0.0s) | ?:709.8-709.8(0.0s) | ?:709.8-709.8(0.0s) | ?:709.8-709.8(0.0s) | ?:709.8-709.8(0.0s) | ?:709.8-709.9(0.0s) | ?:709.9-709.9(0.0s) | ?:709.9-709.9(0.0s) | ?:709.9-709.9(0.0s) | ?:709.9-709.9(0.0s) | ?:709.9-709.9(0.0s) | ?:709.9-709.9(0.0s) | ?:709.9-709.9(0.0s) | ?:709.9-709.9(0.0s) | ?:709.9-709.9(0.0s) | ?:709.9-709.9(0.0s) | ?:709.9-709.9(0.0s) | ?:709.9-709.9(0.0s) | ?:709.9-709.9(0.0s) | ?:709.9-709.9(0.0s) | ?:709.9-709.9(0.0s) | ?:709.9-709.9(0.0s) | ?:709.9-709.9(0.0s) | ?:709.9-709.9(0.0s) | ?:709.9-709.9(0.0s) | ?:709.9-709.9(0.0s) | ?:709.9-709.9(0.0s) | ?:709.9-709.9(0.0s) | ?:709.9-709.9(0.0s) | ?:709.9-709.9(0.0s) | ?:709.9-709.9(0.0s) | ?:709.9-709.9(0.0s) | ?:709.9-709.9(0.0s) | ?:709.9-709.9(0.0s) | ?:709.9-709.9(0.0s) | ?:709.9-709.9(0.0s) | ?:709.9-709.9(0.0s) | ?:709.9-709.9(0.0s) | ?:709.9-709.9(0.0s) | ?:709.9-709.9(0.0s) | ?:709.9-709.9(0.0s) | ?:709.9-709.9(0.0s) | ?:709.9-709.9(0.0s) | ?:709.9-709.9(0.0s) | ?:709.9-709.9(0.0s) | ?:709.9-709.9(0.0s) | ?:709.9-709.9(0.0s) | ?:709.9-709.9(0.0s) | ?:709.9-709.9(0.0s) | ?:709.9-709.9(0.0s) | ?:709.9-709.9(0.0s) | ?:709.9-709.9(0.0s) | ?:709.9-709.9(0.0s) | ?:709.9-709.9(0.0s) | ?:709.9-709.9(0.0s) | ?:709.9-709.9(0.0s) | ?:709.9-709.9(0.0s) | ?:709.9-709.9(0.0s) | ?:709.9-709.9(0.0s) | ?:709.9-709.9(0.0s) | ?:709.9-709.9(0.0s) | ?:709.9-709.9(0.0s) | ?:709.9-710.0(0.0s) | ?:710.0-710.0(0.0s) | ?:710.0-710.0(0.0s) | ?:710.0-710.0(0.0s) | ?:710.0-710.0(0.0s) | ?:710.0-710.0(0.0s) | ?:710.0-710.0(0.0s) | ?:710.0-710.0(0.0s) | ?:710.0-710.0(0.0s) | ?:710.0-710.0(0.0s) | ?:710.0-710.0(0.0s) | ?:710.0-710.0(0.0s) | ?:710.0-710.0(0.0s) | ?:710.0-710.0(0.0s) | ?:710.0-710.0(0.0s) | ?:710.0-710.0(0.0s) | ?:710.0-710.0(0.0s) | ?:710.0-710.0(0.0s) | ?:710.0-710.0(0.0s) | ?:710.0-710.0(0.0s) | ?:710.0-710.0(0.0s) | ?:710.0-710.0(0.0s) | ?:710.0-710.0(0.0s) | ?:710.0-710.0(0.0s) | ?:710.0-710.0(0.0s) | ?:710.0-710.0(0.0s) | ?:710.0-710.0(0.0s) | ?:710.0-710.0(0.0s) | ?:710.0-710.0(0.0s) | ?:710.0-733.0(23.0s) | O:733.0-734.0(1.0s),10.7,732.99,1.01,457.0,
sub-1078sg2,sg2,epochs,200.0,4.0,128.0,128.0,0.0,0.0,COCO,True,0.00;50.00;100.00;150.00,v1.0.0\sub-1078sg2\eeg\sub-1078sg2_task-restingstate_acq-epochs_eeg.set,13.04,RsmpldPIcaEpochs,sg2_rs_1078_prepro_epochs.set,D:\Infractores\1078\sg2_rs_1078.bdf,128.0,6400.0,empty,,EX1;EX2;EX3;EX4;EX5;EX6;EX7;EX8,average,112.0,128.0,0.0,0.0,7.457,2022-04-26 14:20:48,4.0,PostClosed;PostOpen;PostClosed;PostOpen,COCO,9.05;68.98;129.48;189.38;249.62;730.57,240.0,60.0,2.0,3.0,,,,,,
sub-1078sg2,sg2,preprocessed,731.0,1.0,128.0,128.0,0.0,0.0,COCOCO,True,9.05;68.98;129.48;189.38;249.62;730.57,v1.0.0\sub-1078sg2\eeg\sub-1078sg2_task-restingstate_desc-preprocessed_eeg.set,47.01,BDF file resampled pruned with ICA,sg2_rs_1078_prepro.set,D:\Infractores\1078\sg2_rs_1078.bdf,128.0,93568.0,empty,,EX1;EX2;EX3;EX4;EX5;EX6;EX7;EX8,average,112.0,128.0,0.0,0.0,8.973,2022-04-26 14:20:48,6.0,condition 64;condition 128;condition 64;condition 128;condition 64;condition 128,,,720.0,0.0,2.0,3.0,C:9.0-69.0(59.9s) | O:69.0-129.5(60.5s) | C:129.5-189.4(59.9s) | O:189.4-249.6(60.2s) | C:249.6-730.6(480.9s) | O:730.6-731.0(0.4s),9.05,730.57,0.43,480.9,
sub-1079sg2,sg2,epochs,200.0,4.0,128.0,128.0,0.0,0.0,COCO,True,0.00;50.00;100.00;150.00,v1.0.0\sub-1079sg2\eeg\sub-1079sg2_task-restingstate_acq-epochs_eeg.set,13.06,RsmpldPIcaEpochs,sg2_rs_1079_prepro_epochs.set,D:\Infractores\1079\sg2_rs_1079.bdf,128.0,6400.0,empty,,EX1;EX2;EX3;EX4;EX5;EX6;EX7;EX8,average,108.0,128.0,0.0,0.0,3.82,2021-12-15 09:22:10,4.0,PostClosed;PostOpen;PostClosed;PostOpen,COCO,8.96;68.86;129.35;189.27;249.52;610.00;610.08;610.09;610.09;610.09;610.09;610.09;610.10;610.10;610.10;610.10;610.10;610.10;610.10;610.10;610.11;610.11;610.11;610.11;610.11;610.11;610.11;610.12;610.12;610.12;610.12;610.12;610.12;610.12;610.12;610.13;610.13;610.13;610.13;610.13;610.13;610.13;610.13;610.13;610.14;610.14;610.14;610.14;610.14;610.14;610.15;610.15;610.15;610.15;610.15;610.15;610.15;610.15;610.16;610.16;610.16;610.16;610.16;610.16;610.16;610.17;610.17;610.17;610.17;610.17;610.17;610.17;610.17;610.17;610.17;610.18;610.18;610.18;610.18;610.18;610.18;610.18;610.18;610.18;610.18;610.18;610.18;610.19;610.19;610.19;610.19;610.19;610.19;610.19;610.19;610.19;610.19;610.19;610.20;610.20;610.20;610.20;610.20;610.20;610.20;610.20;610.20;610.20;610.21;610.21;610.21;610.21;610.21;610.21;610.21;610.21;610.21;610.21;610.22;610.22;610.22;610.22;610.22;610.22;610.22;610.22;610.23;610.23;610.23;610.23;610.23;610.23;610.23;610.23;610.23;610.23;610.24;610.24;610.24;610.24;610.24;610.24;610.24;610.24;610.24;610.24;610.24;610.24;610.25;610.25;610.25;610.25;730.38,240.0,60.0,2.0,3.0,,,,,,
sub-1079sg2,sg2,preprocessed,731.0,1.0,128.0,128.0,0.0,0.0,COCOC???????????????????????????????????????????????????????????????????????????????????????????????????????????????????????????????????????????????????O,True,8.96;68.86;129.35;189.27;249.52;610.00;610.08;610.09;610.09;610.09;610.09;610.09;610.10;610.10;610.10;610.10;610.10;610.10;610.10;610.10;610.11;610.11;610.11;610.11;610.11;610.11;610.11;610.12;610.12;610.12;610.12;610.12;610.12;610.12;610.12;610.13;610.13;610.13;610.13;610.13;610.13;610.13;610.13;610.13;610.14;610.14;610.14;610.14;610.14;610.14;610.15;610.15;610.15;610.15;610.15;610.15;610.15;610.15;610.16;610.16;610.16;610.16;610.16;610.16;610.16;610.17;610.17;610.17;610.17;610.17;610.17;610.17;610.17;610.17;610.17;610.18;610.18;610.18;610.18;610.18;610.18;610.18;610.18;610.18;610.18;610.18;610.18;610.19;610.19;610.19;610.19;610.19;610.19;610.19;610.19;610.19;610.19;610.19;610.20;610.20;610.20;610.20;610.20;610.20;610.20;610.20;610.20;610.20;610.21;610.21;610.21;610.21;610.21;610.21;610.21;610.21;610.21;610.21;610.22;610.22;610.22;610.22;610.22;610.22;610.22;610.22;610.23;610.23;610.23;610.23;610.23;610.23;610.23;610.23;610.23;610.23;610.24;610.24;610.24;610.24;610.24;610.24;610.24;610.24;610.24;610.24;610.24;610.24;610.25;610.25;610.25;610.25;730.38,v1.0.0\sub-1079sg2\eeg\sub-1079sg2_task-restingstate_desc-preprocessed_eeg.set,47.07,BDF file resampled pruned with ICA,sg2_rs_1079_prepro.set,D:\Infractores\1079\sg2_rs_1079.bdf,128.0,93568.0,empty,,EX1;EX2;EX3;EX4;EX5;EX6;EX7;EX8,average,108.0,128.0,0.0,0.0,3.883,2021-12-15 09:22:10,153.0,condition 64;condition 128;condition 64;condition 128;condition 64;38912;23794;38898;24050;49650;30962;35570;45810;33266;46578;61170;14834;35826;51186;61426;65522;5874;44018;6642;51698;37106;2290;1778;46578;40434;754;55538;65010;65522;29682;8178;34802;65522;31986;41970;33010;60146;40434;58866;24562;37618;39154;43762;18674;49650;37106;2546;21490;17138;15602;34290;18162;33010;48626;21234;7922;58610;23794;14322;36594;43506;36082;38526;48510;40830;35198;39550;42366;42878;31870;30078;31870;36478;34686;44158;40830;25214;32638;27518;34430;36734;40318;35966;40062;46462;34174;27774;38782;44158;36478;45182;45950;41086;43390;36478;41086;29310;29566;34686;33918;37758;29566;31870;33918;35454;35454;40318;30590;39294;45694;40062;41342;30078;35966;34686;37758;39294;33918;34174;34174;38270;39294;32126;30334;38014;40830;30846;26750;41854;34174;37246;31870;36990;32126;30590;32638;36990;41598;41854;39294;34942;40318;40574;45182;45182;35454;41342;condition 128,,,720.0,0.0,2.0,3.0,C:9.0-68.9(59.9s) | O:68.9-129.4(60.5s) | C:129.4-189.3(59.9s) | O:189.3-249.5(60.3s) | C:249.5-610.0(360.5s) | ?:610.0-610.1(0.1s) | ?:610.1-610.1(0.0s) | ?:610.1-610.1(0.0s) | ?:610.1-610.1(0.0s) | ?:610.1-610.1(0.0s) | ?:610.1-610.1(0.0s) | ?:610.1-610.1(0.0s) | ?:610.1-610.1(0.0s) | ?:610.1-610.1(0.0s) | ?:610.1-610.1(0.0s) | ?:610.1-610.1(0.0s) | ?:610.1-610.1(0.0s) | ?:610.1-610.1(0.0s) | ?:610.1-610.1(0.0s) | ?:610.1-610.1(0.0s) | ?:610.1-610.1(0.0s) | ?:610.1-610.1(0.0s) | ?:610.1-610.1(0.0s) | ?:610.1-610.1(0.0s) | ?:610.1-610.1(0.0s) | ?:610.1-610.1(0.0s) | ?:610.1-610.1(0.0s) | ?:610.1-610.1(0.0s) | ?:610.1-610.1(0.0s) | ?:610.1-610.1(0.0s) | ?:610.1-610.1(0.0s) | ?:610.1-610.1(0.0s) | ?:610.1-610.1(0.0s) | ?:610.1-610.1(0.0s) | ?:610.1-610.1(0.0s) | ?:610.1-610.1(0.0s) | ?:610.1-610.1(0.0s) | ?:610.1-610.1(0.0s) | ?:610.1-610.1(0.0s) | ?:610.1-610.1(0.0s) | ?:610.1-610.1(0.0s) | ?:610.1-610.1(0.0s) | ?:610.1-610.1(0.0s) | ?:610.1-610.1(0.0s) | ?:610.1-610.1(0.0s) | ?:610.1-610.1(0.0s) | ?:610.1-610.1(0.0s) | ?:610.1-610.1(0.0s) | ?:610.1-610.1(0.0s) | ?:610.1-610.1(0.0s) | ?:610.1-610.1(0.0s) | ?:610.1-610.1(0.0s) | ?:610.1-610.1(0.0s) | ?:610.1-610.2(0.0s) | ?:610.2-610.2(0.0s) | ?:610.2-610.2(0.0s) | ?:610.2-610.2(0.0s) | ?:610.2-610.2(0.0s) | ?:610.2-610.2(0.0s) | ?:610.2-610.2(0.0s) | ?:610.2-610.2(0.0s) | ?:610.2-610.2(0.0s) | ?:610.2-610.2(0.0s) | ?:610.2-610.2(0.0s) | ?:610.2-610.2(0.0s) | ?:610.2-610.2(0.0s) | ?:610.2-610.2(0.0s) | ?:610.2-610.2(0.0s) | ?:610.2-610.2(0.0s) | ?:610.2-610.2(0.0s) | ?:610.2-610.2(0.0s) | ?:610.2-610.2(0.0s) | ?:610.2-610.2(0.0s) | ?:610.2-610.2(0.0s) | ?:610.2-610.2(0.0s) | ?:610.2-610.2(0.0s) | ?:610.2-610.2(0.0s) | ?:610.2-610.2(0.0s) | ?:610.2-610.2(0.0s) | ?:610.2-610.2(0.0s) | ?:610.2-610.2(0.0s) | ?:610.2-610.2(0.0s) | ?:610.2-610.2(0.0s) | ?:610.2-610.2(0.0s) | ?:610.2-610.2(0.0s) | ?:610.2-610.2(0.0s) | ?:610.2-610.2(0.0s) | ?:610.2-610.2(0.0s) | ?:610.2-610.2(0.0s) | ?:610.2-610.2(0.0s) | ?:610.2-610.2(0.0s) | ?:610.2-610.2(0.0s) | ?:610.2-610.2(0.0s) | ?:610.2-610.2(0.0s) | ?:610.2-610.2(0.0s) | ?:610.2-610.2(0.0s) | ?:610.2-610.2(0.0s) | ?:610.2-610.2(0.0s) | ?:610.2-610.2(0.0s) | ?:610.2-610.2(0.0s) | ?:610.2-610.2(0.0s) | ?:610.2-610.2(0.0s) | ?:610.2-610.2(0.0s) | ?:610.2-610.2(0.0s) | ?:610.2-610.2(0.0s) | ?:610.2-610.2(0.0s) | ?:610.2-610.2(0.0s) | ?:610.2-610.2(0.0s) | ?:610.2-610.2(0.0s) | ?:610.2-610.2(0.0s) | ?:610.2-610.2(0.0s) | ?:610.2-610.2(0.0s) | ?:610.2-610.2(0.0s) | ?:610.2-610.2(0.0s) | ?:610.2-610.2(0.0s) | ?:610.2-610.2(0.0s) | ?:610.2-610.2(0.0s) | ?:610.2-610.2(0.0s) | ?:610.2-610.2(0.0s) | ?:610.2-610.2(0.0s) | ?:610.2-610.2(0.0s) | ?:610.2-610.2(0.0s) | ?:610.2-610.2(0.0s) | ?:610.2-610.2(0.0s) | ?:610.2-610.2(0.0s) | ?:610.2-610.2(0.0s) | ?:610.2-610.2(0.0s) | ?:610.2-610.2(0.0s) | ?:610.2-610.2(0.0s) | ?:610.2-610.2(0.0s) | ?:610.2-610.2(0.0s) | ?:610.2-610.2(0.0s) | ?:610.2-610.2(0.0s) | ?:610.2-610.2(0.0s) | ?:610.2-610.2(0.0s) | ?:610.2-610.2(0.0s) | ?:610.2-610.2(0.0s) | ?:610.2-610.2(0.0s) | ?:610.2-610.2(0.0s) | ?:610.2-610.2(0.0s) | ?:610.2-610.2(0.0s) | ?:610.2-610.2(0.0s) | ?:610.2-610.2(0.0s) | ?:610.2-610.2(0.0s) | ?:610.2-610.2(0.0s) | ?:610.2-610.2(0.0s) | ?:610.2-610.2(0.0s) | ?:610.2-610.2(0.0s) | ?:610.2-610.2(0.0s) | ?:610.2-610.2(0.0s) | ?:610.2-610.2(0.0s) | ?:610.2-730.4(120.1s) | O:730.4-731.0(0.6s),8.96,730.38,0.62,360.5,
sub-1081sg2,sg2,epochs,200.0,4.0,128.0,128.0,0.0,0.0,COCO,True,0.00;50.00;100.00;150.00,v1.0.0\sub-1081sg2\eeg\sub-1081sg2_task-restingstate_acq-epochs_eeg.set,13.03,RsmpldPIcaEpochs,sg2_rs_1081_prepro_epochs.set,D:\Infractores\1081\sg2_rs_1081.bdf,128.0,6400.0,empty,,EX1;EX2;EX3;EX4;EX5;EX6;EX7;EX8,average,108.0,128.0,0.0,0.0,4.793,2022-04-06 09:42:03,4.0,PostClosed;PostOpen;PostClosed;PostOpen,COCO,10.72;70.71;131.70;191.72;252.20;733.20,240.0,60.0,2.0,3.0,,,,,,
sub-1081sg2,sg2,preprocessed,734.0,1.0,128.0,128.0,0.0,0.0,COCOCO,True,10.72;70.71;131.70;191.72;252.20;733.20,v1.0.0\sub-1081sg2\eeg\sub-1081sg2_task-restingstate_desc-preprocessed_eeg.set,47.2,BDF file resampled pruned with ICA,sg2_rs_1081_prepro.set,D:\Infractores\1081\sg2_rs_1081.bdf,128.0,93952.0,empty,,EX1;EX2;EX3;EX4;EX5;EX6;EX7;EX8,average,108.0,128.0,0.0,0.0,4.136,2022-04-06 09:42:03,6.0,condition 64;condition 128;condition 64;condition 128;condition 64;condition 128,,,720.0,0.0,2.0,3.0,C:10.7-70.7(60.0s) | O:70.7-131.7(61.0s) | C:131.7-191.7(60.0s) | O:191.7-252.2(60.5s) | C:252.2-733.2(481.0s) | O:733.2-734.0(0.8s),10.72,733.2,0.8,481.0,
sub-1083sg2,sg2,epochs,200.0,4.0,128.0,128.0,0.0,0.0,COCO,True,0.00;50.00;100.00;150.00,v1.0.0\sub-1083sg2\eeg\sub-1083sg2_task-restingstate_acq-epochs_eeg.set,13.08,RsmpldPIcaEpochs,sg2_rs_1083_prepro_epochs.set,D:\Infractores\1083\sg2_rs_1083.bdf,128.0,6400.0,empty,,EX1;EX2;EX3;EX4;EX5;EX6;EX7;EX8,average,120.0,128.0,0.0,0.0,10.155,2022-04-28 13:21:52,4.0,PostClosed;PostOpen;PostClosed;PostOpen,COCO,9.10;69.01;129.50;189.42;249.73;633.00;633.83;633.83;633.84;633.84;633.84;633.84;633.84;633.84;633.85;633.85;633.85;633.85;633.85;633.85;633.85;633.85;633.86;633.86;633.86;633.86;633.86;633.86;633.87;633.87;633.87;633.87;633.87;633.87;633.87;633.87;633.88;633.88;633.88;633.88;633.88;633.88;633.88;633.88;633.89;633.89;633.89;633.89;633.89;633.89;633.90;633.90;633.90;633.90;633.90;633.90;633.90;633.90;633.91;633.91;633.91;633.91;633.91;633.91;633.91;633.91;633.91;633.92;633.92;633.92;633.92;633.92;633.92;633.93;633.93;633.93;633.93;633.93;633.93;633.94;633.94;633.94;633.94;633.95;633.95;633.95;633.95;633.95;633.95;633.96;633.96;633.96;633.96;633.96;633.96;633.96;633.96;633.97;633.97;633.97;633.97;633.97;633.97;633.98;633.98;633.98;633.98;633.98;633.98;633.98;633.99;633.99;633.99;633.99;633.99;633.99;633.99;634.00;634.00;634.00;634.00;730.59,240.0,60.0,2.0,3.0,,,,,,
sub-1083sg2,sg2,preprocessed,731.0,1.0,128.0,128.0,0.0,0.0,COCOC????????????????????????????????????????????????????????????????????????????????????????????????????????????????????O,True,9.10;69.01;129.50;189.42;249.73;633.00;633.83;633.83;633.84;633.84;633.84;633.84;633.84;633.84;633.85;633.85;633.85;633.85;633.85;633.85;633.85;633.85;633.86;633.86;633.86;633.86;633.86;633.86;633.87;633.87;633.87;633.87;633.87;633.87;633.87;633.87;633.88;633.88;633.88;633.88;633.88;633.88;633.88;633.88;633.89;633.89;633.89;633.89;633.89;633.89;633.90;633.90;633.90;633.90;633.90;633.90;633.90;633.90;633.91;633.91;633.91;633.91;633.91;633.91;633.91;633.91;633.91;633.92;633.92;633.92;633.92;633.92;633.92;633.93;633.93;633.93;633.93;633.93;633.93;633.94;633.94;633.94;633.94;633.95;633.95;633.95;633.95;633.95;633.95;633.96;633.96;633.96;633.96;633.96;633.96;633.96;633.96;633.97;633.97;633.97;633.97;633.97;633.97;633.98;633.98;633.98;633.98;633.98;633.98;633.98;633.99;633.99;633.99;633.99;633.99;633.99;633.99;634.00;634.00;634.00;634.00;730.59,v1.0.0\sub-1083sg2\eeg\sub-1083sg2_task-restingstate_desc-preprocessed_eeg.set,47.07,BDF file resampled pruned with ICA,sg2_rs_1083_prepro.set,D:\Infractores\1083\sg2_rs_1083.bdf,128.0,93568.0,empty,,EX1;EX2;EX3;EX4;EX5;EX6;EX7;EX8,average,120.0,128.0,0.0,0.0,13.495,2022-04-28 13:21:52,122.0,condition 64;condition 128;condition 64;condition 128;condition 64;38912;1650;1650;1652;1648;1649;1649;1649;1647;1650;1651;1651;1650;1650;1649;1650;1652;1648;1650;1649;1649;1650;1651;1650;1650;1649;1649;1651;1652;1648;1649;1649;1650;1648;1650;1651;1651;1651;1650;1652;1653;1649;1650;1651;1650;1650;1653;1651;1652;1651;1651;1654;1651;1648;1649;1650;1649;1649;1650;1647;1651;1652;1650;1650;1652;1648;1649;1650;1649;1650;1651;1650;1651;1651;1649;1650;1650;1650;1652;1650;1651;1651;1650;1651;1647;1647;1648;1649;1648;1648;1651;1650;1650;1650;1652;1649;1647;1649;1648;1649;1647;1650;1650;1650;1649;1650;1652;1648;1649;1648;1649;1649;1646;1647;1651;1650;condition 128,,,720.0,0.0,2.0,3.0,C:9.1-69.0(59.9s) | O:69.0-129.5(60.5s) | C:129.5-189.4(59.9s) | O:189.4-249.7(60.3s) | C:249.7-633.0(383.3s) | ?:633.0-633.8(0.8s) | ?:633.8-633.8(0.0s) | ?:633.8-633.8(0.0s) | ?:633.8-633.8(0.0s) | ?:633.8-633.8(0.0s) | ?:633.8-633.8(0.0s) | ?:633.8-633.8(0.0s) | ?:633.8-633.8(0.0s) | ?:633.8-633.8(0.0s) | ?:633.8-633.8(0.0s) | ?:633.8-633.8(0.0s) | ?:633.8-633.8(0.0s) | ?:633.8-633.9(0.0s) | ?:633.9-633.9(0.0s) | ?:633.9-633.9(0.0s) | ?:633.9-633.9(0.0s) | ?:633.9-633.9(0.0s) | ?:633.9-633.9(0.0s) | ?:633.9-633.9(0.0s) | ?:633.9-633.9(0.0s) | ?:633.9-633.9(0.0s) | ?:633.9-633.9(0.0s) | ?:633.9-633.9(0.0s) | ?:633.9-633.9(0.0s) | ?:633.9-633.9(0.0s) | ?:633.9-633.9(0.0s) | ?:633.9-633.9(0.0s) | ?:633.9-633.9(0.0s) | ?:633.9-633.9(0.0s) | ?:633.9-633.9(0.0s) | ?:633.9-633.9(0.0s) | ?:633.9-633.9(0.0s) | ?:633.9-633.9(0.0s) | ?:633.9-633.9(0.0s) | ?:633.9-633.9(0.0s) | ?:633.9-633.9(0.0s) | ?:633.9-633.9(0.0s) | ?:633.9-633.9(0.0s) | ?:633.9-633.9(0.0s) | ?:633.9-633.9(0.0s) | ?:633.9-633.9(0.0s) | ?:633.9-633.9(0.0s) | ?:633.9-633.9(0.0s) | ?:633.9-633.9(0.0s) | ?:633.9-633.9(0.0s) | ?:633.9-633.9(0.0s) | ?:633.9-633.9(0.0s) | ?:633.9-633.9(0.0s) | ?:633.9-633.9(0.0s) | ?:633.9-633.9(0.0s) | ?:633.9-633.9(0.0s) | ?:633.9-633.9(0.0s) | ?:633.9-633.9(0.0s) | ?:633.9-633.9(0.0s) | ?:633.9-633.9(0.0s) | ?:633.9-633.9(0.0s) | ?:633.9-633.9(0.0s) | ?:633.9-633.9(0.0s) | ?:633.9-633.9(0.0s) | ?:633.9-633.9(0.0s) | ?:633.9-633.9(0.0s) | ?:633.9-633.9(0.0s) | ?:633.9-633.9(0.0s) | ?:633.9-633.9(0.0s) | ?:633.9-633.9(0.0s) | ?:633.9-633.9(0.0s) | ?:633.9-633.9(0.0s) | ?:633.9-633.9(0.0s) | ?:633.9-633.9(0.0s) | ?:633.9-633.9(0.0s) | ?:633.9-633.9(0.0s) | ?:633.9-633.9(0.0s) | ?:633.9-633.9(0.0s) | ?:633.9-633.9(0.0s) | ?:633.9-633.9(0.0s) | ?:633.9-633.9(0.0s) | ?:633.9-633.9(0.0s) | ?:633.9-633.9(0.0s) | ?:633.9-633.9(0.0s) | ?:633.9-633.9(0.0s) | ?:633.9-634.0(0.0s) | ?:634.0-634.0(0.0s) | ?:634.0-634.0(0.0s) | ?:634.0-634.0(0.0s) | ?:634.0-634.0(0.0s) | ?:634.0-634.0(0.0s) | ?:634.0-634.0(0.0s) | ?:634.0-634.0(0.0s) | ?:634.0-634.0(0.0s) | ?:634.0-634.0(0.0s) | ?:634.0-634.0(0.0s) | ?:634.0-634.0(0.0s) | ?:634.0-634.0(0.0s) | ?:634.0-634.0(0.0s) | ?:634.0-634.0(0.0s) | ?:634.0-634.0(0.0s) | ?:634.0-634.0(0.0s) | ?:634.0-634.0(0.0s) | ?:634.0-634.0(0.0s) | ?:634.0-634.0(0.0s) | ?:634.0-634.0(0.0s) | ?:634.0-634.0(0.0s) | ?:634.0-634.0(0.0s) | ?:634.0-634.0(0.0s) | ?:634.0-634.0(0.0s) | ?:634.0-634.0(0.0s) | ?:634.0-634.0(0.0s) | ?:634.0-634.0(0.0s) | ?:634.0-634.0(0.0s) | ?:634.0-634.0(0.0s) | ?:634.0-634.0(0.0s) | ?:634.0-634.0(0.0s) | ?:634.0-634.0(0.0s) | ?:634.0-634.0(0.0s) | ?:634.0-634.0(0.0s) | ?:634.0-730.6(96.6s) | O:730.6-731.0(0.4s),9.1,730.59,0.41,383.3,
sub-1084sg2,sg2,epochs,200.0,4.0,128.0,128.0,0.0,0.0,COCO,True,0.00;50.00;100.00;150.00,v1.0.0\sub-1084sg2\eeg\sub-1084sg2_task-restingstate_acq-epochs_eeg.set,13.01,RsmpldPIcaEpochs,sg2_rs_1084_prepro_epochs.set,S:\1084\sg2_rs_1084.bdf,128.0,6400.0,empty,,EX1;EX2;EX3;EX4;EX5;EX6;EX7;EX8,average,102.0,128.0,0.0,0.0,5.803,2022-06-07 09:49:13,4.0,PostClosed;PostOpen;PostClosed;PostOpen,COCO,28.62;88.55;150.34;210.31;270.87;751.89,240.0,60.0,2.0,3.0,,,,,,
sub-1084sg2,sg2,preprocessed,,,,,,,,,,,,,,,,,,,,,,,,,,,,,,,,,,,,,,,,"ValueError(""could not convert string to float: 'sg2_rs_1084_prepro.fdt'"")"
sub-1087sg2,sg2,epochs,200.0,4.0,128.0,128.0,0.0,0.0,COCO,True,0.00;50.00;100.00;150.00,v1.0.0\sub-1087sg2\eeg\sub-1087sg2_task-restingstate_acq-epochs_eeg.set,13.05,RsmpldPIcaEpochs,sg2_rs_1087_prepro_epochs.set,D:\Infractores\1087\sg2_rs_1087.bdf,128.0,6400.0,empty,,EX1;EX2;EX3;EX4;EX5;EX6;EX7;EX8,average,117.0,128.0,0.0,0.0,7.262,2021-12-14 09:40:24,4.0,PostClosed;PostOpen;PostClosed;PostOpen,COCO,8.46;68.36;128.87;188.81;249.08;729.99,240.0,60.0,2.0,3.0,,,,,,
sub-1087sg2,sg2,preprocessed,731.0,1.0,128.0,128.0,0.0,0.0,COCOCO,True,8.46;68.36;128.87;188.81;249.08;729.99,v1.0.0\sub-1087sg2\eeg\sub-1087sg2_task-restingstate_desc-preprocessed_eeg.set,47.02,BDF file resampled pruned with ICA,sg2_rs_1087_prepro.set,D:\Infractores\1087\sg2_rs_1087.bdf,128.0,93568.0,empty,,EX1;EX2;EX3;EX4;EX5;EX6;EX7;EX8,average,117.0,128.0,0.0,0.0,7.553,2021-12-14 09:40:24,6.0,condition 64;condition 128;condition 64;condition 128;condition 64;condition 128,,,720.0,0.0,2.0,3.0,C:8.5-68.4(59.9s) | O:68.4-128.9(60.5s) | C:128.9-188.8(59.9s) | O:188.8-249.1(60.3s) | C:249.1-730.0(480.9s) | O:730.0-731.0(1.0s),8.46,729.99,1.01,480.9,
sub-1096sg2,sg2,epochs,200.0,4.0,128.0,128.0,0.0,0.0,COCO,True,0.00;50.00;100.00;150.00,v1.0.0\sub-1096sg2\eeg\sub-1096sg2_task-restingstate_acq-epochs_eeg.set,13.03,RsmpldPIcaEpochs,sg2_rs_1096_prepro_epochs.set,D:\Infractores\1096\sg2_rs_1096.bdf,128.0,6400.0,empty,,EX1;EX2;EX3;EX4;EX5;EX6;EX7;EX8,average,108.0,128.0,0.0,0.0,8.527,2022-04-06 14:11:50,4.0,PostClosed;PostOpen;PostClosed;PostOpen,COCO,9.53;69.54;130.40;190.42;250.94;731.91,240.0,60.0,2.0,3.0,,,,,,
sub-1096sg2,sg2,preprocessed,733.0,1.0,128.0,128.0,0.0,0.0,COCOCO,True,9.53;69.54;130.40;190.42;250.94;731.91,v1.0.0\sub-1096sg2\eeg\sub-1096sg2_task-restingstate_desc-preprocessed_eeg.set,47.13,BDF file resampled pruned with ICA,sg2_rs_1096_prepro.set,D:\Infractores\1096\sg2_rs_1096.bdf,128.0,93824.0,empty,,EX1;EX2;EX3;EX4;EX5;EX6;EX7;EX8,average,108.0,128.0,0.0,0.0,8.812,2022-04-06 14:11:50,6.0,condition 64;condition 128;condition 64;condition 128;condition 64;condition 128,,,720.0,0.0,2.0,3.0,C:9.5-69.5(60.0s) | O:69.5-130.4(60.9s) | C:130.4-190.4(60.0s) | O:190.4-250.9(60.5s) | C:250.9-731.9(481.0s) | O:731.9-733.0(1.1s),9.53,731.91,1.09,481.0,
sub-1097sg2,sg2,epochs,200.0,4.0,128.0,128.0,0.0,0.0,COCO,True,0.00;50.00;100.00;150.00,v1.0.0\sub-1097sg2\eeg\sub-1097sg2_task-restingstate_acq-epochs_eeg.set,13.05,RsmpldPIcaEpochs,sg2_rs_1097_prepro_epochs.set,D:\Infractores\1097\sg2_rs_1097.bdf,128.0,6400.0,empty,,EX1;EX2;EX3;EX4;EX5;EX6;EX7;EX8,average,117.0,128.0,0.0,0.0,8.499,2022-04-04 14:58:30,4.0,PostClosed;PostOpen;PostClosed;PostOpen,COCO,10.85;70.87;131.95;191.99;252.50;733.48,240.0,60.0,2.0,3.0,,,,,,
sub-1097sg2,sg2,preprocessed,734.0,1.0,128.0,128.0,0.0,0.0,COCOCO,True,10.85;70.87;131.95;191.99;252.50;733.48,v1.0.0\sub-1097sg2\eeg\sub-1097sg2_task-restingstate_desc-preprocessed_eeg.set,47.21,BDF file resampled pruned with ICA,sg2_rs_1097_prepro.set,D:\Infractores\1097\sg2_rs_1097.bdf,128.0,93952.0,empty,,EX1;EX2;EX3;EX4;EX5;EX6;EX7;EX8,average,117.0,128.0,0.0,0.0,8.945,2022-04-04 14:58:30,6.0,condition 64;condition 128;condition 64;condition 128;condition 64;condition 128,,,720.0,0.0,2.0,3.0,C:10.8-70.9(60.0s) | O:70.9-131.9(61.1s) | C:131.9-192.0(60.0s) | O:192.0-252.5(60.5s) | C:252.5-733.5(481.0s) | O:733.5-734.0(0.5s),10.85,733.48,0.52,481.0,
sub-1099sg2,sg2,epochs,200.0,4.0,128.0,128.0,0.0,0.0,COCO,True,0.00;50.00;100.00;150.00,v1.0.0\sub-1099sg2\eeg\sub-1099sg2_task-restingstate_acq-epochs_eeg.set,13.02,RsmpldPIcaEpochs,sg2_rs_1099_prepro_epochs.set,D:\Infractores\1099\sg2_rs_1099.bdf,128.0,6400.0,empty,,EX1;EX2;EX3;EX4;EX5;EX6;EX7;EX8,average,107.0,128.0,0.0,0.0,4.661,2022-04-27 09:40:24,4.0,PostClosed;PostOpen;PostClosed;PostOpen,COCO,9.19;69.14;129.64;189.61;249.90;730.85,240.0,60.0,2.0,3.0,,,,,,
sub-1099sg2,sg2,preprocessed,732.0,1.0,128.0,128.0,0.0,0.0,COCOCO,True,9.19;69.14;129.64;189.61;249.90;730.85,v1.0.0\sub-1099sg2\eeg\sub-1099sg2_task-restingstate_desc-preprocessed_eeg.set,47.07,BDF file resampled pruned with ICA,sg2_rs_1099_prepro.set,D:\Infractores\1099\sg2_rs_1099.bdf,128.0,93696.0,empty,,EX1;EX2;EX3;EX4;EX5;EX6;EX7;EX8,average,107.0,128.0,0.0,0.0,4.778,2022-04-27 09:40:24,6.0,condition 64;condition 128;condition 64;condition 128;condition 64;condition 128,,,720.0,0.0,2.0,3.0,C:9.2-69.1(59.9s) | O:69.1-129.6(60.5s) | C:129.6-189.6(60.0s) | O:189.6-249.9(60.3s) | C:249.9-730.8(481.0s) | O:730.8-732.0(1.2s),9.19,730.85,1.15,481.0,
sub-1100sg2,sg2,epochs,200.0,4.0,128.0,128.0,0.0,0.0,COCO,True,0.00;50.00;100.00;150.00,v1.0.0\sub-1100sg2\eeg\sub-1100sg2_task-restingstate_acq-epochs_eeg.set,13.04,RsmpldPIcaEpochs,sg2_rs_1100_prepro_epochs.set,D:\Infractores\1100\sg2_rs_1100.bdf,128.0,6400.0,empty,,EX1;EX2;EX3;EX4;EX5;EX6;EX7;EX8,average,114.0,128.0,0.0,0.0,7.439,2022-04-07 09:46:15,4.0,PostClosed;PostOpen;PostClosed;PostOpen,COCO,9.40;69.34;129.81;189.77;250.03;731.07,240.0,60.0,2.0,3.0,,,,,,
sub-1100sg2,sg2,preprocessed,732.0,1.0,128.0,128.0,0.0,0.0,COCOCO,True,9.40;69.34;129.81;189.77;250.03;731.07,v1.0.0\sub-1100sg2\eeg\sub-1100sg2_task-restingstate_desc-preprocessed_eeg.set,47.08,BDF file resampled pruned with ICA,sg2_rs_1100_prepro.set,D:\Infractores\1100\sg2_rs_1100.bdf,128.0,93696.0,empty,,EX1;EX2;EX3;EX4;EX5;EX6;EX7;EX8,average,114.0,128.0,0.0,0.0,7.673,2022-04-07 09:46:15,6.0,condition 64;condition 128;condition 64;condition 128;condition 64;condition 128,,,720.0,0.0,2.0,3.0,C:9.4-69.3(59.9s) | O:69.3-129.8(60.5s) | C:129.8-189.8(60.0s) | O:189.8-250.0(60.3s) | C:250.0-731.1(481.0s) | O:731.1-732.0(0.9s),9.4,731.07,0.93,481.0,
sub-1103sg2,sg2,epochs,200.0,4.0,128.0,128.0,0.0,0.0,COCO,True,0.00;50.00;100.00;150.00,v1.0.0\sub-1103sg2\eeg\sub-1103sg2_task-restingstate_acq-epochs_eeg.set,12.99,RsmpldPIcaEpochs,sg2_rs_1103_prepro_epochs.set,D:\Infractores\1103\sg2_rs_1103.bdf,128.0,6400.0,empty,,EX1;EX2;EX3;EX4;EX5;EX6;EX7;EX8,average,95.0,128.0,0.0,0.0,4.049,2022-04-05 13:54:39,4.0,PostClosed;PostOpen;PostClosed;PostOpen,COCO,9.54;69.55;130.43;190.48;250.97;731.96,240.0,60.0,2.0,3.0,,,,,,
sub-1103sg2,sg2,preprocessed,733.0,1.0,128.0,128.0,0.0,0.0,COCOCO,True,9.54;69.55;130.43;190.48;250.97;731.96,v1.0.0\sub-1103sg2\eeg\sub-1103sg2_task-restingstate_desc-preprocessed_eeg.set,47.11,BDF file resampled pruned with ICA,sg2_rs_1103_prepro.set,D:\Infractores\1103\sg2_rs_1103.bdf,128.0,93824.0,empty,,EX1;EX2;EX3;EX4;EX5;EX6;EX7;EX8,average,95.0,128.0,0.0,0.0,4.075,2022-04-05 13:54:39,6.0,condition 64;condition 128;condition 64;condition 128;condition 64;condition 128,,,720.0,0.0,2.0,3.0,C:9.5-69.6(60.0s) | O:69.6-130.4(60.9s) | C:130.4-190.5(60.0s) | O:190.5-251.0(60.5s) | C:251.0-732.0(481.0s) | O:732.0-733.0(1.0s),9.54,731.96,1.04,481.0,
sub-1104sg2,sg2,epochs,200.0,4.0,128.0,128.0,0.0,0.0,COCO,True,0.00;50.00;100.00;150.00,v1.0.0\sub-1104sg2\eeg\sub-1104sg2_task-restingstate_acq-epochs_eeg.set,12.96,RsmpldPIcaEpochs,sg2_rs_1104_prepro_epochs.set,D:\Infractores\1104\sg2_rs_1104.bdf,128.0,6400.0,empty,,EX1;EX2;EX3;EX4;EX5;EX6;EX7;EX8,average,87.0,128.0,0.0,0.0,7.391,2022-04-05 09:44:37,4.0,PostClosed;PostOpen;PostClosed;PostOpen,COCO,10.44;70.42;131.31;191.32;251.82;732.81,240.0,60.0,2.0,3.0,,,,,,
sub-1104sg2,sg2,preprocessed,734.0,1.0,128.0,128.0,0.0,0.0,COCOCO,True,10.44;70.42;131.31;191.32;251.82;732.81,v1.0.0\sub-1104sg2\eeg\sub-1104sg2_task-restingstate_desc-preprocessed_eeg.set,47.16,BDF file resampled pruned with ICA,sg2_rs_1104_prepro.set,D:\Infractores\1104\sg2_rs_1104.bdf,128.0,93952.0,empty,,EX1;EX2;EX3;EX4;EX5;EX6;EX7;EX8,average,87.0,128.0,0.0,0.0,7.803,2022-04-05 09:44:37,6.0,condition 64;condition 128;condition 64;condition 128;condition 64;condition 128,,,720.0,0.0,2.0,3.0,C:10.4-70.4(60.0s) | O:70.4-131.3(60.9s) | C:131.3-191.3(60.0s) | O:191.3-251.8(60.5s) | C:251.8-732.8(481.0s) | O:732.8-734.0(1.2s),10.44,732.81,1.19,481.0,
sub-1105sg2,sg2,epochs,200.0,4.0,128.0,128.0,0.0,0.0,COCO,True,0.00;50.00;100.00;150.00,v1.0.0\sub-1105sg2\eeg\sub-1105sg2_task-restingstate_acq-epochs_eeg.set,13.0,RsmpldPIcaEpochs,sg2_rs_1105_prepro_epochs.set,D:\Infractores\1105\sg2_rs_1105.bdf,128.0,6400.0,empty,,EX1;EX2;EX3;EX4;EX5;EX6;EX7;EX8,average,100.0,128.0,0.0,0.0,5.236,2022-04-26 10:02:40,4.0,PostClosed;PostOpen;PostClosed;PostOpen,COCO,26.88;87.23;149.08;208.95;269.58;750.49,240.0,60.0,2.0,3.0,,,,,,
sub-1105sg2,sg2,preprocessed,752.0,1.0,128.0,128.0,0.0,0.0,COCOCO,True,26.88;87.23;149.08;208.95;269.58;750.49,v1.0.0\sub-1105sg2\eeg\sub-1105sg2_task-restingstate_desc-preprocessed_eeg.set,48.32,BDF file resampled pruned with ICA,sg2_rs_1105_prepro.set,D:\Infractores\1105\sg2_rs_1105.bdf,128.0,96256.0,empty,,EX1;EX2;EX3;EX4;EX5;EX6;EX7;EX8,average,100.0,128.0,0.0,0.0,5.196,2022-04-26 10:02:40,6.0,condition 64;condition 128;condition 64;condition 128;condition 64;condition 128,,,720.0,0.0,2.0,3.0,C:26.9-87.2(60.4s) | O:87.2-149.1(61.9s) | C:149.1-209.0(59.9s) | O:209.0-269.6(60.6s) | C:269.6-750.5(480.9s) | O:750.5-752.0(1.5s),26.88,750.49,1.51,480.9,
sub-1106sg2,sg2,epochs,200.0,4.0,128.0,128.0,0.0,0.0,COCO,True,0.00;50.00;100.00;150.00,v1.0.0\sub-1106sg2\eeg\sub-1106sg2_task-restingstate_acq-epochs_eeg.set,13.05,RsmpldPIcaEpochs,sg2_rs_1106_prepro_epochs.set,D:\Infractores\1106\sg2_rs_1106.bdf,128.0,6400.0,empty,,EX1;EX2;EX3;EX4;EX5;EX6;EX7;EX8,average,115.0,128.0,0.0,0.0,6.595,2022-05-09 13:52:20,4.0,PostClosed;PostOpen;PostClosed;PostOpen,COCO,0.03;39.05;98.93;161.03;220.82;281.54;762.33,240.0,60.0,2.0,3.0,,,,,,
sub-1106sg2,sg2,preprocessed,764.0,1.0,128.0,128.0,0.0,0.0,?COCOCO,True,0.03;39.05;98.93;161.03;220.82;281.54;762.33,v1.0.0\sub-1106sg2\eeg\sub-1106sg2_task-restingstate_desc-preprocessed_eeg.set,49.12,BDF file resampled pruned with ICA,sg2_rs_1106_prepro.set,D:\Infractores\1106\sg2_rs_1106.bdf,128.0,97792.0,empty,,EX1;EX2;EX3;EX4;EX5;EX6;EX7;EX8,average,115.0,128.0,0.0,0.0,6.761,2022-05-09 13:52:20,7.0,254;condition 64;condition 128;condition 64;condition 128;condition 64;condition 128,,,720.0,0.0,2.0,3.0,?:0.0-39.1(39.0s) | C:39.1-98.9(59.9s) | O:98.9-161.0(62.1s) | C:161.0-220.8(59.8s) | O:220.8-281.5(60.7s) | C:281.5-762.3(480.8s) | O:762.3-764.0(1.7s),0.03,762.33,1.67,480.8,
sub-1107sg2,sg2,epochs,200.0,4.0,128.0,128.0,0.0,0.0,COCO,True,0.00;50.00;100.00;150.00,v1.0.0\sub-1107sg2\eeg\sub-1107sg2_task-restingstate_acq-epochs_eeg.set,13.06,RsmpldPIcaEpochs,sg2_rs_1107_prepro_epochs.set,D:\Infractores\1107\sg2_rs_1107.bdf,128.0,6400.0,empty,,EX1;EX2;EX3;EX4;EX5;EX6;EX7;EX8,average,113.0,128.0,0.0,0.0,6.079,2022-05-10 09:42:45,4.0,PostClosed;PostOpen;PostClosed;PostOpen,COCO,27.69;87.56;149.04;209.00;269.66;339.00;339.83;339.83;339.84;339.84;339.84;339.84;339.84;339.85;339.85;339.85;339.85;339.86;339.86;339.86;339.86;339.86;339.86;339.86;339.87;339.87;339.87;339.87;339.87;339.88;339.88;339.88;339.88;339.88;339.88;339.88;339.89;339.89;339.89;339.89;339.90;339.90;339.90;339.90;339.90;339.90;339.90;339.90;339.91;339.91;339.91;339.91;339.91;339.91;339.92;339.92;339.92;339.92;339.92;339.92;339.92;339.93;339.93;339.93;339.93;339.93;339.93;339.93;339.93;339.94;339.94;339.94;339.94;339.94;339.94;339.94;339.95;339.95;339.95;339.95;339.95;339.96;339.96;339.96;339.96;339.96;339.96;339.96;339.97;339.97;339.97;339.97;339.97;339.98;339.98;339.98;339.98;339.98;339.98;339.99;339.99;339.99;339.99;339.99;339.99;339.99;340.00;340.00;340.00;750.50,240.0,60.0,2.0,3.0,,,,,,
sub-1107sg2,sg2,preprocessed,752.0,1.0,128.0,128.0,0.0,0.0,COCOC????????????????????????????????????????????????????????????????????????????????????????????????????????O,True,27.69;87.56;149.04;209.00;269.66;339.00;339.83;339.83;339.84;339.84;339.84;339.84;339.84;339.85;339.85;339.85;339.85;339.86;339.86;339.86;339.86;339.86;339.86;339.86;339.87;339.87;339.87;339.87;339.87;339.88;339.88;339.88;339.88;339.88;339.88;339.88;339.89;339.89;339.89;339.89;339.90;339.90;339.90;339.90;339.90;339.90;339.90;339.90;339.91;339.91;339.91;339.91;339.91;339.91;339.92;339.92;339.92;339.92;339.92;339.92;339.92;339.93;339.93;339.93;339.93;339.93;339.93;339.93;339.93;339.94;339.94;339.94;339.94;339.94;339.94;339.94;339.95;339.95;339.95;339.95;339.95;339.96;339.96;339.96;339.96;339.96;339.96;339.96;339.97;339.97;339.97;339.97;339.97;339.98;339.98;339.98;339.98;339.98;339.98;339.99;339.99;339.99;339.99;339.99;339.99;339.99;340.00;340.00;340.00;750.50,v1.0.0\sub-1107sg2\eeg\sub-1107sg2_task-restingstate_desc-preprocessed_eeg.set,48.38,BDF file resampled pruned with ICA,sg2_rs_1107_prepro.set,D:\Infractores\1107\sg2_rs_1107.bdf,128.0,96256.0,empty,,EX1;EX2;EX3;EX4;EX5;EX6;EX7;EX8,average,113.0,128.0,0.0,0.0,5.373,2022-05-10 09:42:45,110.0,condition 64;condition 128;condition 64;condition 128;condition 64;38912;65078;65079;65079;65078;65078;65079;65079;65079;65078;65079;65078;65078;65079;65079;65079;65079;65079;65079;65079;65079;65079;65079;65079;65078;65079;65078;65079;65078;65079;65079;65078;65078;65078;65079;65078;65079;65078;65078;65078;65078;65078;65079;65079;65078;65078;65078;65077;65078;65078;65078;65078;65078;65079;65078;65079;65078;65079;65079;65079;65079;65079;65079;65079;65079;65079;65079;65079;65079;65079;65079;65079;65079;65079;65079;65079;65079;65079;65079;65078;65079;65078;65078;65078;65078;65078;65078;65078;65078;65078;65078;65078;65078;65078;65078;65078;65078;65078;65078;65078;65078;65078;65078;65078;condition 128,,,720.0,0.0,2.0,3.0,C:27.7-87.6(59.9s) | O:87.6-149.0(61.5s) | C:149.0-209.0(60.0s) | O:209.0-269.7(60.7s) | C:269.7-339.0(69.3s) | ?:339.0-339.8(0.8s) | ?:339.8-339.8(0.0s) | ?:339.8-339.8(0.0s) | ?:339.8-339.8(0.0s) | ?:339.8-339.8(0.0s) | ?:339.8-339.8(0.0s) | ?:339.8-339.8(0.0s) | ?:339.8-339.8(0.0s) | ?:339.8-339.8(0.0s) | ?:339.8-339.9(0.0s) | ?:339.9-339.9(0.0s) | ?:339.9-339.9(0.0s) | ?:339.9-339.9(0.0s) | ?:339.9-339.9(0.0s) | ?:339.9-339.9(0.0s) | ?:339.9-339.9(0.0s) | ?:339.9-339.9(0.0s) | ?:339.9-339.9(0.0s) | ?:339.9-339.9(0.0s) | ?:339.9-339.9(0.0s) | ?:339.9-339.9(0.0s) | ?:339.9-339.9(0.0s) | ?:339.9-339.9(0.0s) | ?:339.9-339.9(0.0s) | ?:339.9-339.9(0.0s) | ?:339.9-339.9(0.0s) | ?:339.9-339.9(0.0s) | ?:339.9-339.9(0.0s) | ?:339.9-339.9(0.0s) | ?:339.9-339.9(0.0s) | ?:339.9-339.9(0.0s) | ?:339.9-339.9(0.0s) | ?:339.9-339.9(0.0s) | ?:339.9-339.9(0.0s) | ?:339.9-339.9(0.0s) | ?:339.9-339.9(0.0s) | ?:339.9-339.9(0.0s) | ?:339.9-339.9(0.0s) | ?:339.9-339.9(0.0s) | ?:339.9-339.9(0.0s) | ?:339.9-339.9(0.0s) | ?:339.9-339.9(0.0s) | ?:339.9-339.9(0.0s) | ?:339.9-339.9(0.0s) | ?:339.9-339.9(0.0s) | ?:339.9-339.9(0.0s) | ?:339.9-339.9(0.0s) | ?:339.9-339.9(0.0s) | ?:339.9-339.9(0.0s) | ?:339.9-339.9(0.0s) | ?:339.9-339.9(0.0s) | ?:339.9-339.9(0.0s) | ?:339.9-339.9(0.0s) | ?:339.9-339.9(0.0s) | ?:339.9-339.9(0.0s) | ?:339.9-339.9(0.0s) | ?:339.9-339.9(0.0s) | ?:339.9-339.9(0.0s) | ?:339.9-339.9(0.0s) | ?:339.9-339.9(0.0s) | ?:339.9-339.9(0.0s) | ?:339.9-339.9(0.0s) | ?:339.9-339.9(0.0s) | ?:339.9-339.9(0.0s) | ?:339.9-339.9(0.0s) | ?:339.9-339.9(0.0s) | ?:339.9-339.9(0.0s) | ?:339.9-339.9(0.0s) | ?:339.9-339.9(0.0s) | ?:339.9-339.9(0.0s) | ?:339.9-339.9(0.0s) | ?:339.9-339.9(0.0s) | ?:339.9-339.9(0.0s) | ?:339.9-340.0(0.0s) | ?:340.0-340.0(0.0s) | ?:340.0-340.0(0.0s) | ?:340.0-340.0(0.0s) | ?:340.0-340.0(0.0s) | ?:340.0-340.0(0.0s) | ?:340.0-340.0(0.0s) | ?:340.0-340.0(0.0s) | ?:340.0-340.0(0.0s) | ?:340.0-340.0(0.0s) | ?:340.0-340.0(0.0s) | ?:340.0-340.0(0.0s) | ?:340.0-340.0(0.0s) | ?:340.0-340.0(0.0s) | ?:340.0-340.0(0.0s) | ?:340.0-340.0(0.0s) | ?:340.0-340.0(0.0s) | ?:340.0-340.0(0.0s) | ?:340.0-340.0(0.0s) | ?:340.0-340.0(0.0s) | ?:340.0-340.0(0.0s) | ?:340.0-340.0(0.0s) | ?:340.0-340.0(0.0s) | ?:340.0-340.0(0.0s) | ?:340.0-340.0(0.0s) | ?:340.0-340.0(0.0s) | ?:340.0-340.0(0.0s) | ?:340.0-340.0(0.0s) | ?:340.0-340.0(0.0s) | ?:340.0-340.0(0.0s) | ?:340.0-750.5(410.5s) | O:750.5-752.0(1.5s),27.69,750.5,1.5,69.3,
sub-1108sg2,sg2,epochs,200.0,4.0,128.0,128.0,0.0,0.0,COCO,True,0.00;50.00;100.00;150.00,v1.0.0\sub-1108sg2\eeg\sub-1108sg2_task-restingstate_acq-epochs_eeg.set,13.04,RsmpldPIcaEpochs,sg2_rs_1108_prepro_epochs.set,D:\Infractores\1108\sg2_rs_1108.bdf,128.0,6400.0,empty,,EX1;EX2;EX3;EX4;EX5;EX6;EX7;EX8,average,114.0,128.0,0.0,0.0,8.969,2022-05-11 10:08:41,4.0,PostClosed;PostOpen;PostClosed;PostOpen,COCO,12.45;71.96;132.63;192.26;252.61;748.95,240.0,60.0,2.0,3.0,,,,,,
sub-1108sg2,sg2,preprocessed,755.0,1.0,128.0,128.0,0.0,0.0,COCOCO,True,12.45;71.96;132.63;192.26;252.61;748.95,v1.0.0\sub-1108sg2\eeg\sub-1108sg2_task-restingstate_desc-preprocessed_eeg.set,48.54,BDF file resampled pruned with ICA,sg2_rs_1108_prepro.set,D:\Infractores\1108\sg2_rs_1108.bdf,128.0,96640.0,empty,,EX1;EX2;EX3;EX4;EX5;EX6;EX7;EX8,average,114.0,128.0,0.0,0.0,9.164,2022-05-11 10:08:41,6.0,condition 64;condition 128;condition 64;condition 128;condition 64;condition 128,,,720.0,0.0,2.0,3.0,C:12.4-72.0(59.5s) | O:72.0-132.6(60.7s) | C:132.6-192.3(59.6s) | O:192.3-252.6(60.4s) | C:252.6-749.0(496.3s) | O:749.0-755.0(6.0s),12.45,748.95,6.05,496.3,
sub-1109sg2,sg2,epochs,200.0,4.0,128.0,128.0,0.0,0.0,COCO,True,0.00;50.00;100.00;150.00,v1.0.0\sub-1109sg2\eeg\sub-1109sg2_task-restingstate_acq-epochs_eeg.set,13.03,RsmpldPIcaEpochs,sg2_rs_1109_prepro_epochs.set,D:\Infractores\1109\sg2_rs_1109.bdf,128.0,6400.0,empty,,EX1;EX2;EX3;EX4;EX5;EX6;EX7;EX8,average,108.0,128.0,0.0,0.0,7.185,2022-05-10 14:22:33,4.0,PostClosed;PostOpen;PostClosed;PostOpen,COCO,0.75;23.71;83.56;145.06;204.99;265.61;746.55,240.0,60.0,2.0,3.0,,,,,,
sub-1109sg2,sg2,preprocessed,748.0,1.0,128.0,128.0,0.0,0.0,?COCOCO,True,0.75;23.71;83.56;145.06;204.99;265.61;746.55,v1.0.0\sub-1109sg2\eeg\sub-1109sg2_task-restingstate_desc-preprocessed_eeg.set,48.09,BDF file resampled pruned with ICA,sg2_rs_1109_prepro.set,D:\Infractores\1109\sg2_rs_1109.bdf,128.0,95744.0,empty,,EX1;EX2;EX3;EX4;EX5;EX6;EX7;EX8,average,108.0,128.0,0.0,0.0,7.775,2022-05-10 14:22:33,7.0,254;condition 64;condition 128;condition 64;condition 128;condition 64;condition 128,,,720.0,0.0,2.0,3.0,?:0.8-23.7(23.0s) | C:23.7-83.6(59.8s) | O:83.6-145.1(61.5s) | C:145.1-205.0(59.9s) | O:205.0-265.6(60.6s) | C:265.6-746.5(480.9s) | O:746.5-748.0(1.5s),0.75,746.55,1.45,480.9,
sub-1110sg2,sg2,epochs,200.0,4.0,128.0,128.0,0.0,0.0,COCO,True,0.00;50.00;100.00;150.00,v1.0.0\sub-1110sg2\eeg\sub-1110sg2_task-restingstate_acq-epochs_eeg.set,13.01,RsmpldPIcaEpochs,sg2_rs_1110_prepro_epochs.set,D:\Infractores\1110\sg2_rs_1110.bdf,128.0,6400.0,empty,,EX1;EX2;EX3;EX4;EX5;EX6;EX7;EX8,average,104.0,128.0,0.0,0.0,4.968,2022-05-12 09:51:49,4.0,PostClosed;PostOpen;PostClosed;PostOpen,COCO,31.88;91.94;153.93;213.76;274.38;755.39,240.0,60.0,2.0,3.0,,,,,,
sub-1110sg2,sg2,preprocessed,757.0,1.0,128.0,128.0,0.0,0.0,COCOCO,True,31.88;91.94;153.93;213.76;274.38;755.39,v1.0.0\sub-1110sg2\eeg\sub-1110sg2_task-restingstate_desc-preprocessed_eeg.set,48.65,BDF file resampled pruned with ICA,sg2_rs_1110_prepro.set,D:\Infractores\1110\sg2_rs_1110.bdf,128.0,96896.0,empty,,EX1;EX2;EX3;EX4;EX5;EX6;EX7;EX8,average,104.0,128.0,0.0,0.0,4.904,2022-05-12 09:51:49,6.0,condition 64;condition 128;condition 64;condition 128;condition 64;condition 128,,,720.0,0.0,2.0,3.0,C:31.9-91.9(60.1s) | O:91.9-153.9(62.0s) | C:153.9-213.8(59.8s) | O:213.8-274.4(60.6s) | C:274.4-755.4(481.0s) | O:755.4-757.0(1.6s),31.88,755.39,1.61,481.0,
sub-1111sg2,sg2,epochs,200.0,4.0,128.0,128.0,0.0,0.0,COCO,True,0.00;50.00;100.00;150.00,v1.0.0\sub-1111sg2\eeg\sub-1111sg2_task-restingstate_acq-epochs_eeg.set,13.06,RsmpldPIcaEpochs,sg2_rs_1111_prepro_epochs.set,D:\Infractores\1111\sg2_rs_1111.bdf,128.0,6400.0,empty,,EX1;EX2;EX3;EX4;EX5;EX6;EX7;EX8,average,119.0,128.0,0.0,0.0,6.201,2022-05-11 13:56:01,4.0,PostClosed;PostOpen;PostClosed;PostOpen,COCO,12.21;71.95;133.17;192.91;253.56;734.38,240.0,60.0,2.0,3.0,,,,,,
sub-1111sg2,sg2,preprocessed,735.0,1.0,128.0,128.0,0.0,0.0,COCOCO,True,12.21;71.95;133.17;192.91;253.56;734.38,v1.0.0\sub-1111sg2\eeg\sub-1111sg2_task-restingstate_desc-preprocessed_eeg.set,47.28,BDF file resampled pruned with ICA,sg2_rs_1111_prepro.set,D:\Infractores\1111\sg2_rs_1111.bdf,128.0,94080.0,empty,,EX1;EX2;EX3;EX4;EX5;EX6;EX7;EX8,average,119.0,128.0,0.0,0.0,6.409,2022-05-11 13:56:01,6.0,condition 64;condition 128;condition 64;condition 128;condition 64;condition 128,,,720.0,0.0,2.0,3.0,C:12.2-71.9(59.7s) | O:71.9-133.2(61.2s) | C:133.2-192.9(59.7s) | O:192.9-253.6(60.7s) | C:253.6-734.4(480.8s) | O:734.4-735.0(0.6s),12.21,734.38,0.62,480.8,
sub-1112sg2,sg2,epochs,200.0,4.0,128.0,128.0,0.0,0.0,COCO,True,0.00;50.00;100.00;150.00,v1.0.0\sub-1112sg2\eeg\sub-1112sg2_task-restingstate_acq-epochs_eeg.set,13.03,RsmpldPIcaEpochs,sg2_rs_1112_prepro_epochs.set,D:\Infractores\1112\sg2_rs_1112.bdf,128.0,6400.0,empty,,EX1;EX2;EX3;EX4;EX5;EX6;EX7;EX8,average,106.0,128.0,0.0,0.0,8.484,2022-05-12 14:20:38,4.0,PostClosed;PostOpen;PostClosed;PostOpen,COCO,22.91;82.80;144.15;203.91;264.48;337.00;337.83;337.84;337.84;337.84;337.84;337.84;337.85;337.85;337.85;337.85;337.85;337.85;337.85;337.86;337.86;337.86;337.87;337.87;337.87;337.87;337.87;337.88;337.88;337.88;337.88;337.88;337.88;337.89;337.89;337.89;337.89;337.89;337.90;337.90;337.90;337.90;337.90;337.90;337.90;337.91;337.91;337.91;337.91;337.91;337.91;337.92;337.92;337.92;337.92;337.92;337.93;337.93;337.93;337.93;337.93;337.94;337.94;337.94;337.94;337.94;337.94;337.94;337.95;337.95;337.95;337.95;337.95;337.95;337.95;337.96;337.96;337.96;337.96;337.96;337.96;337.97;337.97;337.97;337.97;337.97;337.97;337.97;337.98;337.98;337.98;337.98;337.98;337.98;337.98;337.99;337.99;337.99;337.99;337.99;337.99;338.00;338.00;338.00;745.34,240.0,60.0,2.0,3.0,,,,,,
sub-1112sg2,sg2,preprocessed,746.0,1.0,128.0,128.0,0.0,0.0,COCOC???????????????????????????????????????????????????????????????????????????????????????????????????O,True,22.91;82.80;144.15;203.91;264.48;337.00;337.83;337.84;337.84;337.84;337.84;337.84;337.85;337.85;337.85;337.85;337.85;337.85;337.85;337.86;337.86;337.86;337.87;337.87;337.87;337.87;337.87;337.88;337.88;337.88;337.88;337.88;337.88;337.89;337.89;337.89;337.89;337.89;337.90;337.90;337.90;337.90;337.90;337.90;337.90;337.91;337.91;337.91;337.91;337.91;337.91;337.92;337.92;337.92;337.92;337.92;337.93;337.93;337.93;337.93;337.93;337.94;337.94;337.94;337.94;337.94;337.94;337.94;337.95;337.95;337.95;337.95;337.95;337.95;337.95;337.96;337.96;337.96;337.96;337.96;337.96;337.97;337.97;337.97;337.97;337.97;337.97;337.97;337.98;337.98;337.98;337.98;337.98;337.98;337.98;337.99;337.99;337.99;337.99;337.99;337.99;338.00;338.00;338.00;745.34,v1.0.0\sub-1112sg2\eeg\sub-1112sg2_task-restingstate_desc-preprocessed_eeg.set,47.99,BDF file resampled pruned with ICA,sg2_rs_1112_prepro.set,D:\Infractores\1112\sg2_rs_1112.bdf,128.0,95488.0,empty,,EX1;EX2;EX3;EX4;EX5;EX6;EX7;EX8,average,106.0,128.0,0.0,0.0,8.241,2022-05-12 14:20:38,105.0,condition 64;condition 128;condition 64;condition 128;condition 64;38912;920;920;920;920;920;920;920;920;920;920;920;920;919;919;918;918;918;917;917;917;917;917;916;916;916;917;917;917;917;917;917;917;918;918;918;918;918;918;918;918;918;918;918;918;918;917;917;918;918;918;918;919;919;919;919;919;919;919;919;919;919;918;919;919;919;919;918;918;918;919;919;918;918;918;918;918;918;917;918;917;917;917;917;917;917;917;917;917;916;917;917;917;917;917;917;917;917;917;condition 128,,,720.0,0.0,2.0,3.0,C:22.9-82.8(59.9s) | O:82.8-144.1(61.3s) | C:144.1-203.9(59.8s) | O:203.9-264.5(60.6s) | C:264.5-337.0(72.5s) | ?:337.0-337.8(0.8s) | ?:337.8-337.8(0.0s) | ?:337.8-337.8(0.0s) | ?:337.8-337.8(0.0s) | ?:337.8-337.8(0.0s) | ?:337.8-337.8(0.0s) | ?:337.8-337.8(0.0s) | ?:337.8-337.8(0.0s) | ?:337.8-337.8(0.0s) | ?:337.8-337.9(0.0s) | ?:337.9-337.9(0.0s) | ?:337.9-337.9(0.0s) | ?:337.9-337.9(0.0s) | ?:337.9-337.9(0.0s) | ?:337.9-337.9(0.0s) | ?:337.9-337.9(0.0s) | ?:337.9-337.9(0.0s) | ?:337.9-337.9(0.0s) | ?:337.9-337.9(0.0s) | ?:337.9-337.9(0.0s) | ?:337.9-337.9(0.0s) | ?:337.9-337.9(0.0s) | ?:337.9-337.9(0.0s) | ?:337.9-337.9(0.0s) | ?:337.9-337.9(0.0s) | ?:337.9-337.9(0.0s) | ?:337.9-337.9(0.0s) | ?:337.9-337.9(0.0s) | ?:337.9-337.9(0.0s) | ?:337.9-337.9(0.0s) | ?:337.9-337.9(0.0s) | ?:337.9-337.9(0.0s) | ?:337.9-337.9(0.0s) | ?:337.9-337.9(0.0s) | ?:337.9-337.9(0.0s) | ?:337.9-337.9(0.0s) | ?:337.9-337.9(0.0s) | ?:337.9-337.9(0.0s) | ?:337.9-337.9(0.0s) | ?:337.9-337.9(0.0s) | ?:337.9-337.9(0.0s) | ?:337.9-337.9(0.0s) | ?:337.9-337.9(0.0s) | ?:337.9-337.9(0.0s) | ?:337.9-337.9(0.0s) | ?:337.9-337.9(0.0s) | ?:337.9-337.9(0.0s) | ?:337.9-337.9(0.0s) | ?:337.9-337.9(0.0s) | ?:337.9-337.9(0.0s) | ?:337.9-337.9(0.0s) | ?:337.9-337.9(0.0s) | ?:337.9-337.9(0.0s) | ?:337.9-337.9(0.0s) | ?:337.9-337.9(0.0s) | ?:337.9-337.9(0.0s) | ?:337.9-337.9(0.0s) | ?:337.9-337.9(0.0s) | ?:337.9-337.9(0.0s) | ?:337.9-337.9(0.0s) | ?:337.9-337.9(0.0s) | ?:337.9-337.9(0.0s) | ?:337.9-337.9(0.0s) | ?:337.9-337.9(0.0s) | ?:337.9-337.9(0.0s) | ?:337.9-337.9(0.0s) | ?:337.9-338.0(0.0s) | ?:338.0-338.0(0.0s) | ?:338.0-338.0(0.0s) | ?:338.0-338.0(0.0s) | ?:338.0-338.0(0.0s) | ?:338.0-338.0(0.0s) | ?:338.0-338.0(0.0s) | ?:338.0-338.0(0.0s) | ?:338.0-338.0(0.0s) | ?:338.0-338.0(0.0s) | ?:338.0-338.0(0.0s) | ?:338.0-338.0(0.0s) | ?:338.0-338.0(0.0s) | ?:338.0-338.0(0.0s) | ?:338.0-338.0(0.0s) | ?:338.0-338.0(0.0s) | ?:338.0-338.0(0.0s) | ?:338.0-338.0(0.0s) | ?:338.0-338.0(0.0s) | ?:338.0-338.0(0.0s) | ?:338.0-338.0(0.0s) | ?:338.0-338.0(0.0s) | ?:338.0-338.0(0.0s) | ?:338.0-338.0(0.0s) | ?:338.0-338.0(0.0s) | ?:338.0-338.0(0.0s) | ?:338.0-338.0(0.0s) | ?:338.0-338.0(0.0s) | ?:338.0-338.0(0.0s) | ?:338.0-338.0(0.0s) | ?:338.0-338.0(0.0s) | ?:338.0-338.0(0.0s) | ?:338.0-745.3(407.3s) | O:745.3-746.0(0.7s),22.91,745.34,0.66,72.5,
sub-1113sg2,sg2,epochs,200.0,4.0,128.0,128.0,0.0,0.0,COCO,True,0.00;50.00;100.00;150.00,v1.0.0\sub-1113sg2\eeg\sub-1113sg2_task-restingstate_acq-epochs_eeg.set,13.0,RsmpldPIcaEpochs,sg2_rs_1113_prepro_epochs.set,D:\Infractores\1113\sg2_rs_1113.bdf,128.0,6400.0,empty,,EX1;EX2;EX3;EX4;EX5;EX6;EX7;EX8,average,100.0,128.0,0.0,0.0,5.702,2022-06-07 12:00:25,4.0,PostClosed;PostOpen;PostClosed;PostOpen,COCO,9.46;68.96;129.55;189.05;249.38;749.90,240.0,60.0,2.0,3.0,,,,,,
sub-1113sg2,sg2,preprocessed,756.0,1.0,128.0,128.0,0.0,0.0,COCOCO,True,9.46;68.96;129.55;189.05;249.38;749.90,v1.0.0\sub-1113sg2\eeg\sub-1113sg2_task-restingstate_desc-preprocessed_eeg.set,48.58,BDF file resampled pruned with ICA,sg2_rs_1113_prepro.set,D:\Infractores\1113\sg2_rs_1113.bdf,128.0,96768.0,empty,,EX1;EX2;EX3;EX4;EX5;EX6;EX7;EX8,average,100.0,128.0,0.0,0.0,5.712,2022-06-07 12:00:25,6.0,condition 64;condition 128;condition 64;condition 128;condition 64;condition 128,,,720.0,0.0,2.0,3.0,C:9.5-69.0(59.5s) | O:69.0-129.5(60.6s) | C:129.5-189.1(59.5s) | O:189.1-249.4(60.3s) | C:249.4-749.9(500.5s) | O:749.9-756.0(6.1s),9.46,749.9,6.1,500.5,
sub-1114sg2,sg2,epochs,200.0,4.0,128.0,128.0,0.0,0.0,COCO,True,0.00;50.00;100.00;150.00,v1.0.0\sub-1114sg2\eeg\sub-1114sg2_task-restingstate_acq-epochs_eeg.set,13.02,RsmpldPIcaEpochs,sg2_rs_1114_prepro_epochs.set,D:\Infractores\1114\sg2_rs_1114.bdf,128.0,6400.0,empty,,EX1;EX2;EX3;EX4;EX5;EX6;EX7;EX8,average,105.0,128.0,0.0,0.0,5.647,2022-06-09 10:06:33,4.0,PostClosed;PostOpen;PostClosed;PostOpen,COCO,17.43;77.17;138.22;197.81;258.14;738.88,240.0,60.0,2.0,3.0,,,,,,
sub-1114sg2,sg2,preprocessed,740.0,1.0,128.0,128.0,0.0,0.0,COCOCO,True,17.43;77.17;138.22;197.81;258.14;738.88,v1.0.0\sub-1114sg2\eeg\sub-1114sg2_task-restingstate_desc-preprocessed_eeg.set,47.57,BDF file resampled pruned with ICA,sg2_rs_1114_prepro.set,D:\Infractores\1114\sg2_rs_1114.bdf,128.0,94720.0,empty,,EX1;EX2;EX3;EX4;EX5;EX6;EX7;EX8,average,105.0,128.0,0.0,0.0,5.96,2022-06-09 10:06:33,6.0,condition 64;condition 128;condition 64;condition 128;condition 64;condition 128,,,720.0,0.0,2.0,3.0,C:17.4-77.2(59.7s) | O:77.2-138.2(61.0s) | C:138.2-197.8(59.6s) | O:197.8-258.1(60.3s) | C:258.1-738.9(480.7s) | O:738.9-740.0(1.1s),17.43,738.88,1.12,480.7,
sub-1115sg2,sg2,epochs,200.0,4.0,128.0,128.0,0.0,0.0,COCO,True,0.00;50.00;100.00;150.00,v1.0.0\sub-1115sg2\eeg\sub-1115sg2_task-restingstate_acq-epochs_eeg.set,13.03,RsmpldPIcaEpochs,sg2_rs_1115_prepro_epochs.set,D:\Infractores\1115\sg2_rs_1115.bdf,128.0,6400.0,empty,,EX1;EX2;EX3;EX4;EX5;EX6;EX7;EX8,average,108.0,128.0,0.0,0.0,7.039,2022-06-09 11:40:06,4.0,PostClosed;PostOpen;PostClosed;PostOpen,COCO,13.39;73.13;134.34;194.02;254.69;735.71,240.0,60.0,2.0,3.0,,,,,,
sub-1115sg2,sg2,preprocessed,737.0,1.0,128.0,128.0,0.0,0.0,COCOCO,True,13.39;73.13;134.34;194.02;254.69;735.71,v1.0.0\sub-1115sg2\eeg\sub-1115sg2_task-restingstate_desc-preprocessed_eeg.set,47.39,BDF file resampled pruned with ICA,sg2_rs_1115_prepro.set,D:\Infractores\1115\sg2_rs_1115.bdf,128.0,94336.0,empty,,EX1;EX2;EX3;EX4;EX5;EX6;EX7;EX8,average,108.0,128.0,0.0,0.0,7.669,2022-06-09 11:40:06,6.0,condition 64;condition 128;condition 64;condition 128;condition 64;condition 128,,,720.0,0.0,2.0,3.0,C:13.4-73.1(59.7s) | O:73.1-134.3(61.2s) | C:134.3-194.0(59.7s) | O:194.0-254.7(60.7s) | C:254.7-735.7(481.0s) | O:735.7-737.0(1.3s),13.39,735.71,1.29,481.0,
sub-2001cg,cg,epochs,200.0,4.0,128.0,128.0,0.0,0.0,COCO,True,0.00;50.00;100.00;150.00,v1.0.0\sub-2001cg\eeg\sub-2001cg_task-restingstate_acq-epochs_eeg.set,13.02,RsmpldPIcaEpochs,cg_rs_2001_prepro_epochs.set,D:\Control\2001\cg_rs_2001.bdf,128.0,6400.0,empty,,EX1;EX2;EX3;EX4;EX5;EX6;EX7;EX8,average,107.0,128.0,0.0,0.0,10.914,2022-06-16 10:25:12,4.0,PostClosed;PostOpen;PostClosed;PostOpen,COCO,21.23;81.00;141.84;201.51;261.85;742.37,240.0,60.0,2.0,3.0,,,,,,
sub-2001cg,cg,preprocessed,744.0,1.0,128.0,128.0,0.0,0.0,COCOCO,True,21.23;81.00;141.84;201.51;261.85;742.37,v1.0.0\sub-2001cg\eeg\sub-2001cg_task-restingstate_desc-preprocessed_eeg.set,47.83,BDF file resampled pruned with ICA,cg_rs_2001_prepro.set,D:\Control\2001\cg_rs_2001.bdf,128.0,95232.0,empty,,EX1;EX2;EX3;EX4;EX5;EX6;EX7;EX8,average,107.0,128.0,0.0,0.0,12.063,2022-06-16 10:25:12,6.0,condition 64;condition 128;condition 64;condition 128;condition 64;condition 128,,,720.0,0.0,2.0,3.0,C:21.2-81.0(59.8s) | O:81.0-141.8(60.8s) | C:141.8-201.5(59.7s) | O:201.5-261.9(60.3s) | C:261.9-742.4(480.5s) | O:742.4-744.0(1.6s),21.23,742.37,1.63,480.5,
sub-2002cg,cg,epochs,200.0,4.0,128.0,128.0,0.0,0.0,COCO,True,0.00;50.00;100.00;150.00,v1.0.0\sub-2002cg\eeg\sub-2002cg_task-restingstate_acq-epochs_eeg.set,13.01,RsmpldPIcaEpochs,cg_rs_2002_prepro_epochs.set,D:\Control\2002\cg_rs_2002.bdf,128.0,6400.0,empty,,EX1;EX2;EX3;EX4;EX5;EX6;EX7;EX8,average,104.0,128.0,0.0,0.0,6.921,2022-02-15 11:18:32,4.0,PostClosed;PostOpen;PostClosed;PostOpen,COCO,10.27;70.27;131.17;191.19;251.66;732.63,240.0,60.0,2.0,3.0,,,,,,
sub-2002cg,cg,preprocessed,734.0,1.0,128.0,128.0,0.0,0.0,COCOCO,True,10.27;70.27;131.17;191.19;251.66;732.63,v1.0.0\sub-2002cg\eeg\sub-2002cg_task-restingstate_desc-preprocessed_eeg.set,47.19,BDF file resampled pruned with ICA,cg_rs_2002_prepro.set,D:\Control\2002\cg_rs_2002.bdf,128.0,93952.0,empty,,EX1;EX2;EX3;EX4;EX5;EX6;EX7;EX8,average,104.0,128.0,0.0,0.0,6.779,2022-02-15 11:18:32,6.0,condition 64;condition 128;condition 64;condition 128;condition 64;condition 128,,,720.0,0.0,2.0,3.0,C:10.3-70.3(60.0s) | O:70.3-131.2(60.9s) | C:131.2-191.2(60.0s) | O:191.2-251.7(60.5s) | C:251.7-732.6(481.0s) | O:732.6-734.0(1.4s),10.27,732.63,1.37,481.0,
sub-2003cg,cg,epochs,200.0,4.0,128.0,128.0,0.0,0.0,COCO,True,0.00;50.00;100.00;150.00,v1.0.0\sub-2003cg\eeg\sub-2003cg_task-restingstate_acq-epochs_eeg.set,13.02,RsmpldPIcaEpochs,cg_rs_2003_prepro_epochs.set,D:\Control\2003\cg_rs_2003.bdf,128.0,6400.0,empty,,EX1;EX2;EX3;EX4;EX5;EX6;EX7;EX8,average,105.0,128.0,0.0,0.0,5.472,2022-02-16 14:16:42,4.0,PostClosed;PostOpen;PostClosed;PostOpen,COCO,10.85;70.88;131.67;191.68;252.12;733.09,240.0,60.0,2.0,3.0,,,,,,
sub-2003cg,cg,preprocessed,734.0,1.0,128.0,128.0,0.0,0.0,COCOCO,True,10.85;70.88;131.67;191.68;252.12;733.09,v1.0.0\sub-2003cg\eeg\sub-2003cg_task-restingstate_desc-preprocessed_eeg.set,47.19,BDF file resampled pruned with ICA,cg_rs_2003_prepro.set,D:\Control\2003\cg_rs_2003.bdf,128.0,93952.0,empty,,EX1;EX2;EX3;EX4;EX5;EX6;EX7;EX8,average,105.0,128.0,0.0,0.0,5.786,2022-02-16 14:16:42,6.0,condition 64;condition 128;condition 64;condition 128;condition 64;condition 128,,,720.0,0.0,2.0,3.0,C:10.9-70.9(60.0s) | O:70.9-131.7(60.8s) | C:131.7-191.7(60.0s) | O:191.7-252.1(60.4s) | C:252.1-733.1(481.0s) | O:733.1-734.0(0.9s),10.85,733.09,0.91,481.0,
sub-2004cg,cg,epochs,200.0,4.0,128.0,128.0,0.0,0.0,COCO,True,0.00;50.00;100.00;150.00,v1.0.0\sub-2004cg\eeg\sub-2004cg_task-restingstate_acq-epochs_eeg.set,13.05,RsmpldPIcaEpochs,cg_rs_2004_prepro_epochs.set,D:\Control\2004\cg_rs_2004.bdf,128.0,6400.0,empty,,EX1;EX2;EX3;EX4;EX5;EX6;EX7;EX8,average,115.0,128.0,0.0,0.0,9.468,2022-03-07 11:38:05,4.0,PostClosed;PostOpen;PostClosed;PostOpen,COCO,9.19;69.18;129.56;189.53;249.75;730.57,240.0,60.0,2.0,3.0,,,,,,
sub-2004cg,cg,preprocessed,731.0,1.0,128.0,128.0,0.0,0.0,COCOCO,True,9.19;69.18;129.56;189.53;249.75;730.57,v1.0.0\sub-2004cg\eeg\sub-2004cg_task-restingstate_desc-preprocessed_eeg.set,47.02,BDF file resampled pruned with ICA,cg_rs_2004_prepro.set,D:\Control\2004\cg_rs_2004.bdf,128.0,93568.0,empty,,EX1;EX2;EX3;EX4;EX5;EX6;EX7;EX8,average,115.0,128.0,0.0,0.0,9.89,2022-03-07 11:38:05,6.0,condition 64;condition 128;condition 64;condition 128;condition 64;condition 128,,,720.0,0.0,2.0,3.0,C:9.2-69.2(60.0s) | O:69.2-129.6(60.4s) | C:129.6-189.5(60.0s) | O:189.5-249.8(60.2s) | C:249.8-730.6(480.8s) | O:730.6-731.0(0.4s),9.19,730.57,0.43,480.8,
sub-2005cg,cg,epochs,200.0,4.0,128.0,128.0,0.0,0.0,COCO,True,0.00;50.00;100.00;150.00,v1.0.0\sub-2005cg\eeg\sub-2005cg_task-restingstate_acq-epochs_eeg.set,13.07,RsmpldPIcaEpochs,cg_rs_2005_prepro_epochs.set,D:\Control\2005\cg_rs_2005.bdf,128.0,6400.0,empty,,EX1;EX2;EX3;EX4;EX5;EX6;EX7;EX8,average,123.0,128.0,0.0,0.0,13.266,2022-03-07 14:39:30,4.0,PostClosed;PostOpen;PostClosed;PostOpen,COCO,10.39;70.33;131.04;191.06;251.48;732.45,240.0,60.0,2.0,3.0,,,,,,
sub-2005cg,cg,preprocessed,733.0,1.0,128.0,128.0,0.0,0.0,COCOCO,True,10.39;70.33;131.04;191.06;251.48;732.45,v1.0.0\sub-2005cg\eeg\sub-2005cg_task-restingstate_desc-preprocessed_eeg.set,47.16,BDF file resampled pruned with ICA,cg_rs_2005_prepro.set,D:\Control\2005\cg_rs_2005.bdf,128.0,93824.0,empty,,EX1;EX2;EX3;EX4;EX5;EX6;EX7;EX8,average,123.0,128.0,0.0,0.0,12.847,2022-03-07 14:39:30,6.0,condition 64;condition 128;condition 64;condition 128;condition 64;condition 128,,,720.0,0.0,2.0,3.0,C:10.4-70.3(59.9s) | O:70.3-131.0(60.7s) | C:131.0-191.1(60.0s) | O:191.1-251.5(60.4s) | C:251.5-732.5(481.0s) | O:732.5-733.0(0.5s),10.39,732.45,0.55,481.0,
sub-2006cg,cg,epochs,200.0,4.0,128.0,128.0,0.0,0.0,COCO,True,0.00;50.00;100.00;150.00,v1.0.0\sub-2006cg\eeg\sub-2006cg_task-restingstate_acq-epochs_eeg.set,13.03,RsmpldPIcaEpochs,cg_rs_2006_prepro_epochs.set,D:\Control\2006\cg_rs_2006.bdf,128.0,6400.0,empty,,EX1;EX2;EX3;EX4;EX5;EX6;EX7;EX8,average,110.0,128.0,0.0,0.0,9.935,2022-03-08 10:01:27,4.0,PostClosed;PostOpen;PostClosed;PostOpen,COCO,8.57;68.51;128.97;188.86;249.10;729.93,240.0,60.0,2.0,3.0,,,,,,
sub-2006cg,cg,preprocessed,731.0,1.0,128.0,128.0,0.0,0.0,COCOCO,True,8.57;68.51;128.97;188.86;249.10;729.93,v1.0.0\sub-2006cg\eeg\sub-2006cg_task-restingstate_desc-preprocessed_eeg.set,47.01,BDF file resampled pruned with ICA,cg_rs_2006_prepro.set,D:\Control\2006\cg_rs_2006.bdf,128.0,93568.0,empty,,EX1;EX2;EX3;EX4;EX5;EX6;EX7;EX8,average,110.0,128.0,0.0,0.0,9.611,2022-03-08 10:01:27,6.0,condition 64;condition 128;condition 64;condition 128;condition 64;condition 128,,,720.0,0.0,2.0,3.0,C:8.6-68.5(59.9s) | O:68.5-129.0(60.5s) | C:129.0-188.9(59.9s) | O:188.9-249.1(60.2s) | C:249.1-729.9(480.8s) | O:729.9-731.0(1.1s),8.57,729.93,1.07,480.8,
sub-2007cg,cg,epochs,200.0,4.0,128.0,128.0,0.0,0.0,COCO,True,0.00;50.00;100.00;150.00,v1.0.0\sub-2007cg\eeg\sub-2007cg_task-restingstate_acq-epochs_eeg.set,13.01,RsmpldPIcaEpochs,cg_rs_2007_prepro_epochs.set,D:\Control\2007\cg_rs_2007.bdf,128.0,6400.0,empty,,EX1;EX2;EX3;EX4;EX5;EX6;EX7;EX8,average,101.0,128.0,0.0,0.0,4.607,2022-03-08 13:30:00,4.0,PostClosed;PostOpen;PostClosed;PostOpen,COCO,8.34;68.18;128.60;188.47;248.72;729.59,240.0,60.0,2.0,3.0,,,,,,
sub-2007cg,cg,preprocessed,730.0,1.0,128.0,128.0,0.0,0.0,COCOCO,True,8.34;68.18;128.60;188.47;248.72;729.59,v1.0.0\sub-2007cg\eeg\sub-2007cg_task-restingstate_desc-preprocessed_eeg.set,46.93,BDF file resampled pruned with ICA,cg_rs_2007_prepro.set,D:\Control\2007\cg_rs_2007.bdf,128.0,93440.0,empty,,EX1;EX2;EX3;EX4;EX5;EX6;EX7;EX8,average,101.0,128.0,0.0,0.0,4.804,2022-03-08 13:30:00,6.0,condition 64;condition 128;condition 64;condition 128;condition 64;condition 128,,,720.0,0.0,2.0,3.0,C:8.3-68.2(59.8s) | O:68.2-128.6(60.4s) | C:128.6-188.5(59.9s) | O:188.5-248.7(60.2s) | C:248.7-729.6(480.9s) | O:729.6-730.0(0.4s),8.34,729.59,0.41,480.9,
sub-2008cg,cg,epochs,200.0,4.0,128.0,128.0,0.0,0.0,COCO,True,0.00;50.00;100.00;150.00,v1.0.0\sub-2008cg\eeg\sub-2008cg_task-restingstate_acq-epochs_eeg.set,13.0,RsmpldPIcaEpochs,cg_rs_2008_prepro_epochs.set,D:\Control\2008\cg_rs_2008.bdf,128.0,6400.0,empty,,EX1;EX2;EX3;EX4;EX5;EX6;EX7;EX8,average,98.0,128.0,0.0,0.0,10.092,2022-03-09 10:18:10,4.0,PostClosed;PostOpen;PostClosed;PostOpen,COCO,10.07;70.11;130.95;190.97;251.40;732.43,240.0,60.0,2.0,3.0,,,,,,
sub-2008cg,cg,preprocessed,733.0,1.0,128.0,128.0,0.0,0.0,COCOCO,True,10.07;70.11;130.95;190.97;251.40;732.43,v1.0.0\sub-2008cg\eeg\sub-2008cg_task-restingstate_desc-preprocessed_eeg.set,47.11,BDF file resampled pruned with ICA,cg_rs_2008_prepro.set,D:\Control\2008\cg_rs_2008.bdf,128.0,93824.0,empty,,EX1;EX2;EX3;EX4;EX5;EX6;EX7;EX8,average,98.0,128.0,0.0,0.0,11.104,2022-03-09 10:18:10,6.0,condition 64;condition 128;condition 64;condition 128;condition 64;condition 128,,,720.0,0.0,2.0,3.0,C:10.1-70.1(60.0s) | O:70.1-131.0(60.8s) | C:131.0-191.0(60.0s) | O:191.0-251.4(60.4s) | C:251.4-732.4(481.0s) | O:732.4-733.0(0.6s),10.07,732.43,0.57,481.0,
sub-2009cg,cg,epochs,200.0,4.0,128.0,128.0,0.0,0.0,COCO,True,0.00;50.00;100.00;150.00,v1.0.0\sub-2009cg\eeg\sub-2009cg_task-restingstate_acq-epochs_eeg.set,13.02,RsmpldPIcaEpochs,cg_rs_2009_prepro_epochs.set,D:\Control\2009\cg_rs_2009.bdf,128.0,6400.0,empty,,EX1;EX2;EX3;EX4;EX5;EX6;EX7;EX8,average,105.0,128.0,0.0,0.0,8.304,2022-03-09 14:36:35,4.0,PostClosed;PostOpen;PostClosed;PostOpen,COCO,8.32;68.25;128.65;188.58;248.80;729.68,240.0,60.0,2.0,3.0,,,,,,
sub-2009cg,cg,preprocessed,730.0,1.0,128.0,128.0,0.0,0.0,COCOCO,True,8.32;68.25;128.65;188.58;248.80;729.68,v1.0.0\sub-2009cg\eeg\sub-2009cg_task-restingstate_desc-preprocessed_eeg.set,46.94,BDF file resampled pruned with ICA,cg_rs_2009_prepro.set,D:\Control\2009\cg_rs_2009.bdf,128.0,93440.0,empty,,EX1;EX2;EX3;EX4;EX5;EX6;EX7;EX8,average,105.0,128.0,0.0,0.0,8.874,2022-03-09 14:36:35,6.0,condition 64;condition 128;condition 64;condition 128;condition 64;condition 128,,,720.0,0.0,2.0,3.0,C:8.3-68.3(59.9s) | O:68.3-128.6(60.4s) | C:128.6-188.6(59.9s) | O:188.6-248.8(60.2s) | C:248.8-729.7(480.9s) | O:729.7-730.0(0.3s),8.32,729.68,0.32,480.9,
sub-2010cg,cg,epochs,200.0,4.0,128.0,128.0,0.0,0.0,COCO,True,0.00;50.00;100.00;150.00,v1.0.0\sub-2010cg\eeg\sub-2010cg_task-restingstate_acq-epochs_eeg.set,13.04,RsmpldPIcaEpochs,cg_rs_2010_prepro_epochs.set,D:\Control\2010\cg_rs_2010.bdf,128.0,6400.0,empty,,EX1;EX2;EX3;EX4;EX5;EX6;EX7;EX8,average,114.0,128.0,0.0,0.0,12.524,2022-03-10 11:09:31,4.0,PostClosed;PostOpen;PostClosed;PostOpen,COCO,10.81;70.83;131.56;191.54;251.98;732.96,240.0,60.0,2.0,3.0,,,,,,
sub-2010cg,cg,preprocessed,734.0,1.0,128.0,128.0,0.0,0.0,COCOCO,True,10.81;70.83;131.56;191.54;251.98;732.96,v1.0.0\sub-2010cg\eeg\sub-2010cg_task-restingstate_desc-preprocessed_eeg.set,47.21,BDF file resampled pruned with ICA,cg_rs_2010_prepro.set,D:\Control\2010\cg_rs_2010.bdf,128.0,93952.0,empty,,EX1;EX2;EX3;EX4;EX5;EX6;EX7;EX8,average,114.0,128.0,0.0,0.0,12.985,2022-03-10 11:09:31,6.0,condition 64;condition 128;condition 64;condition 128;condition 64;condition 128,,,720.0,0.0,2.0,3.0,C:10.8-70.8(60.0s) | O:70.8-131.6(60.7s) | C:131.6-191.5(60.0s) | O:191.5-252.0(60.4s) | C:252.0-733.0(481.0s) | O:733.0-734.0(1.0s),10.81,732.96,1.04,481.0,
sub-2011cg,cg,epochs,200.0,4.0,128.0,128.0,0.0,0.0,COCO,True,0.00;50.00;100.00;150.00,v1.0.0\sub-2011cg\eeg\sub-2011cg_task-restingstate_acq-epochs_eeg.set,13.06,RsmpldPIcaEpochs,cg_rs_2011_prepro_epochs.set,D:\Control\2011\cg_rs_2011.bdf,128.0,6400.0,empty,,EX1;EX2;EX3;EX4;EX5;EX6;EX7;EX8,average,118.0,128.0,0.0,0.0,11.167,2022-03-15 13:43:54,4.0,PostClosed;PostOpen;PostClosed;PostOpen,COCO,8.37;68.20;128.52;188.35;248.57;729.40,240.0,60.0,2.0,3.0,,,,,,
sub-2011cg,cg,preprocessed,730.0,1.0,128.0,128.0,0.0,0.0,COCOCO,True,8.37;68.20;128.52;188.35;248.57;729.40,v1.0.0\sub-2011cg\eeg\sub-2011cg_task-restingstate_desc-preprocessed_eeg.set,46.96,BDF file resampled pruned with ICA,cg_rs_2011_prepro.set,D:\Control\2011\cg_rs_2011.bdf,128.0,93440.0,empty,,EX1;EX2;EX3;EX4;EX5;EX6;EX7;EX8,average,118.0,128.0,0.0,0.0,11.757,2022-03-15 13:43:54,6.0,condition 64;condition 128;condition 64;condition 128;condition 64;condition 128,,,720.0,0.0,2.0,3.0,C:8.4-68.2(59.8s) | O:68.2-128.5(60.3s) | C:128.5-188.4(59.8s) | O:188.4-248.6(60.2s) | C:248.6-729.4(480.8s) | O:729.4-730.0(0.6s),8.37,729.4,0.6,480.8,
sub-2012cg,cg,epochs,200.0,4.0,128.0,128.0,0.0,0.0,COCO,True,0.00;50.00;100.00;150.00,v1.0.0\sub-2012cg\eeg\sub-2012cg_task-restingstate_acq-epochs_eeg.set,12.98,RsmpldPIcaEpochs,cg_rs_2012_prepro_epochs.set,D:\Control\2012\cg_rs_2012.bdf,128.0,6400.0,empty,,EX1;EX2;EX3;EX4;EX5;EX6;EX7;EX8,average,93.0,128.0,0.0,0.0,5.382,2022-03-15 10:16:03,4.0,PostClosed;PostOpen;PostClosed;PostOpen,COCO,8.72;68.59;128.93;188.81;249.02;729.86,240.0,60.0,2.0,3.0,,,,,,
sub-2012cg,cg,preprocessed,730.0,1.0,128.0,128.0,0.0,0.0,COCOCO,True,8.72;68.59;128.93;188.81;249.02;729.86,v1.0.0\sub-2012cg\eeg\sub-2012cg_task-restingstate_desc-preprocessed_eeg.set,46.91,BDF file resampled pruned with ICA,cg_rs_2012_prepro.set,D:\Control\2012\cg_rs_2012.bdf,128.0,93440.0,empty,,EX1;EX2;EX3;EX4;EX5;EX6;EX7;EX8,average,93.0,128.0,0.0,0.0,5.309,2022-03-15 10:16:03,6.0,condition 64;condition 128;condition 64;condition 128;condition 64;condition 128,,,720.0,0.0,2.0,3.0,C:8.7-68.6(59.9s) | O:68.6-128.9(60.3s) | C:128.9-188.8(59.9s) | O:188.8-249.0(60.2s) | C:249.0-729.9(480.8s) | O:729.9-730.0(0.1s),8.72,729.86,0.14,480.8,
sub-2014cg,cg,epochs,200.0,4.0,128.0,128.0,0.0,0.0,COCO,True,0.00;50.00;100.00;150.00,v1.0.0\sub-2014cg\eeg\sub-2014cg_task-restingstate_acq-epochs_eeg.set,12.96,RsmpldPIcaEpochs,cg_rs_2014_prepro_epochs.set,D:\Control\2014\cg_rs_2014.bdf,128.0,6400.0,empty,,EX1;EX2;EX3;EX4;EX5;EX6;EX7;EX8,average,87.0,128.0,0.0,0.0,8.167,2022-03-17 10:01:51,4.0,PostClosed;PostOpen;PostClosed;PostOpen,COCO,10.57;70.55;131.27;191.27;251.73;732.70,240.0,60.0,2.0,3.0,,,,,,
sub-2014cg,cg,preprocessed,734.0,1.0,128.0,128.0,0.0,0.0,COCOCO,True,10.57;70.55;131.27;191.27;251.73;732.70,v1.0.0\sub-2014cg\eeg\sub-2014cg_task-restingstate_desc-preprocessed_eeg.set,47.16,BDF file resampled pruned with ICA,cg_rs_2014_prepro.set,D:\Control\2014\cg_rs_2014.bdf,128.0,93952.0,empty,,EX1;EX2;EX3;EX4;EX5;EX6;EX7;EX8,average,87.0,128.0,0.0,0.0,8.524,2022-03-17 10:01:51,6.0,condition 64;condition 128;condition 64;condition 128;condition 64;condition 128,,,720.0,0.0,2.0,3.0,C:10.6-70.6(60.0s) | O:70.6-131.3(60.7s) | C:131.3-191.3(60.0s) | O:191.3-251.7(60.5s) | C:251.7-732.7(481.0s) | O:732.7-734.0(1.3s),10.57,732.7,1.3,481.0,
sub-2015cg,cg,epochs,200.0,4.0,128.0,128.0,0.0,0.0,COCO,True,0.00;50.00;100.00;150.00,v1.0.0\sub-2015cg\eeg\sub-2015cg_task-restingstate_acq-epochs_eeg.set,12.98,RsmpldPIcaEpochs,cg_rs_2015_prepro_epochs.set,D:\Control\2015\cg_rs_2015.bdf,128.0,6400.0,empty,,EX1;EX2;EX3;EX4;EX5;EX6;EX7;EX8,average,92.0,128.0,0.0,0.0,6.471,2022-03-17 14:01:55,4.0,PostClosed;PostOpen;PostClosed;PostOpen,COCO,0.75;8.26;68.14;128.47;188.38;248.58;729.43,240.0,60.0,2.0,3.0,,,,,,
sub-2015cg,cg,preprocessed,730.0,1.0,128.0,128.0,0.0,0.0,?COCOCO,True,0.75;8.26;68.14;128.47;188.38;248.58;729.43,v1.0.0\sub-2015cg\eeg\sub-2015cg_task-restingstate_desc-preprocessed_eeg.set,46.91,BDF file resampled pruned with ICA,cg_rs_2015_prepro.set,D:\Control\2015\cg_rs_2015.bdf,128.0,93440.0,empty,,EX1;EX2;EX3;EX4;EX5;EX6;EX7;EX8,average,92.0,128.0,0.0,0.0,6.326,2022-03-17 14:01:55,7.0,254;condition 64;condition 128;condition 64;condition 128;condition 64;condition 128,,,720.0,0.0,2.0,3.0,?:0.8-8.3(7.5s) | C:8.3-68.1(59.9s) | O:68.1-128.5(60.3s) | C:128.5-188.4(59.9s) | O:188.4-248.6(60.2s) | C:248.6-729.4(480.8s) | O:729.4-730.0(0.6s),0.75,729.43,0.57,480.8,
sub-2016cg,cg,epochs,200.0,4.0,128.0,128.0,0.0,0.0,COCO,True,0.00;50.00;100.00;150.00,v1.0.0\sub-2016cg\eeg\sub-2016cg_task-restingstate_acq-epochs_eeg.set,13.02,RsmpldPIcaEpochs,cg_rs_2016_prepro_epochs.set,D:\Control\2016\cg_rs_2016.bdf,128.0,6400.0,empty,,EX1;EX2;EX3;EX4;EX5;EX6;EX7;EX8,average,107.0,128.0,0.0,0.0,6.715,2022-03-22 10:57:38,4.0,PostClosed;PostOpen;PostClosed;PostOpen,COCO,11.16;71.11;132.16;192.20;252.82;733.79,240.0,60.0,2.0,3.0,,,,,,
sub-2016cg,cg,preprocessed,735.0,1.0,128.0,128.0,0.0,0.0,COCOCO,True,11.16;71.11;132.16;192.20;252.82;733.79,v1.0.0\sub-2016cg\eeg\sub-2016cg_task-restingstate_desc-preprocessed_eeg.set,47.26,BDF file resampled pruned with ICA,cg_rs_2016_prepro.set,D:\Control\2016\cg_rs_2016.bdf,128.0,94080.0,empty,,EX1;EX2;EX3;EX4;EX5;EX6;EX7;EX8,average,107.0,128.0,0.0,0.0,6.95,2022-03-22 10:57:38,6.0,condition 64;condition 128;condition 64;condition 128;condition 64;condition 128,,,720.0,0.0,2.0,3.0,C:11.2-71.1(59.9s) | O:71.1-132.2(61.1s) | C:132.2-192.2(60.0s) | O:192.2-252.8(60.6s) | C:252.8-733.8(481.0s) | O:733.8-735.0(1.2s),11.16,733.79,1.21,481.0,
sub-2017cg,cg,epochs,200.0,4.0,128.0,128.0,0.0,0.0,COCO,True,0.00;50.00;100.00;150.00,v1.0.0\sub-2017cg\eeg\sub-2017cg_task-restingstate_acq-epochs_eeg.set,13.02,RsmpldPIcaEpochs,cg_rs_2017_prepro_epochs.set,D:\Control\2017\cg_rs_2017.bdf,128.0,6400.0,empty,,EX1;EX2;EX3;EX4;EX5;EX6;EX7;EX8,average,107.0,128.0,0.0,0.0,7.356,2022-03-22 14:11:25,4.0,PostClosed;PostOpen;PostClosed;PostOpen,COCO,8.40;68.37;128.79;188.78;249.00;729.99,240.0,60.0,2.0,3.0,,,,,,
sub-2017cg,cg,preprocessed,731.0,1.0,128.0,128.0,0.0,0.0,COCOCO,True,8.40;68.37;128.79;188.78;249.00;729.99,v1.0.0\sub-2017cg\eeg\sub-2017cg_task-restingstate_desc-preprocessed_eeg.set,47.0,BDF file resampled pruned with ICA,cg_rs_2017_prepro.set,D:\Control\2017\cg_rs_2017.bdf,128.0,93568.0,empty,,EX1;EX2;EX3;EX4;EX5;EX6;EX7;EX8,average,107.0,128.0,0.0,0.0,7.812,2022-03-22 14:11:25,6.0,condition 64;condition 128;condition 64;condition 128;condition 64;condition 128,,,720.0,0.0,2.0,3.0,C:8.4-68.4(60.0s) | O:68.4-128.8(60.4s) | C:128.8-188.8(60.0s) | O:188.8-249.0(60.2s) | C:249.0-730.0(481.0s) | O:730.0-731.0(1.0s),8.4,729.99,1.01,481.0,
sub-2018cg,cg,epochs,200.0,4.0,128.0,128.0,0.0,0.0,COCO,True,0.00;50.00;100.00;150.00,v1.0.0\sub-2018cg\eeg\sub-2018cg_task-restingstate_acq-epochs_eeg.set,13.02,RsmpldPIcaEpochs,cg_rs_2018_prepro_epochs.set,D:\Control\2018\cg_rs_2018.bdf,128.0,6400.0,empty,,EX1;EX2;EX3;EX4;EX5;EX6;EX7;EX8,average,105.0,128.0,0.0,0.0,5.558,2022-03-23 09:46:58,4.0,PostClosed;PostOpen;PostClosed;PostOpen,COCO,13.23;73.24;134.23;194.24;254.85;735.87,240.0,60.0,2.0,3.0,,,,,,
sub-2018cg,cg,preprocessed,737.0,1.0,128.0,128.0,0.0,0.0,COCOCO,True,13.23;73.24;134.23;194.24;254.85;735.87,v1.0.0\sub-2018cg\eeg\sub-2018cg_task-restingstate_desc-preprocessed_eeg.set,47.38,BDF file resampled pruned with ICA,cg_rs_2018_prepro.set,D:\Control\2018\cg_rs_2018.bdf,128.0,94336.0,empty,,EX1;EX2;EX3;EX4;EX5;EX6;EX7;EX8,average,105.0,128.0,0.0,0.0,5.762,2022-03-23 09:46:58,6.0,condition 64;condition 128;condition 64;condition 128;condition 64;condition 128,,,720.0,0.0,2.0,3.0,C:13.2-73.2(60.0s) | O:73.2-134.2(61.0s) | C:134.2-194.2(60.0s) | O:194.2-254.9(60.6s) | C:254.9-735.9(481.0s) | O:735.9-737.0(1.1s),13.23,735.87,1.13,481.0,
sub-2019cg,cg,epochs,200.0,4.0,128.0,128.0,0.0,0.0,COCO,True,0.00;50.00;100.00;150.00,v1.0.0\sub-2019cg\eeg\sub-2019cg_task-restingstate_acq-epochs_eeg.set,12.92,RsmpldPIcaEpochs,cg_rs_2019_prepro_epochs.set,D:\Control\2019\cg_rs_2019.bdf,128.0,6400.0,empty,,EX1;EX2;EX3;EX4;EX5;EX6;EX7;EX8,average,73.0,128.0,0.0,0.0,6.034,2022-03-23 13:54:34,4.0,PostClosed;PostOpen;PostClosed;PostOpen,COCO,0.81;8.23;68.13;128.62;188.48;248.79,240.0,60.0,2.0,3.0,,,,,,
sub-2019cg,cg,preprocessed,723.0,1.0,128.0,128.0,0.0,0.0,?COCOC,True,0.81;8.23;68.13;128.62;188.48;248.79,v1.0.0\sub-2019cg\eeg\sub-2019cg_task-restingstate_desc-preprocessed_eeg.set,46.43,BDF file resampled pruned with ICA,cg_rs_2019_prepro.set,D:\Control\2019\cg_rs_2019.bdf,128.0,92544.0,empty,,EX1;EX2;EX3;EX4;EX5;EX6;EX7;EX8,average,73.0,128.0,0.0,0.0,5.547,2022-03-23 13:54:34,6.0,254;condition 64;condition 128;condition 64;condition 128;condition 64,,,720.0,0.0,2.0,3.0,?:0.8-8.2(7.4s) | C:8.2-68.1(59.9s) | O:68.1-128.6(60.5s) | C:128.6-188.5(59.9s) | O:188.5-248.8(60.3s) | C:248.8-723.0(474.2s),0.81,248.79,474.21,474.2,
sub-2020cg,cg,epochs,200.0,4.0,128.0,128.0,0.0,0.0,COCO,True,0.00;50.00;100.00;150.00,v1.0.0\sub-2020cg\eeg\sub-2020cg_task-restingstate_acq-epochs_eeg.set,13.02,RsmpldPIcaEpochs,cg_rs_2020_prepro_epochs.set,D:\Control\2020\cg_rs_2020.bdf,128.0,6400.0,empty,,EX1;EX2;EX3;EX4;EX5;EX6;EX7;EX8,average,107.0,128.0,0.0,0.0,7.318,2022-09-22 10:18:37,4.0,PostClosed;PostOpen;PostClosed;PostOpen,COCO,0.38;23.03;82.63;143.49;203.02;263.40;743.88,240.0,60.0,2.0,3.0,,,,,,
sub-2020cg,cg,preprocessed,745.0,1.0,128.0,128.0,0.0,0.0,?COCOCO,True,0.38;23.03;82.63;143.49;203.02;263.40;743.88,v1.0.0\sub-2020cg\eeg\sub-2020cg_task-restingstate_desc-preprocessed_eeg.set,47.89,BDF file resampled pruned with ICA,cg_rs_2020_prepro.set,D:\Control\2020\cg_rs_2020.bdf,128.0,95360.0,empty,,EX1;EX2;EX3;EX4;EX5;EX6;EX7;EX8,average,107.0,128.0,0.0,0.0,7.233,2022-09-22 10:18:37,7.0,254;condition 64;condition 128;condition 64;condition 128;condition 64;condition 128,,,720.0,0.0,2.0,3.0,?:0.4-23.0(22.7s) | C:23.0-82.6(59.6s) | O:82.6-143.5(60.9s) | C:143.5-203.0(59.5s) | O:203.0-263.4(60.4s) | C:263.4-743.9(480.5s) | O:743.9-745.0(1.1s),0.38,743.88,1.12,480.5,
sub-2021cg,cg,epochs,200.0,4.0,128.0,128.0,0.0,0.0,COCO,True,0.00;50.00;100.00;150.00,v1.0.0\sub-2021cg\eeg\sub-2021cg_task-restingstate_acq-epochs_eeg.set,13.01,RsmpldPIcaEpochs,cg_rs_2021_prepro_epochs.set,D:\Control\2021\cg_rs_2021.bdf,128.0,6400.0,empty,,EX1;EX2;EX3;EX4;EX5;EX6;EX7;EX8,average,101.0,128.0,0.0,0.0,6.662,2022-05-17 10:06:36,4.0,PostClosed;PostOpen;PostClosed;PostOpen,COCO,0.31;13.06;72.72;134.28;193.92;254.27;752.29,240.0,60.0,2.0,3.0,,,,,,
sub-2021cg,cg,preprocessed,757.0,1.0,128.0,128.0,0.0,0.0,?COCOCO,True,0.31;13.06;72.72;134.28;193.92;254.27;752.29,v1.0.0\sub-2021cg\eeg\sub-2021cg_task-restingstate_desc-preprocessed_eeg.set,48.64,BDF file resampled pruned with ICA,cg_rs_2021_prepro.set,D:\Control\2021\cg_rs_2021.bdf,128.0,96896.0,empty,,EX1;EX2;EX3;EX4;EX5;EX6;EX7;EX8,average,101.0,128.0,0.0,0.0,6.598,2022-05-17 10:06:36,7.0,254;condition 64;condition 128;condition 64;condition 128;condition 64;condition 128,,,720.0,0.0,2.0,3.0,?:0.3-13.1(12.7s) | C:13.1-72.7(59.7s) | O:72.7-134.3(61.6s) | C:134.3-193.9(59.6s) | O:193.9-254.3(60.4s) | C:254.3-752.3(498.0s) | O:752.3-757.0(4.7s),0.31,752.29,4.71,498.0,
sub-2022cg,cg,epochs,200.0,4.0,128.0,128.0,0.0,0.0,COCO,True,0.00;50.00;100.00;150.00,v1.0.0\sub-2022cg\eeg\sub-2022cg_task-restingstate_acq-epochs_eeg.set,12.99,RsmpldPIcaEpochs,cg_rs_2022_prepro_epochs.set,D:\Control\2022\cg_rs_2022.bdf,128.0,6400.0,empty,,EX1;EX2;EX3;EX4;EX5;EX6;EX7;EX8,average,95.0,128.0,0.0,0.0,6.236,2022-05-17 13:50:27,4.0,PostClosed;PostOpen;PostClosed;PostOpen,COCO,10.56;70.49;131.50;191.51;252.02;733.01,240.0,60.0,2.0,3.0,,,,,,
sub-2022cg,cg,preprocessed,734.0,1.0,128.0,128.0,0.0,0.0,COCOCO,True,10.56;70.49;131.50;191.51;252.02;733.01,v1.0.0\sub-2022cg\eeg\sub-2022cg_task-restingstate_desc-preprocessed_eeg.set,47.17,BDF file resampled pruned with ICA,cg_rs_2022_prepro.set,D:\Control\2022\cg_rs_2022.bdf,128.0,93952.0,empty,,EX1;EX2;EX3;EX4;EX5;EX6;EX7;EX8,average,95.0,128.0,0.0,0.0,7.309,2022-05-17 13:50:27,6.0,condition 64;condition 128;condition 64;condition 128;condition 64;condition 128,,,720.0,0.0,2.0,3.0,C:10.6-70.5(59.9s) | O:70.5-131.5(61.0s) | C:131.5-191.5(60.0s) | O:191.5-252.0(60.5s) | C:252.0-733.0(481.0s) | O:733.0-734.0(1.0s),10.56,733.01,0.99,481.0,
sub-2023cg,cg,epochs,200.0,4.0,128.0,128.0,0.0,0.0,COCO,True,0.00;50.00;100.00;150.00,v1.0.0\sub-2023cg\eeg\sub-2023cg_task-restingstate_acq-epochs_eeg.set,13.03,RsmpldPIcaEpochs,cg_rs_2023_prepro_epochs.set,D:\Control\2023\cg_rs_2023.bdf,128.0,6400.0,empty,,EX1;EX2;EX3;EX4;EX5;EX6;EX7;EX8,average,109.0,128.0,0.0,0.0,8.678,2022-05-18 12:57:22,4.0,PostClosed;PostOpen;PostClosed;PostOpen,COCO,16.07;75.91;136.83;196.44;256.81;755.26,240.0,60.0,2.0,3.0,,,,,,
sub-2023cg,cg,preprocessed,762.0,1.0,128.0,128.0,0.0,0.0,COCOCO,True,16.07;75.91;136.83;196.44;256.81;755.26,v1.0.0\sub-2023cg\eeg\sub-2023cg_task-restingstate_desc-preprocessed_eeg.set,48.98,BDF file resampled pruned with ICA,cg_rs_2023_prepro.set,D:\Control\2023\cg_rs_2023.bdf,128.0,97536.0,empty,,EX1;EX2;EX3;EX4;EX5;EX6;EX7;EX8,average,109.0,128.0,0.0,0.0,8.226,2022-05-18 12:57:22,6.0,condition 64;condition 128;condition 64;condition 128;condition 64;condition 128,,,720.0,0.0,2.0,3.0,C:16.1-75.9(59.8s) | O:75.9-136.8(60.9s) | C:136.8-196.4(59.6s) | O:196.4-256.8(60.4s) | C:256.8-755.3(498.4s) | O:755.3-762.0(6.7s),16.07,755.26,6.74,498.4,
sub-2026cg,cg,epochs,200.0,4.0,128.0,128.0,0.0,0.0,COCO,True,0.00;50.00;100.00;150.00,v1.0.0\sub-2026cg\eeg\sub-2026cg_task-restingstate_acq-epochs_eeg.set,13.05,RsmpldPIcaEpochs,cg_rs_2026_prepro_epochs.set,D:\Control\2026\cg_rs_2026.bdf,128.0,6400.0,empty,,EX1;EX2;EX3;EX4;EX5;EX6;EX7;EX8,average,117.0,128.0,0.0,0.0,4.483,2022-06-21 14:05:20,4.0,PostClosed;PostOpen;PostClosed;PostOpen,COCO,0.47;34.69;95.03;156.23;215.77;276.12;756.64,240.0,60.0,2.0,3.0,,,,,,
sub-2026cg,cg,preprocessed,757.0,1.0,128.0,128.0,0.0,0.0,?COCOCO,True,0.47;34.69;95.03;156.23;215.77;276.12;756.64,v1.0.0\sub-2026cg\eeg\sub-2026cg_task-restingstate_desc-preprocessed_eeg.set,48.68,BDF file resampled pruned with ICA,cg_rs_2026_prepro.set,D:\Control\2026\cg_rs_2026.bdf,128.0,96896.0,empty,,EX1;EX2;EX3;EX4;EX5;EX6;EX7;EX8,average,117.0,128.0,0.0,0.0,4.554,2022-06-21 14:05:20,7.0,254;condition 64;condition 128;condition 64;condition 128;condition 64;condition 128,,,720.0,0.0,2.0,3.0,?:0.5-34.7(34.2s) | C:34.7-95.0(60.3s) | O:95.0-156.2(61.2s) | C:156.2-215.8(59.5s) | O:215.8-276.1(60.4s) | C:276.1-756.6(480.5s) | O:756.6-757.0(0.4s),0.47,756.64,0.36,480.5,
sub-2028cg,cg,epochs,200.0,4.0,128.0,128.0,0.0,0.0,COCO,True,0.00;50.00;100.00;150.00,v1.0.0\sub-2028cg\eeg\sub-2028cg_task-restingstate_acq-epochs_eeg.set,13.02,RsmpldPIcaEpochs,cg_rs_2028_prepro_epochs.set,D:\Control\2028\cg_rs_2028.bdf,128.0,6400.0,empty,,EX1;EX2;EX3;EX4;EX5;EX6;EX7;EX8,average,107.0,128.0,0.0,0.0,9.498,2022-06-22 13:20:24,4.0,PostClosed;PostOpen;PostClosed;PostOpen,COCO,12.53;72.03;132.62;192.11;252.50;755.57,240.0,60.0,2.0,3.0,,,,,,
sub-2028cg,cg,preprocessed,764.0,1.0,128.0,128.0,0.0,0.0,COCOCO,True,12.53;72.03;132.62;192.11;252.50;755.57,v1.0.0\sub-2028cg\eeg\sub-2028cg_task-restingstate_desc-preprocessed_eeg.set,49.1,BDF file resampled pruned with ICA,cg_rs_2028_prepro.set,D:\Control\2028\cg_rs_2028.bdf,128.0,97792.0,empty,,EX1;EX2;EX3;EX4;EX5;EX6;EX7;EX8,average,107.0,128.0,0.0,0.0,10.649,2022-06-22 13:20:24,6.0,condition 64;condition 128;condition 64;condition 128;condition 64;condition 128,,,720.0,0.0,2.0,3.0,C:12.5-72.0(59.5s) | O:72.0-132.6(60.6s) | C:132.6-192.1(59.5s) | O:192.1-252.5(60.4s) | C:252.5-755.6(503.1s) | O:755.6-764.0(8.4s),12.53,755.57,8.43,503.1,
sub-2029cg,cg,epochs,200.0,4.0,128.0,128.0,0.0,0.0,COCO,True,0.00;50.00;100.00;150.00,v1.0.0\sub-2029cg\eeg\sub-2029cg_task-restingstate_acq-epochs_eeg.set,13.0,RsmpldPIcaEpochs,cg_rs_2029_prepro_epochs.set,D:\Control\2029\cg_rs_2029.bdf,128.0,6400.0,empty,,EX1;EX2;EX3;EX4;EX5;EX6;EX7;EX8,average,99.0,128.0,0.0,0.0,6.116,2022-06-23 12:52:37,4.0,PostClosed;PostOpen;PostClosed;PostOpen,COCO,0.11;14.47;74.50;135.80;195.56;256.17;737.09,240.0,60.0,2.0,3.0,,,,,,
sub-2029cg,cg,preprocessed,738.0,1.0,128.0,128.0,0.0,0.0,?COCOCO,True,0.11;14.47;74.50;135.80;195.56;256.17;737.09,v1.0.0\sub-2029cg\eeg\sub-2029cg_task-restingstate_desc-preprocessed_eeg.set,47.43,BDF file resampled pruned with ICA,cg_rs_2029_prepro.set,D:\Control\2029\cg_rs_2029.bdf,128.0,94464.0,empty,,EX1;EX2;EX3;EX4;EX5;EX6;EX7;EX8,average,99.0,128.0,0.0,0.0,6.235,2022-06-23 12:52:37,7.0,254;condition 64;condition 128;condition 64;condition 128;condition 64;condition 128,,,720.0,0.0,2.0,3.0,?:0.1-14.5(14.4s) | C:14.5-74.5(60.0s) | O:74.5-135.8(61.3s) | C:135.8-195.6(59.8s) | O:195.6-256.2(60.6s) | C:256.2-737.1(480.9s) | O:737.1-738.0(0.9s),0.11,737.09,0.91,480.9,
sub-2030cg,cg,epochs,200.0,4.0,128.0,128.0,0.0,0.0,COCO,True,0.00;50.00;100.00;150.00,v1.0.0\sub-2030cg\eeg\sub-2030cg_task-restingstate_acq-epochs_eeg.set,12.99,RsmpldPIcaEpochs,cg_rs_2030_prepro_epochs.set,D:\Control\2030\cg_rs_2030.bdf,128.0,6400.0,empty,,EX1;EX2;EX3;EX4;EX5;EX6;EX7;EX8,average,97.0,128.0,0.0,0.0,6.592,2022-06-23 10:11:30,4.0,PostClosed;PostOpen;PostClosed;PostOpen,COCO,24.05;84.76;145.57;205.35;265.70;775.41,240.0,60.0,2.0,3.0,,,,,,
sub-2030cg,cg,preprocessed,783.0,1.0,128.0,128.0,0.0,0.0,COCOCO,True,24.05;84.76;145.57;205.35;265.70;775.41,v1.0.0\sub-2030cg\eeg\sub-2030cg_task-restingstate_desc-preprocessed_eeg.set,50.29,BDF file resampled pruned with ICA,cg_rs_2030_prepro.set,D:\Control\2030\cg_rs_2030.bdf,128.0,100224.0,empty,,EX1;EX2;EX3;EX4;EX5;EX6;EX7;EX8,average,97.0,128.0,0.0,0.0,6.382,2022-06-23 10:11:30,6.0,condition 64;condition 128;condition 64;condition 128;condition 64;condition 128,,,720.0,0.0,2.0,3.0,C:24.0-84.8(60.7s) | O:84.8-145.6(60.8s) | C:145.6-205.3(59.8s) | O:205.3-265.7(60.4s) | C:265.7-775.4(509.7s) | O:775.4-783.0(7.6s),24.05,775.41,7.59,509.7,
sub-2031cg,cg,epochs,200.0,4.0,128.0,128.0,0.0,0.0,COCO,True,0.00;50.00;100.00;150.00,v1.0.0\sub-2031cg\eeg\sub-2031cg_task-restingstate_acq-epochs_eeg.set,12.97,RsmpldPIcaEpochs,cg_rs_2031_prepro_epochs.set,D:\Control\2031\cg_rs_2031.bdf,128.0,6400.0,empty,,EX1;EX2;EX3;EX4;EX5;EX6;EX7;EX8,average,90.0,128.0,0.0,0.0,7.466,2022-06-29 10:28:37,4.0,PostClosed;PostOpen;PostClosed;PostOpen,COCO,12.62;72.12;132.93;192.50;252.81;733.70,240.0,60.0,2.0,3.0,,,,,,
sub-2031cg,cg,preprocessed,735.0,1.0,128.0,128.0,0.0,0.0,COCOCO,True,12.62;72.12;132.93;192.50;252.81;733.70,v1.0.0\sub-2031cg\eeg\sub-2031cg_task-restingstate_desc-preprocessed_eeg.set,47.22,BDF file resampled pruned with ICA,cg_rs_2031_prepro.set,D:\Control\2031\cg_rs_2031.bdf,128.0,94080.0,empty,,EX1;EX2;EX3;EX4;EX5;EX6;EX7;EX8,average,90.0,128.0,0.0,0.0,8.271,2022-06-29 10:28:37,6.0,condition 64;condition 128;condition 64;condition 128;condition 64;condition 128,,,720.0,0.0,2.0,3.0,C:12.6-72.1(59.5s) | O:72.1-132.9(60.8s) | C:132.9-192.5(59.6s) | O:192.5-252.8(60.3s) | C:252.8-733.7(480.9s) | O:733.7-735.0(1.3s),12.62,733.7,1.3,480.9,
sub-2033cg,cg,epochs,200.0,4.0,128.0,128.0,0.0,0.0,COCO,True,0.00;50.00;100.00;150.00,v1.0.0\sub-2033cg\eeg\sub-2033cg_task-restingstate_acq-epochs_eeg.set,13.0,RsmpldPIcaEpochs,cg_rs_2033_prepro_epochs.set,D:\Control\2033\cg_rs_2033.bdf,128.0,6400.0,empty,,EX1;EX2;EX3;EX4;EX5;EX6;EX7;EX8,average,98.0,128.0,0.0,0.0,7.077,2022-07-05 11:49:26,4.0,PostClosed;PostOpen;PostClosed;PostOpen,COCO,9.10;68.59;129.20;188.70;249.04;756.43,240.0,60.0,2.0,3.0,,,,,,
sub-2033cg,cg,preprocessed,763.0,1.0,128.0,128.0,0.0,0.0,COCOCO,True,9.10;68.59;129.20;188.70;249.04;756.43,v1.0.0\sub-2033cg\eeg\sub-2033cg_task-restingstate_desc-preprocessed_eeg.set,49.02,BDF file resampled pruned with ICA,cg_rs_2033_prepro.set,D:\Control\2033\cg_rs_2033.bdf,128.0,97664.0,empty,,EX1;EX2;EX3;EX4;EX5;EX6;EX7;EX8,average,98.0,128.0,0.0,0.0,6.986,2022-07-05 11:49:26,6.0,condition 64;condition 128;condition 64;condition 128;condition 64;condition 128,,,720.0,0.0,2.0,3.0,C:9.1-68.6(59.5s) | O:68.6-129.2(60.6s) | C:129.2-188.7(59.5s) | O:188.7-249.0(60.3s) | C:249.0-756.4(507.4s) | O:756.4-763.0(6.6s),9.1,756.43,6.57,507.4,
sub-2034cg,cg,epochs,200.0,4.0,128.0,128.0,0.0,0.0,COCO,True,0.00;50.00;100.00;150.00,v1.0.0\sub-2034cg\eeg\sub-2034cg_task-restingstate_acq-epochs_eeg.set,13.04,RsmpldPIcaEpochs,cg_rs_2034_prepro_epochs.set,D:\Control\2034\cg_rs_2034.bdf,128.0,6400.0,empty,,EX1;EX2;EX3;EX4;EX5;EX6;EX7;EX8,average,114.0,128.0,0.0,0.0,7.102,2022-07-05 09:57:01,4.0,PostClosed;PostOpen;PostClosed;PostOpen,COCO,34.09;94.42;155.96;216.04;276.67;757.76,240.0,60.0,2.0,3.0,,,,,,
sub-2034cg,cg,preprocessed,759.0,1.0,128.0,128.0,0.0,0.0,COCOCO,True,34.09;94.42;155.96;216.04;276.67;757.76,v1.0.0\sub-2034cg\eeg\sub-2034cg_task-restingstate_desc-preprocessed_eeg.set,48.8,BDF file resampled pruned with ICA,cg_rs_2034_prepro.set,D:\Control\2034\cg_rs_2034.bdf,128.0,97152.0,empty,,EX1;EX2;EX3;EX4;EX5;EX6;EX7;EX8,average,114.0,128.0,0.0,0.0,6.907,2022-07-05 09:57:01,6.0,condition 64;condition 128;condition 64;condition 128;condition 64;condition 128,,,720.0,0.0,2.0,3.0,C:34.1-94.4(60.3s) | O:94.4-156.0(61.5s) | C:156.0-216.0(60.1s) | O:216.0-276.7(60.6s) | C:276.7-757.8(481.1s) | O:757.8-759.0(1.2s),34.09,757.76,1.24,481.1,
sub-2036cg,cg,epochs,200.0,4.0,128.0,128.0,0.0,0.0,COCO,True,0.00;50.00;100.00;150.00,v1.0.0\sub-2036cg\eeg\sub-2036cg_task-restingstate_acq-epochs_eeg.set,13.0,RsmpldPIcaEpochs,cg_rs_2036_prepro_epochs.set,D:\Control\2036\cg_rs_2036.bdf,128.0,6400.0,empty,,EX1;EX2;EX3;EX4;EX5;EX6;EX7;EX8,average,100.0,128.0,0.0,0.0,4.191,2022-07-07 10:15:59,4.0,PostClosed;PostOpen;PostClosed;PostOpen,COCO,15.32;74.94;135.70;195.49;255.81;736.30,240.0,60.0,2.0,3.0,,,,,,
sub-2036cg,cg,preprocessed,737.0,1.0,128.0,128.0,0.0,0.0,COCOCO,True,15.32;74.94;135.70;195.49;255.81;736.30,v1.0.0\sub-2036cg\eeg\sub-2036cg_task-restingstate_desc-preprocessed_eeg.set,47.37,BDF file resampled pruned with ICA,cg_rs_2036_prepro.set,D:\Control\2036\cg_rs_2036.bdf,128.0,94336.0,empty,,EX1;EX2;EX3;EX4;EX5;EX6;EX7;EX8,average,100.0,128.0,0.0,0.0,4.539,2022-07-07 10:15:59,6.0,condition 64;condition 128;condition 64;condition 128;condition 64;condition 128,,,720.0,0.0,2.0,3.0,C:15.3-74.9(59.6s) | O:74.9-135.7(60.8s) | C:135.7-195.5(59.8s) | O:195.5-255.8(60.3s) | C:255.8-736.3(480.5s) | O:736.3-737.0(0.7s),15.32,736.3,0.7,480.5,
sub-2037cg,cg,epochs,200.0,4.0,128.0,128.0,0.0,0.0,COCO,True,0.00;50.00;100.00;150.00,v1.0.0\sub-2037cg\eeg\sub-2037cg_task-restingstate_acq-epochs_eeg.set,12.97,RsmpldPIcaEpochs,cg_rs_2037_prepro_epochs.set,D:\Control\2037\cg_rs_2037.bdf,128.0,6400.0,empty,,EX1;EX2;EX3;EX4;EX5;EX6;EX7;EX8,average,89.0,128.0,0.0,0.0,6.015,2022-07-11 13:22:54,4.0,PostClosed;PostOpen;PostClosed;PostOpen,COCO,11.30;70.96;132.25;191.98;252.59;733.59,240.0,60.0,2.0,3.0,,,,,,
sub-2037cg,cg,preprocessed,735.0,1.0,128.0,128.0,0.0,0.0,COCOCO,True,11.30;70.96;132.25;191.98;252.59;733.59,v1.0.0\sub-2037cg\eeg\sub-2037cg_task-restingstate_desc-preprocessed_eeg.set,47.22,BDF file resampled pruned with ICA,cg_rs_2037_prepro.set,D:\Control\2037\cg_rs_2037.bdf,128.0,94080.0,empty,,EX1;EX2;EX3;EX4;EX5;EX6;EX7;EX8,average,89.0,128.0,0.0,0.0,6.737,2022-07-11 13:22:54,6.0,condition 64;condition 128;condition 64;condition 128;condition 64;condition 128,,,720.0,0.0,2.0,3.0,C:11.3-71.0(59.7s) | O:71.0-132.3(61.3s) | C:132.3-192.0(59.7s) | O:192.0-252.6(60.6s) | C:252.6-733.6(481.0s) | O:733.6-735.0(1.4s),11.3,733.59,1.41,481.0,
sub-2038cg,cg,epochs,200.0,4.0,128.0,128.0,0.0,0.0,COCO,True,0.00;50.00;100.00;150.00,v1.0.0\sub-2038cg\eeg\sub-2038cg_task-restingstate_acq-epochs_eeg.set,13.04,RsmpldPIcaEpochs,cg_rs_2038_prepro_epochs.set,D:\Control\2038\cg_rs_2038.bdf,128.0,6400.0,empty,,EX1;EX2;EX3;EX4;EX5;EX6;EX7;EX8,average,112.0,128.0,0.0,0.0,6.346,2022-07-11 09:45:49,4.0,PostClosed;PostOpen;PostClosed;PostOpen,COCO,12.17;71.69;132.29;191.89;252.21;732.68,240.0,60.0,2.0,3.0,,,,,,
sub-2038cg,cg,preprocessed,734.0,1.0,128.0,128.0,0.0,0.0,COCOCO,True,12.17;71.69;132.29;191.89;252.21;732.68,v1.0.0\sub-2038cg\eeg\sub-2038cg_task-restingstate_desc-preprocessed_eeg.set,47.2,BDF file resampled pruned with ICA,cg_rs_2038_prepro.set,D:\Control\2038\cg_rs_2038.bdf,128.0,93952.0,empty,,EX1;EX2;EX3;EX4;EX5;EX6;EX7;EX8,average,112.0,128.0,0.0,0.0,6.483,2022-07-11 09:45:49,6.0,condition 64;condition 128;condition 64;condition 128;condition 64;condition 128,,,720.0,0.0,2.0,3.0,C:12.2-71.7(59.5s) | O:71.7-132.3(60.6s) | C:132.3-191.9(59.6s) | O:191.9-252.2(60.3s) | C:252.2-732.7(480.5s) | O:732.7-734.0(1.3s),12.17,732.68,1.32,480.5,
sub-2040cg,cg,epochs,200.0,4.0,128.0,128.0,0.0,0.0,COCO,True,0.00;50.00;100.00;150.00,v1.0.0\sub-2040cg\eeg\sub-2040cg_task-restingstate_acq-epochs_eeg.set,13.02,RsmpldPIcaEpochs,cg_rs_2040_prepro_epochs.set,D:\Control\2040\cg_rs_2040.bdf,128.0,6400.0,empty,,EX1;EX2;EX3;EX4;EX5;EX6;EX7;EX8,average,107.0,128.0,0.0,0.0,7.662,2022-07-12 09:52:29,4.0,PostClosed;PostOpen;PostClosed;PostOpen,COCO,15.73;75.33;136.22;195.73;256.09;736.58,240.0,60.0,2.0,3.0,,,,,,
sub-2040cg,cg,preprocessed,738.0,1.0,128.0,128.0,0.0,0.0,COCOCO,True,15.73;75.33;136.22;195.73;256.09;736.58,v1.0.0\sub-2040cg\eeg\sub-2040cg_task-restingstate_desc-preprocessed_eeg.set,47.45,BDF file resampled pruned with ICA,cg_rs_2040_prepro.set,D:\Control\2040\cg_rs_2040.bdf,128.0,94464.0,empty,,EX1;EX2;EX3;EX4;EX5;EX6;EX7;EX8,average,107.0,128.0,0.0,0.0,7.1,2022-07-12 09:52:29,6.0,condition 64;condition 128;condition 64;condition 128;condition 64;condition 128,,,720.0,0.0,2.0,3.0,C:15.7-75.3(59.6s) | O:75.3-136.2(60.9s) | C:136.2-195.7(59.5s) | O:195.7-256.1(60.4s) | C:256.1-736.6(480.5s) | O:736.6-738.0(1.4s),15.73,736.58,1.42,480.5,
sub-2043cg,cg,epochs,200.0,4.0,128.0,128.0,0.0,0.0,COCO,True,0.00;50.00;100.00;150.00,v1.0.0\sub-2043cg\eeg\sub-2043cg_task-restingstate_acq-epochs_eeg.set,13.01,RsmpldPIcaEpochs,cg_rs_2043_prepro_epochs.set,D:\Control\2043\cg_rs_2043.bdf,128.0,6400.0,empty,,EX1;EX2;EX3;EX4;EX5;EX6;EX7;EX8,average,101.0,128.0,0.0,0.0,6.887,2022-07-25 13:05:02,4.0,PostClosed;PostOpen;PostClosed;PostOpen,COCO,9.89;69.42;130.02;189.52;249.83;755.85,240.0,60.0,2.0,3.0,,,,,,
sub-2043cg,cg,preprocessed,764.0,1.0,128.0,128.0,0.0,0.0,COCOCO,True,9.89;69.42;130.02;189.52;249.83;755.85,v1.0.0\sub-2043cg\eeg\sub-2043cg_task-restingstate_desc-preprocessed_eeg.set,49.09,BDF file resampled pruned with ICA,cg_rs_2043_prepro.set,D:\Control\2043\cg_rs_2043.bdf,128.0,97792.0,empty,,EX1;EX2;EX3;EX4;EX5;EX6;EX7;EX8,average,101.0,128.0,0.0,0.0,7.668,2022-07-25 13:05:02,6.0,condition 64;condition 128;condition 64;condition 128;condition 64;condition 128,,,720.0,0.0,2.0,3.0,C:9.9-69.4(59.5s) | O:69.4-130.0(60.6s) | C:130.0-189.5(59.5s) | O:189.5-249.8(60.3s) | C:249.8-755.8(506.0s) | O:755.8-764.0(8.2s),9.89,755.85,8.15,506.0,
sub-2044cg,cg,epochs,200.0,4.0,128.0,128.0,0.0,0.0,COCO,True,0.00;50.00;100.00;150.00,v1.0.0\sub-2044cg\eeg\sub-2044cg_task-restingstate_acq-epochs_eeg.set,13.03,RsmpldPIcaEpochs,cg_rs_2044_prepro_epochs.set,D:\Control\2044\cg_rs_2044.bdf,128.0,6400.0,empty,,EX1;EX2;EX3;EX4;EX5;EX6;EX7;EX8,average,108.0,128.0,0.0,0.0,10.184,2022-07-25 09:44:07,4.0,PostClosed;PostOpen;PostClosed;PostOpen,COCO,21.53;81.06;142.89;202.44;262.81;743.39,240.0,60.0,2.0,3.0,,,,,,
sub-2044cg,cg,preprocessed,744.0,1.0,128.0,128.0,0.0,0.0,COCOCO,True,21.53;81.06;142.89;202.44;262.81;743.39,v1.0.0\sub-2044cg\eeg\sub-2044cg_task-restingstate_desc-preprocessed_eeg.set,47.83,BDF file resampled pruned with ICA,cg_rs_2044_prepro.set,D:\Control\2044\cg_rs_2044.bdf,128.0,95232.0,empty,,EX1;EX2;EX3;EX4;EX5;EX6;EX7;EX8,average,108.0,128.0,0.0,0.0,10.684,2022-07-25 09:44:07,6.0,condition 64;condition 128;condition 64;condition 128;condition 64;condition 128,,,720.0,0.0,2.0,3.0,C:21.5-81.1(59.5s) | O:81.1-142.9(61.8s) | C:142.9-202.4(59.5s) | O:202.4-262.8(60.4s) | C:262.8-743.4(480.6s) | O:743.4-744.0(0.6s),21.53,743.39,0.61,480.6,
sub-2045cg,cg,epochs,200.0,4.0,128.0,128.0,0.0,0.0,COCO,True,0.00;50.00;100.00;150.00,v1.0.0\sub-2045cg\eeg\sub-2045cg_task-restingstate_acq-epochs_eeg.set,13.04,RsmpldPIcaEpochs,cg_rs_2045_prepro_epochs.set,D:\Control\2045\cg_rs_2045.bdf,128.0,6400.0,empty,,EX1;EX2;EX3;EX4;EX5;EX6;EX7;EX8,average,113.0,128.0,0.0,0.0,6.189,2022-07-28 13:07:06,4.0,PostClosed;PostOpen;PostClosed;PostOpen,COCO,8.67;68.18;128.80;188.31;248.67;753.47,240.0,60.0,2.0,3.0,,,,,,
sub-2045cg,cg,preprocessed,762.0,1.0,128.0,128.0,0.0,0.0,COCOCO,True,8.67;68.18;128.80;188.31;248.67;753.47,v1.0.0\sub-2045cg\eeg\sub-2045cg_task-restingstate_desc-preprocessed_eeg.set,48.98,BDF file resampled pruned with ICA,cg_rs_2045_prepro.set,D:\Control\2045\cg_rs_2045.bdf,128.0,97536.0,empty,,EX1;EX2;EX3;EX4;EX5;EX6;EX7;EX8,average,113.0,128.0,0.0,0.0,8.514,2022-07-28 13:07:06,6.0,condition 64;condition 128;condition 64;condition 128;condition 64;condition 128,,,720.0,0.0,2.0,3.0,C:8.7-68.2(59.5s) | O:68.2-128.8(60.6s) | C:128.8-188.3(59.5s) | O:188.3-248.7(60.4s) | C:248.7-753.5(504.8s) | O:753.5-762.0(8.5s),8.67,753.47,8.53,504.8,
sub-2046cg,cg,epochs,200.0,4.0,128.0,128.0,0.0,0.0,COCO,True,0.00;50.00;100.00;150.00,v1.0.0\sub-2046cg\eeg\sub-2046cg_task-restingstate_acq-epochs_eeg.set,13.0,RsmpldPIcaEpochs,cg_rs_2046_prepro_epochs.set,D:\Control\2046\cg_rs_2046.bdf,128.0,6400.0,empty,,EX1;EX2;EX3;EX4;EX5;EX6;EX7;EX8,average,98.0,128.0,0.0,0.0,7.467,2022-07-28 09:45:50,4.0,PostClosed;PostOpen;PostClosed;PostOpen,COCO,27.61;87.15;148.11;207.73;268.06;772.69,240.0,60.0,2.0,3.0,,,,,,
sub-2046cg,cg,preprocessed,780.0,1.0,128.0,128.0,0.0,0.0,COCOCO,True,27.61;87.15;148.11;207.73;268.06;772.69,v1.0.0\sub-2046cg\eeg\sub-2046cg_task-restingstate_desc-preprocessed_eeg.set,50.1,BDF file resampled pruned with ICA,cg_rs_2046_prepro.set,D:\Control\2046\cg_rs_2046.bdf,128.0,99840.0,empty,,EX1;EX2;EX3;EX4;EX5;EX6;EX7;EX8,average,98.0,128.0,0.0,0.0,7.01,2022-07-28 09:45:50,6.0,condition 64;condition 128;condition 64;condition 128;condition 64;condition 128,,,720.0,0.0,2.0,3.0,C:27.6-87.1(59.5s) | O:87.1-148.1(61.0s) | C:148.1-207.7(59.6s) | O:207.7-268.1(60.3s) | C:268.1-772.7(504.6s) | O:772.7-780.0(7.3s),27.61,772.69,7.31,504.6,
sub-2047cg,cg,epochs,200.0,4.0,128.0,128.0,0.0,0.0,COCO,True,0.00;50.00;100.00;150.00,v1.0.0\sub-2047cg\eeg\sub-2047cg_task-restingstate_acq-epochs_eeg.set,13.01,RsmpldPIcaEpochs,cg_rs_2047_prepro_epochs.set,D:\Control\2047\cg_rs_2047.bdf,128.0,6400.0,empty,,EX1;EX2;EX3;EX4;EX5;EX6;EX7;EX8,average,101.0,128.0,0.0,0.0,7.989,2022-08-08 12:40:39,4.0,PostClosed;PostOpen;PostClosed;PostOpen,COCO,12.55;72.08;132.67;192.17;252.50;758.90,240.0,60.0,2.0,3.0,,,,,,
sub-2047cg,cg,preprocessed,767.0,1.0,128.0,128.0,0.0,0.0,COCOCO,True,12.55;72.08;132.67;192.17;252.50;758.90,v1.0.0\sub-2047cg\eeg\sub-2047cg_task-restingstate_desc-preprocessed_eeg.set,49.28,BDF file resampled pruned with ICA,cg_rs_2047_prepro.set,D:\Control\2047\cg_rs_2047.bdf,128.0,98176.0,empty,,EX1;EX2;EX3;EX4;EX5;EX6;EX7;EX8,average,101.0,128.0,0.0,0.0,7.546,2022-08-08 12:40:39,6.0,condition 64;condition 128;condition 64;condition 128;condition 64;condition 128,,,720.0,0.0,2.0,3.0,C:12.6-72.1(59.5s) | O:72.1-132.7(60.6s) | C:132.7-192.2(59.5s) | O:192.2-252.5(60.3s) | C:252.5-758.9(506.4s) | O:758.9-767.0(8.1s),12.55,758.9,8.1,506.4,
sub-2048cg,cg,epochs,200.0,4.0,128.0,128.0,0.0,0.0,COCO,True,0.00;50.00;100.00;150.00,v1.0.0\sub-2048cg\eeg\sub-2048cg_task-restingstate_acq-epochs_eeg.set,12.98,RsmpldPIcaEpochs,cg_rs_2048_prepro_epochs.set,D:\Control\2048\cg_rs_2048.bdf,128.0,6400.0,empty,,EX1;EX2;EX3;EX4;EX5;EX6;EX7;EX8,average,93.0,128.0,0.0,0.0,8.839,2022-08-08 09:26:47,4.0,PostClosed;PostOpen;PostClosed;PostOpen,COCO,1.02;20.77;80.52;141.83;201.35;261.69;770.58,240.0,60.0,2.0,3.0,,,,,,
sub-2048cg,cg,preprocessed,780.0,1.0,128.0,128.0,0.0,0.0,?COCOCO,True,1.02;20.77;80.52;141.83;201.35;261.69;770.58,v1.0.0\sub-2048cg\eeg\sub-2048cg_task-restingstate_desc-preprocessed_eeg.set,50.09,BDF file resampled pruned with ICA,cg_rs_2048_prepro.set,D:\Control\2048\cg_rs_2048.bdf,128.0,99840.0,empty,,EX1;EX2;EX3;EX4;EX5;EX6;EX7;EX8,average,93.0,128.0,0.0,0.0,9.561,2022-08-08 09:26:47,7.0,254;condition 64;condition 128;condition 64;condition 128;condition 64;condition 128,,,720.0,0.0,2.0,3.0,?:1.0-20.8(19.8s) | C:20.8-80.5(59.7s) | O:80.5-141.8(61.3s) | C:141.8-201.3(59.5s) | O:201.3-261.7(60.3s) | C:261.7-770.6(508.9s) | O:770.6-780.0(9.4s),1.02,770.58,9.42,508.9,
sub-2050cg,cg,epochs,200.0,4.0,128.0,128.0,0.0,0.0,COCO,True,0.00;50.00;100.00;150.00,v1.0.0\sub-2050cg\eeg\sub-2050cg_task-restingstate_acq-epochs_eeg.set,13.04,RsmpldPIcaEpochs,cg_rs_2050_prepro_epochs.set,D:\Control\2050\cg_rs_2050.bdf,128.0,6400.0,empty,,EX1;EX2;EX3;EX4;EX5;EX6;EX7;EX8,average,112.0,128.0,0.0,0.0,5.741,2022-08-09 10:13:16,4.0,PostClosed;PostOpen;PostClosed;PostOpen,COCO,0.12;12.20;71.69;133.43;192.93;253.25;754.93,240.0,60.0,2.0,3.0,,,,,,
sub-2050cg,cg,preprocessed,764.0,1.0,128.0,128.0,0.0,0.0,?COCOCO,True,0.12;12.20;71.69;133.43;192.93;253.25;754.93,v1.0.0\sub-2050cg\eeg\sub-2050cg_task-restingstate_desc-preprocessed_eeg.set,49.11,BDF file resampled pruned with ICA,cg_rs_2050_prepro.set,D:\Control\2050\cg_rs_2050.bdf,128.0,97792.0,empty,,EX1;EX2;EX3;EX4;EX5;EX6;EX7;EX8,average,112.0,128.0,0.0,0.0,6.087,2022-08-09 10:13:16,7.0,254;condition 64;condition 128;condition 64;condition 128;condition 64;condition 128,,,720.0,0.0,2.0,3.0,?:0.1-12.2(12.1s) | C:12.2-71.7(59.5s) | O:71.7-133.4(61.7s) | C:133.4-192.9(59.5s) | O:192.9-253.2(60.3s) | C:253.2-754.9(501.7s) | O:754.9-764.0(9.1s),0.12,754.93,9.07,501.7,
sub-2051cg,cg,epochs,200.0,4.0,128.0,128.0,0.0,0.0,COCO,True,0.00;50.00;100.00;150.00,v1.0.0\sub-2051cg\eeg\sub-2051cg_task-restingstate_acq-epochs_eeg.set,13.06,RsmpldPIcaEpochs,cg_rs_2051_prepro_epochs.set,D:\Control\2051\cg_rs_2051.bdf,128.0,6400.0,empty,,EX1;EX2;EX3;EX4;EX5;EX6;EX7;EX8,average,119.0,128.0,0.0,0.0,11.707,2022-08-10 13:00:41,4.0,PostClosed;PostOpen;PostClosed;PostOpen,COCO,16.03;75.73;136.55;196.18;256.52;762.08,240.0,60.0,2.0,3.0,,,,,,
sub-2051cg,cg,preprocessed,771.0,1.0,128.0,128.0,0.0,0.0,COCOCO,True,16.03;75.73;136.55;196.18;256.52;762.08,v1.0.0\sub-2051cg\eeg\sub-2051cg_task-restingstate_desc-preprocessed_eeg.set,49.57,BDF file resampled pruned with ICA,cg_rs_2051_prepro.set,D:\Control\2051\cg_rs_2051.bdf,128.0,98688.0,empty,,EX1;EX2;EX3;EX4;EX5;EX6;EX7;EX8,average,119.0,128.0,0.0,0.0,11.55,2022-08-10 13:00:41,6.0,condition 64;condition 128;condition 64;condition 128;condition 64;condition 128,,,720.0,0.0,2.0,3.0,C:16.0-75.7(59.7s) | O:75.7-136.5(60.8s) | C:136.5-196.2(59.6s) | O:196.2-256.5(60.3s) | C:256.5-762.1(505.6s) | O:762.1-771.0(8.9s),16.03,762.08,8.92,505.6,
sub-2052cg,cg,epochs,200.0,4.0,128.0,128.0,0.0,0.0,COCO,True,0.00;50.00;100.00;150.00,v1.0.0\sub-2052cg\eeg\sub-2052cg_task-restingstate_acq-epochs_eeg.set,13.05,RsmpldPIcaEpochs,cg_rs_2052_prepro_epochs.set,D:\Control\2052\cg_rs_2052.bdf,128.0,6400.0,empty,,EX1;EX2;EX3;EX4;EX5;EX6;EX7;EX8,average,117.0,128.0,0.0,0.0,11.708,2022-08-10 09:30:59,4.0,PostClosed;PostOpen;PostClosed;PostOpen,COCO,14.96;74.48;135.18;194.98;255.30;735.94,240.0,60.0,2.0,3.0,,,,,,
sub-2052cg,cg,preprocessed,737.0,1.0,128.0,128.0,0.0,0.0,COCOCO,True,14.96;74.48;135.18;194.98;255.30;735.94,v1.0.0\sub-2052cg\eeg\sub-2052cg_task-restingstate_desc-preprocessed_eeg.set,47.41,BDF file resampled pruned with ICA,cg_rs_2052_prepro.set,D:\Control\2052\cg_rs_2052.bdf,128.0,94336.0,empty,,EX1;EX2;EX3;EX4;EX5;EX6;EX7;EX8,average,117.0,128.0,0.0,0.0,12.405,2022-08-10 09:30:59,6.0,condition 64;condition 128;condition 64;condition 128;condition 64;condition 128,,,720.0,0.0,2.0,3.0,C:15.0-74.5(59.5s) | O:74.5-135.2(60.7s) | C:135.2-195.0(59.8s) | O:195.0-255.3(60.3s) | C:255.3-735.9(480.6s) | O:735.9-737.0(1.1s),14.96,735.94,1.06,480.6,
sub-2054cg,cg,epochs,200.0,4.0,128.0,128.0,0.0,0.0,COCO,True,0.00;50.00;100.00;150.00,v1.0.0\sub-2054cg\eeg\sub-2054cg_task-restingstate_acq-epochs_eeg.set,13.06,RsmpldPIcaEpochs,cg_rs_2054_prepro_epochs.set,D:\Control\2054\cg_rs_2054.bdf,128.0,6400.0,empty,,EX1;EX2;EX3;EX4;EX5;EX6;EX7;EX8,average,121.0,128.0,0.0,0.0,10.49,2022-08-11 09:47:46,4.0,PostClosed;PostOpen;PostClosed;PostOpen,COCO,24.59;84.94;145.88;205.38;265.73;770.18,240.0,60.0,2.0,3.0,,,,,,
sub-2054cg,cg,preprocessed,779.0,1.0,128.0,128.0,0.0,0.0,COCOCO,True,24.59;84.94;145.88;205.38;265.73;770.18,v1.0.0\sub-2054cg\eeg\sub-2054cg_task-restingstate_desc-preprocessed_eeg.set,50.08,BDF file resampled pruned with ICA,cg_rs_2054_prepro.set,D:\Control\2054\cg_rs_2054.bdf,128.0,99712.0,empty,,EX1;EX2;EX3;EX4;EX5;EX6;EX7;EX8,average,121.0,128.0,0.0,0.0,10.44,2022-08-11 09:47:46,6.0,condition 64;condition 128;condition 64;condition 128;condition 64;condition 128,,,720.0,0.0,2.0,3.0,C:24.6-84.9(60.3s) | O:84.9-145.9(60.9s) | C:145.9-205.4(59.5s) | O:205.4-265.7(60.3s) | C:265.7-770.2(504.4s) | O:770.2-779.0(8.8s),24.59,770.18,8.82,504.4,
sub-2055cg,cg,epochs,200.0,4.0,128.0,128.0,0.0,0.0,COCO,True,0.00;50.00;100.00;150.00,v1.0.0\sub-2055cg\eeg\sub-2055cg_task-restingstate_acq-epochs_eeg.set,12.99,RsmpldPIcaEpochs,cg_rs_2055_prepro_epochs.set,D:\Control\2055\cg_rs_2055.bdf,128.0,6400.0,empty,,EX1;EX2;EX3;EX4;EX5;EX6;EX7;EX8,average,96.0,128.0,0.0,0.0,4.326,2022-08-16 12:44:19,4.0,PostClosed;PostOpen;PostClosed;PostOpen,COCO,10.81;70.54;131.69;191.38;252.04;733.06,240.0,60.0,2.0,3.0,,,,,,
sub-2055cg,cg,preprocessed,734.0,1.0,128.0,128.0,0.0,0.0,COCOCO,True,10.81;70.54;131.69;191.38;252.04;733.06,v1.0.0\sub-2055cg\eeg\sub-2055cg_task-restingstate_desc-preprocessed_eeg.set,47.17,BDF file resampled pruned with ICA,cg_rs_2055_prepro.set,D:\Control\2055\cg_rs_2055.bdf,128.0,93952.0,empty,,EX1;EX2;EX3;EX4;EX5;EX6;EX7;EX8,average,96.0,128.0,0.0,0.0,4.337,2022-08-16 12:44:19,6.0,condition 64;condition 128;condition 64;condition 128;condition 64;condition 128,,,720.0,0.0,2.0,3.0,C:10.8-70.5(59.7s) | O:70.5-131.7(61.2s) | C:131.7-191.4(59.7s) | O:191.4-252.0(60.7s) | C:252.0-733.1(481.0s) | O:733.1-734.0(0.9s),10.81,733.06,0.94,481.0,
sub-2056cg,cg,epochs,200.0,4.0,128.0,128.0,0.0,0.0,COCO,True,0.00;50.00;100.00;150.00,v1.0.0\sub-2056cg\eeg\sub-2056cg_task-restingstate_acq-epochs_eeg.set,13.04,RsmpldPIcaEpochs,cg_rs_2056_prepro_epochs.set,D:\Control\2056\cg_rs_2056.bdf,128.0,6400.0,empty,,EX1;EX2;EX3;EX4;EX5;EX6;EX7;EX8,average,113.0,128.0,0.0,0.0,9.356,2022-08-16 09:56:29,4.0,PostClosed;PostOpen;PostClosed;PostOpen,COCO,23.28;82.84;143.63;203.20;263.52;744.00,240.0,60.0,2.0,3.0,,,,,,
sub-2056cg,cg,preprocessed,745.0,1.0,128.0,128.0,0.0,0.0,COCOCO,True,23.28;82.84;143.63;203.20;263.52;744.00,v1.0.0\sub-2056cg\eeg\sub-2056cg_task-restingstate_desc-preprocessed_eeg.set,47.91,BDF file resampled pruned with ICA,cg_rs_2056_prepro.set,D:\Control\2056\cg_rs_2056.bdf,128.0,95360.0,empty,,EX1;EX2;EX3;EX4;EX5;EX6;EX7;EX8,average,113.0,128.0,0.0,0.0,9.206,2022-08-16 09:56:29,6.0,condition 64;condition 128;condition 64;condition 128;condition 64;condition 128,,,720.0,0.0,2.0,3.0,C:23.3-82.8(59.6s) | O:82.8-143.6(60.8s) | C:143.6-203.2(59.6s) | O:203.2-263.5(60.3s) | C:263.5-744.0(480.5s) | O:744.0-745.0(1.0s),23.28,744.0,1.0,480.5,
sub-2057cg,cg,epochs,200.0,4.0,128.0,128.0,0.0,0.0,COCO,True,0.00;50.00;100.00;150.00,v1.0.0\sub-2057cg\eeg\sub-2057cg_task-restingstate_acq-epochs_eeg.set,12.98,RsmpldPIcaEpochs,cg_rs_2057_prepro_epochs.set,D:\Control\2057\cg_rs_2057.bdf,128.0,6400.0,empty,,EX1;EX2;EX3;EX4;EX5;EX6;EX7;EX8,average,93.0,128.0,0.0,0.0,6.723,2022-08-17 10:34:29,4.0,PostClosed;PostOpen;PostClosed;PostOpen,COCO,0.11;12.75;72.35;133.08;192.58;252.91;733.39,240.0,60.0,2.0,3.0,,,,,,
sub-2057cg,cg,preprocessed,734.0,1.0,128.0,128.0,0.0,0.0,?COCOCO,True,0.11;12.75;72.35;133.08;192.58;252.91;733.39,v1.0.0\sub-2057cg\eeg\sub-2057cg_task-restingstate_desc-preprocessed_eeg.set,47.17,BDF file resampled pruned with ICA,cg_rs_2057_prepro.set,D:\Control\2057\cg_rs_2057.bdf,128.0,93952.0,empty,,EX1;EX2;EX3;EX4;EX5;EX6;EX7;EX8,average,93.0,128.0,0.0,0.0,6.896,2022-08-17 10:34:29,7.0,254;condition 64;condition 128;condition 64;condition 128;condition 64;condition 128,,,720.0,0.0,2.0,3.0,?:0.1-12.7(12.6s) | C:12.7-72.4(59.6s) | O:72.4-133.1(60.7s) | C:133.1-192.6(59.5s) | O:192.6-252.9(60.3s) | C:252.9-733.4(480.5s) | O:733.4-734.0(0.6s),0.11,733.39,0.61,480.5,
sub-2059cg,cg,epochs,200.0,4.0,128.0,128.0,0.0,0.0,COCO,True,0.00;50.00;100.00;150.00,v1.0.0\sub-2059cg\eeg\sub-2059cg_task-restingstate_acq-epochs_eeg.set,12.99,RsmpldPIcaEpochs,cg_rs_2059_prepro_epochs.set,D:\Control\2059\cg_rs_2059.bdf,128.0,6400.0,empty,,EX1;EX2;EX3;EX4;EX5;EX6;EX7;EX8,average,94.0,128.0,0.0,0.0,3.768,2022-08-18 09:42:55,4.0,PostClosed;PostOpen;PostClosed;PostOpen,COCO,0.95;13.83;73.38;134.06;193.73;254.03;762.23,240.0,60.0,2.0,3.0,,,,,,
sub-2059cg,cg,preprocessed,770.0,1.0,128.0,128.0,0.0,0.0,?COCOCO,True,0.95;13.83;73.38;134.06;193.73;254.03;762.23,v1.0.0\sub-2059cg\eeg\sub-2059cg_task-restingstate_desc-preprocessed_eeg.set,49.45,BDF file resampled pruned with ICA,cg_rs_2059_prepro.set,D:\Control\2059\cg_rs_2059.bdf,128.0,98560.0,empty,,EX1;EX2;EX3;EX4;EX5;EX6;EX7;EX8,average,94.0,128.0,0.0,0.0,3.7,2022-08-18 09:42:55,7.0,254;condition 64;condition 128;condition 64;condition 128;condition 64;condition 128,,,720.0,0.0,2.0,3.0,?:1.0-13.8(12.9s) | C:13.8-73.4(59.6s) | O:73.4-134.1(60.7s) | C:134.1-193.7(59.7s) | O:193.7-254.0(60.3s) | C:254.0-762.2(508.2s) | O:762.2-770.0(7.8s),0.95,762.23,7.77,508.2,
sub-2060cg,cg,epochs,200.0,4.0,128.0,128.0,0.0,0.0,COCO,True,0.00;50.00;100.00;150.00,v1.0.0\sub-2060cg\eeg\sub-2060cg_task-restingstate_acq-epochs_eeg.set,13.02,RsmpldPIcaEpochs,cg_rs_2060_prepro_epochs.set,D:\Control\2060\cg_rs_2060.bdf,128.0,6400.0,empty,,EX1;EX2;EX3;EX4;EX5;EX6;EX7;EX8,average,105.0,128.0,0.0,0.0,8.933,2022-08-22 12:46:11,4.0,PostClosed;PostOpen;PostClosed;PostOpen,COCO,0.56;13.07;72.68;133.31;192.91;253.26;760.47,240.0,60.0,2.0,3.0,,,,,,
sub-2060cg,cg,preprocessed,769.0,1.0,128.0,128.0,0.0,0.0,?COCOCO,True,0.56;13.07;72.68;133.31;192.91;253.26;760.47,v1.0.0\sub-2060cg\eeg\sub-2060cg_task-restingstate_desc-preprocessed_eeg.set,49.41,BDF file resampled pruned with ICA,cg_rs_2060_prepro.set,D:\Control\2060\cg_rs_2060.bdf,128.0,98432.0,empty,,EX1;EX2;EX3;EX4;EX5;EX6;EX7;EX8,average,105.0,128.0,0.0,0.0,9.713,2022-08-22 12:46:11,7.0,254;condition 64;condition 128;condition 64;condition 128;condition 64;condition 128,,,720.0,0.0,2.0,3.0,?:0.6-13.1(12.5s) | C:13.1-72.7(59.6s) | O:72.7-133.3(60.6s) | C:133.3-192.9(59.6s) | O:192.9-253.3(60.4s) | C:253.3-760.5(507.2s) | O:760.5-769.0(8.5s),0.56,760.47,8.53,507.2,
sub-2061cg,cg,epochs,200.0,4.0,128.0,128.0,0.0,0.0,COCO,True,0.00;50.00;100.00;150.00,v1.0.0\sub-2061cg\eeg\sub-2061cg_task-restingstate_acq-epochs_eeg.set,12.99,RsmpldPIcaEpochs,cg_rs_2061_prepro_epochs.set,D:\Control\2061\cg_rs_2061.bdf,128.0,6400.0,empty,,EX1;EX2;EX3;EX4;EX5;EX6;EX7;EX8,average,97.0,128.0,0.0,0.0,7.404,2022-08-22 09:56:07,4.0,PostClosed;PostOpen;PostClosed;PostOpen,COCO,21.62;82.08;143.09;202.63;262.98;766.21,240.0,60.0,2.0,3.0,,,,,,
sub-2061cg,cg,preprocessed,774.0,1.0,128.0,128.0,0.0,0.0,COCOCO,True,21.62;82.08;143.09;202.63;262.98;766.21,v1.0.0\sub-2061cg\eeg\sub-2061cg_task-restingstate_desc-preprocessed_eeg.set,49.71,BDF file resampled pruned with ICA,cg_rs_2061_prepro.set,D:\Control\2061\cg_rs_2061.bdf,128.0,99072.0,empty,,EX1;EX2;EX3;EX4;EX5;EX6;EX7;EX8,average,97.0,128.0,0.0,0.0,6.959,2022-08-22 09:56:07,6.0,condition 64;condition 128;condition 64;condition 128;condition 64;condition 128,,,720.0,0.0,2.0,3.0,C:21.6-82.1(60.5s) | O:82.1-143.1(61.0s) | C:143.1-202.6(59.5s) | O:202.6-263.0(60.3s) | C:263.0-766.2(503.2s) | O:766.2-774.0(7.8s),21.62,766.21,7.79,503.2,
sub-2062cg,cg,epochs,200.0,4.0,128.0,128.0,0.0,0.0,COCO,True,0.00;50.00;100.00;150.00,v1.0.0\sub-2062cg\eeg\sub-2062cg_task-restingstate_acq-epochs_eeg.set,12.99,RsmpldPIcaEpochs,cg_rs_2062_prepro_epochs.set,D:\Control\2062\cg_rs_2062.bdf,128.0,6400.0,empty,,EX1;EX2;EX3;EX4;EX5;EX6;EX7;EX8,average,97.0,128.0,0.0,0.0,10.886,2022-08-23 13:21:10,4.0,PostClosed;PostOpen;PostClosed;PostOpen,COCO,10.99;70.71;131.96;191.67;252.29;733.33,240.0,60.0,2.0,3.0,,,,,,
sub-2062cg,cg,preprocessed,734.0,1.0,128.0,128.0,0.0,0.0,COCOCO,True,10.99;70.71;131.96;191.67;252.29;733.33,v1.0.0\sub-2062cg\eeg\sub-2062cg_task-restingstate_desc-preprocessed_eeg.set,47.18,BDF file resampled pruned with ICA,cg_rs_2062_prepro.set,D:\Control\2062\cg_rs_2062.bdf,128.0,93952.0,empty,,EX1;EX2;EX3;EX4;EX5;EX6;EX7;EX8,average,97.0,128.0,0.0,0.0,11.354,2022-08-23 13:21:10,6.0,condition 64;condition 128;condition 64;condition 128;condition 64;condition 128,,,720.0,0.0,2.0,3.0,C:11.0-70.7(59.7s) | O:70.7-132.0(61.3s) | C:132.0-191.7(59.7s) | O:191.7-252.3(60.6s) | C:252.3-733.3(481.0s) | O:733.3-734.0(0.7s),10.99,733.33,0.67,481.0,
sub-2063cg,cg,epochs,200.0,4.0,128.0,128.0,0.0,0.0,COCO,True,0.00;50.00;100.00;150.00,v1.0.0\sub-2063cg\eeg\sub-2063cg_task-restingstate_acq-epochs_eeg.set,12.96,RsmpldPIcaEpochs,cg_rs_2063_prepro_epochs.set,D:\Control\2063\cg_rs_2063.bdf,128.0,6400.0,empty,,EX1;EX2;EX3;EX4;EX5;EX6;EX7;EX8,average,84.0,128.0,0.0,0.0,4.96,2022-08-23 09:49:10,4.0,PostClosed;PostOpen;PostClosed;PostOpen,COCO,14.47;74.03;134.73;194.35;254.71;763.31,240.0,60.0,2.0,3.0,,,,,,
sub-2063cg,cg,preprocessed,773.0,1.0,128.0,128.0,0.0,0.0,COCOCO,True,14.47;74.03;134.73;194.35;254.71;763.31,v1.0.0\sub-2063cg\eeg\sub-2063cg_task-restingstate_desc-preprocessed_eeg.set,49.62,BDF file resampled pruned with ICA,cg_rs_2063_prepro.set,D:\Control\2063\cg_rs_2063.bdf,128.0,98944.0,empty,,EX1;EX2;EX3;EX4;EX5;EX6;EX7;EX8,average,84.0,128.0,0.0,0.0,5.141,2022-08-23 09:49:10,6.0,condition 64;condition 128;condition 64;condition 128;condition 64;condition 128,,,720.0,0.0,2.0,3.0,C:14.5-74.0(59.6s) | O:74.0-134.7(60.7s) | C:134.7-194.4(59.6s) | O:194.4-254.7(60.4s) | C:254.7-763.3(508.6s) | O:763.3-773.0(9.7s),14.47,763.31,9.69,508.6,
sub-2064cg,cg,epochs,200.0,4.0,128.0,128.0,0.0,0.0,COCO,True,0.00;50.00;100.00;150.00,v1.0.0\sub-2064cg\eeg\sub-2064cg_task-restingstate_acq-epochs_eeg.set,13.04,RsmpldPIcaEpochs,cg_rs_2064_prepro_epochs.set,D:\Control\2064\cg_rs_2064.bdf,128.0,6400.0,empty,,EX1;EX2;EX3;EX4;EX5;EX6;EX7;EX8,average,111.0,128.0,0.0,0.0,9.006,2022-08-25 13:09:18,4.0,PostClosed;PostOpen;PostClosed;PostOpen,COCO,10.85;70.60;131.71;191.45;252.08;732.91,240.0,60.0,2.0,3.0,,,,,,
sub-2064cg,cg,preprocessed,734.0,1.0,128.0,128.0,0.0,0.0,COCOCO,True,10.85;70.60;131.71;191.45;252.08;732.91,v1.0.0\sub-2064cg\eeg\sub-2064cg_task-restingstate_desc-preprocessed_eeg.set,47.2,BDF file resampled pruned with ICA,cg_rs_2064_prepro.set,D:\Control\2064\cg_rs_2064.bdf,128.0,93952.0,empty,,EX1;EX2;EX3;EX4;EX5;EX6;EX7;EX8,average,111.0,128.0,0.0,0.0,9.871,2022-08-25 13:09:18,6.0,condition 64;condition 128;condition 64;condition 128;condition 64;condition 128,,,720.0,0.0,2.0,3.0,C:10.9-70.6(59.7s) | O:70.6-131.7(61.1s) | C:131.7-191.4(59.7s) | O:191.4-252.1(60.6s) | C:252.1-732.9(480.8s) | O:732.9-734.0(1.1s),10.85,732.91,1.09,480.8,
sub-2065cg,cg,epochs,200.0,4.0,128.0,128.0,0.0,0.0,COCO,True,0.00;50.00;100.00;150.00,v1.0.0\sub-2065cg\eeg\sub-2065cg_task-restingstate_acq-epochs_eeg.set,13.03,RsmpldPIcaEpochs,cg_rs_2065_prepro_epochs.set,D:\Control\2065\cg_rs_2065.bdf,128.0,6400.0,empty,,EX1;EX2;EX3;EX4;EX5;EX6;EX7;EX8,average,110.0,128.0,0.0,0.0,5.222,2022-08-25 09:19:57,4.0,PostClosed;PostOpen;PostClosed;PostOpen,COCO,0.41;13.79;73.39;134.19;193.86;255.06;740.39,240.0,60.0,2.0,3.0,,,,,,
sub-2065cg,cg,preprocessed,741.0,1.0,128.0,128.0,0.0,0.0,?COCOCO,True,0.41;13.79;73.39;134.19;193.86;255.06;740.39,v1.0.0\sub-2065cg\eeg\sub-2065cg_task-restingstate_desc-preprocessed_eeg.set,47.65,BDF file resampled pruned with ICA,cg_rs_2065_prepro.set,D:\Control\2065\cg_rs_2065.bdf,128.0,94848.0,empty,,EX1;EX2;EX3;EX4;EX5;EX6;EX7;EX8,average,110.0,128.0,0.0,0.0,5.116,2022-08-25 09:19:57,7.0,254;condition 64;condition 128;condition 64;condition 128;condition 64;condition 128,,,720.0,0.0,2.0,3.0,?:0.4-13.8(13.4s) | C:13.8-73.4(59.6s) | O:73.4-134.2(60.8s) | C:134.2-193.9(59.7s) | O:193.9-255.1(61.2s) | C:255.1-740.4(485.3s) | O:740.4-741.0(0.6s),0.41,740.39,0.61,485.3,
sub-2066cg,cg,epochs,200.0,4.0,128.0,128.0,0.0,0.0,COCO,True,0.00;50.00;100.00;150.00,v1.0.0\sub-2066cg\eeg\sub-2066cg_task-restingstate_acq-epochs_eeg.set,13.0,RsmpldPIcaEpochs,cg_rs_2066_prepro_epochs.set,D:\Control\2066\cg_rs_2066.bdf,128.0,6400.0,empty,,EX1;EX2;EX3;EX4;EX5;EX6;EX7;EX8,average,98.0,128.0,0.0,0.0,4.281,2022-08-29 12:59:35,4.0,PostClosed;PostOpen;PostClosed;PostOpen,COCO,10.69;70.56;131.49;191.27;251.83;732.88,240.0,60.0,2.0,3.0,,,,,,
sub-2066cg,cg,preprocessed,734.0,1.0,128.0,128.0,0.0,0.0,COCOCO,True,10.69;70.56;131.49;191.27;251.83;732.88,v1.0.0\sub-2066cg\eeg\sub-2066cg_task-restingstate_desc-preprocessed_eeg.set,47.18,BDF file resampled pruned with ICA,cg_rs_2066_prepro.set,D:\Control\2066\cg_rs_2066.bdf,128.0,93952.0,empty,,EX1;EX2;EX3;EX4;EX5;EX6;EX7;EX8,average,98.0,128.0,0.0,0.0,4.488,2022-08-29 12:59:35,6.0,condition 64;condition 128;condition 64;condition 128;condition 64;condition 128,,,720.0,0.0,2.0,3.0,C:10.7-70.6(59.9s) | O:70.6-131.5(60.9s) | C:131.5-191.3(59.8s) | O:191.3-251.8(60.6s) | C:251.8-732.9(481.1s) | O:732.9-734.0(1.1s),10.69,732.88,1.12,481.1,
sub-2067cg,cg,epochs,200.0,4.0,128.0,128.0,0.0,0.0,COCO,True,0.00;50.00;100.00;150.00,v1.0.0\sub-2067cg\eeg\sub-2067cg_task-restingstate_acq-epochs_eeg.set,13.04,RsmpldPIcaEpochs,cg_rs_2067_prepro_epochs.set,D:\Control\2067\cg_rs_2067.bdf,128.0,6400.0,empty,,EX1;EX2;EX3;EX4;EX5;EX6;EX7;EX8,average,112.0,128.0,0.0,0.0,4.143,2022-08-29 09:48:41,4.0,PostClosed;PostOpen;PostClosed;PostOpen,COCO,16.98;76.75;137.48;197.11;257.44;737.94,240.0,60.0,2.0,3.0,,,,,,
sub-2067cg,cg,preprocessed,739.0,1.0,128.0,128.0,0.0,0.0,COCOCO,True,16.98;76.75;137.48;197.11;257.44;737.94,v1.0.0\sub-2067cg\eeg\sub-2067cg_task-restingstate_desc-preprocessed_eeg.set,47.52,BDF file resampled pruned with ICA,cg_rs_2067_prepro.set,D:\Control\2067\cg_rs_2067.bdf,128.0,94592.0,empty,,EX1;EX2;EX3;EX4;EX5;EX6;EX7;EX8,average,112.0,128.0,0.0,0.0,4.098,2022-08-29 09:48:41,6.0,condition 64;condition 128;condition 64;condition 128;condition 64;condition 128,,,720.0,0.0,2.0,3.0,C:17.0-76.7(59.8s) | O:76.7-137.5(60.7s) | C:137.5-197.1(59.6s) | O:197.1-257.4(60.3s) | C:257.4-737.9(480.5s) | O:737.9-739.0(1.1s),16.98,737.94,1.06,480.5,
sub-2068cg,cg,epochs,200.0,4.0,128.0,128.0,0.0,0.0,COCO,True,0.00;50.00;100.00;150.00,v1.0.0\sub-2068cg\eeg\sub-2068cg_task-restingstate_acq-epochs_eeg.set,13.03,RsmpldPIcaEpochs,cg_rs_2068_prepro_epochs.set,D:\Control\2068\cg_rs_2068.bdf,128.0,6400.0,empty,,EX1;EX2;EX3;EX4;EX5;EX6;EX7;EX8,average,110.0,128.0,0.0,0.0,6.435,2022-08-30 12:35:49,4.0,PostClosed;PostOpen;PostClosed;PostOpen,COCO,12.17;71.82;132.73;192.24;252.59;763.12,240.0,60.0,2.0,3.0,,,,,,
sub-2068cg,cg,preprocessed,771.0,1.0,128.0,128.0,0.0,0.0,COCOCO,True,12.17;71.82;132.73;192.24;252.59;763.12,v1.0.0\sub-2068cg\eeg\sub-2068cg_task-restingstate_desc-preprocessed_eeg.set,49.55,BDF file resampled pruned with ICA,cg_rs_2068_prepro.set,D:\Control\2068\cg_rs_2068.bdf,128.0,98688.0,empty,,EX1;EX2;EX3;EX4;EX5;EX6;EX7;EX8,average,110.0,128.0,0.0,0.0,6.747,2022-08-30 12:35:49,6.0,condition 64;condition 128;condition 64;condition 128;condition 64;condition 128,,,720.0,0.0,2.0,3.0,C:12.2-71.8(59.7s) | O:71.8-132.7(60.9s) | C:132.7-192.2(59.5s) | O:192.2-252.6(60.4s) | C:252.6-763.1(510.5s) | O:763.1-771.0(7.9s),12.17,763.12,7.88,510.5,
sub-2070cg,cg,epochs,200.0,4.0,128.0,128.0,0.0,0.0,COCO,True,0.00;50.00;100.00;150.00,v1.0.0\sub-2070cg\eeg\sub-2070cg_task-restingstate_acq-epochs_eeg.set,13.02,RsmpldPIcaEpochs,cg_rs_2070_prepro_epochs.set,D:\Control\2070\cg_rs_2070.bdf,128.0,6400.0,empty,,EX1;EX2;EX3;EX4;EX5;EX6;EX7;EX8,average,107.0,128.0,0.0,0.0,8.092,2022-08-31 09:45:06,4.0,PostClosed;PostOpen;PostClosed;PostOpen,COCO,13.13;72.77;134.04;193.59;253.93;761.14,240.0,60.0,2.0,3.0,,,,,,
sub-2070cg,cg,preprocessed,770.0,1.0,128.0,128.0,0.0,0.0,COCOCO,True,13.13;72.77;134.04;193.59;253.93;761.14,v1.0.0\sub-2070cg\eeg\sub-2070cg_task-restingstate_desc-preprocessed_eeg.set,49.48,BDF file resampled pruned with ICA,cg_rs_2070_prepro.set,D:\Control\2070\cg_rs_2070.bdf,128.0,98560.0,empty,,EX1;EX2;EX3;EX4;EX5;EX6;EX7;EX8,average,107.0,128.0,0.0,0.0,8.413,2022-08-31 09:45:06,6.0,condition 64;condition 128;condition 64;condition 128;condition 64;condition 128,,,720.0,0.0,2.0,3.0,C:13.1-72.8(59.6s) | O:72.8-134.0(61.3s) | C:134.0-193.6(59.5s) | O:193.6-253.9(60.3s) | C:253.9-761.1(507.2s) | O:761.1-770.0(8.9s),13.13,761.14,8.86,507.2,
sub-2071cg,cg,epochs,200.0,4.0,128.0,128.0,0.0,0.0,COCO,True,0.00;50.00;100.00;150.00,v1.0.0\sub-2071cg\eeg\sub-2071cg_task-restingstate_acq-epochs_eeg.set,13.04,RsmpldPIcaEpochs,cg_rs_2071_prepro_epochs.set,D:\Control\2071\cg_rs_2071.bdf,128.0,6400.0,empty,,EX1;EX2;EX3;EX4;EX5;EX6;EX7;EX8,average,111.0,128.0,0.0,0.0,7.447,2022-08-31 12:46:09,4.0,PostClosed;PostOpen;PostClosed;PostOpen,COCO,10.85;70.35;131.05;190.55;250.88;759.12,240.0,60.0,2.0,3.0,,,,,,
sub-2071cg,cg,preprocessed,767.0,1.0,128.0,128.0,0.0,0.0,COCOCO,True,10.85;70.35;131.05;190.55;250.88;759.12,v1.0.0\sub-2071cg\eeg\sub-2071cg_task-restingstate_desc-preprocessed_eeg.set,49.3,BDF file resampled pruned with ICA,cg_rs_2071_prepro.set,D:\Control\2071\cg_rs_2071.bdf,128.0,98176.0,empty,,EX1;EX2;EX3;EX4;EX5;EX6;EX7;EX8,average,111.0,128.0,0.0,0.0,7.749,2022-08-31 12:46:09,6.0,condition 64;condition 128;condition 64;condition 128;condition 64;condition 128,,,720.0,0.0,2.0,3.0,C:10.8-70.3(59.5s) | O:70.3-131.1(60.7s) | C:131.1-190.6(59.5s) | O:190.6-250.9(60.3s) | C:250.9-759.1(508.2s) | O:759.1-767.0(7.9s),10.85,759.12,7.88,508.2,
sub-2072cg,cg,epochs,200.0,4.0,128.0,128.0,0.0,0.0,COCO,True,0.00;50.00;100.00;150.00,v1.0.0\sub-2072cg\eeg\sub-2072cg_task-restingstate_acq-epochs_eeg.set,13.08,RsmpldPIcaEpochs,cg_rs_2072_prepro_epochs.set,D:\Control\2072\cg_rs_2072.bdf,128.0,6400.0,empty,,EX1;EX2;EX3;EX4;EX5;EX6;EX7;EX8,average,125.0,128.0,0.0,0.0,8.628,2022-09-05 13:09:49,4.0,PostClosed;PostOpen;PostClosed;PostOpen,COCO,8.24;67.75;128.33;187.83;248.15;757.13,240.0,60.0,2.0,3.0,,,,,,
sub-2072cg,cg,preprocessed,765.0,1.0,128.0,128.0,0.0,0.0,COCOCO,True,8.24;67.75;128.33;187.83;248.15;757.13,v1.0.0\sub-2072cg\eeg\sub-2072cg_task-restingstate_desc-preprocessed_eeg.set,49.2,BDF file resampled pruned with ICA,cg_rs_2072_prepro.set,D:\Control\2072\cg_rs_2072.bdf,128.0,97920.0,empty,,EX1;EX2;EX3;EX4;EX5;EX6;EX7;EX8,average,125.0,128.0,0.0,0.0,8.389,2022-09-05 13:09:49,6.0,condition 64;condition 128;condition 64;condition 128;condition 64;condition 128,,,720.0,0.0,2.0,3.0,C:8.2-67.7(59.5s) | O:67.7-128.3(60.6s) | C:128.3-187.8(59.5s) | O:187.8-248.1(60.3s) | C:248.1-757.1(509.0s) | O:757.1-765.0(7.9s),8.24,757.13,7.87,509.0,
sub-2074cg,cg,epochs,200.0,4.0,128.0,128.0,0.0,0.0,COCO,True,0.00;50.00;100.00;150.00,v1.0.0\sub-2074cg\eeg\sub-2074cg_task-restingstate_acq-epochs_eeg.set,13.03,RsmpldPIcaEpochs,cg_rs_2074_prepro_epochs.set,D:\Control\2074\cg_rs_2074.bdf,128.0,6400.0,empty,,EX1;EX2;EX3;EX4;EX5;EX6;EX7;EX8,average,108.0,128.0,0.0,0.0,6.399,2022-09-06 13:09:27,4.0,PostClosed;PostOpen;PostClosed;PostOpen,COCO,0.55;8.77;68.28;128.85;188.38;248.72;755.18,240.0,60.0,2.0,3.0,,,,,,
sub-2074cg,cg,preprocessed,762.0,1.0,128.0,128.0,0.0,0.0,?COCOCO,True,0.55;8.77;68.28;128.85;188.38;248.72;755.18,v1.0.0\sub-2074cg\eeg\sub-2074cg_task-restingstate_desc-preprocessed_eeg.set,48.97,BDF file resampled pruned with ICA,cg_rs_2074_prepro.set,D:\Control\2074\cg_rs_2074.bdf,128.0,97536.0,empty,,EX1;EX2;EX3;EX4;EX5;EX6;EX7;EX8,average,108.0,128.0,0.0,0.0,6.08,2022-09-06 13:09:27,7.0,254;condition 64;condition 128;condition 64;condition 128;condition 64;condition 128,,,720.0,0.0,2.0,3.0,?:0.5-8.8(8.2s) | C:8.8-68.3(59.5s) | O:68.3-128.9(60.6s) | C:128.9-188.4(59.5s) | O:188.4-248.7(60.3s) | C:248.7-755.2(506.5s) | O:755.2-762.0(6.8s),0.55,755.18,6.82,506.5,
sub-2075cg,cg,epochs,200.0,4.0,128.0,128.0,0.0,0.0,COCO,True,0.00;50.00;100.00;150.00,v1.0.0\sub-2075cg\eeg\sub-2075cg_task-restingstate_acq-epochs_eeg.set,13.03,RsmpldPIcaEpochs,cg_rs_2075_prepro_epochs.set,D:\Control\2075\cg_rs_2075.bdf,128.0,6400.0,empty,,EX1;EX2;EX3;EX4;EX5;EX6;EX7;EX8,average,110.0,128.0,0.0,0.0,6.567,2022-09-06 09:43:11,4.0,PostClosed;PostOpen;PostClosed;PostOpen,COCO,0.69;16.08;75.73;136.81;196.52;256.85;764.70,240.0,60.0,2.0,3.0,,,,,,
sub-2075cg,cg,preprocessed,772.0,1.0,128.0,128.0,0.0,0.0,?COCOCO,True,0.69;16.08;75.73;136.81;196.52;256.85;764.70,v1.0.0\sub-2075cg\eeg\sub-2075cg_task-restingstate_desc-preprocessed_eeg.set,49.61,BDF file resampled pruned with ICA,cg_rs_2075_prepro.set,D:\Control\2075\cg_rs_2075.bdf,128.0,98816.0,empty,,EX1;EX2;EX3;EX4;EX5;EX6;EX7;EX8,average,110.0,128.0,0.0,0.0,6.697,2022-09-06 09:43:11,7.0,254;condition 64;condition 128;condition 64;condition 128;condition 64;condition 128,,,720.0,0.0,2.0,3.0,?:0.7-16.1(15.4s) | C:16.1-75.7(59.7s) | O:75.7-136.8(61.1s) | C:136.8-196.5(59.7s) | O:196.5-256.9(60.3s) | C:256.9-764.7(507.9s) | O:764.7-772.0(7.3s),0.69,764.7,7.3,507.9,
sub-2077cg,cg,epochs,200.0,4.0,128.0,128.0,0.0,0.0,COCO,True,0.00;50.00;100.00;150.00,v1.0.0\sub-2077cg\eeg\sub-2077cg_task-restingstate_acq-epochs_eeg.set,13.03,RsmpldPIcaEpochs,cg_rs_2077_prepro_epochs.set,D:\Control\2077\cg_rs_2077.bdf,128.0,6400.0,empty,,EX1;EX2;EX3;EX4;EX5;EX6;EX7;EX8,average,110.0,128.0,0.0,0.0,7.798,2022-09-08 10:05:59,4.0,PostClosed;PostOpen;PostClosed;PostOpen,COCO,36.22;95.94;157.13;216.94;277.27;757.77,240.0,60.0,2.0,3.0,,,,,,
sub-2077cg,cg,preprocessed,759.0,1.0,128.0,128.0,0.0,0.0,COCOCO,True,36.22;95.94;157.13;216.94;277.27;757.77,v1.0.0\sub-2077cg\eeg\sub-2077cg_task-restingstate_desc-preprocessed_eeg.set,48.79,BDF file resampled pruned with ICA,cg_rs_2077_prepro.set,D:\Control\2077\cg_rs_2077.bdf,128.0,97152.0,empty,,EX1;EX2;EX3;EX4;EX5;EX6;EX7;EX8,average,110.0,128.0,0.0,0.0,7.599,2022-09-08 10:05:59,6.0,condition 64;condition 128;condition 64;condition 128;condition 64;condition 128,,,720.0,0.0,2.0,3.0,C:36.2-95.9(59.7s) | O:95.9-157.1(61.2s) | C:157.1-216.9(59.8s) | O:216.9-277.3(60.3s) | C:277.3-757.8(480.5s) | O:757.8-759.0(1.2s),36.22,757.77,1.23,480.5,
sub-2079cg,cg,epochs,200.0,4.0,128.0,128.0,0.0,0.0,COCO,True,0.00;50.00;100.00;150.00,v1.0.0\sub-2079cg\eeg\sub-2079cg_task-restingstate_acq-epochs_eeg.set,13.04,RsmpldPIcaEpochs,cg_rs_2079_prepro_epochs.set,D:\Control\2079\cg_rs_2079.bdf,128.0,6400.0,empty,,EX1;EX2;EX3;EX4;EX5;EX6;EX7;EX8,average,111.0,128.0,0.0,0.0,8.13,2022-09-13 10:06:02,4.0,PostClosed;PostOpen;PostClosed;PostOpen,COCO,24.27;84.52;145.48;205.34;265.70;768.51,240.0,60.0,2.0,3.0,,,,,,
sub-2079cg,cg,preprocessed,777.0,1.0,128.0,128.0,0.0,0.0,COCOCO,True,24.27;84.52;145.48;205.34;265.70;768.51,v1.0.0\sub-2079cg\eeg\sub-2079cg_task-restingstate_desc-preprocessed_eeg.set,49.93,BDF file resampled pruned with ICA,cg_rs_2079_prepro.set,D:\Control\2079\cg_rs_2079.bdf,128.0,99456.0,empty,,EX1;EX2;EX3;EX4;EX5;EX6;EX7;EX8,average,111.0,128.0,0.0,0.0,8.492,2022-09-13 10:06:02,6.0,condition 64;condition 128;condition 64;condition 128;condition 64;condition 128,,,720.0,0.0,2.0,3.0,C:24.3-84.5(60.3s) | O:84.5-145.5(61.0s) | C:145.5-205.3(59.9s) | O:205.3-265.7(60.4s) | C:265.7-768.5(502.8s) | O:768.5-777.0(8.5s),24.27,768.51,8.49,502.8,
sub-2080cg,cg,epochs,200.0,4.0,128.0,128.0,0.0,0.0,COCO,True,0.00;50.00;100.00;150.00,v1.0.0\sub-2080cg\eeg\sub-2080cg_task-restingstate_acq-epochs_eeg.set,13.04,RsmpldPIcaEpochs,cg_rs_2080_prepro_epochs.set,D:\Control\2080\cg_rs_2080.bdf,128.0,6400.0,empty,,EX1;EX2;EX3;EX4;EX5;EX6;EX7;EX8,average,114.0,128.0,0.0,0.0,5.2,2022-09-15 13:17:06,4.0,PostClosed;PostOpen;PostClosed;PostOpen,COCO,0.31;10.85;70.71;131.94;191.56;252.21;733.13,240.0,60.0,2.0,3.0,,,,,,
sub-2080cg,cg,preprocessed,734.0,1.0,128.0,128.0,0.0,0.0,?COCOCO,True,0.31;10.85;70.71;131.94;191.56;252.21;733.13,v1.0.0\sub-2080cg\eeg\sub-2080cg_task-restingstate_desc-preprocessed_eeg.set,47.21,BDF file resampled pruned with ICA,cg_rs_2080_prepro.set,D:\Control\2080\cg_rs_2080.bdf,128.0,93952.0,empty,,EX1;EX2;EX3;EX4;EX5;EX6;EX7;EX8,average,114.0,128.0,0.0,0.0,5.473,2022-09-15 13:17:06,7.0,254;condition 64;condition 128;condition 64;condition 128;condition 64;condition 128,,,720.0,0.0,2.0,3.0,?:0.3-10.9(10.5s) | C:10.9-70.7(59.9s) | O:70.7-131.9(61.2s) | C:131.9-191.6(59.6s) | O:191.6-252.2(60.6s) | C:252.2-733.1(480.9s) | O:733.1-734.0(0.9s),0.31,733.13,0.87,480.9,
sub-2081cg,cg,epochs,200.0,4.0,128.0,128.0,0.0,0.0,COCO,True,0.00;50.00;100.00;150.00,v1.0.0\sub-2081cg\eeg\sub-2081cg_task-restingstate_acq-epochs_eeg.set,13.03,RsmpldPIcaEpochs,cg_rs_2081_prepro_epochs.set,D:\Control\2081\cg_rs_2081.bdf,128.0,6400.0,empty,,EX1;EX2;EX3;EX4;EX5;EX6;EX7;EX8,average,109.0,128.0,0.0,0.0,5.01,2022-09-15 10:19:43,4.0,PostClosed;PostOpen;PostClosed;PostOpen,COCO,17.91;77.80;139.25;198.75;259.09;762.44,240.0,60.0,2.0,3.0,,,,,,
sub-2081cg,cg,preprocessed,770.0,1.0,128.0,128.0,0.0,0.0,COCOCO,True,17.91;77.80;139.25;198.75;259.09;762.44,v1.0.0\sub-2081cg\eeg\sub-2081cg_task-restingstate_desc-preprocessed_eeg.set,49.48,BDF file resampled pruned with ICA,cg_rs_2081_prepro.set,D:\Control\2081\cg_rs_2081.bdf,128.0,98560.0,empty,,EX1;EX2;EX3;EX4;EX5;EX6;EX7;EX8,average,109.0,128.0,0.0,0.0,5.126,2022-09-15 10:19:43,6.0,condition 64;condition 128;condition 64;condition 128;condition 64;condition 128,,,720.0,0.0,2.0,3.0,C:17.9-77.8(59.9s) | O:77.8-139.3(61.5s) | C:139.3-198.7(59.5s) | O:198.7-259.1(60.3s) | C:259.1-762.4(503.4s) | O:762.4-770.0(7.6s),17.91,762.44,7.56,503.4,
sub-2082cg,cg,epochs,200.0,4.0,128.0,128.0,0.0,0.0,COCO,True,0.00;50.00;100.00;150.00,v1.0.0\sub-2082cg\eeg\sub-2082cg_task-restingstate_acq-epochs_eeg.set,13.02,RsmpldPIcaEpochs,cg_rs_2082_prepro_epochs.set,D:\Control\2082\cg_rs_2082.bdf,128.0,6400.0,empty,,EX1;EX2;EX3;EX4;EX5;EX6;EX7;EX8,average,107.0,128.0,0.0,0.0,4.417,2022-09-21 09:52:49,4.0,PostClosed;PostOpen;PostClosed;PostOpen,COCO,14.76;74.27;135.01;194.54;254.89;735.48,240.0,60.0,2.0,3.0,,,,,,
sub-2082cg,cg,preprocessed,736.0,1.0,128.0,128.0,0.0,0.0,COCOCO,True,14.76;74.27;135.01;194.54;254.89;735.48,v1.0.0\sub-2082cg\eeg\sub-2082cg_task-restingstate_desc-preprocessed_eeg.set,47.32,BDF file resampled pruned with ICA,cg_rs_2082_prepro.set,D:\Control\2082\cg_rs_2082.bdf,128.0,94208.0,empty,,EX1;EX2;EX3;EX4;EX5;EX6;EX7;EX8,average,107.0,128.0,0.0,0.0,4.638,2022-09-21 09:52:49,6.0,condition 64;condition 128;condition 64;condition 128;condition 64;condition 128,,,720.0,0.0,2.0,3.0,C:14.8-74.3(59.5s) | O:74.3-135.0(60.7s) | C:135.0-194.5(59.5s) | O:194.5-254.9(60.3s) | C:254.9-735.5(480.6s) | O:735.5-736.0(0.5s),14.76,735.48,0.52,480.6,
