subject,group,roi,window,t_mid_min,theta_power,alpha_power,ta_ratio,log10_ta
sub-1005sg,sg,posterior,1,0.25,3.4403845639590513,3.4165428367262627,1.006978319421756,0.00302012014958896
sub-1005sg,sg,central,1,0.25,2.0258087590753657,1.1342137167043713,1.786090865627739,0.2519035494220115
sub-1005sg,sg,frontal,1,0.25,4.950542668948196,2.109497223759643,2.3467879517400414,0.37047384990979254
sub-1005sg,sg,global,1,0.25,3.0031809716535838,2.1357313610438604,1.4061604499667733,0.1480348786919676
sub-1005sg,sg,posterior,2,0.75,7.081840889228352,3.5896969420139535,1.9728241697348345,0.29508837997254433
sub-1005sg,sg,central,2,0.75,2.176493578482345,1.2649576588536795,1.7206058742351191,0.23568140127045914
sub-1005sg,sg,frontal,2,0.75,20.14514820639627,2.13189739961262,9.449398554572458,0.9754041669491698
sub-1005sg,sg,global,2,0.75,7.024779943687781,2.261233491348809,3.1066141424862552,0.4922873149880036
sub-1005sg,sg,posterior,3,1.25,2.9619676010620575,4.879944949340208,0.6069674211104634,-0.21683461899338122
sub-1005sg,sg,central,3,1.25,1.5599772998541113,1.5451010853285234,1.009627987881728,0.004161381137498719
sub-1005sg,sg,frontal,3,1.25,3.3805055948652813,2.5996445130656634,1.3003722539274332,0.11406769437164016
sub-1005sg,sg,global,3,1.25,2.408285394861948,2.645005258206925,0.9105030651222781,-0.04071858785538616
sub-1005sg,sg,posterior,4,1.75,4.269163108772821,5.296875160271366,0.8059776716644584,-0.09367698946939518
sub-1005sg,sg,central,4,1.75,1.7098131081447618,1.87842047287824,0.9102398173529663,-0.04084417072102026
sub-1005sg,sg,frontal,4,1.75,4.60737577334067,3.0180056930740284,1.5266292518645874,0.1837335796764341
sub-1005sg,sg,global,4,1.75,3.4173180005786756,3.3743468640733045,1.0127346530266006,0.005495670610143239
sub-1005sg,sg,posterior,5,2.25,3.5218114121893955,4.718328291660424,0.7464108460647271,-0.12702205850078752
sub-1005sg,sg,central,5,2.25,1.679021211528598,1.3576315039851508,1.2367282333976852,0.09227427545549295
sub-1005sg,sg,frontal,5,2.25,4.7814885393322,2.5829127021559812,1.8512002110412198,0.2674533911182793
sub-1005sg,sg,global,5,2.25,2.995542271404966,2.743011191635819,1.0920634522160109,0.03824787293528548
sub-1005sg,sg,posterior,6,2.75,3.0678826980280505,5.671702113367847,0.5409104069124581,-0.2668746628153296
sub-1005sg,sg,central,6,2.75,1.6599180820494064,1.3724626330531728,1.2094450093382592,0.08258612678316114
sub-1005sg,sg,frontal,6,2.75,3.4753371109449214,3.1407821790647783,1.1065196224399625,0.043959119882648764
sub-1005sg,sg,global,6,2.75,2.6045557578515117,3.0875841142852893,0.8435578307975624,-0.07388513864055175
sub-1005sg,sg,posterior,7,3.25,3.2330881642198523,5.209727272977534,0.6205868358963125,-0.20719744105966292
sub-1005sg,sg,central,7,3.25,1.602188572704773,1.4416842479920566,1.1113311218710082,0.045843476561010066
sub-1005sg,sg,frontal,7,3.25,3.6321806381184523,2.9964861911321825,1.2121466298985617,0.08355515836495803
sub-1005sg,sg,global,7,3.25,2.7651775687181206,2.967670147537357,0.9317671544503456,-0.030692602851510133
sub-1005sg,sg,posterior,8,3.75,3.7318323944684786,8.089129251566881,0.46133919713863086,-0.33597964450766765
sub-1005sg,sg,central,8,3.75,1.9743745542795452,1.754765485638248,1.1251500958040672,0.05121046149747529
sub-1005sg,sg,frontal,8,3.75,4.403176104854687,3.549967618426114,1.2403426110142506,0.09354166380809947
sub-1005sg,sg,global,8,3.75,2.9197395892547044,4.074480286101406,0.7165919047919619,-0.14472810228774086
sub-1005sg,sg,posterior,9,4.25,5.088302371641943,6.346670477671039,0.8017278334433294,-0.09597303881620667
sub-1005sg,sg,central,9,4.25,2.0327113326293964,1.6550496375428452,1.2281875337873511,0.08926468494092224
sub-1005sg,sg,frontal,9,4.25,8.210396443511813,3.306934019163314,2.4827820561080083,0.39493859793398256
sub-1005sg,sg,global,9,4.25,3.9914253377221107,3.316822746110613,1.2033881950437517,0.08040574684941784
sub-1005sg,sg,posterior,10,4.75,3.7620019928660926,5.526525936880262,0.6807173323409303,-0.16703319130197775
sub-1005sg,sg,central,10,4.75,1.8561117624956724,1.2879167620440939,1.4411736978636556,0.1587163274326898
sub-1005sg,sg,frontal,10,4.75,5.385742310247243,2.47395432881046,2.1769772576346806,0.3378538920932973
sub-1005sg,sg,global,10,4.75,3.06096583674714,2.78238389910055,1.1001234724426943,0.04144143096840995
sub-1005sg,sg,posterior,11,5.25,5.712139130906095,6.400322912061403,0.8924767092831478,-0.04940310873038195
sub-1005sg,sg,central,11,5.25,2.084145158919951,1.4545253288889157,1.4328696224987638,0.15620667552971354
sub-1005sg,sg,frontal,11,5.25,12.02571060385377,3.357454672352707,3.581793881800006,0.5541005902867494
sub-1005sg,sg,global,11,5.25,5.059536249819365,3.2153906983726075,1.5735370051235538,0.19687696074271638
sub-1005sg,sg,posterior,12,5.75,3.595055296510995,6.912437029084142,0.5200850700534076,-0.28392561322475723
sub-1005sg,sg,central,12,5.75,1.713777650923461,1.4375676945815048,1.1921370084922258,0.07632617034786483
sub-1005sg,sg,frontal,12,5.75,3.713076179779938,3.0935820842568518,1.2002513845278824,0.07927221561389451
sub-1005sg,sg,global,12,5.75,2.7073161610184395,3.3812008592299354,0.8006966381864187,-0.09653199492251964
sub-1005sg,sg,posterior,13,6.25,3.9439167404922717,7.608724513972594,0.5183413768299402,-0.2853841220273764
sub-1005sg,sg,central,13,6.25,2.0865160345189007,1.7179388244946587,1.214546178693331,0.08441403192042334
sub-1005sg,sg,frontal,13,6.25,5.607656889587466,3.857623884686198,1.45365568474637,0.16246155100531104
sub-1005sg,sg,global,13,6.25,3.3123269360814804,3.5548103917697893,0.9317872322389643,-0.03068324474222335
sub-1005sg,sg,posterior,14,6.75,3.900549386610548,5.02010358116294,0.7769858377517701,-0.10958689708365603
sub-1005sg,sg,central,14,6.75,1.8256489706784247,1.38498271664999,1.3181745510112377,0.119972922793398
sub-1005sg,sg,frontal,14,6.75,5.989043654379048,2.753794726960801,2.1748330025269524,0.3374259146858417
sub-1005sg,sg,global,14,6.75,3.1629912103488325,2.6926682214638347,1.174668005934022,0.06991514017025477
sub-1005sg,sg,posterior,15,7.25,3.9783726625300773,4.4238998705417325,0.8992908472051159,-0.04609982672280241
sub-1005sg,sg,central,15,7.25,2.7006447004054164,1.575787583155524,1.7138380383714913,0.23396977770092664
sub-1005sg,sg,frontal,15,7.25,3.8552118082482165,2.4816013457639565,1.55351777787717,0.19131622752326077
sub-1005sg,sg,global,15,7.25,3.2349918622694913,2.5180922416666207,1.2846995073255874,0.10880155757277694
sub-1017sg,sg,posterior,1,0.25,2.726560699806828,5.591203247833558,0.4876518665035648,-0.31189010916859133
sub-1017sg,sg,central,1,0.25,1.304991690565751,0.8198309895269652,1.591781363764645,0.2018834157689398
sub-1017sg,sg,frontal,1,0.25,2.6288470473341725,2.084955158848659,1.260865029244014,0.10066859950583634
sub-1017sg,sg,global,1,0.25,2.465612489870018,2.6930190266799543,0.9155570255698153,-0.038314600440374214
sub-1017sg,sg,posterior,2,0.75,2.478315867662105,4.533607307775829,0.5466542864026654,-0.2622872421742027
sub-1017sg,sg,central,2,0.75,1.1667277001446361,0.7631157995437616,1.52889994001196,0.18437906361858386
sub-1017sg,sg,frontal,2,0.75,2.485818732325954,1.7997727086135968,1.3811848131872346,0.14025179442021837
sub-1017sg,sg,global,2,0.75,2.3044150365178124,2.3598087857373793,0.9765261704446712,-0.010316113331159244
sub-1017sg,sg,posterior,3,1.25,2.246320197265687,5.894821001478988,0.381066735818118,-0.4189989601261529
sub-1017sg,sg,central,3,1.25,1.2272488004534097,0.7172972833535716,1.7109346834769368,0.23323343026173304
sub-1017sg,sg,frontal,3,1.25,2.19608242766069,2.2159204558164554,0.9910474998758672,-0.003905529733079241
sub-1017sg,sg,global,3,1.25,2.2402949961070986,2.7849281975760882,0.8044354601518916,-0.09450879360878196
sub-1017sg,sg,posterior,4,1.75,2.3906954579166224,6.70931556397387,0.3563247897823774,-0.44815396240569566
sub-1017sg,sg,central,4,1.75,1.16068955493478,0.8126615899329674,1.4282569390667519,0.1548063427210895
sub-1017sg,sg,frontal,4,1.75,2.4712433269483753,2.3336268110800376,1.058971089642498,0.024884103846750227
sub-1017sg,sg,global,4,1.75,2.376136159184754,3.1160692215553043,0.7625428032047272,-0.11773577339247514
sub-1017sg,sg,posterior,5,2.25,2.7363048284479383,6.223783991324446,0.43965292372970705,-0.3568900344006715
sub-1017sg,sg,central,5,2.25,1.2661899728888528,0.7541953858869406,1.678861998605046,0.22501499887331178
sub-1017sg,sg,frontal,5,2.25,2.3872677793232975,2.1727413978874983,1.0987353495654741,0.04089309727837798
sub-1017sg,sg,global,5,2.25,2.422179440933932,2.8640550971563554,0.8457167752599626,-0.07277505485206175
sub-1017sg,sg,posterior,6,2.75,2.9305845808808004,7.079899341009531,0.41393026083092943,-0.3830728228587365
sub-1017sg,sg,central,6,2.75,1.3294390336194208,0.8033779095789495,1.6548115373450833,0.21874854013490708
sub-1017sg,sg,frontal,6,2.75,3.075182568183197,2.6692037325795597,1.1520973579679858,0.061489180685886116
sub-1017sg,sg,global,6,2.75,3.092129010931312,3.3875210887374756,0.9127999294858248,-0.03962440213927032
sub-1017sg,sg,posterior,7,3.25,2.5947110357324155,5.614998562737885,0.46210359748822966,-0.33526065047457504
sub-1017sg,sg,central,7,3.25,1.321436879802628,1.0081186327543612,1.310795016447841,0.11753478155583924
sub-1017sg,sg,frontal,7,3.25,2.572805636064533,1.9409279303847924,1.3255544401148731,0.12239756877674761
sub-1017sg,sg,global,7,3.25,2.4576887752277536,2.813438692685769,0.8735533429667847,-0.05871056996120688
sub-1017sg,sg,posterior,8,3.75,2.494876346577472,7.1724179820180956,0.34784313363113445,-0.45861656512663096
sub-1017sg,sg,central,8,3.75,1.384733584405629,1.114644710945751,1.2423093841540895,0.09422976580720165
sub-1017sg,sg,frontal,8,3.75,2.5325142002165246,2.487074465932622,1.0182703553537804,0.007863100446682392
sub-1017sg,sg,global,8,3.75,2.3881629543901064,3.424488121416109,0.6973780809619345,-0.15653170689820975
sub-1017sg,sg,posterior,9,4.25,2.4301486783937802,5.460131684958244,0.44507144124168946,-0.35157027206001307
sub-1017sg,sg,central,9,4.25,1.3481694951928525,0.8252250045736016,1.63369927925228,0.2131721174468764
sub-1017sg,sg,frontal,9,4.25,2.448331648245051,2.08915257679975,1.171925725020767,0.0689000875900831
sub-1017sg,sg,global,9,4.25,2.4213004772113256,2.6653302374783223,0.9084429550846674,-0.041702338658394615
sub-1017sg,sg,posterior,10,4.75,2.6836544870640777,5.383514514000221,0.4984948921536366,-0.3023392873440105
sub-1017sg,sg,central,10,4.75,1.2330941595364582,0.8576631391849663,1.437737152500529,0.1576794954677763
sub-1017sg,sg,frontal,10,4.75,2.7828457527627637,1.8684271938690187,1.489405507420509,0.17301295541436976
sub-1017sg,sg,global,10,4.75,2.5157874983387214,2.6224080787492547,0.9593424908676359,-0.018026319482209924
sub-1017sg,sg,posterior,11,5.25,2.575117997259233,6.760434511899977,0.3809101312536068,-0.41917747604206795
sub-1017sg,sg,central,11,5.25,1.2488281134535204,0.7435855989763469,1.679467858404887,0.22517169674513238
sub-1017sg,sg,frontal,11,5.25,2.686135998575822,2.2869691988321033,1.1745396483466255,0.06986768162237322
sub-1017sg,sg,global,11,5.25,2.436370586498834,3.0735558179703424,0.7926879259045698,-0.1008977568601578
sub-1017sg,sg,posterior,12,5.75,2.591321613683576,10.740869670275318,0.24125808181574868,-0.6175181294693739
sub-1017sg,sg,central,12,5.75,1.1710249427807897,1.1435455422461203,1.024030001009575,0.010312680352750235
sub-1017sg,sg,frontal,12,5.75,2.550186559171071,3.4724905504885095,0.734396975914682,-0.13406912013234562
sub-1017sg,sg,global,12,5.75,2.6003627768614055,4.628442000092115,0.5618224829888012,-0.2504008852081359
sub-1017sg,sg,posterior,13,6.25,2.7965032041791154,9.376527535402841,0.29824507992115334,-0.5254267120523175
sub-1017sg,sg,central,13,6.25,1.2576338014219028,0.9709987462741685,1.2951961125053821,0.11233553222462964
sub-1017sg,sg,frontal,13,6.25,2.594016920031089,2.9793213156388254,0.8706737693631009,-0.060144539257568554
sub-1017sg,sg,global,13,6.25,2.6071835642541936,4.084881411409134,0.638251959278987,-0.19500784334275392
sub-1017sg,sg,posterior,14,6.75,3.2986495476054674,6.310118920327504,0.5227555279472075,-0.2817013659817877
sub-1017sg,sg,central,14,6.75,1.3742387547158397,1.2541056198922187,1.0957918798210518,0.03972807784538224
sub-1017sg,sg,frontal,14,6.75,3.009166993878469,2.331910540484732,1.2904298606810862,0.11073440411662754
sub-1017sg,sg,global,14,6.75,3.0127218749323723,3.259640622379021,0.9242497023287073,-0.03421068062720686
sub-1017sg,sg,posterior,15,7.25,2.27550072715582,4.889364720634682,0.46539803372664745,-0.33217545590848707
sub-1017sg,sg,central,15,7.25,1.1777297807385945,0.7534257629238313,1.563166324666361,0.19400519045791942
sub-1017sg,sg,frontal,15,7.25,2.436767018741929,1.7184961545478505,1.4179647782703715,0.15166544326397283
sub-1017sg,sg,global,15,7.25,2.526470187083511,2.4878416882994676,1.0155269119276025,0.006691436895713835
sub-1018sg,sg,posterior,1,0.25,13.909299953910951,57.12883347052442,0.24347250081847802,-0.6135500833906504
sub-1018sg,sg,central,1,0.25,3.5949390259453304,9.542919907648862,0.37671268969405336,-0.4239897501941777
sub-1018sg,sg,frontal,1,0.25,11.10735355564913,19.53885200120349,0.5684752387174525,-0.2452884472868409
sub-1018sg,sg,global,1,0.25,30.511056270905407,39.6723842827324,0.7690754367940899,-0.1140310591886988
sub-1018sg,sg,posterior,2,0.75,27.33264712666963,94.4762617460705,0.2893070346086853,-0.538641006190969
sub-1018sg,sg,central,2,0.75,4.810381028394289,15.2895694945631,0.3146184743857463,-0.5022157792072744
sub-1018sg,sg,frontal,2,0.75,21.40720361732954,41.03357133462409,0.521699742943558,-0.2825793772669327
sub-1018sg,sg,global,2,0.75,18.24545951455218,46.68626241424588,0.39081002785489094,-0.40803430118107764
sub-1018sg,sg,posterior,3,1.25,28.87486698843024,89.9609388890841,0.32097116087273214,-0.493533987023436
sub-1018sg,sg,central,3,1.25,5.430560568454554,15.111586394468498,0.3593640288118511,-0.4444653965379938
sub-1018sg,sg,frontal,3,1.25,13.220862509331551,39.45839073700615,0.3350583301141152,-0.47487958030194455
sub-1018sg,sg,global,3,1.25,15.996856383994132,44.65521850053059,0.358230391008031,-0.4458375729057252
sub-1018sg,sg,posterior,4,1.75,25.03571135618728,99.9715353409181,0.2504283971513662,-0.6013164261529685
sub-1018sg,sg,central,4,1.75,6.611763492525609,17.263886051952632,0.38298234086049154,-0.41682125068843767
sub-1018sg,sg,frontal,4,1.75,26.535113131520202,44.749922054512766,0.5929644547580679,-0.22697133962917443
sub-1018sg,sg,global,4,1.75,48.44709671813688,58.524519800996174,0.8278085302173166,-0.08207010269096957
sub-1018sg,sg,posterior,5,2.25,34.520514788786116,88.0942876967137,0.3918587196894252,-0.4068704848132021
sub-1018sg,sg,central,5,2.25,5.070486279911621,15.08656260890892,0.33609288022424644,-0.4735406875069378
sub-1018sg,sg,frontal,5,2.25,16.045968755538137,35.70708891466028,0.4493776794262871,-0.3473885027729989
sub-1018sg,sg,global,5,2.25,16.99990722822644,42.17366497386664,0.40309295478020735,-0.39459479233769096
sub-1018sg,sg,posterior,6,2.75,26.10177017825904,91.7780845224614,0.2844009037023539,-0.546069027941139
sub-1018sg,sg,central,6,2.75,6.199171273419948,16.00694264762076,0.3872801577346427,-0.41197475348410806
sub-1018sg,sg,frontal,6,2.75,17.8757968919577,44.40803873012691,0.4025351581183557,-0.39519618160675335
sub-1018sg,sg,global,6,2.75,18.14719427564555,46.19668552861281,0.39282459483821053,-0.4058013287564509
sub-1018sg,sg,posterior,7,3.25,31.525857061064585,73.240665494026,0.4304419798538838,-0.3660853796980254
sub-1018sg,sg,central,7,3.25,5.9684437178531144,13.825921559407197,0.4316850556549099,-0.3648329857633495
sub-1018sg,sg,frontal,7,3.25,19.430043592592607,35.53175528401789,0.5468360185777875,-0.2621428873843944
sub-1018sg,sg,global,7,3.25,20.706155970646755,38.936481402340796,0.5317931981753733,-0.2742572217502086
sub-1018sg,sg,posterior,8,3.75,39.07340506652836,91.93815945002196,0.42499659880366497,-0.3716145455419491
sub-1018sg,sg,central,8,3.75,8.169067054393988,15.445331187734705,0.5289020322776327,-0.27662476422460436
sub-1018sg,sg,frontal,8,3.75,26.115341766276003,37.25290006335187,0.7010284225352802,-0.1542643736167969
sub-1018sg,sg,global,8,3.75,24.697333895863398,43.707809581897685,0.5650554015887406,-0.24790896912797103
sub-1018sg,sg,posterior,9,4.25,26.41309736635541,59.59683855544581,0.4431962836716923,-0.3534038899484981
sub-1018sg,sg,central,9,4.25,3.4501113632238556,9.86350448860908,0.34978555210353834,-0.4561981330257062
sub-1018sg,sg,frontal,9,4.25,10.464973114203156,21.59305810135228,0.48464525335333486,-0.31457603641382864
sub-1018sg,sg,global,9,4.25,12.744180083828212,27.02569764325583,0.47155785771208314,-0.32646501396899386
sub-1018sg,sg,posterior,10,4.75,35.977354961731216,85.32278983395514,0.4216617275612527,-0.3750358162563386
sub-1018sg,sg,central,10,4.75,5.089915453788338,14.764436682138102,0.3447415951836535,-0.4625063131429928
sub-1018sg,sg,frontal,10,4.75,17.008075835315463,34.45894858461782,0.4935750083479831,-0.30664683846295027
sub-1018sg,sg,global,10,4.75,19.591260440463998,40.98253878658655,0.4780392093931514,-0.320536480532821
sub-1018sg,sg,posterior,11,5.25,41.05896402695503,94.50443637188013,0.43446599549449466,-0.3620442089667778
sub-1018sg,sg,central,11,5.25,13.262900593666476,15.57410198911563,0.8515997007683398,-0.06976449983432761
sub-1018sg,sg,frontal,11,5.25,291.46234235974,72.03691870773817,4.046013455159503,0.6070273226987031
sub-1018sg,sg,global,11,5.25,180.3907935010387,71.21355725725307,2.533096231232937,0.4036516887639384
sub-1018sg,sg,posterior,12,5.75,24.269986821067157,71.81773165445678,0.3379386435906882,-0.4711621434171669
sub-1018sg,sg,central,12,5.75,5.213501532396209,12.61069944407338,0.4134189031716544,-0.38360966956782466
sub-1018sg,sg,frontal,12,5.75,22.340330683585158,32.992706833511974,0.6771293666906171,-0.16932835070542496
sub-1018sg,sg,global,12,5.75,18.1449682449692,37.193827709168396,0.48784890834175715,-0.3117146624925835
sub-1018sg,sg,posterior,13,6.25,30.047224712177126,84.01514664855172,0.35764056733566496,-0.44655322485719257
sub-1018sg,sg,central,13,6.25,13.663953538208776,17.51839991789374,0.7799772583255202,-0.10791805978095473
sub-1018sg,sg,frontal,13,6.25,457.36155199714386,215.2311657368811,2.1249782782678683,0.32735449500909847
sub-1018sg,sg,global,13,6.25,364.6964942254653,135.8911817637715,2.683739220543692,0.4287403130687879
sub-1018sg,sg,posterior,14,6.75,27.392383131260626,86.92418650679164,0.315129588576827,-0.5015108175421149
sub-1018sg,sg,central,14,6.75,5.501350782903078,15.525612417516788,0.3543403400110757,-0.45057940243137723
sub-1018sg,sg,frontal,14,6.75,14.246394178404302,37.99576524395424,0.37494689439558376,-0.42603023921675154
sub-1018sg,sg,global,14,6.75,104.86542839486366,75.79059430998502,1.3836206108367746,0.14101702277424677
sub-1018sg,sg,posterior,15,7.25,23.859983381266765,70.06761896453776,0.34052796047404793,-0.46784722272021934
sub-1018sg,sg,central,15,7.25,5.7580989433874965,13.324629978940612,0.4321395004955552,-0.36437603439880645
sub-1018sg,sg,frontal,15,7.25,16.380749699570124,31.865944593288976,0.5140519105471595,-0.28899302239413893
sub-1018sg,sg,global,15,7.25,17.95523345667453,36.17199012440211,0.49638500383648204,-0.3041813473373733
sub-1027sg,sg,posterior,1,0.25,21.843517357759158,126.62662649333649,0.17250335069858816,-0.7632024647891158
sub-1027sg,sg,central,1,0.25,7.245107943625494,15.494787591527322,0.46758356000873347,-0.330140766806613
sub-1027sg,sg,frontal,1,0.25,8.08517259514781,30.749377626747805,0.26293776392127044,-0.5801470347197694
sub-1027sg,sg,global,1,0.25,13.335036972030661,45.47639333123684,0.2932298714830379,-0.5327917899673252
sub-1027sg,sg,posterior,2,0.75,24.81545971942388,144.63862316819527,0.17156869427999766,-0.765561953910268
sub-1027sg,sg,central,2,0.75,8.825031283876124,17.29765771612615,0.5101864904893325,-0.29227104549811156
sub-1027sg,sg,frontal,2,0.75,8.264641783688521,37.95966388371554,0.21772167975475676,-0.6620983236962845
sub-1027sg,sg,global,2,0.75,14.041508222392217,52.559545816686395,0.2671542914652503,-0.5732378450831412
sub-1027sg,sg,posterior,3,1.25,25.52822491552158,148.13447769183506,0.17233142016153782,-0.7636355330061791
sub-1027sg,sg,central,3,1.25,9.920278964440184,20.24645860578603,0.48997600803160546,-0.30982518494001704
sub-1027sg,sg,frontal,3,1.25,8.512659152694138,39.484284164266164,0.21559613737149158,-0.6663590242518759
sub-1027sg,sg,global,3,1.25,15.503921739573837,55.62795630515389,0.278707376099262,-0.5548515373619829
sub-1027sg,sg,posterior,4,1.75,30.508723718068055,145.51164548717583,0.20966516883184333,-0.6784737118358664
sub-1027sg,sg,central,4,1.75,9.498669185652117,17.65936061433123,0.5378829615124113,-0.2693122126215545
sub-1027sg,sg,frontal,4,1.75,10.311083928860691,35.751800941433565,0.28840739927344317,-0.5399936017112619
sub-1027sg,sg,global,4,1.75,18.166920790911867,53.09683181387929,0.3421469826032654,-0.4657872856969845
sub-1027sg,sg,posterior,5,2.25,28.28729823901783,177.5075135284955,0.15935831490579036,-0.7976252712332905
sub-1027sg,sg,central,5,2.25,10.608053007710653,20.587790166890297,0.5152594290945679,-0.28797405201595716
sub-1027sg,sg,frontal,5,2.25,9.195701826551556,43.53920828738854,0.21120507671737246,-0.6752956469154855
sub-1027sg,sg,global,5,2.25,18.105172285256344,63.25045834515169,0.2862457088683556,-0.5432610151455508
sub-1027sg,sg,posterior,6,2.75,25.12788193288677,176.86028070836412,0.14207758707746082,-0.8474744271837347
sub-1027sg,sg,central,6,2.75,8.550591302598678,18.08111718489319,0.47290171371394646,-0.32522911217370043
sub-1027sg,sg,frontal,6,2.75,9.673595402954003,46.2115179848309,0.20933299369497874,-0.6791623156155057
sub-1027sg,sg,global,6,2.75,15.788223386230634,61.52746552631243,0.2566044814486751,-0.5907357631932212
sub-1027sg,sg,posterior,7,3.25,25.326923818840413,175.7561071769558,0.1441026671883476,-0.841327980778921
sub-1027sg,sg,central,7,3.25,8.020704782503536,19.605627607707643,0.4091021691828076,-0.38816821773549076
sub-1027sg,sg,frontal,7,3.25,9.415281204133246,44.154112045368166,0.21323679195403325,-0.6711378598515442
sub-1027sg,sg,global,7,3.25,14.67172270628719,62.66455181806183,0.23413113603500396,-0.6305408276146861
sub-1027sg,sg,posterior,8,3.75,27.846320535525653,186.2314578767067,0.14952533182638308,-0.8252852251291494
sub-1027sg,sg,central,8,3.75,9.528810390867376,17.852412841715704,0.5337547633114007,-0.27265823623740915
sub-1027sg,sg,frontal,8,3.75,9.68236429525491,41.06665918594261,0.23577190078732402,-0.6275079552213224
sub-1027sg,sg,global,8,3.75,17.087451998214714,62.50558619759442,0.2733747979612155,-0.563241524921336
sub-1027sg,sg,posterior,9,4.25,22.93430951326122,159.0377324689244,0.14420671847633726,-0.8410145057106946
sub-1027sg,sg,central,9,4.25,7.7607912569327615,19.025715810337637,0.4079106055350585,-0.3894350030293708
sub-1027sg,sg,frontal,9,4.25,7.852656544172303,37.200120848054624,0.21109223209910505,-0.6755277478319219
sub-1027sg,sg,global,9,4.25,13.196109482136317,56.80014452981104,0.23232528000365313,-0.6339035307561983
sub-1027sg,sg,posterior,10,4.75,19.021153137799118,153.5224681284463,0.1238981718420841,-0.9069351017333187
sub-1027sg,sg,central,10,4.75,8.200930897416479,17.47010344731489,0.46942657907826757,-0.3284323241532097
sub-1027sg,sg,frontal,10,4.75,6.693401153861802,35.846308468769486,0.18672497782284386,-0.728797583469994
sub-1027sg,sg,global,10,4.75,11.500350615811746,53.46123373997108,0.21511569807288863,-0.6673278958065438
sub-1027sg,sg,posterior,11,5.25,22.758381528084325,164.50107971046594,0.13834791582001016,-0.8590273790216687
sub-1027sg,sg,central,11,5.25,8.287460374653921,16.856474379253473,0.49164850182751857,-0.3083452799006796
sub-1027sg,sg,frontal,11,5.25,8.850223912019215,34.22688346954499,0.25857521967765856,-0.5874130976803634
sub-1027sg,sg,global,11,5.25,14.23243864626631,55.28831179457186,0.25742219619850343,-0.5893540088266325
sub-1027sg,sg,posterior,12,5.75,23.619955263457065,215.03975426287022,0.1098399472433521,-0.9592396843649518
sub-1027sg,sg,central,12,5.75,8.150945820557492,22.788361024817334,0.35768021279287365,-0.4465050847673358
sub-1027sg,sg,frontal,12,5.75,8.178870874739973,53.44357395373112,0.1530374986115421,-0.8152021414392184
sub-1027sg,sg,global,12,5.75,13.834202604150107,73.17352606485338,0.1890602154649335,-0.7233998514927199
sub-1027sg,sg,posterior,13,6.25,23.78513850120234,227.82651889297708,0.10440021915260689,-0.9812985896798488
sub-1027sg,sg,central,13,6.25,9.124300787029632,23.974742974179463,0.38057971244390004,-0.4195543663603468
sub-1027sg,sg,frontal,13,6.25,9.894663389786828,55.508035103896155,0.1782564158732456,-0.7489548299013291
sub-1027sg,sg,global,13,6.25,15.699166225832231,80.0108157950949,0.19621305032106268,-0.707272110646494
sub-1027sg,sg,posterior,14,6.75,27.376496970552655,154.84530548348815,0.17679901166569065,-0.7525201670906864
sub-1027sg,sg,central,14,6.75,9.05126695416302,20.148789522459552,0.44922137600741274,-0.3475395862013507
sub-1027sg,sg,frontal,14,6.75,10.858133382544139,41.66088267848826,0.2606313809128863,-0.5839732949288519
sub-1027sg,sg,global,14,6.75,16.395239882886138,57.00969233756404,0.28758688585455167,-0.5412309219430426
sub-1027sg,sg,posterior,15,7.25,25.124358825337996,90.1706980007489,0.27863107841451257,-0.5549704441533851
sub-1027sg,sg,central,15,7.25,9.457661263184571,15.216437608776829,0.6215424073851161,-0.20652923441568424
sub-1027sg,sg,frontal,15,7.25,10.812549512392065,28.179916454292375,0.3836970038548533,-0.41601159203020727
sub-1027sg,sg,global,15,7.25,15.293716223492098,36.38435392907,0.4203377158573889,-0.37640164008292026
sub-1028sg,sg,posterior,1,0.25,2.2873242671743044,2.7499168444074518,0.8317794306493561,-0.07999182365121929
sub-1028sg,sg,central,1,0.25,1.3351107932749757,1.1224563199613151,1.1894545645401948,0.07534785726328468
sub-1028sg,sg,frontal,1,0.25,2.3838136653184883,1.254750532860508,1.8998307654701745,0.27871491627078093
sub-1028sg,sg,global,1,0.25,2.1266055575188467,1.6583760331079826,1.2823421920379237,0.10800393180022667
sub-1028sg,sg,posterior,2,0.75,1.8698779698149157,3.5608394456806196,0.5251227971210892,-0.27973912730619993
sub-1028sg,sg,central,2,0.75,1.1630632416776558,1.1973664287150045,0.9713511367826119,-0.012623747228461355
sub-1028sg,sg,frontal,2,0.75,1.8727497433749198,1.4918588394495296,1.2553129651770087,0.09875201434680797
sub-1028sg,sg,global,2,0.75,1.8911443831773231,1.9950722511308936,0.9479077171793354,-0.023233941006451875
sub-1028sg,sg,posterior,3,1.25,2.072734542534031,8.260552737179903,0.25091959442433737,-0.600465423109096
sub-1028sg,sg,central,3,1.25,1.3152957322215593,1.961161274098271,0.6706718869034999,-0.17348989795123831
sub-1028sg,sg,frontal,3,1.25,1.959693816385731,2.5450168389213057,0.7700121218908471,-0.11350243790691159
sub-1028sg,sg,global,3,1.25,2.0279254149392525,3.6280611956087054,0.5589556806246244,-0.2526226257865938
sub-1028sg,sg,posterior,4,1.75,2.1030549835222354,4.142935750944702,0.5076243296900469,-0.29445757098056907
sub-1028sg,sg,central,4,1.75,1.3029187856979372,1.3835095204595167,0.9417490566058322,-0.02606480617761385
sub-1028sg,sg,frontal,4,1.75,2.2756703515463657,1.6986140435177244,1.3397218516064977,0.12701464101298418
sub-1028sg,sg,global,4,1.75,1.9962515638575846,2.199638799720536,0.907536075518948,-0.04213610228368574
sub-1028sg,sg,posterior,5,2.25,2.224228509572599,4.461139556070024,0.49857855411544233,-0.30226640619653106
sub-1028sg,sg,central,5,2.25,1.6754550255825744,1.651366781464712,1.0145868527744617,0.0062892303404454685
sub-1028sg,sg,frontal,5,2.25,2.4100386207407136,1.7843754604773598,1.3506342550216281,0.13053776017626742
sub-1028sg,sg,global,5,2.25,2.2568656926478967,2.4190177649379505,0.9329678042714941,-0.030133343036444934
sub-1028sg,sg,posterior,6,2.75,2.2109020394598975,4.283212284300607,0.5161784877120349,-0.2872000990998533
sub-1028sg,sg,central,6,2.75,1.682235159808996,1.3727588028454127,1.2254411746055534,0.08829246845845236
sub-1028sg,sg,frontal,6,2.75,2.479941286652774,1.6028904370911994,1.5471683087417867,0.1895375610050035
sub-1028sg,sg,global,6,2.75,2.347476116410114,2.234867223516117,1.0503872855215215,0.021349456168567815
sub-1028sg,sg,posterior,7,3.25,2.426494108361749,8.68124844692795,0.27950981050662327,-0.5536029442207848
sub-1028sg,sg,central,7,3.25,1.415595436852499,2.3327956750926604,0.606823585951766,-0.21693754744754656
sub-1028sg,sg,frontal,7,3.25,1.9654937022626406,2.823263852843789,0.6961778298839685,-0.15727981114705342
sub-1028sg,sg,global,7,3.25,2.1748181678819978,4.024001320038023,0.5404615940487435,-0.2672351621830536
sub-1028sg,sg,posterior,8,3.75,2.2859499012431885,3.916654571394787,0.5836485856931527,-0.23384856252882896
sub-1028sg,sg,central,8,3.75,1.3477920549272309,1.3335117887958006,1.0107087663201881,0.004626032543538821
sub-1028sg,sg,frontal,8,3.75,2.286568605848285,1.672220586408546,1.3673845570572623,0.13589067076462788
sub-1028sg,sg,global,8,3.75,2.087822801461391,2.135914201434192,0.9774843952343641,-0.00989016704483419
sub-1028sg,sg,posterior,9,4.25,5.6021014282450565,6.483331801806495,0.8640775452343971,-0.06344728071996487
sub-1028sg,sg,central,9,4.25,2.123799770400788,1.8792381335217339,1.1301387155340128,0.053131752946805846
sub-1028sg,sg,frontal,9,4.25,2.6158403231460463,1.9923098581502765,1.3129686190353318,0.11825434623977812
sub-1028sg,sg,global,9,4.25,3.4026339547242133,3.1309773340430045,1.0867641607390435,0.03613530783757783
sub-1028sg,sg,posterior,10,4.75,5.179077712306262,5.50558872669384,0.9406946231191428,-0.026551338335392558
sub-1028sg,sg,central,10,4.75,2.4375781856977308,1.7585786976134816,1.3861069675219542,0.1417967465903421
sub-1028sg,sg,frontal,10,4.75,2.1795998642107826,2.3136535639621783,0.9420597353729026,-0.02592155801359534
sub-1028sg,sg,global,10,4.75,3.1990012255651115,2.858162447585044,1.1192510167741003,0.04892749758680325
sub-1028sg,sg,posterior,11,5.25,2.48660164337122,3.44586674357896,0.7216186313660452,-0.1416922623355628
sub-1028sg,sg,central,11,5.25,1.7000631936851205,1.2693931531767622,1.3392723833672575,0.12686891350422289
sub-1028sg,sg,frontal,11,5.25,2.076780208907075,1.357011145947686,1.5304076279025176,0.18480712164790913
sub-1028sg,sg,global,11,5.25,2.3465725525256422,1.9729338980619262,1.1893822468308506,0.07532145176798409
sub-1028sg,sg,posterior,12,5.75,11.127111281315612,4.458689641798538,2.495601213639794,0.397175188160817
sub-1028sg,sg,central,12,5.75,3.9963820910837113,1.4555213660875645,2.745670509685454,0.43864841913121305
sub-1028sg,sg,frontal,12,5.75,4.101421295621373,1.5247544226612069,2.6898897518611684,0.4297344803222845
sub-1028sg,sg,global,12,5.75,5.510787198599142,2.3477594621101288,2.347253748749088,0.37056004133470416
sub-1028sg,sg,posterior,13,6.25,2.7120598784990926,2.0669835398054883,1.3120858614840778,0.11796225573219855
sub-1028sg,sg,central,13,6.25,1.5283383847229601,0.8166000052149003,1.8715875275077367,0.27221014233729673
sub-1028sg,sg,frontal,13,6.25,2.483997722097692,0.927388787650567,2.6784858251204597,0.4278893523746406
sub-1028sg,sg,global,13,6.25,2.6024618825749672,1.3965017829368758,1.8635578660715557,0.2703428827487729
sub-1028sg,sg,posterior,14,6.75,12.831539406317315,6.265023642686331,2.0481230619610846,0.3113560477749686
sub-1028sg,sg,central,14,6.75,5.067035906757756,1.9828649636766684,2.5554114877103657,0.4074608428084951
sub-1028sg,sg,frontal,14,6.75,4.776838848092779,2.466896308956296,1.9363760165962478,0.2869896949539737
sub-1028sg,sg,global,14,6.75,6.225426479766107,3.2355294785459052,1.924082757102218,0.2842237476289713
sub-1028sg,sg,posterior,15,7.25,3.2167138368721937,2.6930883559480248,1.194433086373745,0.0771618250506298
sub-1028sg,sg,central,15,7.25,1.8954792111771142,1.055452662456912,1.795892206823151,0.25428026585756597
sub-1028sg,sg,frontal,15,7.25,2.7714524808948924,1.07766331322916,2.5717238833995233,0.41022433814285886
sub-1028sg,sg,global,15,7.25,2.7660349352127134,1.6405238455786375,1.686068107249664,0.22687511358961185
sub-1029sg,sg,posterior,1,0.25,4.832953862796392,48.86539230578941,0.09890340862409898,-1.0047887405451126
sub-1029sg,sg,central,1,0.25,2.8769075129794355,9.151179904232785,0.31437558250261816,-0.5025511929003922
sub-1029sg,sg,frontal,1,0.25,3.3095709341418487,16.376399988923975,0.20209392396254647,-0.6944467435317304
sub-1029sg,sg,global,1,0.25,3.517198612415314,21.335320860255727,0.16485332634332628,-0.7829022854151138
sub-1029sg,sg,posterior,2,0.75,6.347926552013516,62.46439450985698,0.10162471919922002,-0.9930006414017892
sub-1029sg,sg,central,2,0.75,3.5436484995782287,11.655251638999276,0.3040387809149428,-0.5170710174992206
sub-1029sg,sg,frontal,2,0.75,3.8315857299863825,24.136116148720642,0.15874905914344795,-0.7992888399573704
sub-1029sg,sg,global,2,0.75,4.671910613953377,27.50546644367047,0.16985389517102598,-0.7699244892303052
sub-1029sg,sg,posterior,3,1.25,5.606142787840893,69.85724850948162,0.08025141137758925,-1.0955473209404252
sub-1029sg,sg,central,3,1.25,2.8782553905623285,11.199581990688008,0.25699668013998017,-0.5900724868095606
sub-1029sg,sg,frontal,3,1.25,3.5438605796884493,22.583802407663416,0.1569204563393586,-0.8043204375717067
sub-1029sg,sg,global,3,1.25,4.0456170721194225,29.49345350083836,0.13717000187870249,-0.862740855415065
sub-1029sg,sg,posterior,4,1.75,5.777940982185421,74.91843310193644,0.07712308897763208,-1.1128155841483507
sub-1029sg,sg,central,4,1.75,3.33792316368803,13.906408196460754,0.24002769921118433,-0.6197386377865831
sub-1029sg,sg,frontal,4,1.75,3.5458819987389925,26.606159591229282,0.13327297337222213,-0.8752579128919336
sub-1029sg,sg,global,4,1.75,4.036034788854909,32.28869153786719,0.12499840026411635,-0.9030955450792437
sub-1029sg,sg,posterior,5,2.25,7.007777703694089,50.8929427085166,0.137696453196474,-0.86107724621394
sub-1029sg,sg,central,5,2.25,3.158061460897915,9.722879268111452,0.3248072277576814,-0.48837431520563956
sub-1029sg,sg,frontal,5,2.25,4.747552078380211,17.602933270807387,0.2697023277508827,-0.5691153052156256
sub-1029sg,sg,global,5,2.25,4.9288137833328625,22.696473862519376,0.217162093688581,-0.6632159799054059
sub-1029sg,sg,posterior,6,2.75,6.868067779956615,70.20144753664815,0.09783370601256036,-1.0095114947691786
sub-1029sg,sg,central,6,2.75,2.9912462456486555,13.665200266271688,0.21889516343434937,-0.6597638342154344
sub-1029sg,sg,frontal,6,2.75,4.12410023339516,25.651738223287754,0.16077273974561007,-0.7937875873145265
sub-1029sg,sg,global,6,2.75,4.845537333622043,30.863353058356623,0.15699970526404147,-0.804101162892171
sub-1029sg,sg,posterior,7,3.25,7.705316146776841,67.88473539792719,0.11350587288305343,-0.9449816671517587
sub-1029sg,sg,central,7,3.25,3.722175141969925,11.701981326615504,0.318080762400812,-0.4974625963306025
sub-1029sg,sg,frontal,7,3.25,4.030535585684802,23.400939141389674,0.17223819784890254,-0.7638705272415347
sub-1029sg,sg,global,7,3.25,4.983636622152487,29.33348210792292,0.16989584133983246,-0.7698172515327618
sub-1029sg,sg,posterior,8,3.75,6.297451476433222,71.71634428896525,0.08781054777498175,-1.0564533136458865
sub-1029sg,sg,central,8,3.75,3.034571523340744,10.261566108448013,0.29572206535243,-0.5291162693079057
sub-1029sg,sg,frontal,8,3.75,3.5694548822348247,22.285444025938055,0.16016978966541262,-0.7954193947365364
sub-1029sg,sg,global,8,3.75,4.257616019646871,29.635259079339118,0.143667244758969,-0.8426422370290574
sub-1029sg,sg,posterior,9,4.25,4.911465783872207,62.85516964742865,0.07813940860269607,-1.1071298800520797
sub-1029sg,sg,central,9,4.25,2.804939384359358,10.445988170438737,0.26851833819773024,-0.5710260492339853
sub-1029sg,sg,frontal,9,4.25,3.016523829725454,20.33794903887928,0.1483199620551158,-0.8288003943056726
sub-1029sg,sg,global,9,4.25,3.6651138645779535,27.297406227343377,0.13426601172483074,-0.8720339112962676
sub-1029sg,sg,posterior,10,4.75,5.426492757307173,58.16554674727541,0.09329393534087876,-1.030146587053039
sub-1029sg,sg,central,10,4.75,2.6671088857712366,10.087391397844135,0.2644002577654762,-0.5777381257897658
sub-1029sg,sg,frontal,10,4.75,2.948764528787355,19.28009815594824,0.15294343965140086,-0.8154691468865609
sub-1029sg,sg,global,10,4.75,3.6073719350802835,25.12353019978503,0.1435853921162381,-0.8428897414726444
sub-1029sg,sg,posterior,11,5.25,6.217614863530354,72.90152012206656,0.08528786303933798,-1.0691127670748322
sub-1029sg,sg,central,11,5.25,4.115698988467302,13.15745426820076,0.3128035944167572,-0.5047282651186015
sub-1029sg,sg,frontal,11,5.25,3.7120471419231293,29.480865237629267,0.1259137787172232,-0.8999267425416152
sub-1029sg,sg,global,11,5.25,4.672317786322703,32.60427443776472,0.14330384180887867,-0.8437421665179983
sub-1029sg,sg,posterior,12,5.75,6.557683233973191,66.99924382702568,0.09787697381933734,-1.0093194667199217
sub-1029sg,sg,central,12,5.75,3.0790941256572313,11.19777241551242,0.27497380830777757,-0.5607086714392854
sub-1029sg,sg,frontal,12,5.75,3.7266494731071207,24.039025384979983,0.1550249818129315,-0.809598310931142
sub-1029sg,sg,global,12,5.75,4.460343628628039,29.444660113879653,0.15148225896910653,-0.8196382271153602
sub-1029sg,sg,posterior,13,6.25,9.385924934951733,88.00095186367444,0.10665708422667768,-0.9720102931599227
sub-1029sg,sg,central,13,6.25,4.191581938390968,12.700520676745533,0.3300322912009185,-0.4814435655636763
sub-1029sg,sg,frontal,13,6.25,5.1771853954580465,30.563714423291895,0.16938992832339234,-0.7711124157503512
sub-1029sg,sg,global,13,6.25,6.3028614382601695,36.65214729953686,0.17196431594445255,-0.7645616635356186
sub-1029sg,sg,posterior,14,6.75,8.308813611911091,80.00146586266959,0.10385826712442982,-0.9835589278855447
sub-1029sg,sg,central,14,6.75,4.237785993928214,11.970397018181659,0.35402217549605947,-0.4509695334715608
sub-1029sg,sg,frontal,14,6.75,5.12374094734574,30.27098223068604,0.16926246093698755,-0.7714393491304664
sub-1029sg,sg,global,14,6.75,5.958510272667039,36.00154269068955,0.16550708184535615,-0.7811834185616268
sub-1029sg,sg,posterior,15,7.25,5.790599360895559,66.15260478030247,0.08753395849077378,-1.0578234312740025
sub-1029sg,sg,central,15,7.25,3.4747140731574526,11.053228181145572,0.3143619236129194,-0.5025700623979752
sub-1029sg,sg,frontal,15,7.25,3.758359070437236,19.62828387893176,0.19147670237596845,-0.717884060573066
sub-1029sg,sg,global,15,7.25,4.52524226861811,28.8416135900017,0.15689976063568237,-0.8043777189668021
sub-1030sg,sg,posterior,1,0.25,5.183596147240191,70.12716200862347,0.0739170957267994,-1.1312551052971984
sub-1030sg,sg,central,1,0.25,1.903532208718395,18.048934341621642,0.10546507470686318,-0.9768913353735694
sub-1030sg,sg,frontal,1,0.25,3.104586218177291,18.46768016935539,0.16810916096158796,-0.7744086194179908
sub-1030sg,sg,global,1,0.25,3.5380444782576146,32.20493515581898,0.1098603198900818,-0.959159140738881
sub-1030sg,sg,posterior,2,0.75,7.349859437669199,69.17733363347969,0.10624664252905079,-0.9736847850813699
sub-1030sg,sg,central,2,0.75,2.4731481654863354,25.16806331590767,0.09826533469991562,-1.007599662266677
sub-1030sg,sg,frontal,2,0.75,3.615489789056268,22.439927286320827,0.1611186053735672,-0.7928543059835147
sub-1030sg,sg,global,2,0.75,4.5473376256339,36.41568312943418,0.12487305564119335,-0.9035312609751678
sub-1030sg,sg,posterior,3,1.25,8.401543744529942,60.08669335906596,0.13982369930600128,-0.8544192119557569
sub-1030sg,sg,central,3,1.25,2.926615349255183,22.368961304709757,0.13083376154077336,-0.8832801722282715
sub-1030sg,sg,frontal,3,1.25,4.13671252821401,19.750915096333898,0.20944409451599805,-0.6789318804938435
sub-1030sg,sg,global,3,1.25,5.202327929893326,31.03053492249503,0.16765189330081423,-0.7755915376992033
sub-1030sg,sg,posterior,4,1.75,7.928152190525697,70.13726152508606,0.11303766383422352,-0.9467768266937312
sub-1030sg,sg,central,4,1.75,2.800276506411299,20.38316108369493,0.13738185627406535,-0.8620706198263993
sub-1030sg,sg,frontal,4,1.75,4.078150461839604,21.62126402877826,0.1886175783437785,-0.724417835342292
sub-1030sg,sg,global,4,1.75,5.079153990087809,33.79252099130469,0.15030408626200897,-0.8230292122479645
sub-1030sg,sg,posterior,5,2.25,6.289894782974044,81.55382845253813,0.07712568376400102,-1.1128009726687023
sub-1030sg,sg,central,5,2.25,2.354009120387577,19.603375993350074,0.1200818227016669,-0.9205227286323047
sub-1030sg,sg,frontal,5,2.25,3.1838054495218437,23.045048142901837,0.13815573001970471,-0.8596310979763331
sub-1030sg,sg,global,5,2.25,4.014720135509806,36.11638957581439,0.11116061662482157,-0.9540490527905396
sub-1030sg,sg,posterior,6,2.75,4.873279165595569,60.89824136925702,0.08002331522262521,-1.0967834605417732
sub-1030sg,sg,central,6,2.75,2.1756136042028795,18.333631810624308,0.11866790097432388,-0.9256667394696807
sub-1030sg,sg,frontal,6,2.75,2.792314738460433,17.70419567097667,0.15772050819783964,-0.8021118322381633
sub-1030sg,sg,global,6,2.75,3.3075932940356734,29.40180148389541,0.11249628006118535,-0.9488618382247145
sub-1030sg,sg,posterior,7,3.25,6.149257148639872,60.54997478656825,0.10155672517313677,-0.9932913119551351
sub-1030sg,sg,central,7,3.25,2.4001196761645045,23.83054616024025,0.10071610025325192,-0.9969010985404052
sub-1030sg,sg,frontal,7,3.25,3.65729828554109,19.095230656491943,0.1915294112615336,-0.7177645263020574
sub-1030sg,sg,global,7,3.25,4.386422570916667,32.024784224306316,0.1369696214092659,-0.863375744648603
sub-1030sg,sg,posterior,8,3.75,10.559561339835287,76.97008229660628,0.13719046446051253,-0.8626760735862494
sub-1030sg,sg,central,8,3.75,2.877442124591837,28.907886631970886,0.09953830804807119,-1.0020097456658494
sub-1030sg,sg,frontal,8,3.75,4.227346421044414,25.126663081221405,0.1682414575854982,-0.7740669777290308
sub-1030sg,sg,global,8,3.75,5.42867713558396,39.31092431547321,0.13809589141222947,-0.8598192422290474
sub-1030sg,sg,posterior,9,4.25,8.35496581442124,75.56306597026304,0.11056943901282723,-0.9563648938464419
sub-1030sg,sg,central,9,4.25,2.5318920260971343,27.514897196934168,0.09201895278675615,-1.0361227134915776
sub-1030sg,sg,frontal,9,4.25,4.537304545581847,26.373745469340918,0.17203868714272666,-0.7643738802823543
sub-1030sg,sg,global,9,4.25,4.884944435009124,39.034550941983994,0.1251441176374614,-0.9025895594607205
sub-1030sg,sg,posterior,10,4.75,9.683656990163508,57.41717922941483,0.1686543491011932,-0.7730024551489805
sub-1030sg,sg,central,10,4.75,2.9313627608335984,23.990172920131215,0.12219014721539427,-0.9129638119535275
sub-1030sg,sg,frontal,10,4.75,4.446375803733994,20.65053500979108,0.2153152836779204,-0.666925141651663
sub-1030sg,sg,global,10,4.75,5.373682391143101,30.66975551004718,0.17521112580707474,-0.7564383198391406
sub-1030sg,sg,posterior,11,5.25,10.77497413795321,72.20231959197386,0.14923307448907744,-0.8261349136178535
sub-1030sg,sg,central,11,5.25,3.426828297572062,25.390112449509406,0.13496703901515317,-0.8697722798134128
sub-1030sg,sg,frontal,11,5.25,4.927445069144667,26.84548126070285,0.18354839763508343,-0.7362494025044718
sub-1030sg,sg,global,11,5.25,6.113673322669106,37.5189304489922,0.16294902998316482,-0.7879482204962458
sub-1030sg,sg,posterior,12,5.75,5.6871304693417715,36.99385938977141,0.15373174259602204,-0.8132364499305486
sub-1030sg,sg,central,12,5.75,2.4288923920768366,12.418472249324443,0.19558705316662175,-0.7086598966056159
sub-1030sg,sg,frontal,12,5.75,3.31975001681544,17.645533622011172,0.18813542780448186,-0.7255294147036225
sub-1030sg,sg,global,12,5.75,3.9591395051666765,21.627353329022895,0.18306167402618315,-0.7374025705055252
sub-1030sg,sg,posterior,13,6.25,7.0727235869784755,57.186361005817126,0.1236785041499497,-0.9077057760401679
sub-1030sg,sg,central,13,6.25,2.490747335561037,18.990165189085296,0.13115985620770734,-0.882199068125221
sub-1030sg,sg,frontal,13,6.25,3.674203722050913,19.199467752042576,0.19137008220761875,-0.7181259565682032
sub-1030sg,sg,global,13,6.25,4.347795662830575,28.455826776488188,0.15279105038771776,-0.8159020834635963
sub-1030sg,sg,posterior,14,6.75,4.708138117766418,14.187569216991886,0.3318495258601219,-0.4790587985326505
sub-1030sg,sg,central,14,6.75,2.2255970072003795,8.339502432092248,0.26687407616020237,-0.5736936110284493
sub-1030sg,sg,frontal,14,6.75,3.3421773522505687,7.1684761477031085,0.46623261114169356,-0.331397352558134
sub-1030sg,sg,global,14,6.75,3.416194043034617,9.380023601380525,0.36419887499343084,-0.4386614000702029
sub-1030sg,sg,posterior,15,7.25,4.951117592947527,20.765653458817802,0.2384282104469539,-0.6226423608587385
sub-1030sg,sg,central,15,7.25,2.034724064044742,8.018164402312825,0.25376432334785126,-0.5955694352841453
sub-1030sg,sg,frontal,15,7.25,3.169400721598295,7.225570379689324,0.43863675184831136,-0.3578949831093871
sub-1030sg,sg,global,15,7.25,3.4064406480303955,10.787107610956694,0.31578813996167066,-0.5006041847961337
sub-1031sg,sg,posterior,1,0.25,4.2710941416637445,19.007877950991528,0.2247012608496335,-0.6483944906493979
sub-1031sg,sg,central,1,0.25,32.69915334209854,18.977772887826717,1.7230237465363176,0.23629126289122085
sub-1031sg,sg,frontal,1,0.25,5.02614761962888,5.459633056662829,0.9206017267946364,-0.035928214824753
sub-1031sg,sg,global,1,0.25,7.229096920546316,10.055713465774556,0.7189044263394277,-0.1433288424019988
sub-1031sg,sg,posterior,2,0.75,7.0511165660345085,19.511509667395202,0.3613824192095863,-0.4420329791297728
sub-1031sg,sg,central,2,0.75,28.194815124136767,20.683932230871886,1.36312645049448,0.13453614505311096
sub-1031sg,sg,frontal,2,0.75,8.111649364915195,6.718859111075802,1.2072956480875492,0.08181363514319717
sub-1031sg,sg,global,2,0.75,9.187023685659126,10.892369401460243,0.843436661671381,-0.07394752542747138
sub-1031sg,sg,posterior,3,1.25,7.842684917686395,13.306786469493117,0.5893748228143875,-0.22960842048189714
sub-1031sg,sg,central,3,1.25,33.0343916309697,20.80482486378472,1.587823586463983,0.2008022489215514
sub-1031sg,sg,frontal,3,1.25,5.911630882447505,4.567449686183332,1.294295786186843,0.11203353725178816
sub-1031sg,sg,global,3,1.25,9.200920657572793,8.383911674781578,1.0974496171338184,0.040384591325980934
sub-1031sg,sg,posterior,4,1.75,7.873204129028853,10.911218275904957,0.7215696661861403,-0.14172173223561998
sub-1031sg,sg,central,4,1.75,32.176935973810025,15.260600240580757,2.1084974028901957,0.32397307041554835
sub-1031sg,sg,frontal,4,1.75,5.546822166736701,4.133761853675511,1.3418339911876573,0.12769878917813812
sub-1031sg,sg,global,4,1.75,8.750995069806306,7.288762422736149,1.2006146671085,0.07940364453824486
sub-1031sg,sg,posterior,5,2.25,6.973941966895645,12.499373655239058,0.5579433145414089,-0.25340992190901024
sub-1031sg,sg,central,5,2.25,33.55788802600953,19.399463508325784,1.7298358798225162,0.23800490089263193
sub-1031sg,sg,frontal,5,2.25,6.863220294068114,4.595015523093648,1.4936228745202087,0.1742409561206093
sub-1031sg,sg,global,5,2.25,8.840292349286994,8.132266803436105,1.0870637379422585,0.036255008874778505
sub-1031sg,sg,posterior,6,2.75,3.7570476601508744,7.092524499514193,0.5297193771284422,-0.2759541402869085
sub-1031sg,sg,central,6,2.75,34.146853717755896,13.877477550262157,2.4605951329469695,0.3910401606382239
sub-1031sg,sg,frontal,6,2.75,5.586367466066748,3.7662340021972596,1.4832767859903564,0.17122219985645937
sub-1031sg,sg,global,6,2.75,7.417050360046438,5.688520560369083,1.3038628025219274,0.11523189565787767
sub-1031sg,sg,posterior,7,3.25,12.305251656035262,13.61444593364663,0.9038378584048113,-0.04390947164394331
sub-1031sg,sg,central,7,3.25,40.57613992832923,16.79519047137833,2.415938062594611,0.3830857960839507
sub-1031sg,sg,frontal,7,3.25,8.005882369902883,5.088185274651116,1.5734258753877286,0.1968462879747831
sub-1031sg,sg,global,7,3.25,11.920566327930104,8.846927698272072,1.3474244092961623,0.12950441055904494
sub-1031sg,sg,posterior,8,3.75,5.439135590448801,11.217525731655146,0.4848783698440652,-0.31436718908903216
sub-1031sg,sg,central,8,3.75,28.623025648842074,16.780269158604785,1.705754858774981,0.23191661702429184
sub-1031sg,sg,frontal,8,3.75,5.530640970368822,4.616220458686734,1.1980885704800655,0.07848892510579754
sub-1031sg,sg,global,8,3.75,8.015041069692506,7.568760185104855,1.0589635387663519,0.024881007146975057
sub-1031sg,sg,posterior,9,4.25,6.609737148000708,9.631775469487183,0.6862428603054453,-0.16352216093322153
sub-1031sg,sg,central,9,4.25,31.169799717176858,16.661921676700747,1.870720576052356,0.2720089230739618
sub-1031sg,sg,frontal,9,4.25,6.53347193139119,4.062186422180553,1.6083633916249636,0.20638417945437082
sub-1031sg,sg,global,9,4.25,8.899478799914704,6.953855099203542,1.2797906589877035,0.10713893599020587
sub-1031sg,sg,posterior,10,4.75,8.675031668716347,13.219278411219442,0.6562409383369738,-0.18293668047348396
sub-1031sg,sg,central,10,4.75,41.900098347214445,16.767703066534697,2.498857367699901,0.39774146773561225
sub-1031sg,sg,frontal,10,4.75,7.662528316169039,5.535368609923205,1.3842851047773934,0.14122554581430924
sub-1031sg,sg,global,10,4.75,10.703227722213105,9.037121666733027,1.184362468153246,0.07348463636315357
sub-1031sg,sg,posterior,11,5.25,3.7413475953516784,8.950697171322506,0.4179951040393513,-0.37882880506981137
sub-1031sg,sg,central,11,5.25,27.073969552831496,14.755557152607736,1.8348320753206353,0.26359632357516066
sub-1031sg,sg,frontal,11,5.25,5.965958831048068,3.3816201027434047,1.764230945459565,0.2465554355427851
sub-1031sg,sg,global,11,5.25,7.3510801968815285,6.024799751015352,1.2201368511281492,0.08640854408181166
sub-1031sg,sg,posterior,12,5.75,3.593727136235597,7.975834042607125,0.4505769700118894,-0.3462310097989554
sub-1031sg,sg,central,12,5.75,31.4295752331526,12.982770078382266,2.4208682001914434,0.3839711457045556
sub-1031sg,sg,frontal,12,5.75,5.510556090763097,3.6751381076454757,1.4994146966339463,0.17592176330330778
sub-1031sg,sg,global,12,5.75,7.000368569728615,5.7104529369499755,1.2258867461164298,0.08845034962070916
sub-1031sg,sg,posterior,13,6.25,7.283310842337288,12.485792110486132,0.5833278960507787,-0.2340872541353372
sub-1031sg,sg,central,13,6.25,29.26428908976887,19.21126422981573,1.5232880428738742,0.18278203308167879
sub-1031sg,sg,frontal,13,6.25,5.9726986181083905,5.451472898509463,1.095611906965811,0.039656743462763724
sub-1031sg,sg,global,13,6.25,9.145688170095232,8.713911086241438,1.049550320123823,0.021003265432200532
sub-1031sg,sg,posterior,14,6.75,4.547487003726921,7.359056524890317,0.6179442960311681,-0.2090506721872837
sub-1031sg,sg,central,14,6.75,32.8530329169874,15.310796399322165,2.145742916315043,0.3315776874743173
sub-1031sg,sg,frontal,14,6.75,6.571169631177397,4.060897524546799,1.6181569693538986,0.20902064806590626
sub-1031sg,sg,global,14,6.75,7.847223669314361,6.405685899052512,1.2250403458707009,0.08815039212950834
sub-1031sg,sg,posterior,15,7.25,4.818813512082934,9.544103568997004,0.5048995410880004,-0.2967950240421641
sub-1031sg,sg,central,15,7.25,31.482260031084547,17.08080686550565,1.8431365847630035,0.265557519598327
sub-1031sg,sg,frontal,15,7.25,5.719310570060233,3.9671839738906978,1.4416549894587292,0.15886133936960306
sub-1031sg,sg,global,15,7.25,7.542292307453581,6.848219289444454,1.1013508751214993,0.04192570121784611
sub-1032sg,sg,posterior,1,0.25,17.73110908088778,91.9974027406209,0.19273488764546085,-0.7150396649993874
sub-1032sg,sg,central,1,0.25,5.189029775034387,13.31115576446104,0.3898256369960289,-0.40912960277667254
sub-1032sg,sg,frontal,1,0.25,6.0666790515101585,28.09551568261669,0.21593051076345773,-0.6656859879575151
sub-1032sg,sg,global,1,0.25,9.221200468771844,37.4345361444875,0.24632869586470701,-0.6084849924249423
sub-1032sg,sg,posterior,2,0.75,24.872900399556627,84.9086577344223,0.2929371522672541,-0.5332255446671927
sub-1032sg,sg,central,2,0.75,6.328761678169549,12.44128599419191,0.5086903139373268,-0.2935465317683297
sub-1032sg,sg,frontal,2,0.75,9.128313774512602,29.991915814185045,0.30435914234579353,-0.516613648369009
sub-1032sg,sg,global,2,0.75,12.51477569200935,35.208554371489825,0.3554470189251282,-0.44922512377586477
sub-1032sg,sg,posterior,3,1.25,13.780773666567994,24.431290821372468,0.5640624462835417,-0.2486728134367002
sub-1032sg,sg,central,3,1.25,4.948027578716764,5.981813906733375,0.827178453871168,-0.08240078649230653
sub-1032sg,sg,frontal,3,1.25,5.761592092486481,8.526909600254417,0.6756952240134659,-0.1702491507685691
sub-1032sg,sg,global,3,1.25,7.707209673760871,11.628318617848448,0.662796568192669,-0.1786197489232581
sub-1032sg,sg,posterior,4,1.75,11.123524557536266,43.91514019174045,0.2532958908697365,-0.5963718555591324
sub-1032sg,sg,central,4,1.75,3.672540237403983,8.52955897753403,0.43056625167573975,-0.3659600137261647
sub-1032sg,sg,frontal,4,1.75,4.781511381850526,14.62925194076486,0.3268459249462167,-0.485656925366578
sub-1032sg,sg,global,4,1.75,6.619407997408303,19.52616022066924,0.33900203227879844,-0.4697976982428698
sub-1032sg,sg,posterior,5,2.25,11.257151959066517,44.035212280104965,0.2556397795350808,-0.5923715656608748
sub-1032sg,sg,central,5,2.25,4.140779343932306,6.648917254110418,0.6227749851109127,-0.20566883998072502
sub-1032sg,sg,frontal,5,2.25,5.098202480977717,14.443343259815,0.3529793891392302,-0.45225065281169385
sub-1032sg,sg,global,5,2.25,6.550288273234328,18.91809394640818,0.34624462124938205,-0.460616964439717
sub-1032sg,sg,posterior,6,2.75,14.014613315776348,39.99574457553544,0.35040261069045814,-0.45543266676127375
sub-1032sg,sg,central,6,2.75,4.054927820240392,6.557599930598805,0.6183554750449861,-0.208761789527046
sub-1032sg,sg,frontal,6,2.75,6.137915639218661,11.786853407160383,0.5207425109308601,-0.2833769671503358
sub-1032sg,sg,global,6,2.75,7.705241689644028,17.564868836847804,0.4386734544513008,-0.35785864536284173
sub-1032sg,sg,posterior,7,3.25,9.574607470072472,7.53129876460357,1.2713089427645958,0.10425110195753072
sub-1032sg,sg,central,7,3.25,3.6763143113066445,2.488433442419274,1.4773609165662487,0.16948660562030762
sub-1032sg,sg,frontal,7,3.25,4.340871049711419,3.251750488939478,1.3349336194386627,0.12545967062325541
sub-1032sg,sg,global,7,3.25,5.640544315943797,4.205619329339071,1.341192313007138,0.12749105562156815
sub-1032sg,sg,posterior,8,3.75,10.895634909517039,24.228929933767418,0.44969525849063563,-0.3470816915341457
sub-1032sg,sg,central,8,3.75,3.5943332274692916,5.0935136235478495,0.705668717729999,-0.1513991343986075
sub-1032sg,sg,frontal,8,3.75,4.24050464327326,6.09358744529919,0.6958962485300078,-0.15745550471364742
sub-1032sg,sg,global,8,3.75,6.103325694723721,11.129701091432375,0.5483818158802172,-0.26091695467357806
sub-1032sg,sg,posterior,9,4.25,8.252513550752171,7.180987143104951,1.1492171460961436,0.06040209695738917
sub-1032sg,sg,central,9,4.25,4.090434651558782,3.4110737913729596,1.1991633431982658,0.07887834424812916
sub-1032sg,sg,frontal,9,4.25,4.530323418793501,3.3606082094440395,1.3480665214297542,0.1297113233395543
sub-1032sg,sg,global,9,4.25,5.79336785015375,5.075918643077078,1.1413437167782787,0.057416452324293946
sub-1032sg,sg,posterior,10,4.75,9.960783296342708,8.124037842951834,1.2260877520387694,0.08852155408320517
sub-1032sg,sg,central,10,4.75,3.9093381544542285,2.9284346026203085,1.3349583258428328,0.12546770829310794
sub-1032sg,sg,frontal,10,4.75,4.882491619594428,3.8470246474864984,1.2691604725705268,0.10351653773358784
sub-1032sg,sg,global,10,4.75,6.560595813374788,5.265912622029678,1.2458611230898267,0.09546963394657185
sub-1032sg,sg,posterior,11,5.25,9.852019675797514,3.8117240867997393,2.584662334274333,0.41240381399086556
sub-1032sg,sg,central,11,5.25,5.570160453612353,1.4551226125474643,3.8279663896231706,0.5829681159216102
sub-1032sg,sg,frontal,11,5.25,5.395362669509142,1.665797454512224,3.2389067799896494,0.5103984486218788
sub-1032sg,sg,global,11,5.25,6.355014261222142,2.4669483407244046,2.576062966667567,0.4109564742708706
sub-1032sg,sg,posterior,12,5.75,9.401177378790448,5.999616061722652,1.5669631659881775,0.19505878779207778
sub-1032sg,sg,central,12,5.75,4.958965840683015,2.6388964358924274,1.8791816811128406,0.2739687701433331
sub-1032sg,sg,frontal,12,5.75,5.156469881937812,2.7944218441430912,1.845272535621422,0.2660605179072707
sub-1032sg,sg,global,12,5.75,6.166124751110922,3.8873262960518145,1.5862122913051016,0.20036131083308598
sub-1032sg,sg,posterior,13,6.25,8.399569147393287,5.054419913185577,1.6618265382900113,0.22058569008889117
sub-1032sg,sg,central,13,6.25,4.576985267960573,1.7627409973553139,2.596516036574598,0.4143910092242964
sub-1032sg,sg,frontal,13,6.25,4.672115013816682,2.2937604110955596,2.0368801341309917,0.308965472487071
sub-1032sg,sg,global,13,6.25,5.671657391109724,3.113393593490623,1.8216962362124183,0.26047596103705334
sub-1032sg,sg,posterior,14,6.75,14.975550000567173,40.51836585774262,0.36959906164886724,-0.43226914005267864
sub-1032sg,sg,central,14,6.75,4.94510776001708,8.919873107923479,0.5543921645728754,-0.2561829163955472
sub-1032sg,sg,frontal,14,6.75,6.215574319608535,12.64919149659352,0.49138115438306196,-0.3085815037460285
sub-1032sg,sg,global,14,6.75,8.296866659795025,19.03576265548648,0.43585680332086435,-0.3606561706909344
sub-1032sg,sg,posterior,15,7.25,9.22918926078082,4.220419985497533,2.1867940376774655,0.3398078811115508
sub-1032sg,sg,central,15,7.25,5.149078139978403,1.6209001292114575,3.1766782216763403,0.5019732256462021
sub-1032sg,sg,frontal,15,7.25,5.376786603230582,1.7646128857680385,3.047006313166734,0.4838733540489406
sub-1032sg,sg,global,15,7.25,6.20279056385267,2.584954831212004,2.3995740617813337,0.380134158780453
sub-1033sg,sg,posterior,1,0.25,3.126024708068654,31.407603660668656,0.0995308251416626,-1.0020423954786186
sub-1033sg,sg,central,1,0.25,2.3649623690551977,6.191062634581134,0.3819961949416141,-0.41794096306758616
sub-1033sg,sg,frontal,1,0.25,2.9327807800600247,16.78919434762893,0.174682639281867,-0.7577502549411497
sub-1033sg,sg,global,1,0.25,89.54926210572557,22.95207639539953,3.9015756379965105,0.5912400307943168
sub-1033sg,sg,posterior,2,0.75,5.061062279895895,22.875795007309435,0.22124093515782722,-0.6551345144904072
sub-1033sg,sg,central,2,0.75,3.9586444436404857,4.793434595136755,0.8258471801527828,-0.08310030976998124
sub-1033sg,sg,frontal,2,0.75,4.566396950881251,14.444003117773649,0.31614483281730976,-0.5001139120549959
sub-1033sg,sg,global,2,0.75,287.72091015951094,44.792483039953154,6.423419525612703,0.8077662875300043
sub-1033sg,sg,posterior,3,1.25,3.620433503884325,20.830389578649502,0.17380536692386955,-0.7599368171311137
sub-1033sg,sg,central,3,1.25,2.805974331151578,4.917210630845343,0.5706435094624346,-0.24363511806440416
sub-1033sg,sg,frontal,3,1.25,3.189207918974026,13.424251364112374,0.23757063485118224,-0.6242072417642462
sub-1033sg,sg,global,3,1.25,81.79587439078377,14.25840147603606,5.736679145152225,0.7586605602909064
sub-1033sg,sg,posterior,4,1.75,3.842245204515191,24.870021499371024,0.1544930391239253,-0.8110910834765026
sub-1033sg,sg,central,4,1.75,2.5003095412022662,6.492061491499403,0.3851333731937274,-0.41438884656581354
sub-1033sg,sg,frontal,4,1.75,5.174950723840511,15.519890187997488,0.3334399058984726,-0.4769824252807074
sub-1033sg,sg,global,4,1.75,48.45435651253904,15.751932769468713,3.0760895962212342,0.48799898086209825
sub-1033sg,sg,posterior,5,2.25,5.4079171785385824,22.08938009974112,0.24481978009885216,-0.6111534964907515
sub-1033sg,sg,central,5,2.25,3.6468002280031366,5.244212143168106,0.6953952526031967,-0.15776827852948286
sub-1033sg,sg,frontal,5,2.25,4.747312791861157,12.289285913371092,0.38629687886876696,-0.41307880077453696
sub-1033sg,sg,global,5,2.25,358.4744567466933,41.86915957696947,8.561778176791387,0.9325639717062538
sub-1033sg,sg,posterior,6,2.75,5.690467112069639,22.357833066913262,0.2545178280488552,-0.5942817915116496
sub-1033sg,sg,central,6,2.75,4.649722328631866,6.034420348194511,0.7705333835457876,-0.11320854062415187
sub-1033sg,sg,frontal,6,2.75,5.598390613555796,15.75209941088376,0.3554059981165204,-0.4492752469670569
sub-1033sg,sg,global,6,2.75,411.48304645157765,39.03401217530951,10.541653894135337,1.0229087532624819
sub-1033sg,sg,posterior,7,3.25,7.454667382946506,26.155070791158128,0.2850180541459899,-0.5451276292278412
sub-1033sg,sg,central,7,3.25,5.13126222636212,5.563291799728407,0.9223428162823711,-0.03510763041289782
sub-1033sg,sg,frontal,7,3.25,5.498473428257391,11.496232282025062,0.47828482352905577,-0.32031339952141924
sub-1033sg,sg,global,7,3.25,385.07297002554856,41.8921643360508,9.192004665516158,0.9634102361118442
sub-1033sg,sg,posterior,8,3.75,6.233194408421731,19.12170878593078,0.32597475875210175,-0.4868160274139133
sub-1033sg,sg,central,8,3.75,4.828442005315163,4.590579896634806,1.0518152638743365,0.021939468976294497
sub-1033sg,sg,frontal,8,3.75,5.843263531309475,11.86979486993271,0.49228007689593717,-0.3077877402362681
sub-1033sg,sg,global,8,3.75,418.0821119391738,35.51263104609714,11.772772098932423,1.0708787368891712
sub-1033sg,sg,posterior,9,4.25,6.822758459589823,23.111697317379466,0.2952080224094691,-0.529871844542686
sub-1033sg,sg,central,9,4.25,5.94909411719041,5.318616784738874,1.1185415979321192,0.048652139900190905
sub-1033sg,sg,frontal,9,4.25,6.9449406977808446,11.004685337105524,0.6310894391831395,-0.1999090873626393
sub-1033sg,sg,global,9,4.25,470.5808965330341,73.05858581728312,6.441144340104528,0.8089630314037826
sub-1033sg,sg,posterior,10,4.75,6.393218604382386,23.803529877541845,0.26858279579846095,-0.570921809720506
sub-1033sg,sg,central,10,4.75,7.7478122229213495,5.615556411301653,1.3797051717490363,0.13978629222575673
sub-1033sg,sg,frontal,10,4.75,7.198232302588265,12.1499723018861,0.5924484536866679,-0.22734942971157973
sub-1033sg,sg,global,10,4.75,500.68866934275906,52.36365208768422,9.561759911328254,0.9805378346856065
sub-1033sg,sg,posterior,11,5.25,3.952608800814493,24.175549607575743,0.16349612997323082,-0.7864925228273181
sub-1033sg,sg,central,11,5.25,2.963876749480401,4.020863532503291,0.7371244324810905,-0.13245919358134156
sub-1033sg,sg,frontal,11,5.25,3.6616583907062403,10.053201851782505,0.3642280782472304,-0.43862657760261253
sub-1033sg,sg,global,11,5.25,176.35859719700198,22.62607270420736,7.794485569924284,0.891787457367628
sub-1033sg,sg,posterior,12,5.75,6.35067834504238,18.236607520463608,0.348237924072017,-0.45812393477425983
sub-1033sg,sg,central,12,5.75,5.302700888050887,4.928147044692649,1.0760029763644354,0.03181347264715723
sub-1033sg,sg,frontal,12,5.75,6.01481642755047,15.827061528817952,0.3800336794419279,-0.42017791352099537
sub-1033sg,sg,global,12,5.75,490.1831990027462,41.41943815503403,11.83461729171646,1.0731542182614588
sub-1033sg,sg,posterior,13,6.25,4.198143927958863,17.17060707289332,0.24449595230598087,-0.6117283263388397
sub-1033sg,sg,central,13,6.25,4.074158450276269,4.820782312891692,0.8451239209414606,-0.07307960556488471
sub-1033sg,sg,frontal,13,6.25,5.420143475498041,13.961329142390301,0.3882254633651639,-0.41091598302207233
sub-1033sg,sg,global,13,6.25,252.52190330585833,22.598496247581725,11.174279055531441,1.0482195128057965
sub-1033sg,sg,posterior,14,6.75,2.8654860332418024,17.26323944671036,0.16598773608436754,-0.7799239983915158
sub-1033sg,sg,central,14,6.75,1.8087405993625971,4.456044271092639,0.4059072328110167,-0.39157320997385286
sub-1033sg,sg,frontal,14,6.75,2.6555218104673566,10.613706358196481,0.2501974070930103,-0.601717195406119
sub-1033sg,sg,global,14,6.75,50.39210809558564,11.873808104952312,4.243971912816089,0.6277725010188061
sub-1033sg,sg,posterior,15,7.25,3.6120589498550992,18.62005206697087,0.19398758590274515,-0.7122260615462712
sub-1033sg,sg,central,15,7.25,2.73438477498445,4.808457078087302,0.5686615749250127,-0.24514611650223242
sub-1033sg,sg,frontal,15,7.25,3.471822839583844,10.274774387985383,0.3378977200359315,-0.471214738616209
sub-1033sg,sg,global,15,7.25,137.9468183622277,14.057085011394674,9.813330306419005,0.9918164169880141
sub-1035sg,sg,posterior,1,0.25,3.1650454050783328,6.9485547886468515,0.4554969344488234,-0.3415145415371741
sub-1035sg,sg,central,1,0.25,1.1134388235812083,1.5992115723395386,0.6962423501928031,-0.1572395635055461
sub-1035sg,sg,frontal,1,0.25,1.9682388001227458,2.195409041744477,0.8965248674382696,-0.04743765965289917
sub-1035sg,sg,global,1,0.25,1.9312907805980617,3.0365999442111278,0.6360043522624077,-0.1965399124064916
sub-1035sg,sg,posterior,2,0.75,2.4671116848555643,8.25810676432649,0.29875027718375297,-0.5246916831004802
sub-1035sg,sg,central,2,0.75,1.3193727732041634,1.719751060460269,0.7671882306332466,-0.11509806825950289
sub-1035sg,sg,frontal,2,0.75,1.6766460856211916,2.593285531848827,0.64653354404282,-0.18940893773675654
sub-1035sg,sg,global,2,0.75,1.6454199030493264,3.485787917331389,0.47203672227684146,-0.32602421394678566
sub-1035sg,sg,posterior,3,1.25,2.3208703732850133,10.77886495388147,0.21531676880776465,-0.6669221461305792
sub-1035sg,sg,central,3,1.25,1.027743538379126,2.596221055685301,0.39586133704929904,-0.4024569128123141
sub-1035sg,sg,frontal,3,1.25,1.6518607199580442,3.175312419788505,0.5202199032963402,-0.2838130359801786
sub-1035sg,sg,global,3,1.25,2.9769817605779703,5.312940687889244,0.5603265565083285,-0.2515587937885236
sub-1035sg,sg,posterior,4,1.75,2.153566159566296,11.232545425578115,0.19172556869098586,-0.7173199653643508
sub-1035sg,sg,central,4,1.75,1.1405762985933259,2.9181873023687346,0.39085095657413893,-0.40798882080712756
sub-1035sg,sg,frontal,4,1.75,1.7408693508269586,2.763922900574474,0.6298545268629322,-0.20075974495283966
sub-1035sg,sg,global,4,1.75,3.876625311385135,5.37873727266192,0.720731486754066,-0.14222650440810516
sub-1035sg,sg,posterior,5,2.25,2.5076756975222314,5.176705160884631,0.48441539929110095,-0.31478205933400577
sub-1035sg,sg,central,5,2.25,1.252550185895651,1.357881426184911,0.9224297215809206,-0.03506671209818805
sub-1035sg,sg,frontal,5,2.25,1.8326560020927884,1.6654825636912123,1.100375375909712,0.04154086322783409
sub-1035sg,sg,global,5,2.25,4.5963616443613775,3.6977246956833594,1.243024298084459,0.0944796181194104
sub-1035sg,sg,posterior,6,2.75,2.469857701665357,4.207687145932315,0.5869870111548182,-0.23137150871184056
sub-1035sg,sg,central,6,2.75,1.0713299978768338,1.224596612854685,0.8748431823434756,-0.0580697882879974
sub-1035sg,sg,frontal,6,2.75,1.7884268056471926,1.6385465851474126,1.0914714429594907,0.03801237739984866
sub-1035sg,sg,global,6,2.75,4.737106886945489,3.571510338541483,1.326359561618967,0.12266127252958729
sub-1035sg,sg,posterior,7,3.25,3.5864587152253,3.8488600488603524,0.9318236230198212,-0.030666283781435075
sub-1035sg,sg,central,7,3.25,1.6602565519965804,1.0478131670867532,1.584496744407794,0.19989135120244242
sub-1035sg,sg,frontal,7,3.25,2.2060217583033994,1.4319770768235955,1.5405426483479652,0.18767372581803615
sub-1035sg,sg,global,7,3.25,5.726732423658161,3.2715594175873086,1.7504595493122603,0.24315207927502838
sub-1035sg,sg,posterior,8,3.75,2.7954185346696576,5.091105849435993,0.5490788479637173,-0.2603652861933285
sub-1035sg,sg,central,8,3.75,1.3425480390328886,1.2064109669807412,1.112844690390087,0.04643455803367355
sub-1035sg,sg,frontal,8,3.75,1.9625387766855091,1.9733412231046437,0.9945258091744827,-0.002383941914489616
sub-1035sg,sg,global,8,3.75,5.634663042136695,3.695207502065255,1.5248570043732257,0.18322911901171296
sub-1035sg,sg,posterior,9,4.25,3.1206326851046793,2.9126157239538846,1.0714192948420984,0.029959463175536615
sub-1035sg,sg,central,9,4.25,1.4926140066828577,1.129284107070825,1.3217347143531932,0.1211442965612067
sub-1035sg,sg,frontal,9,4.25,2.5261675024285397,1.563619126263892,1.6155900500299958,0.2083311698072014
sub-1035sg,sg,global,9,4.25,6.507789845542589,2.761838325530291,2.356325417525318,0.37223526798102735
sub-1035sg,sg,posterior,10,4.75,2.04051664980531,7.939263781108037,0.25701585261102466,-0.5900400887731222
sub-1035sg,sg,central,10,4.75,1.0475057347517296,1.940636569185905,0.5397742943652541,-0.2677878016638048
sub-1035sg,sg,frontal,10,4.75,1.6601983589356613,2.3406641673206408,0.7092851602184738,-0.14917912643745385
sub-1035sg,sg,global,10,4.75,6.303097706098906,3.9692746486215387,1.5879721773064668,0.20084288892978833
sub-1035sg,sg,posterior,11,5.25,3.9531655195544704,3.0230830459997353,1.3076602459814848,0.11649492100483375
sub-1035sg,sg,central,11,5.25,1.3600721682376709,0.8298135342664237,1.6390093823186547,0.21458143964588444
sub-1035sg,sg,frontal,11,5.25,2.5297782557163657,1.2831260501960056,1.9715742310195683,0.2948131331796118
sub-1035sg,sg,global,11,5.25,5.65048783109342,2.576495995219909,2.193090088855791,0.3410564722107376
sub-1035sg,sg,posterior,12,5.75,4.126536013771851,2.991580023445187,1.3793834633979194,0.13968501518773366
sub-1035sg,sg,central,12,5.75,1.466308774519015,1.1415877954538365,1.28444678574729,0.10871611628236673
sub-1035sg,sg,frontal,12,5.75,2.624390172333846,1.460371316132949,1.7970704733390745,0.2545651085959813
sub-1035sg,sg,global,12,5.75,4.619195334867019,2.6098978533272112,1.7698759087365308,0.24794281775152277
sub-1035sg,sg,posterior,13,6.25,2.5476138053751387,3.471435868191485,0.7338789774913428,-0.1343755528103476
sub-1035sg,sg,central,13,6.25,1.3422984496430084,1.3208455385018354,1.0162418015701562,0.006997054988640185
sub-1035sg,sg,frontal,13,6.25,1.9640924546191965,1.5914107641064563,1.2341832158726116,0.09137963598253812
sub-1035sg,sg,global,13,6.25,3.144666722250865,2.633648052087438,1.1940345331102202,0.07701688736482
sub-1035sg,sg,posterior,14,6.75,4.375068224472987,2.803511506046625,1.5605672439855596,0.19328248691527342
sub-1035sg,sg,central,14,6.75,1.6520446004189246,0.916694266121208,1.8021762123692464,0.255797252968306
sub-1035sg,sg,frontal,14,6.75,2.753571709376665,1.2068729601834018,2.281575443498394,0.3582348339034799
sub-1035sg,sg,global,14,6.75,4.32154623744327,2.0032719076804613,2.1572439671692303,0.33389926313865126
sub-1035sg,sg,posterior,15,7.25,3.164592022218537,4.0603827093936244,0.7793826958471941,-0.10824924080853703
sub-1035sg,sg,central,15,7.25,1.5208471833666042,1.3424695614835362,1.1328727495958615,0.05418113029410743
sub-1035sg,sg,frontal,15,7.25,2.2825330611296857,1.7978720336918548,1.2695748186496898,0.10365829982906809
sub-1035sg,sg,global,15,7.25,4.327093899670734,2.596683153049318,1.6663927189535512,0.22177735936095483
sub-1037sg,sg,posterior,1,0.25,14.207356428104848,114.54190497108698,0.12403632043391555,-0.9064511256896999
sub-1037sg,sg,central,1,0.25,5.863748079854253,21.15210224703524,0.27721821743160957,-0.5571782334034611
sub-1037sg,sg,frontal,1,0.25,11.058581220494208,36.070538984295666,0.3065820897577626,-0.5134532198227068
sub-1037sg,sg,global,1,0.25,10.07886929568496,47.4130640212057,0.2125757848338412,-0.6724862088249642
sub-1037sg,sg,posterior,2,0.75,14.542314548698593,101.91340842373685,0.14269284850364708,-0.8455977923599987
sub-1037sg,sg,central,2,0.75,5.368334383280213,20.715140049729982,0.25915028189008976,-0.5864483144214251
sub-1037sg,sg,frontal,2,0.75,11.611737259678833,35.293679832419386,0.3290033035606774,-0.4827997412264095
sub-1037sg,sg,global,2,0.75,9.872711349160193,44.653326154579325,0.22109688570529293,-0.6554173747009416
sub-1037sg,sg,posterior,3,1.25,11.525831296850383,86.58589931749071,0.1331144145605948,-0.8757749135323425
sub-1037sg,sg,central,3,1.25,5.270199696697195,18.204481784315664,0.2895001219555622,-0.5383512489845017
sub-1037sg,sg,frontal,3,1.25,11.91122266579394,27.9460573336634,0.426221936195839,-0.37036420238425843
sub-1037sg,sg,global,3,1.25,8.951487151067875,37.13550456330483,0.2410492938316831,-0.6178941364707586
sub-1037sg,sg,posterior,4,1.75,10.815481755014673,88.43551807905318,0.12229794080413066,-0.9125808553507305
sub-1037sg,sg,central,4,1.75,5.3121031145517685,16.69852639516498,0.31811807753825966,-0.4974116507542003
sub-1037sg,sg,frontal,4,1.75,12.322343586438148,29.102630208061363,0.4234099632350373,-0.373238926838361
sub-1037sg,sg,global,4,1.75,8.46767462057676,37.254987726611375,0.22728969024805956,-0.6434202632188211
sub-1037sg,sg,posterior,5,2.25,11.59139922649659,87.81755984147637,0.13199409374868504,-0.879445501443713
sub-1037sg,sg,central,5,2.25,5.136983150599769,15.176030312455616,0.33849320572215963,-0.47045004410435526
sub-1037sg,sg,frontal,5,2.25,13.635437107425702,28.568995041047007,0.47728095047917324,-0.321225899107203
sub-1037sg,sg,global,5,2.25,8.82412747381668,36.085947476924645,0.24453085177988793,-0.6116663393522849
sub-1037sg,sg,posterior,6,2.75,11.115745219490819,73.7654486998754,0.1506904033718647,-0.8219144045888317
sub-1037sg,sg,central,6,2.75,4.597976479558007,14.049726745665637,0.3272644772950114,-0.4851011323394211
sub-1037sg,sg,frontal,6,2.75,12.675560553656528,23.478709038750942,0.5398746810455326,-0.26770703952273833
sub-1037sg,sg,global,6,2.75,8.666180346650902,31.329934639100625,0.27661022745432956,-0.5581317662192481
sub-1037sg,sg,posterior,7,3.25,11.180932593587439,75.0394681615809,0.1490006908032953,-0.8268117180886403
sub-1037sg,sg,central,7,3.25,4.731392659824242,12.123914211575057,0.3902528983013623,-0.4086538628674297
sub-1037sg,sg,frontal,7,3.25,12.286317480637994,23.047255157857013,0.5330924397064039,-0.2731974765766544
sub-1037sg,sg,global,7,3.25,8.486524612592827,30.95400934742114,0.2741656021790877,-0.5619870343054769
sub-1037sg,sg,posterior,8,3.75,11.23258150403843,103.64920851892815,0.10837112665445164,-0.9650864115702613
sub-1037sg,sg,central,8,3.75,4.0518696976628155,17.68744609214382,0.22908167049976325,-0.6400096586031295
sub-1037sg,sg,frontal,8,3.75,9.401143731316852,32.24627584410827,0.291541999354153,-0.5352988722124753
sub-1037sg,sg,global,8,3.75,7.430656994133248,41.33925460675671,0.17974820941543393,-0.7453354272030475
sub-1037sg,sg,posterior,9,4.25,13.252588888200549,98.87783396790255,0.13402992719786488,-0.8727982183088793
sub-1037sg,sg,central,9,4.25,4.321488938354405,15.402145171854551,0.2805770813179565,-0.5519478068060639
sub-1037sg,sg,frontal,9,4.25,10.96090071089913,29.759094208040466,0.36832104614049904,-0.43377346452401855
sub-1037sg,sg,global,9,4.25,8.5102399852452,39.46190002022908,0.21565712702334794,-0.6662361847437823
sub-1037sg,sg,posterior,10,4.75,11.556422710790862,111.8034795942056,0.10336371240622634,-0.9856319009687173
sub-1037sg,sg,central,10,4.75,4.659183003784063,19.800357372544152,0.2353080258159706,-0.6283632597846851
sub-1037sg,sg,frontal,10,4.75,9.436075616636606,32.722026787731515,0.28837075642803633,-0.5400487833627358
sub-1037sg,sg,global,10,4.75,7.744706632869975,44.47104972290218,0.1741516487945982,-0.7590724094687016
sub-1037sg,sg,posterior,11,5.25,10.421740480512035,107.20478584076257,0.09721338836488182,-1.012273919306427
sub-1037sg,sg,central,11,5.25,3.6583459802422573,15.344591545342952,0.23841273125009033,-0.62267055696858
sub-1037sg,sg,frontal,11,5.25,8.314383935226623,32.08242974374062,0.25915692800196294,-0.5864371767422352
sub-1037sg,sg,global,11,5.25,6.571246572434341,40.15980714055528,0.16362744346444794,-0.7861438550312378
sub-1037sg,sg,posterior,12,5.75,7.29771390369935,62.89570503989143,0.11602881149151273,-0.9354341563065327
sub-1037sg,sg,central,12,5.75,3.575098312217048,8.302753335455163,0.43059189738304543,-0.36593414672558455
sub-1037sg,sg,frontal,12,5.75,7.660369682096163,15.621924561183684,0.4903601763082468,-0.3094848074779317
sub-1037sg,sg,global,12,5.75,5.5952614421980345,22.965530717178712,0.2436373672833373,-0.6132561020802231
sub-1037sg,sg,posterior,13,6.25,10.876275442221225,114.41688415096223,0.0950583082464561,-1.022009919115179
sub-1037sg,sg,central,13,6.25,4.1592301155949984,22.34378359733596,0.18614708191547746,-0.7301437674925356
sub-1037sg,sg,frontal,13,6.25,7.810956666258398,37.445765293147225,0.20859385848065026,-0.6806984824254448
sub-1037sg,sg,global,13,6.25,7.073386845665854,48.26667905782322,0.14654803238465972,-0.8340200082062442
sub-1037sg,sg,posterior,14,6.75,11.45049713326025,122.0436156344417,0.0938229916717481,-1.0276907231068606
sub-1037sg,sg,central,14,6.75,5.029492080803329,21.385758151999003,0.2351795080191349,-0.6286005224850393
sub-1037sg,sg,frontal,14,6.75,8.525727914466064,40.48018725944691,0.210614833864841,-0.6765110441725075
sub-1037sg,sg,global,14,6.75,7.651893803768009,50.84117220264493,0.1505058493393654,-0.8224466210904432
sub-1037sg,sg,posterior,15,7.25,11.49375291491763,106.13195543412526,0.1082968166176082,-0.965384309263193
sub-1037sg,sg,central,15,7.25,4.301273688079643,21.494300643384225,0.2001122883429818,-0.6987262417201726
sub-1037sg,sg,frontal,15,7.25,11.07760827885717,38.41559382889015,0.28836228142662057,-0.5400615471411485
sub-1037sg,sg,global,15,7.25,7.850281921552843,46.566960516589084,0.16858050932390672,-0.7731926383849763
sub-1038sg,sg,posterior,1,0.25,16.853039536762296,70.96239550697935,0.23749253976501897,-0.6243500281013156
sub-1038sg,sg,central,1,0.25,5.695968092031344,20.562057957812936,0.2770135218817947,-0.5574990311690562
sub-1038sg,sg,frontal,1,0.25,14.697886809895124,24.425293740228216,0.6017486203528374,-0.22058489677181328
sub-1038sg,sg,global,1,0.25,12.414218095416654,34.24983808597807,0.3624606359963801,-0.4407391518456273
sub-1038sg,sg,posterior,2,0.75,15.515818255732698,61.96050591903194,0.2504146476145351,-0.6013402713397527
sub-1038sg,sg,central,2,0.75,6.15160162604424,13.702730762719051,0.44893253268763555,-0.3478189215424856
sub-1038sg,sg,frontal,2,0.75,11.491938566528573,22.05890465672206,0.5209659656888996,-0.2831906479026035
sub-1038sg,sg,global,2,0.75,10.92933843192024,28.223861853729144,0.3872375257702792,-0.41202256343677607
sub-1038sg,sg,posterior,3,1.25,12.006958341211828,49.609628342005315,0.24202879042827524,-0.6161329696376412
sub-1038sg,sg,central,3,1.25,4.4533096150178375,12.755713657475965,0.3491227331218593,-0.4570218711860014
sub-1038sg,sg,frontal,3,1.25,7.3696892124040705,16.030072790300387,0.4597414689759478,-0.3374863208414796
sub-1038sg,sg,global,3,1.25,8.465502423197249,24.246114302265706,0.3491488292788498,-0.456989409841174
sub-1038sg,sg,posterior,4,1.75,14.626918110232038,58.42325044189462,0.250361251720826,-0.6014328857891014
sub-1038sg,sg,central,4,1.75,6.306731661115115,15.170520588454728,0.4157228240351058,-0.3811961311820412
sub-1038sg,sg,frontal,4,1.75,12.071810471733981,20.10292165383545,0.600500299389606,-0.22148677173614353
sub-1038sg,sg,global,4,1.75,11.711185364441778,27.86887322519325,0.4202245734806011,-0.3765185549405778
sub-1038sg,sg,posterior,5,2.25,21.64442667615948,74.58496603716866,0.29019825074899414,-0.537305209721677
sub-1038sg,sg,central,5,2.25,9.079189347409827,20.95421567584545,0.43328700476609483,-0.36322433622066697
sub-1038sg,sg,frontal,5,2.25,18.45139443556323,25.29469557408257,0.7294570666613945,-0.13700026410054544
sub-1038sg,sg,global,5,2.25,17.184203496162326,37.71287575933197,0.4556587942490737,-0.3413602433933638
sub-1038sg,sg,posterior,6,2.75,30.80660783902117,75.21601683285714,0.40957510296615046,-0.3876664508922027
sub-1038sg,sg,central,6,2.75,10.038839195647276,24.58881051060673,0.408268598081102,-0.3890540224883553
sub-1038sg,sg,frontal,6,2.75,33.24458366483303,27.01847364638905,1.2304389988838649,0.09006008768138876
sub-1038sg,sg,global,6,2.75,22.687012942186318,39.56785095855562,0.5733698543787298,-0.24156514435279058
sub-1038sg,sg,posterior,7,3.25,19.277966387269153,53.232764918546025,0.36214475082718856,-0.44111780537782613
sub-1038sg,sg,central,7,3.25,8.677162528618217,13.31010770770906,0.6519227882425404,-0.18580383774335046
sub-1038sg,sg,frontal,7,3.25,18.935200284940514,21.402325993810077,0.8847262811722848,-0.053191071633734335
sub-1038sg,sg,global,7,3.25,16.53513767804839,26.469597109881295,0.6246841464721691,-0.20433951564357578
sub-1038sg,sg,posterior,8,3.75,16.763642951821268,64.9390641967781,0.25814420271016136,-0.5881376237031725
sub-1038sg,sg,central,8,3.75,6.4075814938258775,18.594065534262366,0.34460357698637467,-0.46268021888630184
sub-1038sg,sg,frontal,8,3.75,12.738126042802767,23.354021629699123,0.5454360814072294,-0.2632561362188257
sub-1038sg,sg,global,8,3.75,12.936445157228986,32.155400703087956,0.4023101834954484,-0.39543897419009794
sub-1038sg,sg,posterior,9,4.25,16.73252357384246,46.2399730416781,0.3618627450055109,-0.4414561266773095
sub-1038sg,sg,central,9,4.25,7.110750546890318,14.415567156652193,0.4932688717425175,-0.3069162902889373
sub-1038sg,sg,frontal,9,4.25,13.994501173719803,17.71773478555863,0.7898583731553788,-0.1024507736097525
sub-1038sg,sg,global,9,4.25,13.928332316215162,24.67103901965561,0.5645620480401474,-0.24828832009758442
sub-1038sg,sg,posterior,10,4.75,15.191350893883046,48.81554975741821,0.3111990128017457,-0.5069617893669065
sub-1038sg,sg,central,10,4.75,6.736750766043041,14.852455085369371,0.4535782621338594,-0.34334776730194916
sub-1038sg,sg,frontal,10,4.75,14.089755848800795,20.34283975840265,0.6926149945698212,-0.15950811055086508
sub-1038sg,sg,global,10,4.75,12.421426691065053,25.79155902100344,0.48160821456933345,-0.3173061141262543
sub-1038sg,sg,posterior,11,5.25,18.371663179717576,65.21901679356623,0.2816918144882233,-0.5502257727311093
sub-1038sg,sg,central,11,5.25,6.9292279102150935,17.304383684420227,0.40043193889960566,-0.3974712899972561
sub-1038sg,sg,frontal,11,5.25,15.268149274644054,22.434642136396462,0.68056130255245,-0.167132748989448
sub-1038sg,sg,global,11,5.25,13.407261494901924,32.23061658457255,0.41597905704724925,-0.3809285338871276
sub-1038sg,sg,posterior,12,5.75,22.895377117224793,82.4082480536527,0.2778287083875213,-0.5562228800883201
sub-1038sg,sg,central,12,5.75,8.767861895429181,23.905447776161655,0.3667725439626541,-0.43560318241262075
sub-1038sg,sg,frontal,12,5.75,20.330772421466133,26.77445065803376,0.7593348106795169,-0.11956669002135097
sub-1038sg,sg,global,12,5.75,15.658692688180546,40.45663939308564,0.3870487742700829,-0.41223430355565904
sub-1038sg,sg,posterior,13,6.25,16.04533169059571,54.92335802339592,0.2921403983303573,-0.5344083829141048
sub-1038sg,sg,central,13,6.25,5.566461335323052,17.22023202845907,0.3232512387825915,-0.4904598021152779
sub-1038sg,sg,frontal,13,6.25,11.489065828273933,19.34542950680163,0.5938904496400305,-0.2262936585619818
sub-1038sg,sg,global,13,6.25,10.435932806911435,28.709792696669812,0.36349732361954495,-0.43949878244329865
sub-1038sg,sg,posterior,14,6.75,16.308863254706242,48.94403743253469,0.33321450599956454,-0.4772761004872323
sub-1038sg,sg,central,14,6.75,5.862161679520413,13.661026839824197,0.4291157427808591,-0.36742555240407404
sub-1038sg,sg,frontal,14,6.75,11.996643455281506,17.99890942412258,0.6665205748078997,-0.17618643981708315
sub-1038sg,sg,global,14,6.75,10.901062374093808,24.844298141580612,0.4387752196488604,-0.3577579077009075
sub-1038sg,sg,posterior,15,7.25,28.979098090956896,62.075072267594805,0.4668395385193119,-0.33083236892147583
sub-1038sg,sg,central,15,7.25,12.769362182451312,25.461777694443743,0.501511023137942,-0.29971951681032444
sub-1038sg,sg,frontal,15,7.25,36.74835475422786,30.605084539085144,1.2007271114476834,0.07944431676283227
sub-1038sg,sg,global,15,7.25,25.181114877964866,36.36189887752281,0.6925137480521026,-0.15957160039506857
sub-1039sg,sg,posterior,1,0.25,40.294054972849494,132.21522943173088,0.3047610713685239,-0.5160405083611993
sub-1039sg,sg,central,1,0.25,11.744582912874215,28.80025040502295,0.40779447219062664,-0.3895586655450759
sub-1039sg,sg,frontal,1,0.25,14.362922596060471,42.74447768135557,0.3360182034070179,-0.4736371945593336
sub-1039sg,sg,global,1,0.25,19.432480957747323,55.774340573135454,0.3484125631618363,-0.45790619346491823
sub-1039sg,sg,posterior,2,0.75,41.778141844576744,115.34081245385613,0.36221473523338266,-0.4410338861578564
sub-1039sg,sg,central,2,0.75,12.395502753809135,22.070402743458462,0.5616346424617507,-0.25054611212118494
sub-1039sg,sg,frontal,2,0.75,13.25004109244395,28.546032161159328,0.4641640217330237,-0.3333285255956745
sub-1039sg,sg,global,2,0.75,20.55732002044013,48.717047382609955,0.4219738495025927,-0.37471446223411614
sub-1039sg,sg,posterior,3,1.25,32.61988297961125,98.27486613439204,0.3319249800351106,-0.47896006219467946
sub-1039sg,sg,central,3,1.25,10.998899885897849,20.402010272725526,0.5391086338487807,-0.2683237128701995
sub-1039sg,sg,frontal,3,1.25,11.651303807002648,26.602912191130248,0.43797099066798195,-0.35855465435902484
sub-1039sg,sg,global,3,1.25,16.369622222947182,42.247108160111985,0.38747320079064534,-0.4117583296769592
sub-1039sg,sg,posterior,4,1.75,39.707013893909775,126.98408040071607,0.3126928491241479,-0.5048820503894089
sub-1039sg,sg,central,4,1.75,12.057908615832453,27.829206785278057,0.43328251174630006,-0.3632288397109624
sub-1039sg,sg,frontal,4,1.75,13.418159354097304,33.93042596907439,0.3954609755364455,-0.40289636664261613
sub-1039sg,sg,global,4,1.75,18.673731109953845,52.1233730642456,0.35826022016912074,-0.44580141153845404
sub-1039sg,sg,posterior,5,2.25,40.88781928314238,131.59239122549712,0.31071567970124414,-0.5076368303114623
sub-1039sg,sg,central,5,2.25,13.147638621789147,29.094822154831334,0.45188929328464444,-0.3449679483844056
sub-1039sg,sg,frontal,5,2.25,14.156846396007369,32.11324082034703,0.44084141103060376,-0.3557176162040215
sub-1039sg,sg,global,5,2.25,19.590868290426812,54.88453393560429,0.3569469736850215,-0.4473962957826169
sub-1039sg,sg,posterior,6,2.75,33.03736699961728,97.26560984585468,0.3396613361287148,-0.4689538863404694
sub-1039sg,sg,central,6,2.75,10.802829164101412,26.989341584075955,0.4002627900517297,-0.3976547816818881
sub-1039sg,sg,frontal,6,2.75,12.42973120792218,25.8735805625931,0.4804024389995927,-0.31839479635369533
sub-1039sg,sg,global,6,2.75,16.22546536600666,42.477767305604864,0.38197547552989536,-0.41796451976877735
sub-1039sg,sg,posterior,7,3.25,41.363438157953155,125.50446334347819,0.32957742741587204,-0.4820425405563164
sub-1039sg,sg,central,7,3.25,11.528290095840832,25.445670793260707,0.45305506738278256,-0.3438490076847556
sub-1039sg,sg,frontal,7,3.25,13.844597915254964,35.094163657570945,0.3944985853016114,-0.40395454986091156
sub-1039sg,sg,global,7,3.25,19.05357970300938,53.146990338896806,0.3585072189697371,-0.4455020948716161
sub-1039sg,sg,posterior,8,3.75,38.87891864173835,124.40846483776005,0.31251023547666146,-0.5051357538775472
sub-1039sg,sg,central,8,3.75,13.398213063593248,24.535380507871988,0.5460772478867624,-0.2627459178117822
sub-1039sg,sg,frontal,8,3.75,13.149757015367808,28.47906787570177,0.4617341084603099,-0.3356080427783796
sub-1039sg,sg,global,8,3.75,18.82744714702579,48.98455452819752,0.38435476913825845,-0.41526772576271415
sub-1039sg,sg,posterior,9,4.25,33.642302140538526,123.08546156152539,0.2733247429366149,-0.5633210516793083
sub-1039sg,sg,central,9,4.25,10.45610641266679,28.71725993450654,0.36410529543951287,-0.43877300476988496
sub-1039sg,sg,frontal,9,4.25,12.874057756434343,30.340326308513518,0.42432166435935376,-0.37230479413126416
sub-1039sg,sg,global,9,4.25,16.77818951560106,50.72715144329688,0.33075363071304764,-0.4804953798237944
sub-1039sg,sg,posterior,10,4.75,41.96702461225579,117.95371868553217,0.35579229785998545,-0.44880345769423236
sub-1039sg,sg,central,10,4.75,12.16703209490592,26.361636460312766,0.4615431258686573,-0.3357877129441615
sub-1039sg,sg,frontal,10,4.75,14.19462340086166,31.529873008629824,0.450196021943271,-0.34659834686486146
sub-1039sg,sg,global,10,4.75,19.939787727578196,50.67440669992523,0.39348833121331084,-0.4050681419956646
sub-1039sg,sg,posterior,11,5.25,38.62629387584943,103.74237681166765,0.37232898515493834,-0.42907315340595986
sub-1039sg,sg,central,11,5.25,12.710285610626627,20.068245782316435,0.6333530966531499,-0.19835410171395296
sub-1039sg,sg,frontal,11,5.25,17.33760353320928,28.17229888931758,0.615413161748876,-0.21083321979836836
sub-1039sg,sg,global,11,5.25,19.889867899805733,42.397961855625724,0.46912320850551864,-0.3287130810657319
sub-1039sg,sg,posterior,12,5.75,32.59036956725318,123.60382136813752,0.26366797730457786,-0.5789426124303377
sub-1039sg,sg,central,12,5.75,12.868490373946479,27.384768254739285,0.46991416009954445,-0.32798146802144157
sub-1039sg,sg,frontal,12,5.75,13.200227117925236,30.611709636225648,0.43121495907253066,-0.36530618165720086
sub-1039sg,sg,global,12,5.75,17.818404752609695,49.26543343534132,0.36168168044224264,-0.4416734881538724
sub-1039sg,sg,posterior,13,6.25,40.28757912701381,122.71857918822275,0.3282924182590291,-0.4837391469578005
sub-1039sg,sg,central,13,6.25,13.505144172244895,25.538221813694346,0.5288208502051243,-0.27669142993974205
sub-1039sg,sg,frontal,13,6.25,13.426497162255862,30.551945681845318,0.4394645533241505,-0.35707614884174316
sub-1039sg,sg,global,13,6.25,19.24739146724638,47.97741591261498,0.40117607630855234,-0.39666497355035385
sub-1039sg,sg,posterior,14,6.75,27.23433990770924,69.53557820350119,0.3916605083516508,-0.4070902167329857
sub-1039sg,sg,central,14,6.75,10.89280134999524,15.456486901417158,0.7047397910968056,-0.15197120662689806
sub-1039sg,sg,frontal,14,6.75,11.394341299883848,16.90603368460818,0.6739807522244345,-0.17135250601969257
sub-1039sg,sg,global,14,6.75,14.761509468119353,28.823831214879267,0.5121286395994178,-0.2906209365807554
sub-1039sg,sg,posterior,15,7.25,32.67036500561707,91.07007945707353,0.35873873395505773,-0.4452217288864625
sub-1039sg,sg,central,15,7.25,11.283123018825444,22.757169184584853,0.49580520878090384,-0.30468891497658535
sub-1039sg,sg,frontal,15,7.25,14.061758379973886,25.863082660323844,0.5437000130516465,-0.26464065657294805
sub-1039sg,sg,global,15,7.25,17.14638763497462,40.07879689664531,0.42781692472435,-0.36874203844378173
sub-1040sg,sg,posterior,1,0.25,7.942055557333431,73.10200557569448,0.1086434701043834,-0.9639963713485762
sub-1040sg,sg,central,1,0.25,3.8925787783684833,22.238621060660005,0.17503687696061485,-0.7568704440376568
sub-1040sg,sg,frontal,1,0.25,3.9698340063950774,20.065832793556265,0.19784048074346106,-0.7036848413294386
sub-1040sg,sg,global,1,0.25,4.762754698485238,32.34376494798512,0.14725418349238706,-0.8319323580563112
sub-1040sg,sg,posterior,2,0.75,9.965277537730056,65.54617001534353,0.15203447486553845,-0.8180579216196379
sub-1040sg,sg,central,2,0.75,4.671607029861533,22.199827266012388,0.21043438644289342,-0.6768832919793843
sub-1040sg,sg,frontal,2,0.75,5.035654755806304,19.584062060689615,0.25713024908730214,-0.5898468294678305
sub-1040sg,sg,global,2,0.75,5.80423498135805,30.217102406231845,0.1920844329587674,-0.7165078301099428
sub-1040sg,sg,posterior,3,1.25,8.017354967861628,53.36114607385408,0.15024705347904765,-0.8231940362659093
sub-1040sg,sg,central,3,1.25,3.6235437682236107,17.062851699946705,0.21236448818428919,-0.6729181047046189
sub-1040sg,sg,frontal,3,1.25,4.133672274269169,15.57521984411781,0.26540057319513893,-0.576098143509198
sub-1040sg,sg,global,3,1.25,4.594442848698398,23.975463718608516,0.19163103173401516,-0.7175341621698058
sub-1040sg,sg,posterior,4,1.75,8.48533744042279,72.43017938567468,0.11715195947866214,-0.9312504430153452
sub-1040sg,sg,central,4,1.75,4.284741693493545,24.465410766097303,0.17513467214828382,-0.7566278662978397
sub-1040sg,sg,frontal,4,1.75,4.572326440212385,20.27444915494429,0.22552161122943953,-0.6468118343271467
sub-1040sg,sg,global,4,1.75,5.137133821900099,32.83729397592454,0.15644205718249846,-0.8056464817947397
sub-1040sg,sg,posterior,5,2.25,7.923170276260196,64.88852750348019,0.12210433155283497,-0.9132689295348274
sub-1040sg,sg,central,5,2.25,4.2196844526779005,22.174922587010382,0.1902908312811746,-0.7205821366731493
sub-1040sg,sg,frontal,5,2.25,4.036009691884643,18.841730901950395,0.21420588760594478,-0.6691685964377149
sub-1040sg,sg,global,5,2.25,4.830443464822616,29.31252761247833,0.16479109303307907,-0.7830662656432831
sub-1040sg,sg,posterior,6,2.75,8.499361721674425,64.60448292855826,0.13155993727359908,-0.8808763422563963
sub-1040sg,sg,central,6,2.75,4.000100919739368,23.56697751545283,0.16973330233444267,-0.770232939054512
sub-1040sg,sg,frontal,6,2.75,4.380163768771507,19.186474065648863,0.22829435746162857,-0.6415048224281267
sub-1040sg,sg,global,6,2.75,4.775365488947646,29.789258875692973,0.16030494443902338,-0.7950530820783733
sub-1040sg,sg,posterior,7,3.25,8.006199859170827,61.42869240214139,0.13033322940944994,-0.8849448436173027
sub-1040sg,sg,central,7,3.25,3.5532768976048974,21.23296300994912,0.16734719953781016,-0.7763815509216937
sub-1040sg,sg,frontal,7,3.25,4.076064321964507,17.60850843288466,0.2314826572336064,-0.6354815409306233
sub-1040sg,sg,global,7,3.25,4.6746183403087125,27.88332695173198,0.16764923168604695,-0.7755984325439876
sub-1040sg,sg,posterior,8,3.75,8.339589702370022,50.89626029644454,0.16385466542720822,-0.785541188456482
sub-1040sg,sg,central,8,3.75,3.53708607839115,18.218653109012457,0.19414640902523214,-0.7118706378500945
sub-1040sg,sg,frontal,8,3.75,4.304839280992424,15.588762321787785,0.27615016459489694,-0.5588546935859344
sub-1040sg,sg,global,8,3.75,4.744313222632494,23.517454962828005,0.20173582686270333,-0.695216967295051
sub-1040sg,sg,posterior,9,4.25,8.12299201572334,66.45639942463688,0.12223039595960965,-0.9128207813600494
sub-1040sg,sg,central,9,4.25,3.4165791127437526,17.71101484052919,0.19290702105479507,-0.7146519654620541
sub-1040sg,sg,frontal,9,4.25,4.530919336173244,18.652501529436158,0.24291215465243862,-0.6145507537563532
sub-1040sg,sg,global,9,4.25,4.667696038702525,28.04588380705707,0.16643069873690383,-0.7787665634877908
sub-1040sg,sg,posterior,10,4.75,11.366975703324014,77.44488753518327,0.14677503015496005,-0.8333478217243993
sub-1040sg,sg,central,10,4.75,4.011245479873818,15.173520162309694,0.26435826604281065,-0.5778071053812295
sub-1040sg,sg,frontal,10,4.75,5.108179081012443,23.47727712102225,0.2175797071645258,-0.662381612087077
sub-1040sg,sg,global,10,4.75,5.953078472245064,30.604124848886922,0.19451882717246133,-0.7110383576215643
sub-1040sg,sg,posterior,11,5.25,10.053201622644703,93.42488047049967,0.10760732657098936,-0.9681581582139777
sub-1040sg,sg,central,11,5.25,4.2627785432395155,26.44483055952186,0.16119515432874035,-0.7926480176172784
sub-1040sg,sg,frontal,11,5.25,4.217021939688329,28.080568105081433,0.15017580569978642,-0.8234000293654071
sub-1040sg,sg,global,11,5.25,5.424853806510989,40.19515016276425,0.13496289439257858,-0.8697856165092814
sub-1040sg,sg,posterior,12,5.75,7.952911358666924,60.802454807535014,0.13079918210278166,-0.8833949716796358
sub-1040sg,sg,central,12,5.75,3.170197868415976,15.567287256003814,0.20364484937433977,-0.6911265697006953
sub-1040sg,sg,frontal,12,5.75,4.003661808111628,16.02028751581597,0.24991198217628918,-0.6022129208711805
sub-1040sg,sg,global,12,5.75,4.4105141346756565,25.596060300763803,0.17231222628992024,-0.7636839064064975
sub-1040sg,sg,posterior,13,6.25,7.617414722437742,49.36579145601943,0.15430553218668006,-0.8116185032623324
sub-1040sg,sg,central,13,6.25,3.2790315986328635,13.861290865877573,0.2365603341247875,-0.6260580750711804
sub-1040sg,sg,frontal,13,6.25,4.515148788295533,13.485417862231653,0.33481712131005015,-0.4751923418963474
sub-1040sg,sg,global,13,6.25,4.490008090318285,21.33535057768587,0.2104492295061829,-0.6768526599460166
sub-1040sg,sg,posterior,14,6.75,8.992448441595435,63.72973057532225,0.14110287867869217,-0.8504641259939277
sub-1040sg,sg,central,14,6.75,3.5645677058671894,13.702240593957349,0.26014487787049617,-0.5847847207365349
sub-1040sg,sg,frontal,14,6.75,4.79601984498263,17.662526748975008,0.2715364518987043,-0.5661718611181443
sub-1040sg,sg,global,14,6.75,5.015574750003347,26.010323973794854,0.19283015294451886,-0.7148250542842854
sub-1040sg,sg,posterior,15,7.25,9.689670452734763,79.70412753770371,0.12157049769036245,-0.9151718053661048
sub-1040sg,sg,central,15,7.25,3.3255390917011076,16.888495102870113,0.19691151114677763,-0.7057288949263844
sub-1040sg,sg,frontal,15,7.25,4.340169208020474,21.739379131653827,0.19964549961323091,-0.6997404751774776
sub-1040sg,sg,global,15,7.25,5.034967796820419,32.33285294194208,0.15572296715855452,-0.8076473297913381
sub-1041sg,sg,posterior,1,0.25,10.871259152507504,129.26340923440458,0.08410159701724797,-1.0751957572437876
sub-1041sg,sg,central,1,0.25,5.171911584249572,35.47703976596653,0.1457819372294708,-0.8362962829283986
sub-1041sg,sg,frontal,1,0.25,7.343859502035421,31.355947447402432,0.23420945944479174,-0.6303955682657418
sub-1041sg,sg,global,1,0.25,8.05672865598061,55.77595221925185,0.14444807009856334,-0.8402882561814565
sub-1041sg,sg,posterior,2,0.75,9.179909830230573,103.69732585809959,0.08852600348433719,-1.0529291416075213
sub-1041sg,sg,central,2,0.75,4.663014726084191,32.07415518378786,0.1453823085710189,-0.8374884391265717
sub-1041sg,sg,frontal,2,0.75,7.248983192002305,24.582478705435705,0.2948841440631209,-0.5303485788589273
sub-1041sg,sg,global,2,0.75,7.612440286189891,46.34617121099231,0.16425176206107797,-0.7844899627161379
sub-1041sg,sg,posterior,3,1.25,12.891054242665898,132.84326355817277,0.09703957805147445,-1.013051100541264
sub-1041sg,sg,central,3,1.25,5.842420768124252,37.550063411057145,0.15559017049233181,-0.8080178433089426
sub-1041sg,sg,frontal,3,1.25,8.517547548648546,39.40809823887562,0.2161369852718771,-0.6652709104647209
sub-1041sg,sg,global,3,1.25,10.057872730136578,61.866739985103536,0.1625731812046076,-0.7889510959835797
sub-1041sg,sg,posterior,4,1.75,9.66984818628682,105.8802035871346,0.09132819789422651,-1.0393951118507754
sub-1041sg,sg,central,4,1.75,4.897286324334531,29.160855584678917,0.16794041965310375,-0.7748447659245208
sub-1041sg,sg,frontal,4,1.75,7.528262786296938,30.064470086005493,0.2504039740185282,-0.6013587829671097
sub-1041sg,sg,global,4,1.75,7.936941034070896,46.59327417388762,0.1703452091486418,-0.7686700761822004
sub-1041sg,sg,posterior,5,2.25,10.822303263260945,122.69161956656518,0.08820735516812872,-1.0544951997236294
sub-1041sg,sg,central,5,2.25,4.76265183348304,31.633612598084795,0.150556684561895,-0.8222999574949791
sub-1041sg,sg,frontal,5,2.25,6.615088057564099,28.6856111912356,0.23060648816104803,-0.6371284779047145
sub-1041sg,sg,global,5,2.25,7.993910342067924,51.881191049459915,0.15408108758426703,-0.8122506647329182
sub-1041sg,sg,posterior,6,2.75,12.339380160864415,137.1220875306079,0.08998827528869165,-1.0458140717732254
sub-1041sg,sg,central,6,2.75,5.8828287142328435,33.34847348891991,0.17640473757179392,-0.7534897555213245
sub-1041sg,sg,frontal,6,2.75,9.337272097962343,33.35058124031022,0.2799732943387673,-0.552883392495078
sub-1041sg,sg,global,6,2.75,9.723958635439086,59.748393731503754,0.1627484527724115,-0.7884831315192051
sub-1041sg,sg,posterior,7,3.25,12.869003764744498,116.36562555727762,0.11059111058884054,-0.9562797806024768
sub-1041sg,sg,central,7,3.25,5.5479590194771555,31.515179058623104,0.1760408534933942,-0.7543865345275604
sub-1041sg,sg,frontal,7,3.25,8.499994666808885,40.40918676799224,0.21034807544163833,-0.6770614571620798
sub-1041sg,sg,global,7,3.25,9.474921812078923,55.75936358124653,0.16992521441305708,-0.7697421734089446
sub-1041sg,sg,posterior,8,3.75,10.557238909307385,112.588526073121,0.0937683374809521,-1.0279437839946362
sub-1041sg,sg,central,8,3.75,5.253849711627216,32.218334671764595,0.16307018240243087,-0.7876254430182349
sub-1041sg,sg,frontal,8,3.75,7.776781157965499,32.86900043126905,0.23659925936072168,-0.6259866192011362
sub-1041sg,sg,global,8,3.75,8.277556398968649,52.519809684915046,0.1576082710243743,-0.8024209951840836
sub-1041sg,sg,posterior,9,4.25,11.301414615451723,98.86837034259547,0.11430768582804013,-0.9419245675007221
sub-1041sg,sg,central,9,4.25,5.110458537970074,32.46718075012239,0.15740382810881445,-0.8029847096750641
sub-1041sg,sg,frontal,9,4.25,8.40023089414132,34.58353576191838,0.2428968209604301,-0.6145781692145394
sub-1041sg,sg,global,9,4.25,9.168458530996483,52.84210384247856,0.17350669001233388,-0.760683775170362
sub-1041sg,sg,posterior,10,4.75,9.226177990949328,101.82477033799532,0.09060838497670182,-1.0428316104842104
sub-1041sg,sg,central,10,4.75,5.174656236314452,24.827848494049135,0.20842145212682203,-0.6810575825854345
sub-1041sg,sg,frontal,10,4.75,7.5403350514621525,25.894863994747634,0.2911903709164717,-0.5358229903719957
sub-1041sg,sg,global,10,4.75,7.622486236309246,43.75268466141869,0.17421756619727585,-0.7589080576066313
sub-1041sg,sg,posterior,11,5.25,10.33342042481292,114.90633097305181,0.08992907820924459,-1.046099858167662
sub-1041sg,sg,central,11,5.25,4.241157943593429,27.257005785849397,0.1555988202414825,-0.8079937001776699
sub-1041sg,sg,frontal,11,5.25,7.657630953662375,29.636367266222354,0.25838628887522447,-0.5877305356607709
sub-1041sg,sg,global,11,5.25,7.89891949103898,47.78197541665955,0.16531169802337142,-0.781696413172398
sub-1041sg,sg,posterior,12,5.75,8.989046979890004,127.30736414540722,0.07060901025036496,-1.1511398761106246
sub-1041sg,sg,central,12,5.75,4.666473984612046,32.82456784449729,0.14216406463350695,-0.8472101680483686
sub-1041sg,sg,frontal,12,5.75,8.233220604867926,36.03886155361284,0.22845395914129696,-0.641201311154701
sub-1041sg,sg,global,12,5.75,8.841078642833487,56.5566340720344,0.15632257449361087,-0.8059783011229871
sub-1041sg,sg,posterior,13,6.25,9.209267007439259,97.0785662992361,0.09486406071400465,-1.0228982890459495
sub-1041sg,sg,central,13,6.25,4.490083459577195,26.604986580076204,0.1687684918037021,-0.7727086306550188
sub-1041sg,sg,frontal,13,6.25,6.925847368193774,28.821191134736836,0.24030399492567722,-0.6192390092220856
sub-1041sg,sg,global,13,6.25,7.037912466933236,44.07588444996507,0.1596771693809723,-0.7967571747861644
sub-1041sg,sg,posterior,14,6.75,8.159911155694935,87.64254218788284,0.09310445534774889,-1.0310295361331023
sub-1041sg,sg,central,14,6.75,4.265364554360228,27.0780262453783,0.15752125046736903,-0.8026608492510796
sub-1041sg,sg,frontal,14,6.75,5.462261027845185,26.68609969975864,0.20468562619866806,-0.6889126540731172
sub-1041sg,sg,global,14,6.75,6.586681424515312,41.55627142264945,0.15850029848744726,-0.7999699155829539
sub-1041sg,sg,posterior,15,7.25,9.664775865448657,84.56400361718686,0.1142894784073868,-0.9419937493067396
sub-1041sg,sg,central,15,7.25,5.450551165887191,22.75601515317571,0.23952133663114303,-0.6206557934459541
sub-1041sg,sg,frontal,15,7.25,17.33997621048392,25.207658189098538,0.687885248221228,-0.1624840039459704
sub-1041sg,sg,global,15,7.25,9.559965105445777,38.382697246637804,0.24906965354768543,-0.6036791833411754
sub-1042sg,sg,posterior,1,0.25,6.401079393951567,95.04491127852953,0.06734794433331813,-1.1716756557438375
sub-1042sg,sg,central,1,0.25,2.038520093269788,17.68257349346125,0.11528412954277285,-0.9382304752412768
sub-1042sg,sg,frontal,1,0.25,3.82188795099739,25.651720762161407,0.1489914842919629,-0.8268385532702637
sub-1042sg,sg,global,1,0.25,4.106530090790226,38.56740730778935,0.10647669567253595,-0.9727454349324329
sub-1042sg,sg,posterior,2,0.75,5.632310439629702,70.97243101418802,0.07935913085045308,-1.10040309726667
sub-1042sg,sg,central,2,0.75,1.750218552540205,15.208410023441608,0.11508228341046113,-0.9389915296221273
sub-1042sg,sg,frontal,2,0.75,3.534442160919592,16.258189651015545,0.21739457078475022,-0.6627513061911532
sub-1042sg,sg,global,2,0.75,3.646899758846911,28.803117282621038,0.12661475919647572,-0.8975156666410802
sub-1042sg,sg,posterior,3,1.25,6.249343854035647,82.0212805476508,0.07619173722123308,-1.118092124117051
sub-1042sg,sg,central,3,1.25,2.1892217663479183,14.128268212167626,0.15495329883831796,-0.8097991735258413
sub-1042sg,sg,frontal,3,1.25,3.7798934820596726,26.275560189489816,0.1438558666228408,-0.8420724223383103
sub-1042sg,sg,global,3,1.25,4.1443044990051625,35.682217484738125,0.11614481361136679,-0.935000178633905
sub-1042sg,sg,posterior,4,1.75,6.129886611006017,91.30289006501015,0.06713792527970769,-1.1730320836047836
sub-1042sg,sg,central,4,1.75,1.955778477108917,16.164844026664124,0.12098962872037829,-0.9172518559856568
sub-1042sg,sg,frontal,4,1.75,3.7350980740954,25.58557015896626,0.1459845550006813,-0.8356930896456789
sub-1042sg,sg,global,4,1.75,4.096659040366786,37.36028667105469,0.10965277318229788,-0.9599803802879682
sub-1042sg,sg,posterior,5,2.25,6.941280549339272,80.68462774027627,0.08602977721708337,-1.0653512017478608
sub-1042sg,sg,central,5,2.25,2.2719899663266787,13.949476218739747,0.1628727796441908,-0.788151491738905
sub-1042sg,sg,frontal,5,2.25,4.33548382434085,23.92946837978684,0.18117760727200366,-0.7418954801645261
sub-1042sg,sg,global,5,2.25,4.430715198191334,35.00319025354813,0.1265803249960112,-0.8976337936054356
sub-1042sg,sg,posterior,6,2.75,7.154610759192443,85.74307182383006,0.08344243572113315,-1.0786130271509369
sub-1042sg,sg,central,6,2.75,1.995264467427374,12.88308960351421,0.15487468680518313,-0.8100195588655541
sub-1042sg,sg,frontal,6,2.75,4.351007848160567,25.570908572885248,0.17015460501760452,-0.7691562927822674
sub-1042sg,sg,global,6,2.75,4.505960830179006,35.859467677442936,0.12565609926812826,-0.9008164261784226
sub-1042sg,sg,posterior,7,3.25,5.227976862418874,65.13316593396881,0.08026597183559189,-1.0954685316348025
sub-1042sg,sg,central,7,3.25,2.0135111022762486,12.748957118936167,0.1579353576525533,-0.8015206317750905
sub-1042sg,sg,frontal,7,3.25,3.2899720661435845,16.609774015395157,0.19807446284905483,-0.7031715131472184
sub-1042sg,sg,global,7,3.25,3.6601545789039864,27.3756145766137,0.13370127522290456,-0.8738644504819985
sub-1042sg,sg,posterior,8,3.75,7.057086274729027,85.05747441134739,0.0829684436737467,-1.0810870563500663
sub-1042sg,sg,central,8,3.75,2.34970873904286,14.306504495074178,0.16424058999540245,-0.7845195035346431
sub-1042sg,sg,frontal,8,3.75,3.859971432354453,26.75254763350253,0.14428425603550987,-0.8407810555311406
sub-1042sg,sg,global,8,3.75,4.478418952635169,36.836928949918565,0.12157416701929137,-0.9151586973729012
sub-1042sg,sg,posterior,9,4.25,6.614857294913437,79.60793144272397,0.08309294281402943,-1.080435859814852
sub-1042sg,sg,central,9,4.25,2.3915108563632548,16.104380153852265,0.1485006460053783,-0.8282716570810393
sub-1042sg,sg,frontal,9,4.25,3.7411141536965506,20.989269036153463,0.17823937304593981,-0.7489963541273684
sub-1042sg,sg,global,9,4.25,4.26463565033581,33.38856702010639,0.1277274238144953,-0.8937158471951401
sub-1042sg,sg,posterior,10,4.75,5.566602123210695,86.13045342677168,0.06462989455806631,-1.189566552616509
sub-1042sg,sg,central,10,4.75,2.211412307646478,15.823026941139908,0.139759119154174,-0.8546198452009065
sub-1042sg,sg,frontal,10,4.75,3.4679907980577616,25.57040337300785,0.13562518930454484,-0.8676596426222388
sub-1042sg,sg,global,10,4.75,3.905685650262732,37.14658699806121,0.10514251687420385,-0.9782216311648875
sub-1042sg,sg,posterior,11,5.25,4.404274677652185,69.71746320298455,0.06317319184189195,-1.1994671797100147
sub-1042sg,sg,central,11,5.25,1.8514072817744391,13.946102414726704,0.13275445903935162,-0.8769508826482874
sub-1042sg,sg,frontal,11,5.25,3.4369783560592673,20.811752886983193,0.16514602949225585,-0.7821318633309229
sub-1042sg,sg,global,11,5.25,3.450861503849758,30.35520382683662,0.11368269913572113,-0.9443056236288481
sub-1042sg,sg,posterior,12,5.75,6.857340151502538,73.43938843498456,0.09337414564084094,-1.0297733588864868
sub-1042sg,sg,central,12,5.75,2.429825980778912,13.844764208777368,0.17550504610533124,-0.7557103922226852
sub-1042sg,sg,frontal,12,5.75,4.212889636901424,25.20490339074323,0.16714563716394376,-0.7769049548796861
sub-1042sg,sg,global,12,5.75,4.474626185330806,32.32255158003873,0.13843666315298503,-0.8587488773908448
sub-1042sg,sg,posterior,13,6.25,8.219637638586102,94.69529950506006,0.08680090439068608,-1.0614757498253713
sub-1042sg,sg,central,13,6.25,3.0599882756148595,17.69787162760044,0.17290148442724054,-0.7622012781211501
sub-1042sg,sg,frontal,13,6.25,4.893654397863881,34.23384823498481,0.14294783234047517,-0.8448224258933162
sub-1042sg,sg,global,13,6.25,5.461935556423301,43.433979233410525,0.12575259400183716,-0.9004830476313622
sub-1042sg,sg,posterior,14,6.75,5.960199215623391,83.92365170763249,0.07101930259644955,-1.1486235967485787
sub-1042sg,sg,central,14,6.75,2.2014383612490014,14.097011129598783,0.1561634832384258,-0.8064205125977449
sub-1042sg,sg,frontal,14,6.75,3.9104785326001132,28.2431069695864,0.1384578027060236,-0.8586825648249804
sub-1042sg,sg,global,14,6.75,4.068885601108901,36.8703625879445,0.11035653884345864,-0.957201928931877
sub-1042sg,sg,posterior,15,7.25,6.653219476875915,91.80150766365092,0.07247396743474482,-1.1398179634940004
sub-1042sg,sg,central,15,7.25,2.3263888673533337,19.705527921182643,0.1180576778586358,-0.9279057634077167
sub-1042sg,sg,frontal,15,7.25,4.276211640488898,26.16198699349989,0.1634513327122802,-0.7866115340176615
sub-1042sg,sg,global,15,7.25,4.388868443676752,39.21624610417099,0.11191454766013306,-0.951113456296767
sub-1043sg,sg,posterior,1,0.25,5.067037551490831,18.180024487730744,0.27871456140834416,-0.5548403410316078
sub-1043sg,sg,central,1,0.25,2.0858842402599707,4.626343632103432,0.4508710130794141,-0.3459476849957669
sub-1043sg,sg,frontal,1,0.25,4.311491298633718,6.611066037621201,0.6521627940333027,-0.1856439813763353
sub-1043sg,sg,global,1,0.25,6.327762435788925,9.661393018721638,0.6549534237482239,-0.18378958325761485
sub-1043sg,sg,posterior,2,0.75,6.487997785071702,14.833923905434638,0.43737569549583055,-0.35914535391226954
sub-1043sg,sg,central,2,0.75,2.0974700764652794,3.3031613201362577,0.6349886890715822,-0.19723401064116994
sub-1043sg,sg,frontal,2,0.75,5.254785163873815,4.309306054886395,1.2194040286173977,0.08614762549270408
sub-1043sg,sg,global,2,0.75,5.952128728659081,7.177942444459291,0.8292249171283861,-0.08132765639875411
sub-1043sg,sg,posterior,3,1.25,7.937117922848358,11.507331855422747,0.6897444188252944,-0.1613118049961981
sub-1043sg,sg,central,3,1.25,2.3522444324705742,2.893893115607121,0.8128304462195342,-0.09000003737130849
sub-1043sg,sg,frontal,3,1.25,6.1035044433609995,4.0817893441622255,1.4953011850281375,0.17472867749097268
sub-1043sg,sg,global,3,1.25,5.876741823181024,6.097492699421917,0.9637964509146815,-0.016014677278437205
sub-1043sg,sg,posterior,4,1.75,5.547295764121472,20.423257757448923,0.2716165966273535,-0.5660436968235573
sub-1043sg,sg,central,4,1.75,1.8012911311370914,5.121680059625516,0.3516992686319413,-0.4538285348091376
sub-1043sg,sg,frontal,4,1.75,4.599857888593459,5.558182441161335,0.8275831060400309,-0.08218838343462395
sub-1043sg,sg,global,4,1.75,4.494619123689015,9.401087629346947,0.4780956524283815,-0.3204852055511222
sub-1043sg,sg,posterior,5,2.25,7.198199786944457,12.58471990554631,0.5719793401021251,-0.2426196576434877
sub-1043sg,sg,central,5,2.25,2.7265757681645084,3.7159566833985154,0.7337479955958084,-0.13445307211961893
sub-1043sg,sg,frontal,5,2.25,6.013989347988852,4.135993886101012,1.4540614695294485,0.16258276643578454
sub-1043sg,sg,global,5,2.25,5.6746202992621635,6.542196936883571,0.8673875693453696,-0.06178680607865189
sub-1043sg,sg,posterior,6,2.75,4.795313912030706,10.604672791811758,0.4521887667984756,-0.34468023053119723
sub-1043sg,sg,central,6,2.75,1.9864896806301857,3.322540813640584,0.5978827024410706,-0.22338401112753684
sub-1043sg,sg,frontal,6,2.75,4.077191007678396,3.7448572795309185,1.0887440303703926,0.03692578676721895
sub-1043sg,sg,global,6,2.75,4.244945101294468,5.872371001852399,0.7228673222375476,-0.14094140741886838
sub-1043sg,sg,posterior,7,3.25,6.103507194245029,7.754456239505483,0.7870967358291858,-0.10397188866375524
sub-1043sg,sg,central,7,3.25,2.612242145935795,2.1725150550324503,1.2024046231047991,0.08005063739342563
sub-1043sg,sg,frontal,7,3.25,4.718349414860755,3.042369966830915,1.5508795663584676,0.190578073960141
sub-1043sg,sg,global,7,3.25,4.909922056473539,4.448968081433687,1.103609189052961,0.04281530791659018
sub-1043sg,sg,posterior,8,3.75,6.102687950765644,12.143946275315859,0.5025292283423674,-0.29883867353205174
sub-1043sg,sg,central,8,3.75,2.60611756734848,2.5765965250455025,1.011457378761487,0.004947586999371702
sub-1043sg,sg,frontal,8,3.75,5.282416707775444,3.782580554050532,1.3965113583949536,0.14504447234507326
sub-1043sg,sg,global,8,3.75,5.276503367500342,5.672898328407187,0.9301247901937734,-0.031458780417240984
sub-1043sg,sg,posterior,9,4.25,5.084264641583829,11.555695138036073,0.4399791255178367,-0.35656792780351654
sub-1043sg,sg,central,9,4.25,2.0179326641812128,2.673607545561099,0.7547602367937354,-0.1221909879399988
sub-1043sg,sg,frontal,9,4.25,4.031890676761397,3.4669953178092037,1.162935137538389,0.065555492720953
sub-1043sg,sg,global,9,4.25,4.494283744527342,5.71298274829096,0.7866790330973444,-0.10420242467702487
sub-1043sg,sg,posterior,10,4.75,5.909014197318388,6.668168350050357,0.8861525215202108,-0.05249152240884564
sub-1043sg,sg,central,10,4.75,2.727061071363238,1.651790504593964,1.6509727255234417,0.2177398986701177
sub-1043sg,sg,frontal,10,4.75,4.90528895203722,2.850064092993839,1.7211153124926668,0.23580996846909938
sub-1043sg,sg,global,10,4.75,5.247408005662973,3.779432168539013,1.3884117432623284,0.14251827830134825
sub-1043sg,sg,posterior,11,5.25,7.930459276941026,8.760586841313959,0.9052429272822063,-0.043234859666774296
sub-1043sg,sg,central,11,5.25,3.279250702043505,1.8732869547684146,1.7505330369681151,0.24317031140928394
sub-1043sg,sg,frontal,11,5.25,6.258764822515031,2.957381894468468,2.116319449382415,0.3255812232085015
sub-1043sg,sg,global,11,5.25,6.488924470498024,4.436052742766537,1.4627699098210487,0.1651760180229346
sub-1043sg,sg,posterior,12,5.75,7.3178134442559974,6.950623589579378,1.0528283325868952,0.022357563694443246
sub-1043sg,sg,central,12,5.75,3.1531678898298665,2.0512152843776352,1.5372193810395567,0.18673585134882437
sub-1043sg,sg,frontal,12,5.75,5.078199495914044,2.7248954799214147,1.8636309294551356,0.27035990953548145
sub-1043sg,sg,global,12,5.75,5.5563892064185,3.9914534285298897,1.3920716615914517,0.14366159262559006
sub-1043sg,sg,posterior,13,6.25,6.97406964132655,9.772851203146969,0.7136166811872486,-0.14653500663795865
sub-1043sg,sg,central,13,6.25,2.864551917827353,2.070042366800358,1.3838131836185843,0.14107746382024924
sub-1043sg,sg,frontal,13,6.25,5.641388180792234,3.4001723213915835,1.659147727690281,0.2198850565875911
sub-1043sg,sg,global,13,6.25,6.064235034756719,4.894411090632065,1.2390121962504752,0.09307558138672672
sub-1043sg,sg,posterior,14,6.75,6.916598534264929,7.684689916344038,0.900049137903989,-0.045733779740664
sub-1043sg,sg,central,14,6.75,3.0373235490764046,1.7419959568234635,1.7435881737722148,0.24144391466837692
sub-1043sg,sg,frontal,14,6.75,6.357137806163229,2.6923382717553075,2.361195795065753,0.373132001136754
sub-1043sg,sg,global,14,6.75,5.893262255806326,4.090968164738296,1.440554416092193,0.1585296681438227
sub-1043sg,sg,posterior,15,7.25,6.316496027989261,3.2765350895857215,1.9277974614298745,0.2850614040461051
sub-1043sg,sg,central,15,7.25,3.1427223310456944,1.1024224671379248,2.8507422741526063,0.45495795600719086
sub-1043sg,sg,frontal,15,7.25,5.147703988446685,1.9960046591681677,2.5790039942050957,0.4114520147474332
sub-1043sg,sg,global,15,7.25,5.612389401585317,2.5628086977111164,2.189936926075609,0.3404316065972924
sub-1044sg,sg,posterior,1,0.25,11.045710720942353,113.76973073946841,0.09708830854348177,-1.0128330650534736
sub-1044sg,sg,central,1,0.25,7.0356323014169435,19.357619986960845,0.3634554406045834,-0.43954882575614806
sub-1044sg,sg,frontal,1,0.25,9.924421706030893,27.97883881149286,0.35471170811971797,-0.4501244763494036
sub-1044sg,sg,global,1,0.25,9.280681622589208,45.02990246891524,0.20610041580693608,-0.6859211320321617
sub-1044sg,sg,posterior,2,0.75,12.622816010787973,130.51124592706466,0.09671822471024566,-1.0144916836694102
sub-1044sg,sg,central,2,0.75,6.635630368450435,16.751230323589915,0.3961279404716805,-0.40216452400641356
sub-1044sg,sg,frontal,2,0.75,8.852930033169335,29.689714270183533,0.29818171884732686,-0.5255189861248127
sub-1044sg,sg,global,2,0.75,9.180197496072505,47.254443207255186,0.19427162554447427,-0.711590625902173
sub-1044sg,sg,posterior,3,1.25,13.684219598114417,151.19908383158526,0.09050464626727986,-1.0433291247014849
sub-1044sg,sg,central,3,1.25,6.708509432567493,20.01523062052307,0.33517022909987215,-0.47473456376444173
sub-1044sg,sg,frontal,3,1.25,10.534999490432542,34.09405989608215,0.308998092997518,-0.5100442008444551
sub-1044sg,sg,global,3,1.25,10.219467980021168,55.80485764601947,0.18312864526678202,-0.7372437173680706
sub-1044sg,sg,posterior,4,1.75,12.160700559359784,131.8087500697931,0.09226019177725803,-1.0349856469777157
sub-1044sg,sg,central,4,1.75,6.211925701009413,14.548041541920043,0.4269939485057015,-0.3695782798911456
sub-1044sg,sg,frontal,4,1.75,10.091257760921232,28.51075322025063,0.35394567386433023,-0.45106339150953795
sub-1044sg,sg,global,4,1.75,9.20553386895972,45.56164178562544,0.20204570134397654,-0.6945503850255896
sub-1044sg,sg,posterior,5,2.25,12.85421043195681,146.5426873384224,0.08771649179785808,-1.0569187461611713
sub-1044sg,sg,central,5,2.25,9.500143539236781,15.631588858770819,0.6077529050353887,-0.21627295656883275
sub-1044sg,sg,frontal,5,2.25,11.973468294896263,33.90272371714483,0.35317127894480055,-0.4520146219205242
sub-1044sg,sg,global,5,2.25,10.895379435909835,50.13734931992482,0.2173106393476601,-0.6629190104633348
sub-1044sg,sg,posterior,6,2.75,11.399950975779502,109.01447345129606,0.10457282060691336,-0.9805811777466561
sub-1044sg,sg,central,6,2.75,6.846489927524664,10.47328144048525,0.6537101066585538,-0.18461480058997887
sub-1044sg,sg,frontal,6,2.75,10.38903110203557,21.407156459677964,0.48530644981289855,-0.3139839367919937
sub-1044sg,sg,global,6,2.75,8.781262661717735,36.28308526122598,0.2420208369408391,-0.6161472415449433
sub-1044sg,sg,posterior,7,3.25,13.213493955466914,159.98700315766484,0.08259104611419722,-1.0830670329940904
sub-1044sg,sg,central,7,3.25,7.526664263491916,15.150620105713179,0.4967891882295742,-0.3038278644082272
sub-1044sg,sg,frontal,7,3.25,10.064941923895024,35.07054349582091,0.286991330062917,-0.5421312229966958
sub-1044sg,sg,global,7,3.25,10.114437764208102,53.48747388388861,0.1890991858423651,-0.7233103409853643
sub-1044sg,sg,posterior,8,3.75,11.836554238962577,142.35868537088243,0.08314599287093155,-1.080158676281832
sub-1044sg,sg,central,8,3.75,6.617371083291405,14.071920481789698,0.47025358705337095,-0.3276678830044974
sub-1044sg,sg,frontal,8,3.75,10.880430636240348,29.193422498886047,0.3727014411090553,-0.4286389279746269
sub-1044sg,sg,global,8,3.75,9.975663510739864,48.48787599309017,0.20573521331727251,-0.6866913687790357
sub-1044sg,sg,posterior,9,4.25,10.39929542872752,142.58555214258178,0.0729337248582416,-1.1370716056599495
sub-1044sg,sg,central,9,4.25,5.613283811447993,13.452929770204555,0.41725363228166484,-0.37959987400637274
sub-1044sg,sg,frontal,9,4.25,11.82693803912174,28.1748780817301,0.4197689162953602,-0.37698972387940494
sub-1044sg,sg,global,9,4.25,8.873758227712445,47.732044108965404,0.18590777732994063,-0.7307024414232318
sub-1044sg,sg,posterior,10,4.75,10.582852051639968,170.91917349616267,0.061917290115363004,-1.2081880593293308
sub-1044sg,sg,central,10,4.75,5.924015843054513,15.806768375035416,0.3747771652307292,-0.42622687807348086
sub-1044sg,sg,frontal,10,4.75,9.085121206996847,35.719956231449636,0.25434301061650944,-0.5945801923451438
sub-1044sg,sg,global,10,4.75,8.452740103148383,57.94418755676291,0.14587727362417435,-0.8360123620366308
sub-1044sg,sg,posterior,11,5.25,11.873766189174823,158.09249369004294,0.07510645136925095,-1.1243227570872958
sub-1044sg,sg,central,11,5.25,7.072782419056467,24.94955857098915,0.28348326880943525,-0.5474725680873401
sub-1044sg,sg,frontal,11,5.25,9.887519097405708,37.942792438662934,0.2605901796339725,-0.5840419547444516
sub-1044sg,sg,global,11,5.25,9.399747611277927,59.483020894132906,0.15802404568536413,-0.8012768237170598
sub-1044sg,sg,posterior,12,5.75,10.114764365252274,116.96080471579772,0.08647994847359397,-1.0630845778156213
sub-1044sg,sg,central,12,5.75,6.818572665284371,17.310689761681825,0.39389375924104775,-0.4046208999947339
sub-1044sg,sg,frontal,12,5.75,9.767409270246912,29.58489524562255,0.33014851630046316,-0.4812906501219099
sub-1044sg,sg,global,12,5.75,8.520625767318766,45.38066705356032,0.18775893614041275,-0.7263993841554013
sub-1044sg,sg,posterior,13,6.25,10.26965021235798,107.48707860288503,0.09554311407326997,-1.0198006076957769
sub-1044sg,sg,central,13,6.25,7.076574190005377,14.096286335285717,0.5020169157809564,-0.2992816487781804
sub-1044sg,sg,frontal,13,6.25,11.200996585856332,20.461035925843177,0.5474305712795796,-0.2616709530579856
sub-1044sg,sg,global,13,6.25,9.003224083203596,40.3002468814575,0.22340369550803074,-0.6509096471314608
sub-1044sg,sg,posterior,14,6.75,12.255295615248123,127.35692027398233,0.09622795203341417,-1.0166987569581634
sub-1044sg,sg,central,14,6.75,7.284876971461261,19.96587014128148,0.3648664906619337,-0.43786602040861583
sub-1044sg,sg,frontal,14,6.75,11.546901222999061,34.39144601503933,0.3357492214183032,-0.4739849857601456
sub-1044sg,sg,global,14,6.75,9.846544882476902,50.788270331109736,0.19387438907218546,-0.7124795577044339
sub-1044sg,sg,posterior,15,7.25,11.083465680353944,148.42327119446358,0.07467471637808354,-1.1268264182138532
sub-1044sg,sg,central,15,7.25,8.033743871899125,18.977942005895013,0.42332007703488855,-0.3733311335134851
sub-1044sg,sg,frontal,15,7.25,11.61051491513598,36.637679856411744,0.31690093260924906,-0.49907648272053995
sub-1044sg,sg,global,15,7.25,9.910427891635388,53.97923410568633,0.18359704534213453,-0.7361343122520538
sub-1045sg,sg,posterior,1,0.25,13.911721714058235,31.732951830025986,0.438399862344191,-0.35812959089040175
sub-1045sg,sg,central,1,0.25,5.564169967515443,8.272393397541757,0.6726191200201992,-0.17223079149470527
sub-1045sg,sg,frontal,1,0.25,6.400916454759679,9.40553897383842,0.6805475446504319,-0.16714152856786527
sub-1045sg,sg,global,1,0.25,8.754828168417676,14.731194887463541,0.594305365946123,-0.22599034850626826
sub-1045sg,sg,posterior,2,0.75,21.762764196611165,49.52315287350373,0.43944625763629136,-0.35709422966674137
sub-1045sg,sg,central,2,0.75,6.061935135565434,9.847582587759524,0.6155759630897004,-0.21071834676991977
sub-1045sg,sg,frontal,2,0.75,9.765608623924928,15.102336636188713,0.6466289859096543,-0.18934483152392734
sub-1045sg,sg,global,2,0.75,11.792690611326316,21.430848316754144,0.5502670933519259,-0.25942645775577594
sub-1045sg,sg,posterior,3,1.25,17.60439153757398,47.483907522321594,0.37074437332897203,-0.43092543140065104
sub-1045sg,sg,central,3,1.25,5.584307377375052,10.331705510534531,0.5405019889195561,-0.267202703606695
sub-1045sg,sg,frontal,3,1.25,7.372272104260894,13.576624402991458,0.543012157177781,-0.26519044714020973
sub-1045sg,sg,global,3,1.25,9.817572413755789,20.325290731616793,0.4830224838301657,-0.31603265314888723
sub-1045sg,sg,posterior,4,1.75,17.253189011167876,41.03093052539795,0.4204922674246502,-0.37624198618160487
sub-1045sg,sg,central,4,1.75,7.121918149788782,11.75048849300338,0.6060954958620999,-0.21745894339389044
sub-1045sg,sg,frontal,4,1.75,7.698472718596632,13.683182467972573,0.5626229670338752,-0.24978254331818817
sub-1045sg,sg,global,4,1.75,10.625487402698997,19.793605678108744,0.5368141396517024,-0.2701760533982374
sub-1045sg,sg,posterior,5,2.25,20.818933869659617,43.46648709590616,0.4789651812377638,-0.3196960568274637
sub-1045sg,sg,central,5,2.25,9.523378131397344,9.95605359111571,0.9565414693926051,-0.019296197055426397
sub-1045sg,sg,frontal,5,2.25,10.394695461432278,12.846929974321025,0.8091190254955561,-0.09198758677628924
sub-1045sg,sg,global,5,2.25,12.921353903869187,19.32615650675246,0.668594083844583,-0.17483747064656024
sub-1045sg,sg,posterior,6,2.75,18.001639017548804,39.07661284606353,0.460675521915463,-0.33660486345704266
sub-1045sg,sg,central,6,2.75,6.285829508630286,7.86140920093706,0.7995805011499759,-0.0971378052820633
sub-1045sg,sg,frontal,6,2.75,8.293115226581548,10.924879432966945,0.7591035926269559,-0.11969895317394395
sub-1045sg,sg,global,6,2.75,10.299634062619692,16.578851762581984,0.6212513514274665,-0.2067326535232344
sub-1045sg,sg,posterior,7,3.25,15.46338224811477,44.72524891071404,0.34574166996777694,-0.4612482746477453
sub-1045sg,sg,central,7,3.25,4.0593545501063035,9.87002785903415,0.41128096172400663,-0.3858613936018743
sub-1045sg,sg,frontal,7,3.25,5.979902087071979,11.035828375514457,0.5418625483828452,-0.26611086484431024
sub-1045sg,sg,global,7,3.25,7.778061113925712,19.329242208640874,0.4023986574315177,-0.3953434769358669
sub-1045sg,sg,posterior,8,3.75,20.632353097862673,41.63249951472782,0.49558285806413854,-0.30488372404114245
sub-1045sg,sg,central,8,3.75,7.901349957419709,10.556159068632395,0.7485061475530956,-0.1258046284038644
sub-1045sg,sg,frontal,8,3.75,8.741796110833358,14.737181461780413,0.5931796479200883,-0.2268137580948177
sub-1045sg,sg,global,8,3.75,11.564337950818606,19.634901464429387,0.5889684739069649,-0.2299079513498666
sub-1045sg,sg,posterior,9,4.25,10.286941341974263,39.982558143711934,0.2572857220640869,-0.5895843140649457
sub-1045sg,sg,central,9,4.25,2.983473228109938,7.692306968963451,0.3878515561258166,-0.4113344617536374
sub-1045sg,sg,frontal,9,4.25,4.6082688195924435,9.986877091407042,0.4614324155002882,-0.335891899675332
sub-1045sg,sg,global,9,4.25,5.813152697700936,16.128363110871472,0.3604304204797154,-0.44317856150835827
sub-1045sg,sg,posterior,10,4.75,16.07527974553873,46.9816409984999,0.3421608825041255,-0.4657696426139479
sub-1045sg,sg,central,10,4.75,4.864288617015224,10.225995849819151,0.47567872004380385,-0.3226862767370624
sub-1045sg,sg,frontal,10,4.75,6.573431825719574,14.874493389647723,0.44192643430091666,-0.3546500198731855
sub-1045sg,sg,global,10,4.75,9.071987918953326,20.65712497989645,0.43916991971449076,-0.3573674138889979
sub-1045sg,sg,posterior,11,5.25,16.546800990619886,45.59366430767031,0.3629188669495947,-0.44019045368119863
sub-1045sg,sg,central,11,5.25,4.408820645745546,8.995898662502222,0.4900922977404046,-0.3097221227783837
sub-1045sg,sg,frontal,11,5.25,7.317438548598678,14.421616633354835,0.507393778009231,-0.29465486268154323
sub-1045sg,sg,global,11,5.25,8.713803405566663,19.47653764388614,0.44740002380772254,-0.34930399712905774
sub-1045sg,sg,posterior,12,5.75,14.506316339885197,42.8518370892322,0.33852262412176354,-0.47041230126863637
sub-1045sg,sg,central,12,5.75,4.49003015556404,10.797548924858207,0.41583790791881065,-0.3810759227738094
sub-1045sg,sg,frontal,12,5.75,5.951535167529039,14.308387592461278,0.41594729867848634,-0.38096169183246675
sub-1045sg,sg,global,12,5.75,7.662713864711129,19.437823290313208,0.39421666460615595,-0.40426502086448185
sub-1045sg,sg,posterior,13,6.25,15.196012347303817,36.42885619580035,0.41714217612617954,-0.37971589758439545
sub-1045sg,sg,central,13,6.25,5.369992140492403,8.132675117080435,0.6602983720835252,-0.18025977344638008
sub-1045sg,sg,frontal,13,6.25,7.4460546046794835,9.23609636770949,0.8061906576366821,-0.09356223887999765
sub-1045sg,sg,global,13,6.25,8.88998082572417,15.790299780302703,0.5630026629902113,-0.24948955094044958
sub-1045sg,sg,posterior,14,6.75,11.598096379224824,40.71432995471966,0.28486521556718775,-0.5453605785229506
sub-1045sg,sg,central,14,6.75,3.9871030241346346,8.492121156455854,0.4695061399475644,-0.3283587238922036
sub-1045sg,sg,frontal,14,6.75,6.3719852475238605,9.357057561018152,0.6809817302043526,-0.16686453944972535
sub-1045sg,sg,global,14,6.75,7.3237533245899655,16.90565525871848,0.43321321844730065,-0.36329830040512123
sub-1045sg,sg,posterior,15,7.25,11.482025191073427,32.39578769978652,0.35442957268018804,-0.450470048873017
sub-1045sg,sg,central,15,7.25,4.543228277931782,6.398775871199189,0.7100152231274104,-0.14873233966211358
sub-1045sg,sg,frontal,15,7.25,6.536711246889626,8.986438606691232,0.727397307540992,-0.13822831081808729
sub-1045sg,sg,global,15,7.25,7.256628265312434,14.00649761447111,0.5180901368101541,-0.28559467555634105
sub-1046sg,sg,posterior,1,0.25,32.77259154004742,50.344560470149744,0.6509658885487524,-0.1864417684259509
sub-1046sg,sg,central,1,0.25,1.985694638908906,8.274742355419038,0.23997056991248755,-0.6198420170731022
sub-1046sg,sg,frontal,1,0.25,3.1328539361647865,14.47701443308574,0.21640193498771185,-0.664738860244171
sub-1046sg,sg,global,1,0.25,5.901134069069215,18.22915061298726,0.32371963973269186,-0.4898309516051712
sub-1046sg,sg,posterior,2,0.75,29.657299148033278,17.744440669864762,1.6713572267397543,0.2230692835385883
sub-1046sg,sg,central,2,0.75,1.9383790122393565,2.7445684176127183,0.7062600443115927,-0.15103536266548923
sub-1046sg,sg,frontal,2,0.75,3.5731498113489493,4.086189685096292,0.874445409223519,-0.0582672979211784
sub-1046sg,sg,global,2,0.75,5.468014634305738,5.879558318455935,0.9300043197363378,-0.03151503420595971
sub-1046sg,sg,posterior,3,1.25,40.569501463763046,24.055771004318597,1.6864768731162194,0.2269803900275175
sub-1046sg,sg,central,3,1.25,1.8632211328578612,4.444303405078904,0.4192380589337333,-0.3775392984607961
sub-1046sg,sg,frontal,3,1.25,3.1134915708713504,6.781527060457695,0.4591136396145585,-0.33807980476970967
sub-1046sg,sg,global,3,1.25,14.027440825838948,11.349569356083698,1.2359447645755681,0.09199906219611396
sub-1046sg,sg,posterior,4,1.75,53.0334582046664,31.524926066362543,1.6822706607789228,0.22589587078782145
sub-1046sg,sg,central,4,1.75,1.7873831645144982,6.283804228862169,0.28444284694689576,-0.5460049832200012
sub-1046sg,sg,frontal,4,1.75,3.1800434088377405,8.603954739134535,0.36960252642584435,-0.4322650688127179
sub-1046sg,sg,global,4,1.75,14.489611785511908,12.811494120128849,1.1309853206540894,0.053456968143581605
sub-1046sg,sg,posterior,5,2.25,37.98191612038998,31.99252816675704,1.1872120865976583,0.07452830936011025
sub-1046sg,sg,central,5,2.25,2.025177722337905,5.4835634299752085,0.3693178255707823,-0.432599730095577
sub-1046sg,sg,frontal,5,2.25,3.518916861869348,8.411590990582438,0.4183414131534812,-0.3784691408848726
sub-1046sg,sg,global,5,2.25,19.11817912299374,15.485940763420432,1.2345507073198339,0.0915089326291753
sub-1046sg,sg,posterior,6,2.75,31.372079362414688,13.84308005959885,2.26626438822487,0.35531057439284436
sub-1046sg,sg,central,6,2.75,1.6592204493303242,1.8150940040199146,0.9141237013926689,-0.03899503052751961
sub-1046sg,sg,frontal,6,2.75,2.6223293804508674,3.1840137589007105,0.8235923519866427,-0.08428769496491019
sub-1046sg,sg,global,6,2.75,7.698493063845798,4.763484296820876,1.61614746352449,0.20848098494916914
sub-1046sg,sg,posterior,7,3.25,31.10919675393989,12.429831022575705,2.502785170404791,0.39842357301538917
sub-1046sg,sg,central,7,3.25,3.8674362897195445,1.446447673080643,2.673747804151589,0.4271204409100231
sub-1046sg,sg,frontal,7,3.25,3.242899619391149,1.7565396336251624,1.8461864209112226,0.26627555231574446
sub-1046sg,sg,global,7,3.25,9.654526126743924,4.564052767074111,2.1153406017549563,0.3253803053059884
sub-1046sg,sg,posterior,8,3.75,20.713232966614562,40.10196211685242,0.5165142021295275,-0.2869177325728455
sub-1046sg,sg,central,8,3.75,2.4418726368744603,7.295973139029724,0.33468772298676525,-0.4753602181378672
sub-1046sg,sg,frontal,8,3.75,6.119565131324386,15.796391838738996,0.38740271789895675,-0.4118373367289918
sub-1046sg,sg,global,8,3.75,6.727412569550044,16.309753145860128,0.4124778903387418,-0.38459932556550536
sub-1046sg,sg,posterior,9,4.25,15.942633459057182,11.540594644485093,1.3814395141827196,0.14033187424583338
sub-1046sg,sg,central,9,4.25,2.802000275309863,2.1850515408963522,1.282349739979326,0.10800648807551248
sub-1046sg,sg,frontal,9,4.25,6.944102416577617,3.6952642038211647,1.879189696205463,0.2739706224938054
sub-1046sg,sg,global,9,4.25,6.730874827806359,4.572945407433334,1.4718904837274691,0.16787549744561317
sub-1046sg,sg,posterior,10,4.75,2195.713050039115,430.0008547504359,5.1062992684362545,0.7081062642131902
sub-1046sg,sg,central,10,4.75,2.8108545210977547,3.2276044614529282,0.8708794880747034,-0.060041938316360274
sub-1046sg,sg,frontal,10,4.75,4.990444215781115,8.378932956356833,0.5955942411491695,-0.22504951012944696
sub-1046sg,sg,global,10,4.75,179.8132639148451,46.53937158203281,3.8636805311798534,0.587001209544288
sub-1046sg,sg,posterior,11,5.25,140.04613859814972,55.994189752611454,2.501083401990262,0.3981281741056422
sub-1046sg,sg,central,11,5.25,4.701874147101255,3.07957001224635,1.526795665759694,0.18378091841138133
sub-1046sg,sg,frontal,11,5.25,5.752804501594702,3.878001947949517,1.4834454904377967,0.17127159269060296
sub-1046sg,sg,global,11,5.25,189.72863870675607,113.72696807576153,1.6682818676777216,0.2222694295362353
sub-1046sg,sg,posterior,12,5.75,53.58191580247912,24.37226208279099,2.1984793869549257,0.3421223980095351
sub-1046sg,sg,central,12,5.75,3.385389928153853,2.0993295118316633,1.61260531473218,0.20752808678855741
sub-1046sg,sg,frontal,12,5.75,4.969537363573821,2.9946559747638104,1.659468535101355,0.21996902223940762
sub-1046sg,sg,global,12,5.75,138.98101877648975,90.79516434661438,1.530709479702287,0.1848927717990201
sub-1046sg,sg,posterior,13,6.25,40.6934831464848,16.89236834275736,2.4089862546676124,0.38183432198296835
sub-1046sg,sg,central,13,6.25,3.4739243583747395,2.0616688658185667,1.68500597548455,0.22660144533517063
sub-1046sg,sg,frontal,13,6.25,3.7746189702679467,2.7570013768460693,1.36910304143047,0.13643613523451506
sub-1046sg,sg,global,13,6.25,89.94778535202698,72.1409777780934,1.2468334658383418,0.09580845051358541
sub-1046sg,sg,posterior,14,6.75,661.4885405773035,297.8480230464473,2.220892835921725,0.3465276031722047
sub-1046sg,sg,central,14,6.75,3.389759961825416,4.30835126468266,0.7867882058764991,-0.10414215887108673
sub-1046sg,sg,frontal,14,6.75,4.906504307652985,9.147329638102073,0.5363865195385051,-0.2705221453685513
sub-1046sg,sg,global,14,6.75,76.69237147502463,35.30446397383221,2.172313720210262,0.3369225451882087
sub-1046sg,sg,posterior,15,7.25,92.35862746717484,26.500279628455843,3.4851944493446285,0.5422270136884122
sub-1046sg,sg,central,15,7.25,3.4334379892270825,1.5746272217887698,2.1804767132926304,0.3385514529252832
sub-1046sg,sg,frontal,15,7.25,3.151671247358671,2.9280107781893343,1.0763864910728393,0.03196823861853092
sub-1046sg,sg,global,15,7.25,14.989432271661,5.714658761356395,2.6229794109531754,0.4187948816141746
sub-1047sg,sg,posterior,1,0.25,2.5119956306644635,3.767720305541606,0.6667149965908541,-0.17605977606776715
sub-1047sg,sg,central,1,0.25,2.1116515564696847,1.4716804243985575,1.4348574061740809,0.15680874372590903
sub-1047sg,sg,frontal,1,0.25,2.9334137830155163,2.3988983651214184,1.2228170337124906,0.08736147977257963
sub-1047sg,sg,global,1,0.25,2.787501995449622,2.648990235876307,1.0522885126934016,0.022134829448949705
sub-1047sg,sg,posterior,2,0.75,3.2700083979760857,3.6554149416319994,0.8945655828928015,-0.04838781468926252
sub-1047sg,sg,central,2,0.75,2.1624886062523943,1.2681127629504596,1.7052810045228404,0.23179595438895043
sub-1047sg,sg,frontal,2,0.75,3.5172923027423755,2.104373146292293,1.6714204460076447,0.22308571046367032
sub-1047sg,sg,global,2,0.75,2.945964924674071,2.2911037945721158,1.2858277881837548,0.1091828071187851
sub-1047sg,sg,posterior,3,1.25,4.6449869128948835,3.9523544749569295,1.175245525756012,0.07012860647320357
sub-1047sg,sg,central,3,1.25,2.806801829481421,1.7376263854654244,1.6153080161300712,0.20825534830850362
sub-1047sg,sg,frontal,3,1.25,3.975187723482668,2.173233924848122,1.8291577717573488,0.2622511666292344
sub-1047sg,sg,global,3,1.25,4.065002745474941,2.8149089242446093,1.4440974308132541,0.1595964953368861
sub-1047sg,sg,posterior,4,1.75,2.7300981980262016,3.569843725051487,0.7647668660865052,-0.11647093635370644
sub-1047sg,sg,central,4,1.75,2.9542325090932717,1.719033917052083,1.7185423043655774,0.2351602273818246
sub-1047sg,sg,frontal,4,1.75,3.2953754130906114,2.3216841309446634,1.4193900751476325,0.15210176417053017
sub-1047sg,sg,global,4,1.75,3.0360707944369194,2.597001213236208,1.1690679153182113,0.06783974160767184
sub-1047sg,sg,posterior,5,2.25,2.520200912925543,3.5225142625542034,0.715455133770878,-0.14541759568013257
sub-1047sg,sg,central,5,2.25,2.067723068894538,1.4894828527180493,1.3882154233070223,0.14245686517794043
sub-1047sg,sg,frontal,5,2.25,2.8195956544844316,2.1561839380127124,1.3076786283285113,0.11650102602774808
sub-1047sg,sg,global,5,2.25,2.6350046950495303,2.4145818073837764,1.0912882251459455,0.03793946924898016
sub-1047sg,sg,posterior,6,2.75,3.025270732048374,4.089933532905786,0.7396870163557404,-0.130952004354121
sub-1047sg,sg,central,6,2.75,1.9911301770377037,1.5893604066794407,1.2527870762791036,0.09787726456570317
sub-1047sg,sg,frontal,6,2.75,3.4882407604962915,2.4644782186638774,1.4154074213678582,0.1508814683998448
sub-1047sg,sg,global,6,2.75,3.0882337995719373,2.748247955996643,1.1237100323620544,0.050654258215548226
sub-1047sg,sg,posterior,7,3.25,3.151716002673485,2.5199665923663686,1.2506975339359057,0.09715229352623161
sub-1047sg,sg,central,7,3.25,2.0979099207397547,1.1956497849648895,1.7546190758536875,0.24418284660749795
sub-1047sg,sg,frontal,7,3.25,3.2770513998824855,1.8075703775473944,1.8129592300184514,0.2583880377540297
sub-1047sg,sg,global,7,3.25,3.0567449824907422,2.0364777074716414,1.50099604394187,0.1763795476087067
sub-1047sg,sg,posterior,8,3.75,3.2315730224363763,3.869474128365044,0.8351452717431147,-0.0782379733441284
sub-1047sg,sg,central,8,3.75,1.8262832353065428,1.5630039245425835,1.1684444335870805,0.06760806395946968
sub-1047sg,sg,frontal,8,3.75,3.0100328356829844,2.3858005725732334,1.2616447788158915,0.10093709475294053
sub-1047sg,sg,global,8,3.75,3.0575430649335664,2.656018411536348,1.1511754028711572,0.06114150147106831
sub-1047sg,sg,posterior,9,4.25,3.015203447398043,3.1893706848084435,0.9453913468760496,-0.024388377092530795
sub-1047sg,sg,central,9,4.25,2.2089928712407554,1.372925058995642,1.6089682803639227,0.20654748238448384
sub-1047sg,sg,frontal,9,4.25,2.8744757547279947,1.984558945800665,1.4484204466742585,0.16089464692039995
sub-1047sg,sg,global,9,4.25,3.012941340492141,2.2302811678701886,1.3509244412305894,0.13063105910768494
sub-1047sg,sg,posterior,10,4.75,5.158700448384008,4.481938757886132,1.1509975318844081,0.061074392361215354
sub-1047sg,sg,central,10,4.75,2.2790479844413603,1.6279669458691282,1.399935047959243,0.146107886415908
sub-1047sg,sg,frontal,10,4.75,3.6484266957224336,2.6287494514487264,1.3878944201820962,0.14235642975260784
sub-1047sg,sg,global,10,4.75,3.8088539915824677,2.913197507775368,1.3074479095277884,0.11642439501136337
sub-1047sg,sg,posterior,11,5.25,3.1187944719000047,3.4210902737062296,0.9116375840387475,-0.04017777848489727
sub-1047sg,sg,central,11,5.25,2.0952161043265187,1.3007436307685483,1.6107832894700043,0.2070371155165891
sub-1047sg,sg,frontal,11,5.25,3.3560163556305915,2.2373938702281753,1.4999667248075264,0.1760816247938365
sub-1047sg,sg,global,11,5.25,3.1312532579005605,2.4110429137317593,1.2987132000293082,0.1135132546937154
sub-1047sg,sg,posterior,12,5.75,3.726340850503289,3.161076212693314,1.178820313012433,0.07144761085043823
sub-1047sg,sg,central,12,5.75,2.0129479008313016,1.1726845716647474,1.7165297041247105,0.23465132318608137
sub-1047sg,sg,frontal,12,5.75,3.3445203650853186,1.9499462247197101,1.715185948559206,0.23431121012543465
sub-1047sg,sg,global,12,5.75,3.132497493597117,2.146291620603412,1.4594929521816058,0.1642020021427873
sub-1047sg,sg,posterior,13,6.25,3.263649964055128,3.24643159283532,1.0053037837784133,0.0022973171625069585
sub-1047sg,sg,central,13,6.25,1.9235307332206417,1.2562956002167591,1.5311131654753538,0.185007290845352
sub-1047sg,sg,frontal,13,6.25,3.1668166763557797,1.934734187797632,1.6368226169408135,0.21400161731183587
sub-1047sg,sg,global,13,6.25,3.047503403025055,2.2010588434523517,1.3845624400686438,0.14131254604460652
sub-1047sg,sg,posterior,14,6.75,3.581511446251766,2.861894865965884,1.251447594684095,0.09741266791464112
sub-1047sg,sg,central,14,6.75,2.260494574502647,1.1495356150367768,1.9664415307657321,0.29368103783281885
sub-1047sg,sg,frontal,14,6.75,3.3786611163731317,1.8558342552913134,1.820561888401385,0.2602054469801338
sub-1047sg,sg,global,14,6.75,3.2709825920499083,2.0820352958518744,1.5710504997522488,0.1961901451999025
sub-1047sg,sg,posterior,15,7.25,3.486065445544394,3.1399507281561565,1.1102293466851574,0.045412702850803906
sub-1047sg,sg,central,15,7.25,1.8709694498611171,1.274957991683708,1.4674753694357547,0.16657082064680195
sub-1047sg,sg,frontal,15,7.25,3.0054842615866555,1.8901104400271034,1.5901103966938346,0.20142727715729755
sub-1047sg,sg,global,15,7.25,3.0019046227217974,2.1307574791349495,1.4088438745926724,0.14886286808471041
sub-1048sg,sg,posterior,1,0.25,380.234066581734,431.68316744747864,0.880817449589335,-0.05511409028370023
sub-1048sg,sg,central,1,0.25,3.218181421856176,10.439330365006745,0.3082746985997983,-0.5110621181843122
sub-1048sg,sg,frontal,1,0.25,3.182544488411974,16.95525861626875,0.18770250342028336,-0.7265299350804935
sub-1048sg,sg,global,1,0.25,59.851987331474874,52.244029938006626,1.1456234789409612,0.05904190568830106
sub-1048sg,sg,posterior,2,0.75,1758.179685715429,793.2012884871438,2.216561812536599,0.3456798468328481
sub-1048sg,sg,central,2,0.75,10.257788636800624,11.767422251201088,0.8717107636512,-0.05962759142920128
sub-1048sg,sg,frontal,2,0.75,10.025585422132101,18.295917162042254,0.5479684529252105,-0.26124444355007537
sub-1048sg,sg,global,2,0.75,265.594426813593,111.35049384687612,2.385211036233263,0.3775268101337547
sub-1048sg,sg,posterior,3,1.25,378.37008366662957,379.3953201346011,0.9972977092400407,-0.0011751785186754273
sub-1048sg,sg,central,3,1.25,3.093848767739781,10.339233873182854,0.2992338509494769,-0.5239892782909
sub-1048sg,sg,frontal,3,1.25,3.80081791523205,17.76372119246776,0.21396518635091433,-0.6696568836865138
sub-1048sg,sg,global,3,1.25,60.537764202306775,50.03974357443983,1.2097936535635907,0.08271130191910703
sub-1048sg,sg,posterior,4,1.75,13661.712959434397,4460.3945175675535,3.062893406766342,0.4861318829774161
sub-1048sg,sg,central,4,1.75,65.35834201384733,23.653501049533663,2.7631572119906496,0.44140559514368277
sub-1048sg,sg,frontal,4,1.75,70.14473539183173,23.92241550382864,2.9321761166051767,0.4671900519761617
sub-1048sg,sg,global,4,1.75,2113.6449961005314,693.4900465342472,3.0478375380635714,0.483991813650849
sub-1048sg,sg,posterior,5,2.25,8236.934582825574,3354.8875502430683,2.455204372566464,0.3900876488759477
sub-1048sg,sg,central,5,2.25,33.5811063669804,19.873773085874255,1.689719723671845,0.22781467351467308
sub-1048sg,sg,frontal,5,2.25,33.99651926489988,29.163353598798157,1.1657273622434459,0.06659699045875005
sub-1048sg,sg,global,5,2.25,1235.1352784088965,480.278072286656,2.5717086614599816,0.4102217675621079
sub-1048sg,sg,posterior,6,2.75,2937.430417162094,754.9893955825706,3.8906909611564697,0.5900267360222922
sub-1048sg,sg,central,6,2.75,13.35221568743363,12.965793985817825,1.0298031653162527,0.012754222388544829
sub-1048sg,sg,frontal,6,2.75,15.059796658742203,18.61526202096614,0.8090026689809975,-0.09205004560428211
sub-1048sg,sg,global,6,2.75,377.0319533767085,99.75602755020928,3.7795405714901835,0.5774390116379953
sub-1048sg,sg,posterior,7,3.25,324.73865064490747,402.28876717503,0.8072277357513649,-0.093003924475767
sub-1048sg,sg,central,7,3.25,3.233547146168297,11.147912181926012,0.2900585413124093,-0.5375143414005513
sub-1048sg,sg,frontal,7,3.25,3.5859940476493724,13.584214677654476,0.2639824334893793,-0.5784249719652353
sub-1048sg,sg,global,7,3.25,47.32879492332338,50.34426101632276,0.9401030816199348,-0.026824523714922163
sub-1048sg,sg,posterior,8,3.75,352.16348176399794,414.59824791092007,0.8494089966334427,-0.07088314343061362
sub-1048sg,sg,central,8,3.75,3.0385413617126296,10.837140743247081,0.28038219985340945,-0.5522495611434063
sub-1048sg,sg,frontal,8,3.75,3.6686902235486647,16.459907613485374,0.22288644078068565,-0.6519163508703313
sub-1048sg,sg,global,8,3.75,52.01248361807812,51.91307989517145,1.0019148107395555,0.0008307965825689249
sub-1048sg,sg,posterior,9,4.25,366.24107243081437,432.7211997066136,0.8463672976482941,-0.07244112546634245
sub-1048sg,sg,central,9,4.25,2.916379075499311,10.589184404228904,0.2754111142246823,-0.5600185377571814
sub-1048sg,sg,frontal,9,4.25,3.1450779298736,17.226885363708657,0.18256799551817054,-0.7385753526947931
sub-1048sg,sg,global,9,4.25,48.007147993367674,52.63497739546917,0.9120769185986226,-0.03996853457256543
sub-1048sg,sg,posterior,10,4.75,341.3934839265158,331.29038755382714,1.0304961953387408,0.013046392673756029
sub-1048sg,sg,central,10,4.75,2.7614349318583056,9.084469509807581,0.30397316308641514,-0.5171647573056037
sub-1048sg,sg,frontal,10,4.75,2.736296884799791,11.989234033502091,0.2282294996622491,-0.6416282218261159
sub-1048sg,sg,global,10,4.75,42.88669047849127,40.32529099268966,1.0635184377532687,0.026745023477198537
sub-1048sg,sg,posterior,11,5.25,356.391226301183,412.5146973706427,0.8639479479708502,-0.06351242255584057
sub-1048sg,sg,central,11,5.25,2.9482978778512106,9.355060371611328,0.31515540902312655,-0.5014752346632676
sub-1048sg,sg,frontal,11,5.25,2.9445819521609664,19.848346395021764,0.14835401869545706,-0.8287006847794114
sub-1048sg,sg,global,11,5.25,45.13153092609662,53.233617768727875,0.8478013108590409,-0.0717059162669628
sub-1048sg,sg,posterior,12,5.75,423.6250379511563,420.03825916171064,1.0085391716378502,0.0036927708638936512
sub-1048sg,sg,central,12,5.75,3.0760446494305302,10.17195639371002,0.30240442746418456,-0.5194118546748383
sub-1048sg,sg,frontal,12,5.75,3.486830286698119,14.701437568164875,0.23717614488590225,-0.6249289943356445
sub-1048sg,sg,global,12,5.75,46.81140444292115,49.94989269798603,0.9371672673244517,-0.02818288852217466
sub-1048sg,sg,posterior,13,6.25,8042.329343729878,5617.688101792049,1.4316083766139251,0.15582423086532743
sub-1048sg,sg,central,13,6.25,32.08936238306202,30.672375308609222,1.0461975005259887,0.019613678118230945
sub-1048sg,sg,frontal,13,6.25,33.24896392273504,34.75855820605507,0.9565691340138195,-0.019283636785971194
sub-1048sg,sg,global,13,6.25,955.1795797547406,702.4286141219634,1.3598244156791879,0.1334828346756777
sub-1048sg,sg,posterior,14,6.75,345.0792362599276,277.29533908778853,1.2444465795751418,0.09497625836229967
sub-1048sg,sg,central,14,6.75,2.6174367690666602,6.901923871665841,0.3792329237086932,-0.4210939657318772
sub-1048sg,sg,frontal,14,6.75,3.0513739793769123,9.974099907261005,0.3059297588502753,-0.5143782756277577
sub-1048sg,sg,global,14,6.75,37.56574846663483,33.78565006973549,1.1118847318046865,0.04605976662020092
sub-1048sg,sg,posterior,15,7.25,338.04689944503696,370.1684461708695,0.9132245142499118,-0.039422438990202015
sub-1048sg,sg,central,15,7.25,2.9617218157524783,6.487964439701991,0.45649476708422243,-0.34056419652940245
sub-1048sg,sg,frontal,15,7.25,3.3822905386453805,8.231989088189511,0.41087160131176254,-0.38629387533539256
sub-1048sg,sg,global,15,7.25,39.337189389799065,37.89779796029886,1.0379808724245163,0.016189350548061743
sub-1050sg,sg,posterior,1,0.25,11.238939434028426,50.63452908070308,0.22196196228299886,-0.6537214444052168
sub-1050sg,sg,central,1,0.25,6.156768671037966,8.157000200444353,0.7547834399590398,-0.12217763687661402
sub-1050sg,sg,frontal,1,0.25,10.695656440543559,20.52189850933053,0.5211826009021849,-0.2830100911526602
sub-1050sg,sg,global,1,0.25,8.770243528036097,22.98991244026133,0.38148225013145826,-0.4185256643913984
sub-1050sg,sg,posterior,2,0.75,15.63465276763345,59.92826068613451,0.26088947999872136,-0.5835434328607546
sub-1050sg,sg,central,2,0.75,7.708625151321162,12.967687163977084,0.5944487288939958,-0.2258855972583144
sub-1050sg,sg,frontal,2,0.75,14.218278585742945,32.84015286851964,0.43295409259110046,-0.3635581507397837
sub-1050sg,sg,global,2,0.75,11.148841331329528,32.10217085378112,0.34729244268589315,-0.4593046671226517
sub-1050sg,sg,posterior,3,1.25,8.328186221600328,28.082982801068532,0.2965563266763617,-0.5278928063758036
sub-1050sg,sg,central,3,1.25,3.7515775208009465,8.567289738225433,0.4378954880050574,-0.35862952967565537
sub-1050sg,sg,frontal,3,1.25,9.419758732352706,13.805318530738456,0.6823282426536548,-0.16600665220714333
sub-1050sg,sg,global,3,1.25,6.50440714268506,15.311974300669808,0.4247921930224589,-0.3718234734671297
sub-1050sg,sg,posterior,4,1.75,14.421096805689505,56.33200861460669,0.25600182135082195,-0.5917569448451905
sub-1050sg,sg,central,4,1.75,8.907691713136812,14.372857272164566,0.6197578911736668,-0.20777793479594395
sub-1050sg,sg,frontal,4,1.75,12.439826720186533,28.95862070980016,0.4295724870617423,-0.3669635417868513
sub-1050sg,sg,global,4,1.75,10.854162497514935,29.343062815064517,0.36990557413599257,-0.4319091242178227
sub-1050sg,sg,posterior,5,2.25,10.959587035086633,52.546755847615074,0.2085682904358415,-0.6807517186110204
sub-1050sg,sg,central,5,2.25,6.073687546948496,12.937443119629181,0.46946583577502005,-0.3283960069638969
sub-1050sg,sg,frontal,5,2.25,9.617236907921678,27.52322307504008,0.3494226269104086,-0.45664897564341395
sub-1050sg,sg,global,5,2.25,8.195091353887653,27.527422431005814,0.29770645524213785,-0.5262117483373352
sub-1050sg,sg,posterior,6,2.75,15.454600912262647,79.36372615128755,0.19473129175918766,-0.7105642552267755
sub-1050sg,sg,central,6,2.75,6.7585491137025,15.318819144739669,0.4411925651608283,-0.3553718147650117
sub-1050sg,sg,frontal,6,2.75,14.84643874763798,42.01483276571442,0.35336184319536784,-0.4517803483900049
sub-1050sg,sg,global,6,2.75,10.878222511158373,38.387124298917655,0.2833820639037838,-0.5476276410120596
sub-1050sg,sg,posterior,7,3.25,11.349072305675561,45.62373455355051,0.24875368964709965,-0.6042304688475969
sub-1050sg,sg,central,7,3.25,5.268996720336202,14.93403966481015,0.35281791387977973,-0.45244937223175064
sub-1050sg,sg,frontal,7,3.25,16.914028307290494,24.403495052893536,0.6930986020908094,-0.15920497707969875
sub-1050sg,sg,global,7,3.25,9.235764757281569,25.52244845679454,0.36186828912266217,-0.4414494728808787
sub-1050sg,sg,posterior,8,3.75,12.690294487385847,50.23235785288682,0.252631869771101,-0.5975118636275913
sub-1050sg,sg,central,8,3.75,7.650534433557023,13.807946311968943,0.5540675101644493,-0.25643731558633437
sub-1050sg,sg,frontal,8,3.75,9.847196382454879,24.778453039836243,0.3974096513056554,-0.40076159002466266
sub-1050sg,sg,global,8,3.75,8.754525196423476,26.07089404360177,0.33579689218874265,-0.4739233275890529
sub-1050sg,sg,posterior,9,4.25,12.882184989649177,50.04916348772517,0.25739061538578173,-0.5894072917768918
sub-1050sg,sg,central,9,4.25,7.424051751353584,12.56730831554358,0.5907431858078409,-0.22860127923113518
sub-1050sg,sg,frontal,9,4.25,11.742997779991168,27.103357095896268,0.4332672789736877,-0.36324410832947956
sub-1050sg,sg,global,9,4.25,9.17798208744951,26.28170840539634,0.34921558164632194,-0.4569063867532792
sub-1050sg,sg,posterior,10,4.75,11.462209974698863,39.638554169278315,0.2891682155143438,-0.5388494450750865
sub-1050sg,sg,central,10,4.75,5.990076388910299,12.869924713270708,0.4654321235254535,-0.3321436455692927
sub-1050sg,sg,frontal,10,4.75,13.500089448429984,24.06363796895118,0.561016146679437,-0.251024639077409
sub-1050sg,sg,global,10,4.75,9.04596220369524,22.538983689229028,0.4013473867509892,-0.3964795604518031
sub-1050sg,sg,posterior,11,5.25,17.425278495014005,66.33475379878644,0.2626870154349287,-0.5805613937701859
sub-1050sg,sg,central,11,5.25,9.726761845105655,23.108106029965217,0.42092423466001794,-0.3757960690818099
sub-1050sg,sg,frontal,11,5.25,13.465767593517208,36.95773661724705,0.36435585146827265,-0.438474251417147
sub-1050sg,sg,global,11,5.25,12.06855297822079,37.592740264615315,0.32103413832751326,-0.49344878286322874
sub-1050sg,sg,posterior,12,5.75,14.619861409492223,58.80720843118862,0.24860662152666518,-0.6044873083001836
sub-1050sg,sg,central,12,5.75,9.069893120691527,23.598454376976097,0.3843426766771893,-0.41528138962785116
sub-1050sg,sg,frontal,12,5.75,12.678431703435377,32.455478984999026,0.3906407207638306,-0.40822248741463124
sub-1050sg,sg,global,12,5.75,11.18544362583905,34.40953939888566,0.3250681009174242,-0.4880256459306591
sub-1050sg,sg,posterior,13,6.25,11.623746165740627,63.36801173547747,0.18343239510595075,-0.7365239632496857
sub-1050sg,sg,central,13,6.25,6.552941429749147,20.583391532670493,0.3183606267872886,-0.4970806489317472
sub-1050sg,sg,frontal,13,6.25,9.724225534445383,43.057442587670934,0.22584308193979494,-0.6461932082745544
sub-1050sg,sg,global,13,6.25,8.392367390926232,37.46503716618709,0.22400531337255697,-0.6497416801434533
sub-1050sg,sg,posterior,14,6.75,11.148169091221982,57.44897506418402,0.19405340267196855,-0.7120787376253137
sub-1050sg,sg,central,14,6.75,7.380238981356938,19.587646730423405,0.3767802780460605,-0.4239118377261041
sub-1050sg,sg,frontal,14,6.75,10.354112058209143,35.725747624186646,0.28982212400782115,-0.5378684650768123
sub-1050sg,sg,global,14,6.75,8.328713094539202,33.19449850447379,0.2509064293716231,-0.6004882099295397
sub-1050sg,sg,posterior,15,7.25,15.912088340075968,55.952790755772554,0.2843841768238226,-0.546094571476989
sub-1050sg,sg,central,15,7.25,8.029481850566352,13.310246762527106,0.6032556716508133,-0.21949858627773863
sub-1050sg,sg,frontal,15,7.25,13.927017083623197,25.658564138554002,0.542782402336254,-0.2653742411378507
sub-1050sg,sg,global,15,7.25,10.951852485034813,27.183104852351576,0.4028918898161621,-0.3948114748393181
sub-1051sg,sg,posterior,1,0.25,9.176749843186332,100.75450628962673,0.09108029190086094,-1.040575586195564
sub-1051sg,sg,central,1,0.25,3.765288148404398,19.20652143222276,0.1960421704519267,-0.7076504979055976
sub-1051sg,sg,frontal,1,0.25,7.320413740238003,26.4390544358184,0.2768788028334571,-0.557710291509174
sub-1051sg,sg,global,1,0.25,9.009841998305113,39.62477781435391,0.22737899100701922,-0.643249665027463
sub-1051sg,sg,posterior,2,0.75,8.541991310603265,113.19724110165745,0.07546112632667504,-1.1222767168422958
sub-1051sg,sg,central,2,0.75,3.5421338794430905,24.214195363791017,0.14628336090572153,-0.8348050701685483
sub-1051sg,sg,frontal,2,0.75,5.085873947240967,29.144808600479255,0.17450359743166524,-0.7581956155322106
sub-1051sg,sg,global,2,0.75,7.922714344266163,46.14275429454612,0.17170007437554707,-0.7652295167151307
sub-1051sg,sg,posterior,3,1.25,10.231167723869817,99.52808177155816,0.1027967940480648,-0.9880204295911899
sub-1051sg,sg,central,3,1.25,3.8531286658184665,20.715545696406256,0.18600179412540938,-0.7304828666691415
sub-1051sg,sg,frontal,3,1.25,6.782122692394489,29.591620193242477,0.22919065087025042,-0.6398031020548787
sub-1051sg,sg,global,3,1.25,9.698116242975157,41.29734928263534,0.2348362888039647,-0.629234791540392
sub-1051sg,sg,posterior,4,1.75,11.22223903569083,86.93843820939011,0.1290825930029041,-0.8891323191006245
sub-1051sg,sg,central,4,1.75,3.5522036686622833,16.001362716099482,0.22199382213167992,-0.6536591113667208
sub-1051sg,sg,frontal,4,1.75,11.937949184440088,25.68893221603934,0.4647117709698505,-0.33281632687015494
sub-1051sg,sg,global,4,1.75,10.33714297086685,35.39410842369138,0.2920582953276932,-0.5345304539889858
sub-1051sg,sg,posterior,5,2.25,10.942284304380866,108.16038064200629,0.10116721334957292,-0.9949602124807612
sub-1051sg,sg,central,5,2.25,3.6661980702791532,20.557097596734046,0.17834220288284328,-0.748745873255698
sub-1051sg,sg,frontal,5,2.25,10.73613424725723,30.388871010093798,0.3532916456057606,-0.4518666323365014
sub-1051sg,sg,global,5,2.25,10.232098017916638,42.971655004847435,0.23811272841975487,-0.6232173885736477
sub-1051sg,sg,posterior,6,2.75,11.223576156535763,108.12114019093474,0.10380556602266379,-0.9837793591260906
sub-1051sg,sg,central,6,2.75,3.7214264212006376,19.34141155421079,0.19240717828531245,-0.7157787294315391
sub-1051sg,sg,frontal,6,2.75,7.835297526327506,32.66919037891105,0.23983751771777692,-0.6200828793550802
sub-1051sg,sg,global,6,2.75,9.954790292134595,43.39518464824623,0.2293985006130607,-0.6394094250467915
sub-1051sg,sg,posterior,7,3.25,11.72557287464211,102.8806978392789,0.11397252469029613,-0.9431998312384733
sub-1051sg,sg,central,7,3.25,3.8171823078199556,13.978882836082837,0.27306776604256927,-0.5637295626067292
sub-1051sg,sg,frontal,7,3.25,8.999736995008417,29.008337086998043,0.31024656697891967,-0.5082930154710066
sub-1051sg,sg,global,7,3.25,9.555520446245794,40.13384889321601,0.23809130471563125,-0.6232564650864099
sub-1051sg,sg,posterior,8,3.75,10.461137713148707,105.4866780557217,0.09917022609833986,-1.0036186966168528
sub-1051sg,sg,central,8,3.75,3.239177383720263,18.35205129647774,0.17650219756861454,-0.7532498829901446
sub-1051sg,sg,frontal,8,3.75,7.589624868439494,29.776510960401854,0.2548863054685124,-0.5936534976779549
sub-1051sg,sg,global,8,3.75,9.222591435554651,42.061513169831734,0.21926437592286807,-0.6590319227997885
sub-1051sg,sg,posterior,9,4.25,13.503690110676011,109.46958223220304,0.1233556375690962,-0.908840997700782
sub-1051sg,sg,central,9,4.25,4.421187024485067,19.996574326680317,0.22109722156690223,-0.6554167149777964
sub-1051sg,sg,frontal,9,4.25,15.216435775341646,31.28851290120236,0.4863265896781213,-0.3130719849356392
sub-1051sg,sg,global,9,4.25,12.291860163051306,43.147480696965964,0.2848801358619216,-0.5453378322147744
sub-1051sg,sg,posterior,10,4.75,12.67786947779093,123.71945444571212,0.10247272374898773,-0.9893917199910515
sub-1051sg,sg,central,10,4.75,3.5339807231568763,16.976211957489525,0.2081725141042294,-0.6815766127739606
sub-1051sg,sg,frontal,10,4.75,17.541407628738845,39.7676765667304,0.4410971206553709,-0.3554657771514618
sub-1051sg,sg,global,10,4.75,12.218006681454868,47.82299858763108,0.25548391030032414,-0.5926364453837205
sub-1051sg,sg,posterior,11,5.25,11.017724429635429,87.69921216727045,0.12563082560674665,-0.9009037861691424
sub-1051sg,sg,central,11,5.25,3.2823344571786754,16.027640733896135,0.20479211580011364,-0.6886867670829978
sub-1051sg,sg,frontal,11,5.25,10.949320430420064,24.087318408227386,0.4545678454053299,-0.34240128804994907
sub-1051sg,sg,global,11,5.25,9.704005698002858,35.04842794347861,0.2768742071299795,-0.5577175000972084
sub-1051sg,sg,posterior,12,5.75,14.52936637206978,89.43118124333895,0.16246421181149234,-0.7892422920669605
sub-1051sg,sg,central,12,5.75,4.208685515237652,16.52077095878901,0.2547511569366949,-0.5938838349954061
sub-1051sg,sg,frontal,12,5.75,19.357519060417992,26.53461662699601,0.7295194550021831,-0.1369631217452659
sub-1051sg,sg,global,12,5.75,13.340305461904292,36.40950180633562,0.36639626471304654,-0.4360489624681096
sub-1051sg,sg,posterior,13,6.25,10.729242080588717,105.24392384303809,0.10194642777278452,-0.9916279874017623
sub-1051sg,sg,central,13,6.25,3.7230675021974555,15.772622934169739,0.23604618697450877,-0.6270030106502447
sub-1051sg,sg,frontal,13,6.25,7.197786993555985,30.01152328347302,0.23983411057044604,-0.6200890490144788
sub-1051sg,sg,global,13,6.25,9.328213923696033,42.189361229334025,0.22110346428308042,-0.6554044527752481
sub-1051sg,sg,posterior,14,6.75,9.776077389098898,57.64373575353368,0.16959479224070942,-0.7705874877859543
sub-1051sg,sg,central,14,6.75,3.0505084318308153,10.856303334637133,0.28098960924370464,-0.5513097396378304
sub-1051sg,sg,frontal,14,6.75,6.608922585358777,17.083860171964684,0.3868518308411521,-0.4124553434300647
sub-1051sg,sg,global,14,6.75,8.662927488825146,24.582471563746278,0.3524026242178615,-0.4529608662103497
sub-1051sg,sg,posterior,15,7.25,8.286441736340244,83.95729628265929,0.09869829190833225,-1.0056903632493586
sub-1051sg,sg,central,15,7.25,3.800058759165978,16.745367032762186,0.22693194790721466,-0.644104359015436
sub-1051sg,sg,frontal,15,7.25,6.324332300956231,21.55058790416339,0.2934644905782094,-0.5324444411928944
sub-1051sg,sg,global,15,7.25,8.320630087767563,34.03064948959042,0.2445040048475345,-0.6117140229659611
sub-1053sg,sg,posterior,1,0.25,15.098746953338939,112.78288409879406,0.13387445332673828,-0.8733022895880298
sub-1053sg,sg,central,1,0.25,5.546386721622984,39.04424935897298,0.14205386997274508,-0.847546930297861
sub-1053sg,sg,frontal,1,0.25,5.939814622242625,33.85388739325848,0.17545443314215825,-0.7558356541521725
sub-1053sg,sg,global,1,0.25,8.216450598875927,53.94354613642878,0.15231572982049935,-0.8172552442575877
sub-1053sg,sg,posterior,2,0.75,21.663225938706894,111.80903935640895,0.1937520084548079,-0.7127537868535528
sub-1053sg,sg,central,2,0.75,10.747702885418382,61.53001372058981,0.1746741506384855,-0.7577713598464301
sub-1053sg,sg,frontal,2,0.75,10.478023510593536,35.70666484977996,0.29344727531051124,-0.532469918602626
sub-1053sg,sg,global,2,0.75,13.31671349000296,63.83830073766757,0.20860068855412808,-0.6806842623775379
sub-1053sg,sg,posterior,3,1.25,20.165088038828568,91.92472916299995,0.21936521567631762,-0.6588322365492941
sub-1053sg,sg,central,3,1.25,8.964511468768462,41.60538342519995,0.2154651809635469,-0.666622901545759
sub-1053sg,sg,frontal,3,1.25,9.063450936100695,24.24648788324591,0.37380469203391115,-0.42735525161516535
sub-1053sg,sg,global,3,1.25,11.740139179337936,47.96650889218505,0.2447570075555509,-0.6112648652076008
sub-1053sg,sg,posterior,4,1.75,23.42967221157594,121.2125784346196,0.19329406662373397,-0.7137814769187846
sub-1053sg,sg,central,4,1.75,10.215058825022256,63.36680378771897,0.16120520863326265,-0.7926209299990469
sub-1053sg,sg,frontal,4,1.75,9.156155568946838,35.71447845152212,0.2563709723879955,-0.5911311493769992
sub-1053sg,sg,global,4,1.75,13.821730530662666,65.0225834141561,0.2125681540923446,-0.6725017987869593
sub-1053sg,sg,posterior,5,2.25,14.230992966879448,92.80868552372498,0.15333686590401643,-0.8143534176579863
sub-1053sg,sg,central,5,2.25,6.768645417742537,37.43540125607027,0.18080867816649832,-0.7427807287866761
sub-1053sg,sg,frontal,5,2.25,6.779110753780429,27.89535569974682,0.243019333639182,-0.6143591743078302
sub-1053sg,sg,global,5,2.25,8.80863355787452,49.09653915449975,0.1794145516072939,-0.7461423359493328
sub-1053sg,sg,posterior,6,2.75,14.612152194083036,91.86601750624715,0.15905938442459824,-0.7984407026422061
sub-1053sg,sg,central,6,2.75,5.923595250573744,31.69538658430226,0.18689140247014738,-0.7284106769285821
sub-1053sg,sg,frontal,6,2.75,7.746556063125204,29.98210861900797,0.25837262353902835,-0.5877535049021798
sub-1053sg,sg,global,6,2.75,8.670691917044602,44.74684557230263,0.19377213759200895,-0.7127086698031242
sub-1053sg,sg,posterior,7,3.25,13.169181138379223,60.988683552131484,0.21592827343326015,-0.6656904878551416
sub-1053sg,sg,central,7,3.25,6.826254372363628,25.31821308728884,0.2696183316266814,-0.569250583005944
sub-1053sg,sg,frontal,7,3.25,7.366792224156031,20.653732166672448,0.35668092162264664,-0.44772011986152804
sub-1053sg,sg,global,7,3.25,8.025826004579908,31.223789262252552,0.25704202450157415,-0.5899958668745287
sub-1053sg,sg,posterior,8,3.75,16.373378401266066,85.3724480787243,0.19178761731381674,-0.7171794362992566
sub-1053sg,sg,central,8,3.75,6.771662196439519,32.03447475680996,0.21138670909533122,-0.6749223223645214
sub-1053sg,sg,frontal,8,3.75,7.714707557721886,24.469328522187222,0.3152807217707949,-0.5013025839128332
sub-1053sg,sg,global,8,3.75,8.878370260234398,42.087914901677905,0.2109482087904632,-0.67582415796032
sub-1053sg,sg,posterior,9,4.25,14.054915924335184,85.20430493625946,0.1649554671545004,-0.7826332859647487
sub-1053sg,sg,central,9,4.25,6.649741553611219,32.64964828354698,0.20366962289643406,-0.6910737407211791
sub-1053sg,sg,frontal,9,4.25,6.849613804434141,23.67771395009306,0.2892852671027061,-0.5386736838042316
sub-1053sg,sg,global,9,4.25,8.375795459466802,43.09962440961694,0.19433569489756128,-0.7114474223890469
sub-1053sg,sg,posterior,10,4.75,14.676965785424374,77.71236239688099,0.18886268970268028,-0.7238538295671827
sub-1053sg,sg,central,10,4.75,6.049469431118694,25.70341489098308,0.23535664256195335,-0.6282735399225325
sub-1053sg,sg,frontal,10,4.75,7.9096643343482285,21.319313932893333,0.3710093279382924,-0.4306151711903413
sub-1053sg,sg,global,10,4.75,8.489058511440968,37.06824190921201,0.22901163028536592,-0.6401424615880629
sub-1053sg,sg,posterior,11,5.25,16.486590774658406,105.89228155861626,0.15569209135920184,-0.8077334475878956
sub-1053sg,sg,central,11,5.25,8.712810149860813,47.36450937765841,0.18395229390828652,-0.735294792092168
sub-1053sg,sg,frontal,11,5.25,8.925888287435091,36.94511249569012,0.24159862250998296,-0.6169055462016455
sub-1053sg,sg,global,11,5.25,10.083442829141838,55.96868759961933,0.18016221679656502,-0.7443362830421545
sub-1053sg,sg,posterior,12,5.75,12.885943702648113,81.67037159006844,0.15777990783888038,-0.8019483019521505
sub-1053sg,sg,central,12,5.75,6.472649367311223,34.01307248784262,0.19029887316486208,-0.7205637833353196
sub-1053sg,sg,frontal,12,5.75,6.2375594847669875,27.970827712819503,0.22300232044646318,-0.6516906178852412
sub-1053sg,sg,global,12,5.75,7.530872427053574,42.62635038562334,0.17667176192483802,-0.7528328597758663
sub-1053sg,sg,posterior,13,6.25,14.406871491639874,93.44618646707781,0.15417292065434457,-0.8119919002354268
sub-1053sg,sg,central,13,6.25,6.269889955431997,35.00068489252038,0.1791362076109507,-0.7468166242215406
sub-1053sg,sg,frontal,13,6.25,6.6736716057108145,29.930974243383016,0.22296873972240297,-0.6517560208877575
sub-1053sg,sg,global,13,6.25,8.069252369152178,46.67608891791147,0.1728776458401099,-0.7622611600860079
sub-1053sg,sg,posterior,14,6.75,13.068051447018837,79.64568140020243,0.16407733874928743,-0.7849513966174592
sub-1053sg,sg,central,14,6.75,5.882305863245027,31.86265302475715,0.1846144405701088,-0.7337343313998678
sub-1053sg,sg,frontal,14,6.75,7.484672216601605,29.530368274290186,0.2534567854718538,-0.5960960774785112
sub-1053sg,sg,global,14,6.75,7.866661803608337,40.99269441056001,0.19190399452205387,-0.716915985239356
sub-1053sg,sg,posterior,15,7.25,19.80606428790536,132.84221476447573,0.14909465581419862,-0.8265379232270837
sub-1053sg,sg,central,15,7.25,9.414373240895186,48.61992570446674,0.1936319956167741,-0.7130228785787418
sub-1053sg,sg,frontal,15,7.25,9.427775356440524,49.74609782799267,0.1895178871926596,-0.722349793915114
sub-1053sg,sg,global,15,7.25,12.423787042595533,66.91220001031506,0.18567297205412922,-0.7312513108108352
sub-1054sg,sg,posterior,1,0.25,10.82876378929743,29.15929968193249,0.3713657017629639,-0.43019820889703636
sub-1054sg,sg,central,1,0.25,4.474424274388462,6.233458027549239,0.7178077167782964,-0.1439918771030607
sub-1054sg,sg,frontal,1,0.25,4.664949055194984,8.594619326319364,0.5427755294419471,-0.26537974035624307
sub-1054sg,sg,global,1,0.25,6.28002988004776,12.010752278065592,0.52286732210076,-0.28160849964058315
sub-1054sg,sg,posterior,2,0.75,13.198219980851436,35.00278864517284,0.37706195682416216,-0.42358728296110565
sub-1054sg,sg,central,2,0.75,4.515805327223805,7.977442824563076,0.5660717884833145,-0.24712848866128817
sub-1054sg,sg,frontal,2,0.75,5.58890533525119,11.420104772493954,0.48939177412035856,-0.31034333470666625
sub-1054sg,sg,global,2,0.75,7.719508173553861,15.042339112896437,0.5131853573847167,-0.2897257437580216
sub-1054sg,sg,posterior,3,1.25,12.990331350325555,31.348970765916494,0.41437824059120365,-0.3826030578942895
sub-1054sg,sg,central,3,1.25,5.917644851278534,7.601265095492686,0.7785078900599735,-0.10873698156452602
sub-1054sg,sg,frontal,3,1.25,6.323141948568419,9.075356494011324,0.6967375830074505,-0.15693076237698114
sub-1054sg,sg,global,3,1.25,8.578260178012663,13.788970714651445,0.6221102615656329,-0.20613263501068993
sub-1054sg,sg,posterior,4,1.75,14.781962470326887,42.061052822614975,0.35144061972645313,-0.45414804391203495
sub-1054sg,sg,central,4,1.75,6.08066564979477,8.006941116565399,0.759424299651037,-0.11951551065221602
sub-1054sg,sg,frontal,4,1.75,6.273379645119109,13.429932542526727,0.4671192223232736,-0.33057226078509616
sub-1054sg,sg,global,4,1.75,9.20765469902253,17.429560454416393,0.5282780781020469,-0.27713741081002824
sub-1054sg,sg,posterior,5,2.25,14.091013269252748,41.93929270465738,0.335985953995069,-0.4736788780564088
sub-1054sg,sg,central,5,2.25,4.790859959071219,8.899981666052474,0.5382999807005414,-0.26897563575490196
sub-1054sg,sg,frontal,5,2.25,5.253015985677982,12.718205046082703,0.41303123881431275,-0.38401710008303397
sub-1054sg,sg,global,5,2.25,7.54878174213515,17.1698934547648,0.43965221811206373,-0.3568907314188834
sub-1054sg,sg,posterior,6,2.75,14.176512294421403,36.87820521135262,0.38441437735850803,-0.41520037779147906
sub-1054sg,sg,central,6,2.75,5.138957757528895,8.435579552082057,0.6092003194090565,-0.21523987763153946
sub-1054sg,sg,frontal,6,2.75,5.654367265591627,10.341737207065293,0.5467521705858724,-0.26220948415389056
sub-1054sg,sg,global,6,2.75,8.208253279047511,15.494746706847014,0.5297442697414566,-0.27593373236728574
sub-1054sg,sg,posterior,7,3.25,12.738610029810795,32.30179889344201,0.39436224811606446,-0.40410466629575664
sub-1054sg,sg,central,7,3.25,4.771024228890896,7.025026906631651,0.6791467552084437,-0.16803636991603482
sub-1054sg,sg,frontal,7,3.25,5.676528389947326,10.242798132756045,0.5541970383848553,-0.25633579940646045
sub-1054sg,sg,global,7,3.25,7.627265690371699,13.634610864623474,0.5594047212716202,-0.2522738725845137
sub-1054sg,sg,posterior,8,3.75,10.05640159584357,36.536047767398856,0.27524601620476596,-0.5602789581066476
sub-1054sg,sg,central,8,3.75,4.250586643929139,7.935718086789346,0.5356272233265348,-0.2711373580229175
sub-1054sg,sg,frontal,8,3.75,4.309094317076223,10.52007532655218,0.40960679304265724,-0.3876328495017621
sub-1054sg,sg,global,8,3.75,6.611111377510747,15.50673496731991,0.42633806481141995,-0.37024589043626605
sub-1054sg,sg,posterior,9,4.25,11.099940005599441,37.19075966254864,0.29845962024747663,-0.5251144179347867
sub-1054sg,sg,central,9,4.25,4.28970984874573,7.754214820432396,0.553210086138228,-0.25710991042417947
sub-1054sg,sg,frontal,9,4.25,5.208696095583749,10.468369340585244,0.4975651819419424,-0.3031500178259656
sub-1054sg,sg,global,9,4.25,6.983625660700214,15.271076912597625,0.4573106206373164,-0.3397887123944767
sub-1054sg,sg,posterior,10,4.75,12.361357927282272,33.79919904834114,0.3657293153486419,-0.4368402270180271
sub-1054sg,sg,central,10,4.75,4.423619353519041,6.6786321525337895,0.6623540947439028,-0.17890977448745102
sub-1054sg,sg,frontal,10,4.75,5.412518928685672,9.967113323936909,0.5430377635706245,-0.2651699679432538
sub-1054sg,sg,global,10,4.75,6.998779787859031,13.81688054896835,0.506538343662644,-0.2953876740730736
sub-1054sg,sg,posterior,11,5.25,13.315206817644146,36.776337709594536,0.3620590751256441,-0.4412205623179419
sub-1054sg,sg,central,11,5.25,5.4541824526696665,7.381733140973261,0.7388755931036742,-0.13142867902989488
sub-1054sg,sg,frontal,11,5.25,5.606937424037518,9.916595868841453,0.5654094911394802,-0.24763690558313367
sub-1054sg,sg,global,11,5.25,8.573444375855606,15.288143598931478,0.5607904138508238,-0.2511994188061493
sub-1054sg,sg,posterior,12,5.75,13.127621237826549,42.569362976066,0.30838190473292637,-0.5109111134524692
sub-1054sg,sg,central,12,5.75,4.556840944642931,8.381645702497293,0.5436690008604432,-0.26466542907123086
sub-1054sg,sg,frontal,12,5.75,5.383816637202311,11.325894501414187,0.4753546518140418,-0.3229822517334354
sub-1054sg,sg,global,12,5.75,7.784054228698301,16.90433347072674,0.4604768500442777,-0.33679219858493137
sub-1054sg,sg,posterior,13,6.25,11.464965873802827,34.31695114119358,0.3340904565394344,-0.4761359300232235
sub-1054sg,sg,central,13,6.25,3.75864687361234,8.618334648867842,0.4361221775144342,-0.36039182819186477
sub-1054sg,sg,frontal,13,6.25,5.2817000085029395,9.839896231335157,0.5367637914395237,-0.2702167881229476
sub-1054sg,sg,global,13,6.25,6.897765439953689,14.664204911793455,0.47038114111500656,-0.32755009865358337
sub-1054sg,sg,posterior,14,6.75,11.304996488664576,33.27677843594679,0.3397262902244319,-0.46887084330483353
sub-1054sg,sg,central,14,6.75,4.168891316258883,8.580260798345563,0.48587000025252436,-0.3134799153576651
sub-1054sg,sg,frontal,14,6.75,4.652395920180446,9.317826457222584,0.49930055486000235,-0.3016379513242146
sub-1054sg,sg,global,14,6.75,6.561658473042981,14.044871469820091,0.4671924899521372,-0.33050414705695863
sub-1054sg,sg,posterior,15,7.25,8.508272234449349,33.67848251643705,0.25263229215558686,-0.5975111375153306
sub-1054sg,sg,central,15,7.25,3.880790643380749,6.478467688554757,0.5990290960680072,-0.22255208252739792
sub-1054sg,sg,frontal,15,7.25,4.563138204885265,9.239893414183241,0.4938518227797785,-0.3064033389354927
sub-1054sg,sg,global,15,7.25,5.746493297091864,13.192576830354547,0.4355853576588516,-0.3609267276188409
sub-1056sg,sg,posterior,1,0.25,4.166178602562869,9.87739190460956,0.42178933900745663,-0.3749044015257546
sub-1056sg,sg,central,1,0.25,2.4059055436644647,3.5113405527756685,0.6851814876693256,-0.1641943793779637
sub-1056sg,sg,frontal,1,0.25,5.960629203663464,2.498935055188029,2.385267752872819,0.3775371368639138
sub-1056sg,sg,global,1,0.25,3.689317011866722,4.403680295853798,0.8377803936721584,-0.07686980752174048
sub-1056sg,sg,posterior,2,0.75,3.250246316574458,16.435307004685185,0.19776000020248577,-0.7038615461466056
sub-1056sg,sg,central,2,0.75,2.087375854740992,4.0797922530327515,0.5116377808672297,-0.29103739340304813
sub-1056sg,sg,frontal,2,0.75,4.75194878910586,3.7301029089871034,1.273945761028946,0.10515093805641626
sub-1056sg,sg,global,2,0.75,3.1481652924793644,6.52135631641956,0.48274701453635815,-0.31628040335777485
sub-1056sg,sg,posterior,3,1.25,3.6117219164271384,15.596409870291081,0.2315739292865693,-0.6353103352913082
sub-1056sg,sg,central,3,1.25,2.3224677326275662,3.1034892326348436,0.7483408378561717,-0.12590055416003168
sub-1056sg,sg,frontal,3,1.25,5.01875558475195,3.133463221106741,1.601664111117067,0.204571444342982
sub-1056sg,sg,global,3,1.25,3.4588029295525407,6.162856570466935,0.5612337217334398,-0.25085624227167674
sub-1056sg,sg,posterior,4,1.75,3.78259689907409,9.453637660603365,0.4001207825890665,-0.3978088904371874
sub-1056sg,sg,central,4,1.75,1.9413644115064337,2.7714376860124097,0.7004900096814736,-0.1545980541985459
sub-1056sg,sg,frontal,4,1.75,5.644973533811332,2.3768800089772255,2.37495099142189,0.37565465211893023
sub-1056sg,sg,global,4,1.75,3.4127791625884805,4.08385383778648,0.8356761280267235,-0.07796200373726982
sub-1056sg,sg,posterior,5,2.25,3.12283898071533,16.451608306695316,0.18981967735302982,-0.7216587691327386
sub-1056sg,sg,central,5,2.25,1.9039560904548183,4.092816974798651,0.465194535250012,-0.33236539567339285
sub-1056sg,sg,frontal,5,2.25,4.8166697502160005,3.474867258146321,1.386144963933232,0.14180865144759108
sub-1056sg,sg,global,5,2.25,3.017167658757781,6.63070158725464,0.455029926932212,-0.3419600392239724
sub-1056sg,sg,posterior,6,2.75,4.302458171049518,12.974334089309771,0.3316130247173562,-0.4793684200645002
sub-1056sg,sg,central,6,2.75,3.4796905726956204,2.7395688682583157,1.2701599193262252,0.10385840419104976
sub-1056sg,sg,frontal,6,2.75,5.663430913425436,2.539983394103281,2.229711787318539,0.34824872974479193
sub-1056sg,sg,global,6,2.75,4.030019802112574,4.983389584888696,0.8086904973941715,-0.09221766008404424
sub-1056sg,sg,posterior,7,3.25,3.3753942516188533,9.417871055055366,0.35840310744188775,-0.44562823355507364
sub-1056sg,sg,central,7,3.25,2.0509741055449533,2.1795476905214195,0.9410090517699536,-0.0264061989799322
sub-1056sg,sg,frontal,7,3.25,4.6389697453237995,2.215061456839392,2.094284892638154,0.3210357599048018
sub-1056sg,sg,global,7,3.25,3.018982947881563,3.943934335096428,0.7654749525153414,-0.11606901549784664
sub-1056sg,sg,posterior,8,3.75,5.801942215839244,9.029678098432575,0.6425414231373741,-0.19209886914827745
sub-1056sg,sg,central,8,3.75,5.107379202477052,2.5465251168648484,2.005626871163555,0.30225013961782926
sub-1056sg,sg,frontal,8,3.75,5.758338287320526,2.466571934003633,2.334551126580703,0.3682033894035746
sub-1056sg,sg,global,8,3.75,4.9602361703229345,3.6897609188502694,1.3443245455232762,0.12850412832696687
sub-1056sg,sg,posterior,9,4.25,4.17366602162783,3.3849843019780135,1.2329942030126848,0.09096103474210557
sub-1056sg,sg,central,9,4.25,2.4655919056469315,1.29076516905512,1.9101785241476734,0.2810739580482817
sub-1056sg,sg,frontal,9,4.25,4.725873625191296,1.5046514431907583,3.1408427822789484,0.49704619794019217
sub-1056sg,sg,global,9,4.25,3.5657671801703135,1.9805590861375744,1.8003841466422308,0.2553651800850861
sub-1056sg,sg,posterior,10,4.75,3.6337699584624548,8.688631655416192,0.4182212001353848,-0.37859395605098745
sub-1056sg,sg,central,10,4.75,2.9835705821813123,2.2656276160125848,1.3168848053822184,0.11954778667408257
sub-1056sg,sg,frontal,10,4.75,5.077485540176825,1.9450593672191316,2.6104527325745077,0.41671583385475436
sub-1056sg,sg,global,10,4.75,3.5802208432652507,3.656827820238284,0.979050975124106,-0.009194695695553659
sub-1056sg,sg,posterior,11,5.25,3.7482237067895117,8.31756125015069,0.450639748125883,-0.34617050451096615
sub-1056sg,sg,central,11,5.25,2.5565460046769863,2.142051823414646,1.1935033395231283,0.07682363853710743
sub-1056sg,sg,frontal,11,5.25,4.929964495585656,2.1032543156006573,2.3439697515503415,0.36995200290085856
sub-1056sg,sg,global,11,5.25,3.414026913466604,3.4134434506366724,1.000170930861568,7.422798621986877e-05
sub-1056sg,sg,posterior,12,5.75,4.110245170738991,3.695664411011977,1.112180304708319,0.04617520000878984
sub-1056sg,sg,central,12,5.75,2.898251822582806,1.4530056475186468,1.9946597093633196,0.29986881533541127
sub-1056sg,sg,frontal,12,5.75,5.098353661790312,1.5977997497323688,3.190858968806501,0.5039076094512192
sub-1056sg,sg,global,12,5.75,3.7686960871678097,2.1005076984716853,1.7941834204701494,0.2538668391685787
sub-1056sg,sg,posterior,13,6.25,3.6033442154803677,5.962554616071881,0.6043289240097969,-0.2187266193255328
sub-1056sg,sg,central,13,6.25,2.46285684687724,1.471156629727381,1.6740956041734523,0.2237802560344115
sub-1056sg,sg,frontal,13,6.25,4.459549791091696,1.926476894049194,2.3148732304379345,0.36452721270656374
sub-1056sg,sg,global,13,6.25,3.260812316578503,2.6133494418307768,1.2477521239157927,0.09612831779211611
sub-1056sg,sg,posterior,14,6.75,3.7430949886344944,7.987240545303807,0.46863431336562056,-0.3291659155688346
sub-1056sg,sg,central,14,6.75,2.1435498190582036,1.6577551707642662,1.2930436634198366,0.11161319035767586
sub-1056sg,sg,frontal,14,6.75,5.811029082466894,1.6990070115404738,3.4202502067358087,0.5340578778192901
sub-1056sg,sg,global,14,6.75,3.4511663303644045,3.1598599037916046,1.0921896651884007,0.03829806272059721
sub-1056sg,sg,posterior,15,7.25,3.8293318170892396,7.041705613785876,0.5438074277902755,-0.26455486473987844
sub-1056sg,sg,central,15,7.25,2.8021281337234067,2.1811336106251504,1.2847118214460362,0.10880572035862644
sub-1056sg,sg,frontal,15,7.25,4.540795834562092,1.9601374395253603,2.316570125644673,0.36484545140710295
sub-1056sg,sg,global,15,7.25,3.415446033493929,3.13326184585848,1.0900608380395778,0.03745073728699807
sub-1057sg,sg,posterior,1,0.25,5.547555845800251,100.67538653920761,0.05510339752844931,-1.25882162288382
sub-1057sg,sg,central,1,0.25,2.4007724093283467,20.01200282254426,0.11996662356172505,-0.9209395641121109
sub-1057sg,sg,frontal,1,0.25,3.0142128293071737,23.225469880526013,0.12978048861067468,-0.8867905950985135
sub-1057sg,sg,global,1,0.25,4.37715951986951,37.60375368552086,0.11640219634655553,-0.934038825079684
sub-1057sg,sg,posterior,2,0.75,4.426920407852249,54.00963732136744,0.08196537928057625,-1.0863695471570238
sub-1057sg,sg,central,2,0.75,2.4000747576563692,11.733871104130664,0.2045424511959632,-0.689216543857778
sub-1057sg,sg,frontal,2,0.75,2.9412641659521315,12.538938032843761,0.23457043636773353,-0.6297267242384519
sub-1057sg,sg,global,2,0.75,3.5895381937330475,21.54534380942325,0.16660389481290602,-0.7783148500121763
sub-1057sg,sg,posterior,3,1.25,5.152128117332023,63.75720531017319,0.08080856261292152,-1.0925426182041778
sub-1057sg,sg,central,3,1.25,2.1634136168551215,13.69024255479731,0.1580259522938125,-0.8012715838529018
sub-1057sg,sg,frontal,3,1.25,2.886815804966251,16.105373674266378,0.17924550298257821,-0.7465517313608623
sub-1057sg,sg,global,3,1.25,3.6517655979646557,25.203237058237256,0.14489272110270998,-0.8389534313979037
sub-1057sg,sg,posterior,4,1.75,5.375911307105852,57.70949010405636,0.09315471852917971,-1.0307951420636579
sub-1057sg,sg,central,4,1.75,2.303243728461161,16.12569036176455,0.14283070533974515,-0.8451784191275183
sub-1057sg,sg,frontal,4,1.75,2.971767218467188,15.98309681481145,0.18593187871534805,-0.7306461424323462
sub-1057sg,sg,global,4,1.75,3.6900493641380385,24.927918328128346,0.14802878104643954,-0.8296538370749931
sub-1057sg,sg,posterior,5,2.25,3.965157959773131,39.604524850473965,0.1001188115434663,-0.9994843143092994
sub-1057sg,sg,central,5,2.25,2.2657554572824083,9.801725720988372,0.23115883077923316,-0.6360895108980381
sub-1057sg,sg,frontal,5,2.25,2.5998038402252592,9.868486527287091,0.26344504124686297,-0.5793099716191578
sub-1057sg,sg,global,5,2.25,3.168795616836927,16.87818157408892,0.18774508396696035,-0.7264314260094072
sub-1057sg,sg,posterior,6,2.75,4.000584172730049,31.80817215056294,0.12577221205272077,-0.9004153007447202
sub-1057sg,sg,central,6,2.75,2.1544640719714017,7.535371385846934,0.2859134555753886,-0.5437654055212238
sub-1057sg,sg,frontal,6,2.75,2.644477869700285,6.848690501894832,0.38612897881261177,-0.41326760354006514
sub-1057sg,sg,global,6,2.75,3.3017346763637363,12.855182408431354,0.25684074884835717,-0.5903360725188385
sub-1057sg,sg,posterior,7,3.25,3.766775281285973,33.829764183904324,0.11134500556401,-0.9533292586895478
sub-1057sg,sg,central,7,3.25,1.9233256436161064,6.653228145003787,0.2890815708853182,-0.5389795939672746
sub-1057sg,sg,frontal,7,3.25,2.5929059296069874,7.17517969074836,0.3613715671748635,-0.4420460208531992
sub-1057sg,sg,global,7,3.25,3.3667266238013562,13.6095401134934,0.24737989643480754,-0.6066355966316404
sub-1057sg,sg,posterior,8,3.75,4.430589962304792,37.35999245596369,0.11859183235990045,-0.9259452206106465
sub-1057sg,sg,central,8,3.75,2.2141311645473074,6.651895190771565,0.3328571934836042,-0.4777420529335006
sub-1057sg,sg,frontal,8,3.75,2.8400144881613363,7.574246533562222,0.3749567003895313,-0.4260188812526322
sub-1057sg,sg,global,8,3.75,3.312818528038893,14.397928284114503,0.2300899450717494,-0.6381023595811103
sub-1057sg,sg,posterior,9,4.25,3.2856990551003613,32.716621527657715,0.10042904498322736,-0.9981406671540012
sub-1057sg,sg,central,9,4.25,1.7253813088335475,7.748373412900452,0.2226765821534774,-0.6523254532680824
sub-1057sg,sg,frontal,9,4.25,2.2899902423972662,7.5500384980391875,0.30330841928713304,-0.5181155343012891
sub-1057sg,sg,global,9,4.25,2.5998999501378917,13.002074621277334,0.1999603929270847,-0.6990560185192822
sub-1057sg,sg,posterior,10,4.75,4.418440165172874,35.29168194606958,0.12519777810320412,-0.902403378522397
sub-1057sg,sg,central,10,4.75,1.9824865229076216,8.067611877203037,0.2457339982491734,-0.6095347530414966
sub-1057sg,sg,frontal,10,4.75,2.833664094185152,7.198904377828326,0.3936243552438983,-0.404918037728525
sub-1057sg,sg,global,10,4.75,3.2920241817395928,14.127816464596027,0.23301719625175818,-0.6326120276363417
sub-1057sg,sg,posterior,11,5.25,4.107446017939295,32.80767618190154,0.12519771272935146,-0.9024036052956779
sub-1057sg,sg,central,11,5.25,2.0134772597017583,6.333149280645986,0.3179267013103443,-0.4976729960085696
sub-1057sg,sg,frontal,11,5.25,3.09900240237718,7.58393106672874,0.40862744862921163,-0.38867246396931426
sub-1057sg,sg,global,11,5.25,3.176021881118891,12.430468358381233,0.2555029938978495,-0.5926040065832898
sub-1057sg,sg,posterior,12,5.75,5.17743129654117,25.512274410759044,0.20293883693716236,-0.692634832939589
sub-1057sg,sg,central,12,5.75,2.1093541918854783,6.193109838728065,0.34059692897658916,-0.4677592722117441
sub-1057sg,sg,frontal,12,5.75,3.390926720586775,5.306322424638012,0.6390351827929299,-0.19447523061750055
sub-1057sg,sg,global,12,5.75,3.6094050119678847,10.699902896036406,0.3373306325335837,-0.47194421933186087
sub-1057sg,sg,posterior,13,6.25,4.094788190161114,24.79177082282419,0.1651672330881385,-0.7820761065343047
sub-1057sg,sg,central,13,6.25,1.9812326765230985,9.77735348876558,0.20263486216383436,-0.6932858346771577
sub-1057sg,sg,frontal,13,6.25,2.8542918494513976,8.230220198788068,0.34680625554486416,-0.45991307750461086
sub-1057sg,sg,global,13,6.25,3.0956470713415434,12.928300092952064,0.23944734026008205,-0.6207899826630733
sub-1057sg,sg,posterior,14,6.75,4.459907270556351,32.73172658718531,0.13625640122212296,-0.8656430857475188
sub-1057sg,sg,central,14,6.75,1.7884409498812062,9.447200037802151,0.18930910139775964,-0.722828505994964
sub-1057sg,sg,frontal,14,6.75,3.0013537803726256,8.44914430995305,0.355225768464748,-0.4494955375552328
sub-1057sg,sg,global,14,6.75,3.185722484292222,14.244062619525836,0.22365265931400896,-0.6504259335363344
sub-1057sg,sg,posterior,15,7.25,4.086541466522671,25.67785720068655,0.15914651423536263,-0.7982028692322707
sub-1057sg,sg,central,15,7.25,1.7613129525862037,6.453119780642237,0.27293975820342076,-0.5639331975265148
sub-1057sg,sg,frontal,15,7.25,2.8784082185737154,6.146804436287553,0.46827717530446916,-0.3294970100182541
sub-1057sg,sg,global,15,7.25,3.0408478414990876,11.173011665582733,0.27216008830153593,-0.5651755628259229
sub-1058sg,sg,posterior,1,0.25,4.665159215688419,5.211489996932287,0.895168026501929,-0.04809543827792365
sub-1058sg,sg,central,1,0.25,3.2043394918530193,1.844083966243753,1.7376320983799858,0.23995783048043254
sub-1058sg,sg,frontal,1,0.25,4.753639014191635,2.420161206348773,1.9641827997744465,0.29318190363371727
sub-1058sg,sg,global,1,0.25,3.7108077895448544,2.7526324877555224,1.3480941629700163,0.12972022827498858
sub-1058sg,sg,posterior,2,0.75,5.1206791099303794,6.050082671168811,0.8463816757963605,-0.07243374770335062
sub-1058sg,sg,central,2,0.75,2.938919897619513,2.029198225795526,1.4483158226039452,0.1608632752992324
sub-1058sg,sg,frontal,2,0.75,4.580596386281563,2.447669132385717,1.8714115914093767,0.27216931514267867
sub-1058sg,sg,global,2,0.75,4.781770561284598,3.380848205367943,1.4143700843156284,0.15056306189832144
sub-1058sg,sg,posterior,3,1.25,5.463916783787042,4.775182587563561,1.144232012827575,0.058514094102502
sub-1058sg,sg,central,3,1.25,3.698268724072861,1.921924391004291,1.9242529734171026,0.2842621663177287
sub-1058sg,sg,frontal,3,1.25,5.7785691427260835,2.1790318386563285,2.651897526329566,0.4235567382057945
sub-1058sg,sg,global,3,1.25,4.341896831155028,2.7444263331644967,1.5820781118028941,0.19922792207411227
sub-1058sg,sg,posterior,4,1.75,5.118299245039729,5.28975895140131,0.9675864802277694,-0.014310208523776024
sub-1058sg,sg,central,4,1.75,3.5159921837067185,2.185013769900389,1.6091396000067344,0.20659372270851953
sub-1058sg,sg,frontal,4,1.75,5.032883467104098,2.5607107618745393,1.9654244212336704,0.2934563480430289
sub-1058sg,sg,global,4,1.75,4.211273977737695,2.9151812692097208,1.4446010689686315,0.1597479318914376
sub-1058sg,sg,posterior,5,2.25,4.6595646497382655,5.883471635395263,0.7919753741491824,-0.10128832224560098
sub-1058sg,sg,central,5,2.25,2.8117103845701443,2.0708146537366887,1.3577798377544528,0.1328293553642987
sub-1058sg,sg,frontal,5,2.25,4.295793641859658,2.647213315765029,1.6227606654427087,0.21025447217240736
sub-1058sg,sg,global,5,2.25,3.8576780972593916,3.0657455951909927,1.2583164445577757,0.0997898723041517
sub-1058sg,sg,posterior,6,2.75,5.11753798264475,5.460970294539244,0.9371114850710847,-0.028208739452620955
sub-1058sg,sg,central,6,2.75,3.3215370122198897,1.8297448454638976,1.8153006526862363,0.258948563801476
sub-1058sg,sg,frontal,6,2.75,5.049296349146773,2.14109071848359,2.358282302359844,0.3725957918611269
sub-1058sg,sg,global,6,2.75,3.9943291023226655,2.801041240163066,1.4260158133516558,0.15412434151394358
sub-1058sg,sg,posterior,7,3.25,5.418701323758386,4.1151931015184315,1.3167550562229955,0.11950499468513283
sub-1058sg,sg,central,7,3.25,3.338410277765982,1.5672759596705943,2.1300717701735437,0.32839423670879503
sub-1058sg,sg,frontal,7,3.25,4.847266722533383,1.789603037340855,2.7085709072867163,0.43274020940458013
sub-1058sg,sg,global,7,3.25,3.9121874400792103,2.327877115061152,1.6805815971847118,0.22545960359321113
sub-1058sg,sg,posterior,8,3.75,5.859244955803533,4.28802915252722,1.3664191047652487,0.1355839255317872
sub-1058sg,sg,central,8,3.75,3.8825255142287296,1.8159910109733808,2.137965161043212,0.33000062393638635
sub-1058sg,sg,frontal,8,3.75,5.781998245638812,1.9906471820019251,2.904582136862674,0.46308366212808444
sub-1058sg,sg,global,8,3.75,4.5878864925927205,2.4563602005189287,1.8677580314253126,0.2713206125667607
sub-1058sg,sg,posterior,9,4.25,5.317330834446487,5.353685554554347,0.9932094031789123,-0.0029591774286065057
sub-1058sg,sg,central,9,4.25,3.290639549787213,1.8029757175668177,1.8251158447258806,0.2612904354382465
sub-1058sg,sg,frontal,9,4.25,4.937627089946727,2.154859116964327,2.2913920687783262,0.36009940553108694
sub-1058sg,sg,global,9,4.25,4.055668807749442,2.7633847237095246,1.4676453745120135,0.1666211301727385
sub-1058sg,sg,posterior,10,4.75,5.181427980307229,5.712403671728755,0.9070486397784917,-0.04236942361133681
sub-1058sg,sg,central,10,4.75,3.392216147616235,2.4818844584837456,1.366790519204362,0.1357019576365949
sub-1058sg,sg,frontal,10,4.75,4.791423249839689,2.5725364719797637,1.8625287928968886,0.2701029952456092
sub-1058sg,sg,global,10,4.75,3.9226158911619358,3.0640489130124786,1.2802066815915614,0.10728008951402329
sub-1058sg,sg,posterior,11,5.25,5.438493833815722,6.268667593172149,0.8675677491241272,-0.06169660077697843
sub-1058sg,sg,central,11,5.25,3.4868756396534137,2.111306854343743,1.6515248044023605,0.2178851007850326
sub-1058sg,sg,frontal,11,5.25,5.321599375237215,2.6632212361938885,1.9981814889860656,0.3006349313802469
sub-1058sg,sg,global,11,5.25,4.393427748604359,3.1519973856298806,1.3938551372644608,0.1442176400777516
sub-1058sg,sg,posterior,12,5.75,5.018006146144402,5.785480887299953,0.86734469336157,-0.06180827429432348
sub-1058sg,sg,central,12,5.75,3.2133089653820552,2.2737001437515496,1.413250983957882,0.15021929650422763
sub-1058sg,sg,frontal,12,5.75,4.618978194569968,2.246806406360709,2.055797144557556,0.31298025850139394
sub-1058sg,sg,global,12,5.75,4.051162255982882,3.0587035725015457,1.3244703711741699,0.12204224743544781
sub-1058sg,sg,posterior,13,6.25,4.881403145789216,5.375656093532153,0.9080571861102482,-0.04188680034446773
sub-1058sg,sg,central,13,6.25,2.969992171794484,2.214423590681755,1.3412032748802643,0.1274946051957112
sub-1058sg,sg,frontal,13,6.25,4.6971944172512705,2.218367356390989,2.1174105378529497,0.3258050701302186
sub-1058sg,sg,global,13,6.25,3.7210949220833593,2.8409984964379373,1.309784192687498,0.11719974478111772
sub-1058sg,sg,posterior,14,6.75,5.420525989997017,4.163265980630955,1.3019888748918034,0.11460727333068121
sub-1058sg,sg,central,14,6.75,3.5825127044573706,1.9978039020193117,1.793225401570339,0.2536348821476331
sub-1058sg,sg,frontal,14,6.75,5.780164519093497,2.1680522453032203,2.6660632978819625,0.42587045625357783
sub-1058sg,sg,global,14,6.75,4.460051240639736,2.5995022275066546,1.7157328020132725,0.23444965434798137
sub-1058sg,sg,posterior,15,7.25,4.751812342483762,4.602397658482436,1.0324645315525807,0.01387514118502281
sub-1058sg,sg,central,15,7.25,2.9914473604330056,1.9152123959682834,1.5619402666410818,0.1936644211134931
sub-1058sg,sg,frontal,15,7.25,4.540693727054865,2.341977806509811,1.9388286748206824,0.2875394342115947
sub-1058sg,sg,global,15,7.25,3.5973653400785732,2.6508787083617396,1.357046374370621,0.13259468906661542
sub-1059sg,sg,posterior,1,0.25,387.4588970251413,270.71363397339474,1.4312500310317584,0.15571550910015278
sub-1059sg,sg,central,1,0.25,6.75893209422012,20.399782570455088,0.3313237320484509,-0.47974745536900976
sub-1059sg,sg,frontal,1,0.25,8.070863150164573,24.59665420024853,0.3281284960327256,-0.48395605205108677
sub-1059sg,sg,global,1,0.25,54.69535249069483,58.40950625856952,0.9364118273585,-0.028533109580183385
sub-1059sg,sg,posterior,2,0.75,2011.953342922946,597.3053711975921,3.368383141924535,0.5274214851315738
sub-1059sg,sg,central,2,0.75,8.489455804092632,15.527754958661646,0.5467278319817296,-0.2622288171484646
sub-1059sg,sg,frontal,2,0.75,9.255397999188142,17.104003405693454,0.5411246583421092,-0.2667026753856403
sub-1059sg,sg,global,2,0.75,209.6489407752788,73.75491548280218,2.842508047130279,0.45370170284766276
sub-1059sg,sg,posterior,3,1.25,8095.035509664507,4050.102090326576,1.9987238171104402,0.300752787619114
sub-1059sg,sg,central,3,1.25,15.26985810069847,20.457096401299335,0.7464333061327609,-0.12700899044730496
sub-1059sg,sg,frontal,3,1.25,16.838814181222176,23.71548277730446,0.7100346359947096,-0.14872046557038032
sub-1059sg,sg,global,3,1.25,609.7610980947524,321.76717354689225,1.8950382395234913,0.2776179779170121
sub-1059sg,sg,posterior,4,1.75,1382.88823437714,496.61991054710353,2.7846008688086528,0.4447629543046289
sub-1059sg,sg,central,4,1.75,10.764236388871355,16.39239682039742,0.6566603106799599,-0.18265923218748006
sub-1059sg,sg,frontal,4,1.75,9.41119467912171,15.762778805164118,0.5970517505478453,-0.2239880239739697
sub-1059sg,sg,global,4,1.75,118.93555864211595,61.37221022675326,1.9379383307637466,0.28733995277917235
sub-1059sg,sg,posterior,5,2.25,12052.340487239422,3662.1038084061997,3.291097445018844,0.5173407413668287
sub-1059sg,sg,central,5,2.25,15.085407213199794,14.377458573386441,1.049240179423908,0.020874913035335618
sub-1059sg,sg,frontal,5,2.25,16.075371991432274,17.47344557031047,0.9199886723398334,-0.0362175200137815
sub-1059sg,sg,global,5,2.25,993.2817961155697,312.72002362408534,3.1762654166001676,0.5019167859932967
sub-1059sg,sg,posterior,6,2.75,86.65004861947847,97.60310049066906,0.8877796728164623,-0.0516948030870747
sub-1059sg,sg,central,6,2.75,7.850034522534354,18.051216963026814,0.43487563960995496,-0.3616349194886898
sub-1059sg,sg,frontal,6,2.75,8.75425863251002,19.276217666094674,0.45414815209874193,-0.34280244858988335
sub-1059sg,sg,global,6,2.75,71.87502612466373,49.71102550213793,1.4458568375655938,0.16012529314294605
sub-1059sg,sg,posterior,7,3.25,71.11294133505046,74.81863190577778,0.9504710193659509,-0.022061120588467868
sub-1059sg,sg,central,7,3.25,6.287043224088101,12.940629636975162,0.4858375056283336,-0.31350896162086145
sub-1059sg,sg,frontal,7,3.25,7.123232030260804,13.937028177595021,0.5111012146557913,-0.2914930869225155
sub-1059sg,sg,global,7,3.25,46.72898190881808,30.474386548915437,1.533385482060873,0.18565134708331776
sub-1059sg,sg,posterior,8,3.75,84.28262047002065,82.56858675149341,1.020758908272052,0.0089231787459176
sub-1059sg,sg,central,8,3.75,5.323060617864917,14.159349704269394,0.37593962498573524,-0.4248818961385764
sub-1059sg,sg,frontal,8,3.75,6.820377753194262,13.444309893153486,0.5073059017084647,-0.294730085318095
sub-1059sg,sg,global,8,3.75,29.059719567643235,33.819079766300725,0.8592699673809578,-0.0658703671073944
sub-1059sg,sg,posterior,9,4.25,305.3985167652818,173.93323899634555,1.7558375761156175,0.24448433898508345
sub-1059sg,sg,central,9,4.25,4.966199572650213,18.263825099669525,0.2719145384687282,-0.5655675713461294
sub-1059sg,sg,frontal,9,4.25,6.564148128518023,19.781320700858906,0.33183568619020504,-0.4790769110117837
sub-1059sg,sg,global,9,4.25,40.45228868081128,43.24304350210902,0.9354634966624948,-0.028973154724478558
sub-1059sg,sg,posterior,10,4.75,4265.05991678712,2015.2002199763297,2.1164447455435553,0.32560693474304336
sub-1059sg,sg,central,10,4.75,8.778442085360327,19.276017569192135,0.45540745404748223,-0.3415998651894843
sub-1059sg,sg,frontal,10,4.75,9.43865866497416,26.08002762007084,0.3619113753434177,-0.4413977662390346
sub-1059sg,sg,global,10,4.75,330.7048102168165,181.07802852284627,1.8263110821039898,0.26157475443288547
sub-1059sg,sg,posterior,11,5.25,4781.693666572161,2064.2183181230644,2.3164670251158417,0.36482612240571444
sub-1059sg,sg,central,11,5.25,8.440319544564197,20.113510655120432,0.41963432884927465,-0.3771289908789248
sub-1059sg,sg,frontal,11,5.25,8.931076980356972,20.45029300734859,0.436721223365733,-0.35979570213257
sub-1059sg,sg,global,11,5.25,396.14680784312833,184.7881599917144,2.143788908666502,0.33118201967993754
sub-1059sg,sg,posterior,12,5.75,434.1343850628416,199.5491663676886,2.1755760395556205,0.33757426711956307
sub-1059sg,sg,central,12,5.75,5.79070813963212,15.843385596878017,0.36549688854213047,-0.4371163158189391
sub-1059sg,sg,frontal,12,5.75,7.645991322513027,15.64336408766671,0.4887689936553454,-0.31089635250261416
sub-1059sg,sg,global,12,5.75,57.4343607203954,44.64453840321853,1.286481230955113,0.10940345447789579
sub-1059sg,sg,posterior,13,6.25,162.13506049581142,135.11181121766327,1.2000065651892866,0.07918362206235845
sub-1059sg,sg,central,13,6.25,7.2783129274600284,18.991967311737493,0.3832311212415501,-0.41653923019195654
sub-1059sg,sg,frontal,13,6.25,6.620474067660253,24.75194716703885,0.26747285872024107,-0.5727202805812864
sub-1059sg,sg,global,13,6.25,56.24974650006237,46.23630077865676,1.2165710827373961,0.08513748929537793
sub-1059sg,sg,posterior,14,6.75,851.8342995513888,399.1582589537733,2.1340765985504513,0.32921000352835755
sub-1059sg,sg,central,14,6.75,6.794455577612946,15.123609177369742,0.44926151541788384,-0.3475007822916661
sub-1059sg,sg,frontal,14,6.75,8.738447672273931,21.089123430716615,0.4143580315693091,-0.3826242387379186
sub-1059sg,sg,global,14,6.75,95.80225508844684,62.67567156201308,1.5285397459787469,0.1842767359864285
sub-1059sg,sg,posterior,15,7.25,1601.3444308777748,1118.455952106007,1.4317456381384608,0.15586586869454588
sub-1059sg,sg,central,15,7.25,10.120775073424467,19.624335967161738,0.5157257341272593,-0.2875811972521544
sub-1059sg,sg,frontal,15,7.25,9.056766875221419,22.840207177594234,0.3965273521733164,-0.40172684999018315
sub-1059sg,sg,global,15,7.25,136.90304222937792,114.36846864759069,1.197034845777503,0.07810679293658518
sub-1061sg,sg,posterior,1,0.25,35.94276655480648,219.7828494612006,0.16353763108868802,-0.78638229747643
sub-1061sg,sg,central,1,0.25,12.56515413893657,36.79948045618374,0.34144922654268445,-0.46667386671662486
sub-1061sg,sg,frontal,1,0.25,14.817534118161342,71.38691364525496,0.20756653231703698,-0.6828426700998605
sub-1061sg,sg,global,1,0.25,21.30580489193715,97.1694105173252,0.21926452757617942,-0.6590316224218852
sub-1061sg,sg,posterior,2,0.75,52.87508157653727,213.8182318479975,0.24728986447762763,-0.6067936834431641
sub-1061sg,sg,central,2,0.75,17.473236180903495,47.9585534043376,0.3643403510023956,-0.4384927276127839
sub-1061sg,sg,frontal,2,0.75,21.247826963925995,95.24821041894766,0.22307849008887182,-0.651542303701233
sub-1061sg,sg,global,2,0.75,29.875052148183155,106.48666207664346,0.28055205755891455,-0.5519865418484013
sub-1061sg,sg,posterior,3,1.25,53.72332729049037,214.50137811672127,0.250456793155225,-0.601267184418392
sub-1061sg,sg,central,3,1.25,17.955822891723972,43.92618538491438,0.40877264288673154,-0.38851817706339725
sub-1061sg,sg,frontal,3,1.25,24.214265844043585,84.69580978463588,0.28589685730162456,-0.5437906185631872
sub-1061sg,sg,global,3,1.25,31.71254647380281,104.09717729459707,0.3046436733251246,-0.5162078366385362
sub-1061sg,sg,posterior,4,1.75,42.76716328678842,167.40475162966857,0.25547162114847005,-0.5926573360895061
sub-1061sg,sg,central,4,1.75,14.012054127228149,39.48671925244658,0.3548548573419395,-0.4499492456630408
sub-1061sg,sg,frontal,4,1.75,18.40565876909604,60.90919765730649,0.30218192780426734,-0.5197315124972415
sub-1061sg,sg,global,4,1.75,26.136258747322017,80.56706585309249,0.3244037556857211,-0.4889141265196277
sub-1061sg,sg,posterior,5,2.25,61.60105412100674,221.82218746932955,0.27770465535384764,-0.5564168398120727
sub-1061sg,sg,central,5,2.25,20.13689526423938,47.35450586112381,0.42523715321398764,-0.371368797933035
sub-1061sg,sg,frontal,5,2.25,22.51513997402316,84.35885130905649,0.26689718535328144,-0.5736560061749647
sub-1061sg,sg,global,5,2.25,34.82853628437681,104.6230742994932,0.33289536287833515,-0.4776922543788604
sub-1061sg,sg,posterior,6,2.75,52.92083875359313,208.20090152931368,0.2541816023123326,-0.5948558869188546
sub-1061sg,sg,central,6,2.75,15.427949557719913,43.70323402359273,0.3530161989703393,-0.452205365541308
sub-1061sg,sg,frontal,6,2.75,25.371597592812623,72.70935482429559,0.34894543699533404,-0.4572424763771977
sub-1061sg,sg,global,6,2.75,30.996504365243414,97.02218205763893,0.31947853272181626,-0.4955583188316593
sub-1061sg,sg,posterior,7,3.25,38.11188207665103,183.8822311577245,0.2072624518241823,-0.683479368637345
sub-1061sg,sg,central,7,3.25,11.904591919827135,37.033953212625995,0.32145074687215675,-0.492885560843291
sub-1061sg,sg,frontal,7,3.25,15.687026931530898,63.31227265287779,0.24777229238852574,-0.6059472610574785
sub-1061sg,sg,global,7,3.25,22.93058020798673,84.53138879644573,0.27126704688603065,-0.5666029604764585
sub-1061sg,sg,posterior,8,3.75,60.57410213581617,220.01851557275438,0.27531365702622373,-0.5601722447489985
sub-1061sg,sg,central,8,3.75,17.58852339732719,44.188662627341074,0.3980324895925806,-0.40008147698437363
sub-1061sg,sg,frontal,8,3.75,27.295988266546637,77.06388867195247,0.35419946666253627,-0.4507520970863503
sub-1061sg,sg,global,8,3.75,35.229808543467904,100.81155971259514,0.34946199269116535,-0.4566000509972075
sub-1061sg,sg,posterior,9,4.25,59.3943296739239,222.67822658753926,0.26672715417272647,-0.5739327686855772
sub-1061sg,sg,central,9,4.25,13.304866105766235,40.46435065645213,0.3288046364249452,-0.4830620671673497
sub-1061sg,sg,frontal,9,4.25,31.25549553697454,80.55222557559206,0.3880152945947305,-0.41115115526357604
sub-1061sg,sg,global,9,4.25,33.614019296244194,100.67908041400398,0.33387292730544893,-0.4764187950771984
sub-1061sg,sg,posterior,10,4.75,67.3996542701287,233.71000241552733,0.2883901141308224,-0.5400196310955324
sub-1061sg,sg,central,10,4.75,14.818095507662242,41.00512244069097,0.36137181468229623,-0.4420457234001475
sub-1061sg,sg,frontal,10,4.75,27.307970220947457,85.79257963631976,0.3183022393860599,-0.4971603059294603
sub-1061sg,sg,global,10,4.75,35.39592617494793,104.21439032023022,0.3396452837864641,-0.468974411515576
sub-1061sg,sg,posterior,11,5.25,88.38387894133679,224.62317274409136,0.39347622892866335,-0.4050814995360354
sub-1061sg,sg,central,11,5.25,17.9130030255594,41.174049603514305,0.43505565272429464,-0.361455184137099
sub-1061sg,sg,frontal,11,5.25,40.52389353750184,90.31537550035445,0.4486931855511446,-0.3480505261879159
sub-1061sg,sg,global,11,5.25,47.94165321397996,105.73986945492813,0.4533924002470535,-0.34352576378257166
sub-1061sg,sg,posterior,12,5.75,67.87892491964303,235.6633404071637,0.2880334497608591,-0.540557074035889
sub-1061sg,sg,central,12,5.75,14.754978450095317,46.77128225226719,0.3154708987988048,-0.5010406968762922
sub-1061sg,sg,frontal,12,5.75,32.32021006262232,83.87709484020795,0.3853282010326503,-0.414169205093742
sub-1061sg,sg,global,12,5.75,38.974191428265314,108.64705577929955,0.3587229414429382,-0.44524084795889574
sub-1061sg,sg,posterior,13,6.25,69.47463405479019,231.6442547589868,0.29991952153993523,-0.5229952654136986
sub-1061sg,sg,central,13,6.25,17.024519236787693,43.67957921572917,0.38975923171570076,-0.4092035894535385
sub-1061sg,sg,frontal,13,6.25,36.361035399554524,105.29134542917056,0.34533736131251713,-0.461756433715089
sub-1061sg,sg,global,13,6.25,40.63791810628713,110.22940175519284,0.3686667754628606,-0.43336599958756605
sub-1061sg,sg,posterior,14,6.75,61.286772358479666,229.2849492554698,0.2672952261257838,-0.5730087976435506
sub-1061sg,sg,central,14,6.75,14.920812769302485,40.262692535529986,0.37058656114802924,-0.4311103338705425
sub-1061sg,sg,frontal,14,6.75,23.06074802900315,80.07606949676713,0.2879855139485108,-0.5406293572770602
sub-1061sg,sg,global,14,6.75,32.69628917676931,102.82485731731265,0.3179803991934568,-0.49759964977808224
sub-1061sg,sg,posterior,15,7.25,58.26046831090102,227.37714586960016,0.2562283385521655,-0.5913728394772796
sub-1061sg,sg,central,15,7.25,14.876129404274922,47.885593960675756,0.310659807550709,-0.5077149311288672
sub-1061sg,sg,frontal,15,7.25,23.624120932548063,84.22519685162868,0.2804875716012202,-0.5520863775614406
sub-1061sg,sg,global,15,7.25,30.639763655476816,104.21963663174714,0.2939922326129412,-0.5316641436623339
sub-1063sg,sg,posterior,1,0.25,7.368172049666602,25.94897218274853,0.2839485124025502,-0.5467604022298831
sub-1063sg,sg,central,1,0.25,4.479479758437423,4.416986324216896,1.014148432807658,0.0061015238647349505
sub-1063sg,sg,frontal,1,0.25,6.8393891405638385,5.752469983936839,1.1889482534740912,0.0751629532564516
sub-1063sg,sg,global,1,0.25,5.797264998358752,9.288219316496633,0.6241524667771721,-0.20470930872808074
sub-1063sg,sg,posterior,2,0.75,8.261136735686113,44.07337235766787,0.18744054048427822,-0.727136472122355
sub-1063sg,sg,central,2,0.75,4.381566072100511,5.967064012808986,0.7342917828089288,-0.13413133179587153
sub-1063sg,sg,frontal,2,0.75,6.093059080570076,9.418810244465181,0.6469032629838326,-0.18916065827008655
sub-1063sg,sg,global,2,0.75,6.46202088928658,14.549857129936326,0.44412950804795015,-0.3524903712607634
sub-1063sg,sg,posterior,3,1.25,7.492401050078963,25.73080732309434,0.29118406414532744,-0.53583239667743
sub-1063sg,sg,central,3,1.25,4.800709392507238,4.28342746852545,1.1207635539022818,0.04951399968984886
sub-1063sg,sg,frontal,3,1.25,5.255013828400791,5.866761119110016,0.8957265724154749,-0.047824541915676214
sub-1063sg,sg,global,3,1.25,6.073979495546767,9.254989218227806,0.6562924442509339,-0.18290259565015457
sub-1063sg,sg,posterior,4,1.75,9.522412055746967,39.50634033660115,0.24103503322794007,-0.6179198303220971
sub-1063sg,sg,central,4,1.75,5.347068803124775,5.266995733236705,1.015202797561194,0.006552805859417552
sub-1063sg,sg,frontal,4,1.75,7.463001687506488,8.51165349630194,0.876798108704606,-0.05710039565263394
sub-1063sg,sg,global,4,1.75,7.417230571202752,13.065643228969316,0.5676896606787158,-0.24588901549991926
sub-1063sg,sg,posterior,5,2.25,5.811711109046893,21.54669341966951,0.2697263564228147,-0.5690766142081186
sub-1063sg,sg,central,5,2.25,3.77505312642946,3.928010604646928,0.9610598102671831,-0.017249583756309975
sub-1063sg,sg,frontal,5,2.25,5.674041055032007,5.5481886043840705,1.0226835206266223,0.009741257846876185
sub-1063sg,sg,global,5,2.25,5.17574196182293,7.870278292758905,0.6576313783700509,-0.1820174729499899
sub-1063sg,sg,posterior,6,2.75,7.704113901286354,45.602305592887205,0.16894132437216067,-0.772264105599882
sub-1063sg,sg,central,6,2.75,4.636089889672038,6.271154750511113,0.7392721235740813,-0.13119566984225783
sub-1063sg,sg,frontal,6,2.75,6.016125065263345,9.719195963877372,0.6189941109967366,-0.20831348276306014
sub-1063sg,sg,global,6,2.75,6.069334282556179,14.990361860088244,0.4048824397438829,-0.3926710587161794
sub-1063sg,sg,posterior,7,3.25,7.839160039012084,36.39604060065651,0.21538496797013357,-0.6667846100233122
sub-1063sg,sg,central,7,3.25,4.734605504830121,5.212773479853496,0.9082699494095773,-0.04178505443596283
sub-1063sg,sg,frontal,7,3.25,6.068339219664166,8.309845466881546,0.7302589733887609,-0.1365230977309562
sub-1063sg,sg,global,7,3.25,6.264314338129885,12.262513294068079,0.5108507683461767,-0.29170594908094405
sub-1063sg,sg,posterior,8,3.75,5.709320807665043,20.017574836617616,0.28521540967196163,-0.5448270140420857
sub-1063sg,sg,central,8,3.75,4.149164796869125,5.45607681858273,0.7604667116741424,-0.11891979180512195
sub-1063sg,sg,frontal,8,3.75,4.657656467680113,4.6713018794080226,0.9970788846278461,-0.001270480802360754
sub-1063sg,sg,global,8,3.75,4.873282813512659,8.12026645551845,0.6001382885903732,-0.2217486645302525
sub-1063sg,sg,posterior,9,4.25,6.95448652306187,35.619783383034125,0.19524224637408452,-0.709426204179536
sub-1063sg,sg,central,9,4.25,4.736575631410218,7.09718825217199,0.6673876277638061,-0.17562184869068434
sub-1063sg,sg,frontal,9,4.25,5.564133806702527,9.155412735119441,0.6077425417817537,-0.2162803621150734
sub-1063sg,sg,global,9,4.25,5.751421226323158,13.395403337772414,0.4293578238219432,-0.36718061891469717
sub-1063sg,sg,posterior,10,4.75,7.687220282446081,40.278307926183714,0.19085261219349411,-0.7193018914997582
sub-1063sg,sg,central,10,4.75,4.685073559449767,7.375762427489047,0.6351985446262157,-0.1970905056400403
sub-1063sg,sg,frontal,10,4.75,6.6335130159266935,8.77837874126357,0.7556649367092423,-0.1216707288302293
sub-1063sg,sg,global,10,4.75,6.146666917111711,14.191440250028514,0.43312495481911084,-0.3633867933470026
sub-1063sg,sg,posterior,11,5.25,10.032857009082901,51.047366705279316,0.19654014803559502,-0.7065487211698305
sub-1063sg,sg,central,11,5.25,5.155284213591915,9.220653398221106,0.5591018326951209,-0.2525090841532865
sub-1063sg,sg,frontal,11,5.25,7.357177549971891,11.625198832290723,0.6328646637454693,-0.1986891526565964
sub-1063sg,sg,global,11,5.25,7.485024684679589,17.774851905660363,0.42110194360021636,-0.3756127540846007
sub-1063sg,sg,posterior,12,5.75,8.465778516624816,19.574922945875883,0.43248080924928584,-0.36403315900159633
sub-1063sg,sg,central,12,5.75,5.437209241451708,4.329286414824846,1.2559134971604058,0.0989597277772603
sub-1063sg,sg,frontal,12,5.75,6.220688258010401,5.630748927470842,1.1047710239150268,0.043272274985094214
sub-1063sg,sg,global,12,5.75,6.617097879275504,8.434453946258783,0.7845318643550847,-0.10538941251994058
sub-1063sg,sg,posterior,13,6.25,5.4858045995942435,16.926329517020307,0.324098889489182,-0.48932245705648686
sub-1063sg,sg,central,13,6.25,4.121755906630382,4.128144383285737,0.9984524580387204,-0.0006726095143602142
sub-1063sg,sg,frontal,13,6.25,5.478088162968546,4.213906217700612,1.3000023920697874,0.11394415143126232
sub-1063sg,sg,global,13,6.25,5.2469282980224214,6.725851356706393,0.7801136272199464,-0.10784213566774815
sub-1063sg,sg,posterior,14,6.75,5.561701354018805,27.48359345857926,0.2023644165163805,-0.6938658508697035
sub-1063sg,sg,central,14,6.75,3.683047250566139,5.21462767073935,0.7062915097913294,-0.15101601429667022
sub-1063sg,sg,frontal,14,6.75,5.228165961432138,6.288879226670721,0.8313350873808852,-0.08022388925111319
sub-1063sg,sg,global,14,6.75,4.925105697933656,10.202794772387781,0.4827212354856593,-0.3163035956263339
sub-1063sg,sg,posterior,15,7.25,6.523461709212765,28.032613261801185,0.23270972450156835,-0.633185467984747
sub-1063sg,sg,central,15,7.25,5.301012018782384,4.196452655828936,1.2632126354193935,0.10147646109893513
sub-1063sg,sg,frontal,15,7.25,5.457589206071213,6.313541008220223,0.8644260327073886,-0.06327216255357558
sub-1063sg,sg,global,15,7.25,5.445452215485607,9.617134550841996,0.56622398144662,-0.24701174078268362
sub-1064sg,sg,posterior,1,0.25,13.145994933242184,128.55396613511235,0.10226051617439423,-0.9902920194412309
sub-1064sg,sg,central,1,0.25,6.132624357094685,37.17327850865999,0.164973997536053,-0.782584501946796
sub-1064sg,sg,frontal,1,0.25,14.430727045592151,36.16970176185149,0.39897279608792263,-0.3990567156207146
sub-1064sg,sg,global,1,0.25,10.570937196803433,54.21926014311297,0.19496645968427462,-0.7100400944164792
sub-1064sg,sg,posterior,2,0.75,15.649081545549983,101.427984883375,0.15428761168373575,-0.8116689436282639
sub-1064sg,sg,central,2,0.75,7.417873703134609,35.08359447618933,0.21143425620681483,-0.6748246476987438
sub-1064sg,sg,frontal,2,0.75,18.69081472087233,41.2974044814331,0.4525905430515744,-0.34429452493592083
sub-1064sg,sg,global,2,0.75,12.5994481240675,52.41300435811347,0.24038782508976936,-0.6190875318033512
sub-1064sg,sg,posterior,3,1.25,11.207438996459771,96.0893771728277,0.11663556707524407,-0.9331689947818003
sub-1064sg,sg,central,3,1.25,5.427936297107877,25.795861522669934,0.2104188802664216,-0.6769152948051332
sub-1064sg,sg,frontal,3,1.25,11.812630983219632,30.966568113583914,0.3814640014318493,-0.4185464399297207
sub-1064sg,sg,global,3,1.25,9.079857893196102,41.760310254272426,0.21742793187862292,-0.6626846650264533
sub-1064sg,sg,posterior,4,1.75,10.811625381250202,72.14491600680459,0.14985983738937983,-0.8243147429839698
sub-1064sg,sg,central,4,1.75,6.082620035012703,26.120177157792174,0.2328705505428831,-0.632885430080174
sub-1064sg,sg,frontal,4,1.75,11.426449495477785,23.381036031970407,0.4887058674326347,-0.31095244677432615
sub-1064sg,sg,global,4,1.75,9.10432830711379,34.75885040881065,0.26192834918401187,-0.5818174942136198
sub-1064sg,sg,posterior,5,2.25,12.62603069723122,93.15622752188665,0.13553608849461823,-0.8679450520419834
sub-1064sg,sg,central,5,2.25,6.939824963200226,24.377002324005232,0.2846873816132117,-0.5456317819475297
sub-1064sg,sg,frontal,5,2.25,15.183374256817016,28.39107584779035,0.5347939027819096,-0.271813552799856
sub-1064sg,sg,global,5,2.25,10.782049411747938,40.46054478409128,0.26648305081614576,-0.5743304082925886
sub-1064sg,sg,posterior,6,2.75,12.352355073921183,95.52686017673456,0.12930766332179294,-0.8883757362197918
sub-1064sg,sg,central,6,2.75,6.542883279325047,29.43800962681451,0.22225970309369225,-0.6531392701414958
sub-1064sg,sg,frontal,6,2.75,12.821012273962802,24.934787280995895,0.5141817385277783,-0.2888833516477483
sub-1064sg,sg,global,6,2.75,9.905491415107091,43.14597276745272,0.22958090361052946,-0.6390642391028268
sub-1064sg,sg,posterior,7,3.25,11.947240309910319,82.41282182152932,0.14496822273338603,-0.8387271853787959
sub-1064sg,sg,central,7,3.25,6.760586655753738,25.31537679744872,0.2670545538328732,-0.5734000120119146
sub-1064sg,sg,frontal,7,3.25,13.25373292128232,25.914325738269604,0.5114442511506117,-0.29120169868138096
sub-1064sg,sg,global,7,3.25,9.945308480017667,38.40519556621084,0.2589573710898537,-0.5867717224986144
sub-1064sg,sg,posterior,8,3.75,9.240400004890287,85.42247800162683,0.10817293317941805,-0.9658813939554356
sub-1064sg,sg,central,8,3.75,6.067411826712288,24.895504965454773,0.2437151540059735,-0.6131174659053091
sub-1064sg,sg,frontal,8,3.75,10.914768399084522,24.11832145554637,0.4525509131803411,-0.34433255442686433
sub-1064sg,sg,global,8,3.75,9.122694242217491,36.84796561353302,0.2475766053924842,-0.6062903961178888
sub-1064sg,sg,posterior,9,4.25,16.622016494591904,106.35438986199145,0.15628895540805712,-0.8060717115189728
sub-1064sg,sg,central,9,4.25,8.363267896100917,27.85149404421679,0.3002807634959714,-0.5224724885640583
sub-1064sg,sg,frontal,9,4.25,24.329969337761526,31.371696698511034,0.7755388422748674,-0.11039644599583437
sub-1064sg,sg,global,9,4.25,14.944782526301845,46.78312466315497,0.31944814789320647,-0.4955996254911216
sub-1064sg,sg,posterior,10,4.75,8.960798805989494,70.09852855154465,0.12783148221721183,-0.8933621753682042
sub-1064sg,sg,central,10,4.75,5.025072217695416,22.895554803500175,0.2194780716528959,-0.6586088641957757
sub-1064sg,sg,frontal,10,4.75,8.912304503681051,24.038625916495928,0.3707493321223988,-0.4309196226483816
sub-1064sg,sg,global,10,4.75,7.701201903173006,31.95660657369552,0.24098935177654643,-0.6180021464992125
sub-1064sg,sg,posterior,11,5.25,11.818866260778682,80.0622106441401,0.1476210332651329,-0.8308517591783242
sub-1064sg,sg,central,11,5.25,7.276432816931615,30.481941357497075,0.2387129064908448,-0.6221240993584601
sub-1064sg,sg,frontal,11,5.25,15.370994292484164,26.746032359734382,0.5747018505677459,-0.2405574044148208
sub-1064sg,sg,global,11,5.25,10.960318968886252,37.56849696238478,0.2917422802370881,-0.5350006269528268
sub-1064sg,sg,posterior,12,5.75,11.189314440728289,77.67318730132544,0.14405633178564503,-0.8414676481844546
sub-1064sg,sg,central,12,5.75,6.116140311346129,23.62838216852441,0.2588471892711087,-0.5869565465047062
sub-1064sg,sg,frontal,12,5.75,11.293299917738384,22.815004827030595,0.49499441281548145,-0.3053997030807748
sub-1064sg,sg,global,12,5.75,9.524187390806526,34.65372808410127,0.2748387523469982,-0.560922031641986
sub-1064sg,sg,posterior,13,6.25,11.53092257852837,86.19300885472627,0.13378025354658551,-0.8736079852874171
sub-1064sg,sg,central,13,6.25,6.202688468140216,24.523037127466484,0.2529331271611962,-0.5969942865072203
sub-1064sg,sg,frontal,13,6.25,12.157972686335286,24.589386143582942,0.4944398617900486,-0.3058865236441588
sub-1064sg,sg,global,13,6.25,9.391484460591533,36.47562626127348,0.2574728777326727,-0.589268512919565
sub-1064sg,sg,posterior,14,6.75,10.644063010431179,94.09925986844218,0.11311526812551317,-0.9464787707144439
sub-1064sg,sg,central,14,6.75,6.308872746982342,28.33105257211106,0.22268402244937285,-0.6523109424226325
sub-1064sg,sg,frontal,14,6.75,11.239478420329123,29.233705967560883,0.38446984562275427,-0.4151377167031002
sub-1064sg,sg,global,14,6.75,9.125782553563655,42.23224891944024,0.21608564040649272,-0.665374092438503
sub-1064sg,sg,posterior,15,7.25,19.917992582807727,95.54663568046057,0.2084635679839116,-0.6809698332851982
sub-1064sg,sg,central,15,7.25,8.68258910523261,28.328018863717773,0.3065018117575874,-0.5135669539873371
sub-1064sg,sg,frontal,15,7.25,33.07027557753221,32.61243173922531,1.014038935887023,0.006054630851596835
sub-1064sg,sg,global,15,7.25,17.993452723411544,43.81101788531754,0.4107061098309181,-0.38646883635716817
sub-1065sg,sg,posterior,1,0.25,13.37017490700018,81.74648765833976,0.16355656726049145,-0.7863320130325402
sub-1065sg,sg,central,1,0.25,6.589234344710859,11.848099307153495,0.5561427342808053,-0.25481373223963955
sub-1065sg,sg,frontal,1,0.25,7.170688063679391,32.09168815471459,0.2234437786229686,-0.6508317329585518
sub-1065sg,sg,global,1,0.25,9.393849453171974,34.534739579622254,0.2720115908653024,-0.5654125895628989
sub-1065sg,sg,posterior,2,0.75,14.417008187568658,69.12304714471504,0.20857020607591867,-0.6807477297587721
sub-1065sg,sg,central,2,0.75,6.3256705136226,9.586587308689804,0.6598459190882942,-0.18055746491564942
sub-1065sg,sg,frontal,2,0.75,7.165514036357771,26.588600726780925,0.2694957177321643,-0.5694481313309225
sub-1065sg,sg,global,2,0.75,16.093981893622825,30.7197455799,0.5238969786310065,-0.28075410616679963
sub-1065sg,sg,posterior,3,1.25,17.466113062202332,80.41856669105456,0.2171900567353085,-0.6631600612371278
sub-1065sg,sg,central,3,1.25,5.84177768515634,10.919644657183875,0.534978734982289,-0.2716634805271732
sub-1065sg,sg,frontal,3,1.25,8.023315024989289,29.452987158705206,0.2724109096899496,-0.5647755035020297
sub-1065sg,sg,global,3,1.25,11.767794560613147,32.86927622490996,0.35801806161143673,-0.44609506313177943
sub-1065sg,sg,posterior,4,1.75,14.63768588093019,66.52854646454603,0.22002112865536322,-0.6575356118240157
sub-1065sg,sg,central,4,1.75,9.946659904373425,13.560589033726158,0.7334976290215246,-0.13460128564419244
sub-1065sg,sg,frontal,4,1.75,8.250885367091833,26.443798642293842,0.3120158899521902,-0.5058232882160755
sub-1065sg,sg,global,4,1.75,11.420063100525887,29.223845616524432,0.3907789293161502,-0.40806886135149345
sub-1065sg,sg,posterior,5,2.25,23.484074741041297,78.0030589934475,0.30106607412683695,-0.5213381805537417
sub-1065sg,sg,central,5,2.25,12.723463662893657,14.800268533160116,0.8596778926265182,-0.06566424138290526
sub-1065sg,sg,frontal,5,2.25,14.568593787888828,33.46404785626846,0.43535061420131965,-0.3611608384927321
sub-1065sg,sg,global,5,2.25,16.098135387216736,35.14537102083376,0.458044257881755,-0.3390925568756107
sub-1065sg,sg,posterior,6,2.75,19.582827812041284,101.60511062014353,0.19273467340882877,-0.7150401477445717
sub-1065sg,sg,central,6,2.75,15.343223829654233,14.045893675684583,1.0923636604351854,0.03836724407207026
sub-1065sg,sg,frontal,6,2.75,11.06250047933233,39.35779754607704,0.28107519142505927,-0.5511774848894292
sub-1065sg,sg,global,6,2.75,16.949220473114877,41.457521235423926,0.408833426795242,-0.3884536028947796
sub-1065sg,sg,posterior,7,3.25,19.885861221642926,93.64455227632004,0.21235470444628818,-0.672938113329144
sub-1065sg,sg,central,7,3.25,15.307731301843143,14.251142564700658,1.074140633450654,0.03106114573333293
sub-1065sg,sg,frontal,7,3.25,11.39787720027292,34.73234630611869,0.3281631796428619,-0.48391014898369467
sub-1065sg,sg,global,7,3.25,15.857698878654206,38.08208409180355,0.4164083782921764,-0.3804805409063279
sub-1065sg,sg,posterior,8,3.75,13.536300607957827,59.18170067552597,0.22872442754176606,-0.6406874506968218
sub-1065sg,sg,central,8,3.75,6.0129879647233,11.234802833264736,0.5352108135729498,-0.2714751205249514
sub-1065sg,sg,frontal,8,3.75,5.913639799554268,21.23330804204369,0.2785077006298207,-0.555162792250385
sub-1065sg,sg,global,8,3.75,8.872230813711473,25.689621506369114,0.34536245742319793,-0.4617248741226436
sub-1065sg,sg,posterior,9,4.25,9.150891349835412,78.84584116205959,0.11606054567959631,-0.9353153918528218
sub-1065sg,sg,central,9,4.25,4.879076226132721,12.02122593391155,0.4058717682336358,-0.39161115643526545
sub-1065sg,sg,frontal,9,4.25,4.566755046746427,27.85220592159582,0.1639638547697758,-0.78525188002641
sub-1065sg,sg,global,9,4.25,9.984625412551077,34.13122720893542,0.2925363729651403,-0.5338201275443165
sub-1065sg,sg,posterior,10,4.75,22.111313861333404,76.65896895540135,0.28843740220661357,-0.5399484245395334
sub-1065sg,sg,central,10,4.75,12.03752616489976,14.768717515935572,0.815069158978169,-0.08880553961793758
sub-1065sg,sg,frontal,10,4.75,15.130199998356067,31.384474828370134,0.48209186488215683,-0.3168701970102477
sub-1065sg,sg,global,10,4.75,16.11479011400368,34.36001259709519,0.4689983761928547,-0.3288286609346048
sub-1065sg,sg,posterior,11,5.25,19.06715639517664,64.3792270741148,0.2961693897509224,-0.528459829505649
sub-1065sg,sg,central,11,5.25,15.052775087776206,12.760540103992613,1.17963463655166,0.07174751586553252
sub-1065sg,sg,frontal,11,5.25,13.059192154466718,25.553672959883443,0.5110495142897173,-0.29153702013721977
sub-1065sg,sg,global,11,5.25,15.818915242547556,28.607497619208807,0.5529639625636384,-0.25730317135305386
sub-1065sg,sg,posterior,12,5.75,15.558282313676491,58.54533568520758,0.26574759767937484,-0.5755306527474953
sub-1065sg,sg,central,12,5.75,9.27182600583105,11.666155905142332,0.7947627377192958,-0.09976250288865758
sub-1065sg,sg,frontal,12,5.75,10.440019792661417,22.093644648215065,0.472534973694567,-0.32556604256114885
sub-1065sg,sg,global,12,5.75,12.110331669656562,26.0638303685796,0.4646412863496755,-0.3328822029791722
sub-1065sg,sg,posterior,13,6.25,16.243763381849675,38.54666059779036,0.4214052042365722,-0.3753001052792487
sub-1065sg,sg,central,13,6.25,11.253393540304442,9.172655643837059,1.22684138348368,0.0887884170622224
sub-1065sg,sg,frontal,13,6.25,11.1270300889918,13.971867641791892,0.7963881690168058,-0.09887520038857843
sub-1065sg,sg,global,13,6.25,12.66401573156893,17.7231671279012,0.7145458619318804,-0.1459698915129788
sub-1065sg,sg,posterior,14,6.75,12.337322533656668,36.56044554804343,0.3374500050182488,-0.4717905610641606
sub-1065sg,sg,central,14,6.75,9.695844049283188,9.355724421728604,1.0363541733619963,0.01550820063177976
sub-1065sg,sg,frontal,14,6.75,7.522725469637466,15.027085898383476,0.5006110646141123,-0.3004995557510695
sub-1065sg,sg,global,14,6.75,10.064051068936323,17.99295521571135,0.5593328582371198,-0.25232966711569055
sub-1065sg,sg,posterior,15,7.25,12.049153196779669,53.747867411095456,0.22417918658280195,-0.6494047109731405
sub-1065sg,sg,central,15,7.25,8.31521880526858,11.719162341721104,0.7095403718118806,-0.1490228887811282
sub-1065sg,sg,frontal,15,7.25,6.3276576007830245,17.842778251991696,0.35463409965747356,-0.45021950736718563
sub-1065sg,sg,global,15,7.25,11.047266240833235,26.38744395652109,0.41865617067859806,-0.3781425032329125
sub-1066sg,sg,posterior,1,0.25,3.2309582116346807,9.001624944019087,0.35893055217562836,-0.44498957293854613
sub-1066sg,sg,central,1,0.25,3.2790537887046205,3.075498561976066,1.066186090686307,0.027833012481210142
sub-1066sg,sg,frontal,1,0.25,3.199574233587842,2.310830430334518,1.3845993161534873,0.1413241127796495
sub-1066sg,sg,global,1,0.25,2.8863997905878214,4.1207009506955705,0.7004633010557584,-0.1546146135066682
sub-1066sg,sg,posterior,2,0.75,3.608684743727689,12.381912958280486,0.29144807881356954,-0.5354388031457558
sub-1066sg,sg,central,2,0.75,3.189823978174668,3.5809766689745266,0.890769271358623,-0.0502347731260642
sub-1066sg,sg,frontal,2,0.75,3.662705766948231,3.9076225917314225,0.9373233164069021,-0.02811057953736668
sub-1066sg,sg,global,2,0.75,3.0548151648705137,5.723800531297205,0.5337039870916309,-0.27269955274180097
sub-1066sg,sg,posterior,3,1.25,2.9624791744341517,10.10631048658794,0.2931316209180047,-0.5329373304886252
sub-1066sg,sg,central,3,1.25,2.917523836078744,2.7711930895754597,1.052804240546696,0.022347625550200714
sub-1066sg,sg,frontal,3,1.25,2.944154960502156,2.7827418209659163,1.0580050719474263,0.024487749658996787
sub-1066sg,sg,global,3,1.25,2.719946928231345,4.7218756825161226,0.5760310332401594,-0.23955411865681675
sub-1066sg,sg,posterior,4,1.75,3.2051340906850445,12.792673442187088,0.2505445093372978,-0.6011151103457397
sub-1066sg,sg,central,4,1.75,3.6372389882078293,3.2988069650529765,1.102592248270404,0.042414934864433936
sub-1066sg,sg,frontal,4,1.75,3.3537404708947967,3.014083235259719,1.1126900649795126,0.0463742103239642
sub-1066sg,sg,global,4,1.75,2.976113173454513,5.520885983116727,0.5390644151238921,-0.2683593359981287
sub-1066sg,sg,posterior,5,2.25,3.764325509670421,11.383820031594086,0.3306733152160786,-0.48060085051116536
sub-1066sg,sg,central,5,2.25,3.4836751011372633,3.180069877116064,1.0954712430081985,0.039600981470638126
sub-1066sg,sg,frontal,5,2.25,3.5728953644683608,2.7886984291616392,1.2812053562716974,0.10761874562898306
sub-1066sg,sg,global,5,2.25,3.146377746645949,5.121652100087266,0.6143286746462805,-0.21159921290767184
sub-1066sg,sg,posterior,6,2.75,3.398877930892332,11.508113318330333,0.29534623416320877,-0.5296685622789102
sub-1066sg,sg,central,6,2.75,3.8860525370705945,2.7978358173241054,1.388949456221944,0.14268644207793593
sub-1066sg,sg,frontal,6,2.75,3.4130929523319558,2.81321386890179,1.2132362171470255,0.08394536625479297
sub-1066sg,sg,global,6,2.75,3.159540448809456,4.817100123198517,0.6559009296056619,-0.18316175357376424
sub-1066sg,sg,posterior,7,3.25,3.5852122826713764,12.810231088745034,0.279871007621503,-0.5530420886083317
sub-1066sg,sg,central,7,3.25,4.12412703204374,2.8062364805456186,1.4696291850791858,0.16720776795275266
sub-1066sg,sg,frontal,7,3.25,3.8627436272537996,2.678544346883722,1.4421055345780636,0.1589970436065787
sub-1066sg,sg,global,7,3.25,3.459592368358188,5.186737746671216,0.6670073825457074,-0.17586935921520566
sub-1066sg,sg,posterior,8,3.75,3.220653614072971,12.324790065838146,0.26131508909023765,-0.582835512127149
sub-1066sg,sg,central,8,3.75,4.106517106733443,3.1546405790171645,1.301738503602473,0.11452375086161132
sub-1066sg,sg,frontal,8,3.75,4.016504265680022,2.9645913912995,1.3548255848909507,0.13188338938390376
sub-1066sg,sg,global,8,3.75,3.7262896889040933,5.4870793147510994,0.6791025744582521,-0.1680646231322923
sub-1066sg,sg,posterior,9,4.25,3.685141243670758,17.393906051529484,0.21186392709915294,-0.6739429819178622
sub-1066sg,sg,central,9,4.25,3.383243157678481,3.147697109816393,1.0748312304660812,0.031340276873558184
sub-1066sg,sg,frontal,9,4.25,4.18635416749116,3.6166604001342293,1.1575192869465398,0.06352823610007374
sub-1066sg,sg,global,9,4.25,3.281011066901516,6.440076415929506,0.5094677228962604,-0.2928833253220912
sub-1066sg,sg,posterior,10,4.75,3.858499817954279,9.673963971808764,0.3988540611892362,-0.39918598154155743
sub-1066sg,sg,central,10,4.75,3.510919122317192,2.96271455771254,1.1850345532537265,0.07373101369519132
sub-1066sg,sg,frontal,10,4.75,5.334529924325227,2.581843589703662,2.0661708345150034,0.31516622687378554
sub-1066sg,sg,global,10,4.75,3.653079458650343,4.521696320784439,0.807900221396689,-0.09264227285490562
sub-1066sg,sg,posterior,11,5.25,3.4358125556152244,11.268267995071504,0.3049104402839881,-0.5158277049225867
sub-1066sg,sg,central,11,5.25,3.332842797773529,2.901057102576574,1.1488373651154484,0.06025855224603043
sub-1066sg,sg,frontal,11,5.25,3.515591018934731,2.709288311784377,1.297606830414926,0.11314312293651982
sub-1066sg,sg,global,11,5.25,2.9025036940690634,5.025781382977944,0.5775228711498853,-0.23843081209814368
sub-1066sg,sg,posterior,12,5.75,3.875573891909169,10.495797111177403,0.3692500770410198,-0.4326794054039986
sub-1066sg,sg,central,12,5.75,3.7151156372993697,2.754848811677838,1.3485733306128993,0.1298745668175757
sub-1066sg,sg,frontal,12,5.75,4.554144291523307,3.1554538168349144,1.4432612726657974,0.15934495826312192
sub-1066sg,sg,global,12,5.75,3.5258563551814444,4.747123557001868,0.7427353244220724,-0.12916592058855814
sub-1066sg,sg,posterior,13,6.25,2.9447523508921467,10.107029750508488,0.29135684999284733,-0.5355747669023937
sub-1066sg,sg,central,13,6.25,3.3649636507188676,2.6444304317941016,1.2724719887737503,0.10464823088707735
sub-1066sg,sg,frontal,13,6.25,3.0092874983583378,2.7596717600719787,1.0904512420273664,0.037606251490263705
sub-1066sg,sg,global,13,6.25,2.748902106420806,4.432250439409578,0.6202045989953106,-0.2074650176683791
sub-1066sg,sg,posterior,14,6.75,3.3800802627317568,10.187341174534158,0.3317921923711679,-0.479133837871676
sub-1066sg,sg,central,14,6.75,2.7654302849970254,2.9968622270930156,0.9227752480565377,-0.03490406323702073
sub-1066sg,sg,frontal,14,6.75,3.7819598570355057,2.534197161443236,1.492370015473328,0.17387651466167897
sub-1066sg,sg,global,14,6.75,2.9856394122153214,4.416633155903787,0.6759989582164794,-0.17005397335005487
sub-1066sg,sg,posterior,15,7.25,3.411985791358501,5.427709468573093,0.6286235125726963,-0.20160937898244533
sub-1066sg,sg,central,15,7.25,3.269422735186397,2.0604835472442486,1.5867259603014154,0.20050192725539415
sub-1066sg,sg,frontal,15,7.25,3.390562108471297,2.150822730679161,1.5764023971425418,0.1976670866001797
sub-1066sg,sg,global,15,7.25,3.0531481501521065,2.969318288893165,1.0282320226741977,0.01209112516234899
sub-1067sg,sg,posterior,1,0.25,8.123262534311031,71.18713530125781,0.11411138402934864,-0.9426710271461504
sub-1067sg,sg,central,1,0.25,3.622359344738337,9.391553334241591,0.3857039635319133,-0.4137458982581624
sub-1067sg,sg,frontal,1,0.25,4.433063476290934,24.24272741997541,0.18286158151653342,-0.7378775284654575
sub-1067sg,sg,global,1,0.25,4.696903942573487,27.89954929058514,0.16835053117358006,-0.7737855090033008
sub-1067sg,sg,posterior,2,0.75,12.601742799201629,100.47002521772802,0.12542788530103843,-0.9016058998205864
sub-1067sg,sg,central,2,0.75,5.961209230811285,16.647492732065945,0.35808450718401375,-0.44601446868384037
sub-1067sg,sg,frontal,2,0.75,7.247880649845116,31.67283108661324,0.22883589503018842,-0.6404758514225709
sub-1067sg,sg,global,2,0.75,7.347358264051548,40.24016657769275,0.18258767020424257,-0.7385285528863573
sub-1067sg,sg,posterior,3,1.25,10.866142101511048,116.06006997656601,0.09362515552252432,-1.0286074478770644
sub-1067sg,sg,central,3,1.25,4.887281290068128,19.252607538322078,0.2538503566511734,-0.5954222220898754
sub-1067sg,sg,frontal,3,1.25,6.485700747577523,39.275499867005045,0.16513349975275796,-0.782164814793211
sub-1067sg,sg,global,3,1.25,9.219901017879495,51.105625739669925,0.18040872965425203,-0.7437424515560314
sub-1067sg,sg,posterior,4,1.75,10.370108132357156,70.91929659866128,0.14622406918447792,-0.83498113453521
sub-1067sg,sg,central,4,1.75,4.410410934391157,12.324616070623199,0.3578538194714039,-0.44629434308186183
sub-1067sg,sg,frontal,4,1.75,5.526721108599959,18.781971717179452,0.2942567048775177,-0.5312736326200158
sub-1067sg,sg,global,4,1.75,5.586651793966856,27.247263076995615,0.20503533797798457,-0.688171281548032
sub-1067sg,sg,posterior,5,2.25,12.087298284914612,90.38773668358573,0.13372719274106623,-0.8737802721950481
sub-1067sg,sg,central,5,2.25,3.4887899417020427,13.174030653947007,0.2648232749220743,-0.5770438480615877
sub-1067sg,sg,frontal,5,2.25,6.243544422293556,24.840830066665994,0.2513420205982485,-0.5997348978445294
sub-1067sg,sg,global,5,2.25,5.655061451957555,34.40982411802436,0.16434438701461868,-0.7842451241360885
sub-1067sg,sg,posterior,6,2.75,9.676536759475978,105.29972499017721,0.09189517598814854,-1.0367072861842488
sub-1067sg,sg,central,6,2.75,3.2140547448267704,14.938059168020246,0.21515879062170912,-0.6672409054935311
sub-1067sg,sg,frontal,6,2.75,4.43051145978681,30.508666129377623,0.14522140827128951,-0.8379693560274901
sub-1067sg,sg,global,6,2.75,5.5752174336007165,40.23012962427093,0.13858313372764217,-0.8582896223557976
sub-1067sg,sg,posterior,7,3.25,13.45778998355934,95.23189306237263,0.14131599772720144,-0.8498086709088941
sub-1067sg,sg,central,7,3.25,6.062700313649003,13.923701926882055,0.435423017921975,-0.36108861642430384
sub-1067sg,sg,frontal,7,3.25,10.12881749532543,26.587596641847618,0.38096025119409066,-0.4191203355779724
sub-1067sg,sg,global,7,3.25,16.186151522104623,38.05494921516924,0.42533630594499905,-0.37126754510489823
sub-1067sg,sg,posterior,8,3.75,15.084849406858066,127.47194141080165,0.11833858682864473,-0.926873621269807
sub-1067sg,sg,central,8,3.75,5.704785869228453,21.136403077703747,0.26990334392545184,-0.5687917347862941
sub-1067sg,sg,frontal,8,3.75,7.201910313595603,36.14595679618465,0.19924525318847813,-0.700612016424232
sub-1067sg,sg,global,8,3.75,8.890785884173253,49.27688595781496,0.18042507580094433,-0.74370310357252
sub-1067sg,sg,posterior,9,4.25,11.971678468550827,98.62387383708544,0.12138722606178068,-0.9158270129540765
sub-1067sg,sg,central,9,4.25,4.533461410764969,18.87137486035139,0.2402295245742659,-0.6193736181999396
sub-1067sg,sg,frontal,9,4.25,7.009495616884979,30.00903610656761,0.2335794989213572,-0.6315652775529722
sub-1067sg,sg,global,9,4.25,7.102154931648952,40.62897420721791,0.17480517463783826,-0.7574457153892828
sub-1067sg,sg,posterior,10,4.75,12.704807201809745,100.96699963050648,0.12583128396707427,-0.9002113718858894
sub-1067sg,sg,central,10,4.75,4.388456341757027,13.829061536169576,0.31733580259796557,-0.49848092697437335
sub-1067sg,sg,frontal,10,4.75,5.7790900009344535,29.356376451787877,0.19685978650755762,-0.7058429902180153
sub-1067sg,sg,global,10,4.75,5.81978007626249,37.56266074365592,0.1549352458277443,-0.809849774446835
sub-1067sg,sg,posterior,11,5.25,11.228989614959886,105.80342950341884,0.10613067712135968,-0.9741590649314041
sub-1067sg,sg,central,11,5.25,4.293664776697953,15.735682189734128,0.27286168625718155,-0.5640574413005778
sub-1067sg,sg,frontal,11,5.25,6.042941011107615,31.466569330485168,0.19204321092776852,-0.7166010413169429
sub-1067sg,sg,global,11,5.25,6.028536567729592,39.44606056678955,0.15282987657340721,-0.8157917376279451
sub-1067sg,sg,posterior,12,5.75,10.835837095691883,125.25675922478874,0.08650900089348179,-1.0629387036911988
sub-1067sg,sg,central,12,5.75,3.9129893391751587,17.60040481290128,0.2223238261148912,-0.6530139921110102
sub-1067sg,sg,frontal,12,5.75,5.31543368313996,29.646980144883116,0.17929089766187775,-0.7464417583773802
sub-1067sg,sg,global,12,5.75,6.467291885023573,45.2156652035284,0.14303210747674455,-0.8445664622916293
sub-1067sg,sg,posterior,13,6.25,15.262346697923382,126.40606955386014,0.12074061595135886,-0.9181466129483903
sub-1067sg,sg,central,13,6.25,4.512874652864084,19.241623234941425,0.23453710727840377,-0.6297884356298085
sub-1067sg,sg,frontal,13,6.25,7.118319680512946,34.374425843830004,0.20708184953700515,-0.6838579648021753
sub-1067sg,sg,global,13,6.25,6.764839334146743,47.543417570884486,0.1422876116143893,-0.8468329104689108
sub-1067sg,sg,posterior,14,6.75,8.86362764223148,102.59501868907438,0.08639432747796157,-1.0635147717096984
sub-1067sg,sg,central,14,6.75,3.447850430263065,19.300394541419482,0.17864144812500224,-0.7480177693916762
sub-1067sg,sg,frontal,14,6.75,4.746841839796458,25.037960863744615,0.18958579996304586,-0.7221941945751745
sub-1067sg,sg,global,14,6.75,5.7684267724862,39.76257537650039,0.14507175950920245,-0.8384171215595013
sub-1067sg,sg,posterior,15,7.25,9.330990573823591,87.77924793297792,0.10630064387140889,-0.9734641049127045
sub-1067sg,sg,central,15,7.25,4.014174555579021,11.760974289510633,0.34131309675246707,-0.46684704679842
sub-1067sg,sg,frontal,15,7.25,5.057874886599328,22.874486046497072,0.22111425263580406,-0.6553832626606129
sub-1067sg,sg,global,15,7.25,5.729308270138238,32.214889353343835,0.17784659159611696,-0.7499544535885906
sub-1068sg,sg,posterior,1,0.25,4.653848102710518,68.19091627859412,0.06824733200089603,-1.165914321868698
sub-1068sg,sg,central,1,0.25,3.418582363567334,10.001033993488521,0.3418228920922683,-0.46619885566900937
sub-1068sg,sg,frontal,1,0.25,4.049757823487128,15.070248887445077,0.26872534446733354,-0.5706913717386215
sub-1068sg,sg,global,1,0.25,4.088000866839021,24.01857859727569,0.17020161498244127,-0.7690363233663837
sub-1068sg,sg,posterior,2,0.75,5.432602728787007,64.13778146848422,0.08470206802298672,-1.0721059861272926
sub-1068sg,sg,central,2,0.75,3.77391819948183,9.001773292849487,0.4192416401421287,-0.3775355886535189
sub-1068sg,sg,frontal,2,0.75,4.292119297441067,15.46262039289501,0.2775803316890113,-0.5566113096204431
sub-1068sg,sg,global,2,0.75,4.202433288948676,22.30507613727124,0.18840703627666672,-0.7249028820151833
sub-1068sg,sg,posterior,3,1.25,5.623638031405751,84.31222795310285,0.06670014739183262,-1.1758732063924635
sub-1068sg,sg,central,3,1.25,3.226786227445595,8.409449602626202,0.3837095624472137,-0.4159973775900328
sub-1068sg,sg,frontal,3,1.25,4.229468263274898,18.127977189300235,0.2333116496732618,-0.6320635755547289
sub-1068sg,sg,global,3,1.25,4.411912057488992,26.980035427357084,0.163525065390219,-0.7864156685307739
sub-1068sg,sg,posterior,4,1.75,4.776425387721986,56.68273279741075,0.08426596869973374,-1.074347782313938
sub-1068sg,sg,central,4,1.75,3.0873663652615417,7.759772518627909,0.39786815371843565,-0.4002608213910755
sub-1068sg,sg,frontal,4,1.75,4.088760212163599,14.187854298894909,0.28818735560895015,-0.5403250780318394
sub-1068sg,sg,global,4,1.75,3.9277957815950773,20.05806634089955,0.1958212578839704,-0.7081401640110452
sub-1068sg,sg,posterior,5,2.25,4.0155236814960675,35.494815765908925,0.11312986403363125,-0.9464227348359934
sub-1068sg,sg,central,5,2.25,3.0750962446996155,5.722856576960109,0.5373358921975742,-0.26975414907818307
sub-1068sg,sg,frontal,5,2.25,4.118275472202447,9.663766183778042,0.4261563653222009,-0.37043102029503827
sub-1068sg,sg,global,5,2.25,3.6836075008029354,13.245804165308208,0.27809617708606854,-0.5558049812251494
sub-1068sg,sg,posterior,6,2.75,5.154237148823445,86.3148200163618,0.059714393748911375,-1.2239209725177016
sub-1068sg,sg,central,6,2.75,2.8715956925164168,10.66547842005678,0.2692420892358928,-0.569857048110466
sub-1068sg,sg,frontal,6,2.75,4.050313274319375,19.682479064968955,0.20578267915082696,-0.6865911828573037
sub-1068sg,sg,global,6,2.75,4.06146418740063,29.054082808552245,0.13978979182248058,-0.8545245418738593
sub-1068sg,sg,posterior,7,3.25,3.7201755292257044,28.986055798288394,0.12834362684989306,-0.8916256921864877
sub-1068sg,sg,central,7,3.25,3.639260556455817,5.9163049345843275,0.6151238985641478,-0.2110373996013353
sub-1068sg,sg,frontal,7,3.25,4.348653389763503,8.704741238614298,0.4995729649576306,-0.30140107207413847
sub-1068sg,sg,global,7,3.25,3.851277769836754,11.771080402718852,0.32718133239045727,-0.48521148333535113
sub-1068sg,sg,posterior,8,3.75,5.128810299738411,42.57602953493741,0.12046239059303937,-0.9191485224450034
sub-1068sg,sg,central,8,3.75,3.927046216285104,8.41973079065785,0.4664099499050938,-0.3312321933631386
sub-1068sg,sg,frontal,8,3.75,4.6922355264328885,13.39339753882676,0.35033944992899246,-0.4555109562540648
sub-1068sg,sg,global,8,3.75,4.40887772067822,17.151424610102843,0.25705606507352297,-0.5899721447753989
sub-1068sg,sg,posterior,9,4.25,5.351558122609841,59.33680310160859,0.0901895256043001,-1.0448438974513719
sub-1068sg,sg,central,9,4.25,3.1377946219769286,9.528838198542786,0.32929456420582115,-0.4824154382978138
sub-1068sg,sg,frontal,9,4.25,4.647174737360552,15.40712285664449,0.3016250847481499,-0.5205325430586283
sub-1068sg,sg,global,9,4.25,4.257323256197349,21.57449740787261,0.1973312831215172,-0.7048040601604451
sub-1068sg,sg,posterior,10,4.75,4.0168443657541895,49.5763613711492,0.08102337998713595,-1.0913896436611468
sub-1068sg,sg,central,10,4.75,3.1058852379004,7.34663575395707,0.42276292740217825,-0.37390310350883116
sub-1068sg,sg,frontal,10,4.75,4.075199946309981,12.17461791676534,0.33472918609611,-0.47530641848216776
sub-1068sg,sg,global,10,4.75,3.7679143916202227,17.682673544010633,0.2130851074212399,-0.6714469021900145
sub-1068sg,sg,posterior,11,5.25,6.347691574383768,34.554684647964436,0.18369988437320903,-0.7358911170534355
sub-1068sg,sg,central,11,5.25,4.18478880071993,7.141220268149134,0.5860047223840283,-0.23209888415757285
sub-1068sg,sg,frontal,11,5.25,5.221538969658679,11.066822107686923,0.4718191833979008,-0.3262244053866616
sub-1068sg,sg,global,11,5.25,4.933581660687784,14.165798313135364,0.3482741707619172,-0.45807873315452663
sub-1068sg,sg,posterior,12,5.75,4.504335840881776,28.886464847778072,0.155932401718871,-0.8070636319209331
sub-1068sg,sg,central,12,5.75,3.4709814232081153,5.169344388794165,0.671454861999972,-0.17298317710282432
sub-1068sg,sg,frontal,12,5.75,4.389258852268751,7.339865204669763,0.5980026512579849,-0.22329689055312676
sub-1068sg,sg,global,12,5.75,4.044283241160102,10.654942987225333,0.3795687359387062,-0.4207095664461947
sub-1068sg,sg,posterior,13,6.25,6.112630317027836,20.951118407368384,0.29175675485076064,-0.5349790802339157
sub-1068sg,sg,central,13,6.25,4.628740967940806,5.3569528914634725,0.8640622872224427,-0.06345494962530726
sub-1068sg,sg,frontal,13,6.25,4.878091242185109,7.4830321788104674,0.6518869791844928,-0.18582769348780745
sub-1068sg,sg,global,13,6.25,5.128536817834557,9.219773227671444,0.5562541172316692,-0.2547267614773002
sub-1068sg,sg,posterior,14,6.75,6.7202164998462335,22.022534814881016,0.30515181637062344,-0.5154840406266372
sub-1068sg,sg,central,14,6.75,5.143684328498073,7.565285068004961,0.6799062140105862,-0.16755098956838704
sub-1068sg,sg,frontal,14,6.75,5.47000865496775,8.106526173213574,0.674766051214677,-0.170846775728764
sub-1068sg,sg,global,14,6.75,5.64830720820501,10.51224017367548,0.5373076637222746,-0.2697769649616273
sub-1068sg,sg,posterior,15,7.25,5.341072568353823,24.180956843200768,0.22087928955779237,-0.6558450032432349
sub-1068sg,sg,central,15,7.25,4.369376606624258,6.0350769859831,0.7239968299944557,-0.14026333534833577
sub-1068sg,sg,frontal,15,7.25,4.8019493161658415,8.04201961000456,0.5971073870787438,-0.22394755593647353
sub-1068sg,sg,global,15,7.25,4.715793236148844,10.304300237528917,0.4576529339637858,-0.3394637490777276
sub-1069sg,sg,posterior,1,0.25,7.460013433601521,63.71002720493185,0.11709323886498098,-0.9314681810028064
sub-1069sg,sg,central,1,0.25,2.9186273338292543,14.906782036029389,0.19579191047236025,-0.7082052558923922
sub-1069sg,sg,frontal,1,0.25,3.793764031043827,14.856830439538523,0.2553548717193051,-0.592855852158827
sub-1069sg,sg,global,1,0.25,4.287235875933478,23.843636126725492,0.17980629519539035,-0.7451951072592945
sub-1069sg,sg,posterior,2,0.75,6.727091389478927,50.393132408139266,0.13349222538887856,-0.8745440269513176
sub-1069sg,sg,central,2,0.75,2.8790633652893245,11.506039896656821,0.2502219174579658,-0.6016746522198915
sub-1069sg,sg,frontal,2,0.75,4.548473313566993,11.194307584227984,0.4063202015259508,-0.3911315847788221
sub-1069sg,sg,global,2,0.75,4.010880644840744,18.51497100165459,0.2166290535633197,-0.6642832976827074
sub-1069sg,sg,posterior,3,1.25,7.258296495990625,45.398613805083194,0.15987925374007625,-0.79620788754055
sub-1069sg,sg,central,3,1.25,2.895213394775611,13.090816451472785,0.22116369941539318,-0.6552861542087295
sub-1069sg,sg,frontal,3,1.25,4.105780611962016,12.342911278366012,0.3326428035789585,-0.4780218676778891
sub-1069sg,sg,global,3,1.25,4.185942740139184,18.551217982695203,0.22564247501397922,-0.6465791452566124
sub-1069sg,sg,posterior,4,1.75,5.979036921559018,43.54149363161045,0.13731814007451343,-0.8622720875711194
sub-1069sg,sg,central,4,1.75,2.6580401897257153,13.030042731798309,0.2039932058886558,-0.6903842967613667
sub-1069sg,sg,frontal,4,1.75,3.33868998696062,10.68941461038367,0.31233609216705144,-0.505377827734866
sub-1069sg,sg,global,4,1.75,3.4981439107007786,17.915755654420682,0.19525516970519843,-0.7093974586300827
sub-1069sg,sg,posterior,5,2.25,7.277445689026353,40.55780468538397,0.17943391525944608,-0.7460954664316182
sub-1069sg,sg,central,5,2.25,3.2229236437667392,10.607382548471998,0.3038377874125982,-0.5173582151860403
sub-1069sg,sg,frontal,5,2.25,4.157264351499359,10.093179445040926,0.411888481140791,-0.38522035333841753
sub-1069sg,sg,global,5,2.25,4.272759040093741,16.04686604833443,0.2662675083859897,-0.5746818256361219
sub-1069sg,sg,posterior,6,2.75,5.467165766840528,36.89275110658394,0.14819078552981235,-0.8291787998517575
sub-1069sg,sg,central,6,2.75,2.5681294472040856,9.925573191936838,0.25873865393389445,-0.5871386855618438
sub-1069sg,sg,frontal,6,2.75,3.8489037057195117,8.814810904752745,0.43664053004747616,-0.3598759544743016
sub-1069sg,sg,global,6,2.75,3.5329079083126893,14.473671825733375,0.24409202798362317,-0.6124464043569164
sub-1069sg,sg,posterior,7,3.25,5.971279729649178,34.33403201330946,0.17391722962611655,-0.7596573911951833
sub-1069sg,sg,central,7,3.25,2.606761695748581,11.083775581304224,0.23518715952221078,-0.6285863930588119
sub-1069sg,sg,frontal,7,3.25,3.779372457441533,8.891350491568597,0.42506168900049546,-0.3715480364242326
sub-1069sg,sg,global,7,3.25,3.676480533328353,13.97777660316948,0.2630232717050798,-0.5800058244152794
sub-1069sg,sg,posterior,8,3.75,5.978807714253867,26.641716453290325,0.2244152596074743,-0.6489476156065949
sub-1069sg,sg,central,8,3.75,2.351964213383304,8.749444557520228,0.2688129741175135,-0.5705497741164778
sub-1069sg,sg,frontal,8,3.75,3.798469462802096,6.115350191540423,0.6211368676902022,-0.20681269236252345
sub-1069sg,sg,global,8,3.75,3.5991285638901753,10.53640475308053,0.34158981628319635,-0.46649508528379147
sub-1069sg,sg,posterior,9,4.25,5.156727851678221,34.233491654292784,0.15063400203968333,-0.8220769854298424
sub-1069sg,sg,central,9,4.25,2.6683927234043767,10.855755420661282,0.2458044253950068,-0.6094103024612381
sub-1069sg,sg,frontal,9,4.25,2.976299607424185,8.10102141729266,0.3673980667512982,-0.4348631332818499
sub-1069sg,sg,global,9,4.25,3.232246554844047,13.990653298129645,0.2310289938552157,-0.6363335132629898
sub-1069sg,sg,posterior,10,4.75,5.887096326658725,29.7817925621956,0.19767434463067493,-0.7040496923875661
sub-1069sg,sg,central,10,4.75,2.8222056486178473,9.267549983625338,0.30452553842216656,-0.5163762802700549
sub-1069sg,sg,frontal,10,4.75,3.940449081438082,7.1566237950625835,0.5506016795456863,-0.2591624681764133
sub-1069sg,sg,global,10,4.75,3.745197252140273,12.167215735549973,0.30781054051648127,-0.5117165124780123
sub-1069sg,sg,posterior,11,5.25,6.2043968320386895,51.49168986711079,0.12049316788885607,-0.9190375774234568
sub-1069sg,sg,central,11,5.25,3.0677572146069956,12.420023405436686,0.24700092056703607,-0.6073014281312696
sub-1069sg,sg,frontal,11,5.25,4.209525707387557,11.450895526297161,0.36761541468266085,-0.4346062862650822
sub-1069sg,sg,global,11,5.25,3.9726486602262465,19.741850798397092,0.2012297986037256,-0.696307707458435
sub-1069sg,sg,posterior,12,5.75,4.474891971713533,27.095152036867727,0.16515470980287006,-0.782109036794053
sub-1069sg,sg,central,12,5.75,2.5093358029619806,9.49442357200959,0.26429575044026127,-0.5779098197482827
sub-1069sg,sg,frontal,12,5.75,3.078690663909939,6.211862618496826,0.49561473796001854,-0.3048557876076308
sub-1069sg,sg,global,12,5.75,3.0505826633381994,10.816398768641966,0.2820331173608543,-0.5496998922387691
sub-1069sg,sg,posterior,13,6.25,5.320788672511625,32.64768479168859,0.16297598762244192,-0.7878763784873329
sub-1069sg,sg,central,13,6.25,2.6046533873486837,7.049710161384563,0.36946957076560577,-0.432421323961361
sub-1069sg,sg,frontal,13,6.25,3.705477118790534,7.754955690913365,0.4778205403716639,-0.3207351848952032
sub-1069sg,sg,global,13,6.25,3.685664971682141,12.029218388346697,0.3063927225107683,-0.5137215543493239
sub-1069sg,sg,posterior,14,6.75,5.582589703660663,31.324330861008352,0.17821896111465588,-0.7490460922778435
sub-1069sg,sg,central,14,6.75,2.994305883014239,7.519087199077155,0.39822731187127886,-0.39986895779874276
sub-1069sg,sg,frontal,14,6.75,3.903618498023025,7.50412119183648,0.5201966223932605,-0.2838324719800753
sub-1069sg,sg,global,14,6.75,3.77879490204844,12.357844913848556,0.3057810587842718,-0.5145894199055253
sub-1069sg,sg,posterior,15,7.25,6.098734786322986,43.85192180334771,0.13907565587826531,-0.8567488832574219
sub-1069sg,sg,central,15,7.25,2.736817175246648,9.538880335345803,0.28691178409121254,-0.5422516139684055
sub-1069sg,sg,frontal,15,7.25,3.195826280337216,9.78053142748648,0.3267538480941744,-0.48577928914535207
sub-1069sg,sg,global,15,7.25,3.4840270928854986,15.9577273734613,0.21832852582001458,-0.6608895176263205
sub-1070sg,sg,posterior,1,0.25,8.131205522116428,42.72862694039713,0.19029877869604334,-0.7205639989293281
sub-1070sg,sg,central,1,0.25,3.229350167645377,11.857870142391159,0.27233812892760967,-0.5648915506408781
sub-1070sg,sg,frontal,1,0.25,6.026899551189554,18.56341556563238,0.3246654436992475,-0.48856393376199775
sub-1070sg,sg,global,1,0.25,5.349287548097929,24.395421608078212,0.21927424063565212,-0.6590123843137048
sub-1070sg,sg,posterior,2,0.75,11.138077214756798,51.676888608110914,0.2155330461015532,-0.6664861332096383
sub-1070sg,sg,central,2,0.75,4.125311462345752,10.397967100172954,0.3967421153195545,-0.40149169546721647
sub-1070sg,sg,frontal,2,0.75,7.423040970450896,22.95366724592844,0.32339237521044084,-0.49027022389488745
sub-1070sg,sg,global,2,0.75,7.207559443765521,27.676673365452118,0.26042000599546333,-0.5843256554352886
sub-1070sg,sg,posterior,3,1.25,7.597656888492417,42.09272945156345,0.18049808096277342,-0.743527411108509
sub-1070sg,sg,central,3,1.25,3.2264363189300824,11.505153964611077,0.28043399756790216,-0.5521693371350884
sub-1070sg,sg,frontal,3,1.25,6.155689017762227,18.11953335012796,0.33972668604728473,-0.46887033729871747
sub-1070sg,sg,global,3,1.25,5.5995687735169,24.48242983338395,0.22871785242008105,-0.6406999355028439
sub-1070sg,sg,posterior,4,1.75,7.853026430436539,43.039503167302065,0.18246089876805627,-0.7388301902140525
sub-1070sg,sg,central,4,1.75,3.7087878436043646,11.442607890034878,0.3241208542009264,-0.48929302520655105
sub-1070sg,sg,frontal,4,1.75,6.494775745385626,16.95089712031596,0.38315233107052005,-0.416628527883664
sub-1070sg,sg,global,4,1.75,5.813369269134047,24.484426086103316,0.2374313062797725,-0.6244620181187429
sub-1070sg,sg,posterior,5,2.25,4.4366249300661735,29.364910422332084,0.1510859344114365,-0.8207759651238096
sub-1070sg,sg,central,5,2.25,2.631097895118083,7.887152251471668,0.3335928876771898,-0.47678321725335576
sub-1070sg,sg,frontal,5,2.25,4.369394431855932,13.318172661641496,0.3280776231742737,-0.4840233900447503
sub-1070sg,sg,global,5,2.25,3.5297068985716376,17.21319702035429,0.20505818264891895,-0.6881228959284651
sub-1070sg,sg,posterior,6,2.75,7.168203713997897,48.33122120589414,0.14831414425596415,-0.8288174296904443
sub-1070sg,sg,central,6,2.75,3.215770945894908,9.290340158522143,0.3461413566159945,-0.4607465085443702
sub-1070sg,sg,frontal,6,2.75,5.914272047640353,21.177722277956345,0.27926856203022615,-0.5539779511778404
sub-1070sg,sg,global,6,2.75,5.020253721590036,25.488266918764587,0.19696332189200752,-0.7056146397417471
sub-1070sg,sg,posterior,7,3.25,8.168034270775099,49.28580035475307,0.16572794216554468,-0.7806042622189024
sub-1070sg,sg,central,7,3.25,3.4210285788098314,10.11831004087592,0.338102762713296,-0.47095128050238405
sub-1070sg,sg,frontal,7,3.25,6.340735559123934,21.38445923142145,0.29651138195756277,-0.5279586310468092
sub-1070sg,sg,global,7,3.25,5.452786297885835,25.62139424146335,0.2128216070717002,-0.6719842816606422
sub-1070sg,sg,posterior,8,3.75,5.638816418040608,31.28174629902188,0.18025900357797234,-0.744103033922954
sub-1070sg,sg,central,8,3.75,3.0395640946952334,8.211906155667586,0.3701411142646128,-0.4316326719799192
sub-1070sg,sg,frontal,8,3.75,6.771654179555404,13.324490989567817,0.5082110967583794,-0.2939558563885289
sub-1070sg,sg,global,8,3.75,4.9014940748742575,17.173071646581988,0.2854174358405951,-0.5445194998336297
sub-1070sg,sg,posterior,9,4.25,7.165078868275973,38.174708487912596,0.18769177688795396,-0.726554754178952
sub-1070sg,sg,central,9,4.25,3.1770599218178925,9.18006692075425,0.34608243591723836,-0.4608204410924204
sub-1070sg,sg,frontal,9,4.25,6.2638946987843225,15.808348520887941,0.39623966352384576,-0.4020420538167348
sub-1070sg,sg,global,9,4.25,5.138688745436304,20.856217149984726,0.24638642321769588,-0.6083832270436836
sub-1070sg,sg,posterior,10,4.75,7.806921801217088,32.73823423657413,0.23846496255120075,-0.6225754224456596
sub-1070sg,sg,central,10,4.75,3.496155352519748,8.613676967885814,0.40588419620963134,-0.39159785834659616
sub-1070sg,sg,frontal,10,4.75,6.610541954676269,15.109628165621787,0.4375052702962551,-0.35901671099184984
sub-1070sg,sg,global,10,4.75,5.612627892147045,18.69253805174723,0.30026034327759044,-0.5225020232222706
sub-1070sg,sg,posterior,11,5.25,6.885693057261176,41.995637573473346,0.16396210309259698,-0.7852565197550719
sub-1070sg,sg,central,11,5.25,3.796287604015717,9.347459154781586,0.406130429794258,-0.3913344692722721
sub-1070sg,sg,frontal,11,5.25,6.307518430308193,18.279401007407195,0.3450615492133607,-0.4621034321742464
sub-1070sg,sg,global,11,5.25,5.1233787173295005,23.33022333295858,0.21960264349856046,-0.6583624363078849
sub-1070sg,sg,posterior,12,5.75,7.062606211647549,35.44315347424056,0.19926574018817267,-0.7005673632474122
sub-1070sg,sg,central,12,5.75,3.61975887137142,10.321436419131587,0.35070301500495754,-0.4550605004589951
sub-1070sg,sg,frontal,12,5.75,7.066568852106191,14.722063582254279,0.47999852823785594,-0.3187600942476581
sub-1070sg,sg,global,12,5.75,5.4934715157063385,20.653380565030456,0.265984132641592,-0.5751442705559268
sub-1070sg,sg,posterior,13,6.25,6.11039646598351,32.97844239833418,0.18528456839102142,-0.732160749821438
sub-1070sg,sg,central,13,6.25,3.355388685171755,9.708553053393395,0.34561161346272484,-0.46141167250669746
sub-1070sg,sg,frontal,13,6.25,5.387288143233263,15.507082860298993,0.3474082257615144,-0.45915990275552343
sub-1070sg,sg,global,13,6.25,4.692900127985271,19.254776163735254,0.24372654805637015,-0.6130971624589944
sub-1070sg,sg,posterior,14,6.75,7.396284618925086,45.5820872766636,0.16226296470437673,-0.7897805932972219
sub-1070sg,sg,central,14,6.75,3.2846700793585266,11.527180668530143,0.28494999547685257,-0.5452313455839144
sub-1070sg,sg,frontal,14,6.75,6.86298017713382,19.797776810192,0.3466540835838053,-0.4601036794477071
sub-1070sg,sg,global,14,6.75,5.56993618149028,24.96270304578489,0.2231303305284801,-0.6514413912319033
sub-1070sg,sg,posterior,15,7.25,7.073793278336993,34.746335651642475,0.2035838641880676,-0.6912566466289264
sub-1070sg,sg,central,15,7.25,3.412092485723516,9.330650191881842,0.3656864650967428,-0.43689111360939353
sub-1070sg,sg,frontal,15,7.25,5.799507312174475,16.30936986763914,0.35559358572655764,-0.449046081528274
sub-1070sg,sg,global,15,7.25,5.240937990380908,20.553032238852552,0.2549958531410109,-0.5934668822037708
sub-1071sg,sg,posterior,1,0.25,3.6856679308536595,7.715320903050692,0.477707664680068,-0.320837790532525
sub-1071sg,sg,central,1,0.25,3.029106368065873,3.5259218229618647,0.8590962931564222,-0.0659581548617907
sub-1071sg,sg,frontal,1,0.25,3.8278662072560983,3.5210697457917743,1.0871316059078333,0.036282122062229735
sub-1071sg,sg,global,1,0.25,3.570366203816466,5.110144881469715,0.698681991730458,-0.1557204503808081
sub-1071sg,sg,posterior,2,0.75,4.105520098379084,8.956417893033288,0.45838862672682407,-0.3387661663701977
sub-1071sg,sg,central,2,0.75,2.759977579781943,4.123927152503987,0.6692595377457445,-0.1744054308831576
sub-1071sg,sg,frontal,2,0.75,4.276561474948857,5.065782231947247,0.8442055499304361,-0.07355179705694771
sub-1071sg,sg,global,2,0.75,3.7741120318666352,6.046216445693135,0.6242105398914433,-0.20466890247932396
sub-1071sg,sg,posterior,3,1.25,4.126197825719607,8.259964098185122,0.49954185958583214,-0.3014281137934727
sub-1071sg,sg,central,3,1.25,2.8641400278467484,4.027556557300223,0.7111358927177068,-0.14804740093243385
sub-1071sg,sg,frontal,3,1.25,4.19368023135807,4.237814451247145,0.9895856176817542,-0.004546625229017349
sub-1071sg,sg,global,3,1.25,3.8986348154206287,5.774052645383427,0.6751990421385808,-0.1705681824875907
sub-1071sg,sg,posterior,4,1.75,3.7012716548351623,14.738044025398361,0.25113723696690604,-0.6000888882019862
sub-1071sg,sg,central,4,1.75,2.5929072444186247,5.312326522050722,0.4880925962769477,-0.3114977799698949
sub-1071sg,sg,frontal,4,1.75,3.869762100242942,6.013475712045585,0.6435150461307139,-0.1914412943304556
sub-1071sg,sg,global,4,1.75,3.3468642138345435,8.61459599290966,0.3885108734744169,-0.41059682184670904
sub-1071sg,sg,posterior,5,2.25,2.9753381651435076,7.469369733651778,0.398338584276891,-0.39974762447956985
sub-1071sg,sg,central,5,2.25,2.605802139349261,3.7598718730484646,0.6930561006687986,-0.15923160921970644
sub-1071sg,sg,frontal,5,2.25,3.218578939912891,4.374846763460302,0.7357009545557531,-0.13329868046962912
sub-1071sg,sg,global,5,2.25,3.004832000194746,5.076957316480784,0.5918568569486454,-0.22778331651069864
sub-1071sg,sg,posterior,6,2.75,4.120595235231965,9.84528091482513,0.41853505967789384,-0.37826815634002436
sub-1071sg,sg,central,6,2.75,3.0142330279536687,4.163752491446339,0.7239222394092477,-0.14030808132933836
sub-1071sg,sg,frontal,6,2.75,5.443592326644968,4.600985341525968,1.1831362029159476,0.07303474358809808
sub-1071sg,sg,global,6,2.75,4.215373081736076,6.383866635977026,0.660316595271563,-0.18024778777273012
sub-1071sg,sg,posterior,7,3.25,3.2810888990620963,7.144184190953406,0.4592671201306511,-0.3379346454964302
sub-1071sg,sg,central,7,3.25,2.712553741096903,3.4713156188906975,0.7814195074441931,-0.10711575119976706
sub-1071sg,sg,frontal,7,3.25,2.9150009801097125,3.8342473774051955,0.7602537586091856,-0.11904142407538709
sub-1071sg,sg,global,7,3.25,3.042681857108462,5.157939357654261,0.5899026037584552,-0.22921968690351946
sub-1071sg,sg,posterior,8,3.75,3.316320817305188,8.802046861274821,0.3767670031269156,-0.42392713928521525
sub-1071sg,sg,central,8,3.75,2.4871504428670868,4.086984974033185,0.6085538504959749,-0.21570098532467902
sub-1071sg,sg,frontal,8,3.75,3.2396615528362718,4.66464953532192,0.694513388048711,-0.15831937800464213
sub-1071sg,sg,global,8,3.75,3.1669852563830485,6.003270954776463,0.5275432810280298,-0.2777419039154684
sub-1071sg,sg,posterior,9,4.25,6.694973584510078,5.958242910278511,1.1236489826490021,0.05063066291695127
sub-1071sg,sg,central,9,4.25,3.6427332399597625,3.022970579745907,1.2050177611275161,0.08099344815804577
sub-1071sg,sg,frontal,9,4.25,10.42802264983703,4.1378843556128375,2.520133902652917,0.40142361682849476
sub-1071sg,sg,global,9,4.25,6.445214596588116,4.393084522007123,1.4671273826626516,0.16646782289970702
sub-1071sg,sg,posterior,10,4.75,5.285245103222709,10.17567952019689,0.5193997209456577,-0.28449828803708493
sub-1071sg,sg,central,10,4.75,3.7071307999366447,4.020429737155371,0.9220732713412871,-0.035234566934604174
sub-1071sg,sg,frontal,10,4.75,4.942391386683648,5.217459296200793,0.9472793377195217,-0.02352193552523419
sub-1071sg,sg,global,10,4.75,4.60869511581513,6.6572154828737835,0.6922857052879489,-0.15971463585737514
sub-1071sg,sg,posterior,11,5.25,6.557985218580549,9.916113029020666,0.6613463561163369,-0.17957103498550547
sub-1071sg,sg,central,11,5.25,3.7740517759871253,5.70972243674112,0.6609869074723713,-0.17980714273647155
sub-1071sg,sg,frontal,11,5.25,7.568891032595354,5.7024192937319835,1.3273122586609807,0.1229731054268477
sub-1071sg,sg,global,11,5.25,5.720562594315474,7.030031839273127,0.8137321032257167,-0.08951854995159951
sub-1071sg,sg,posterior,12,5.75,4.11090797643526,12.096267969608865,0.33984928134559067,-0.4687136441115131
sub-1071sg,sg,central,12,5.75,2.9563018141469333,4.746195181637424,0.6228782637478927,-0.2055968242054155
sub-1071sg,sg,frontal,12,5.75,4.554194421333867,5.916041517136574,0.7698043376034562,-0.11361964612277572
sub-1071sg,sg,global,12,5.75,3.993006088702884,7.374492601555226,0.5414618068585205,-0.2664321718282808
sub-1071sg,sg,posterior,13,6.25,3.895369780338135,10.565012517262675,0.3687047009147699,-0.43332132518658883
sub-1071sg,sg,central,13,6.25,3.14394679201486,4.255423059436834,0.7388094551593027,-0.13146755516840344
sub-1071sg,sg,frontal,13,6.25,3.870388488114756,4.8002997654913315,0.8062805818791621,-0.09351379943948943
sub-1071sg,sg,global,13,6.25,3.850337948897104,6.363214793631182,0.6050931916915381,-0.21817773357795153
sub-1071sg,sg,posterior,14,6.75,4.020119882720596,23.230480765416655,0.17305366700397226,-0.7618191935803881
sub-1071sg,sg,central,14,6.75,2.4484540906557566,6.339709377707531,0.3862092005771295,-0.4131773843311393
sub-1071sg,sg,frontal,14,6.75,3.818372337574058,10.60173582869645,0.3601648257673622,-0.4434987032906463
sub-1071sg,sg,global,14,6.75,3.481416402585194,12.333781555059163,0.28226674739161084,-0.549340281169196
sub-1071sg,sg,posterior,15,7.25,4.477104530992719,10.61786418364516,0.42165773205960416,-0.3750399314805246
sub-1071sg,sg,central,15,7.25,3.3584586824396143,4.288610182619425,0.783111203729949,-0.10617656267116898
sub-1071sg,sg,frontal,15,7.25,5.186495072909492,4.823900132501136,1.075166344751908,0.03147566147863651
sub-1071sg,sg,global,15,7.25,4.40505052627847,6.48200905397622,0.679581051121227,-0.1677587391441031
sub-1072sg,sg,posterior,1,0.25,4.294433000968762,39.22692346499007,0.1094766711644244,-0.9606784165679142
sub-1072sg,sg,central,1,0.25,2.332448199306264,7.683942215023895,0.30354837842816995,-0.5177720828094109
sub-1072sg,sg,frontal,1,0.25,5.648568826684259,7.943490120176754,0.7110940834856316,-0.14807293480401848
sub-1072sg,sg,global,1,0.25,4.119492714374875,14.471532411300519,0.2846618172349218,-0.5456707825062537
sub-1072sg,sg,posterior,2,0.75,7.174567562526099,44.25269473718015,0.16212724682951757,-0.7901439922253667
sub-1072sg,sg,central,2,0.75,2.871756039224461,7.829336883363658,0.36679428692442345,-0.4355774373872956
sub-1072sg,sg,frontal,2,0.75,10.903793545292917,9.829834481654801,1.1092550505954522,0.045031414797419775
sub-1072sg,sg,global,2,0.75,6.044874807376925,16.186719066982228,0.37344657569966105,-0.4277715184492731
sub-1072sg,sg,posterior,3,1.25,8.43750520199364,31.582893813512012,0.2671542782562834,-0.573237866556057
sub-1072sg,sg,central,3,1.25,3.0421175467022543,6.732435273787975,0.451859902544688,-0.34499619568187606
sub-1072sg,sg,frontal,3,1.25,14.721826768603263,7.150658511139099,2.0588071358281206,0.3136156648459607
sub-1072sg,sg,global,3,1.25,7.4258523723433045,11.644610772688615,0.6377072207308098,-0.19537866548758895
sub-1072sg,sg,posterior,4,1.75,5.19509325401305,40.831133009630754,0.12723362961267065,-0.895398083460649
sub-1072sg,sg,central,4,1.75,2.7523580700506147,6.689842540525209,0.4114234458251586,-0.38571096275711375
sub-1072sg,sg,frontal,4,1.75,5.257042343521741,8.732670391598779,0.6019971105950881,-0.22040559321995065
sub-1072sg,sg,global,4,1.75,4.365187402216376,14.924291893622335,0.29248874474786785,-0.533890841335447
sub-1072sg,sg,posterior,5,2.25,5.431945447304471,31.791621359426316,0.17086091287677851,-0.7673572776155215
sub-1072sg,sg,central,5,2.25,2.656066358358426,7.760437084512996,0.3422573148178685,-0.46564726123315836
sub-1072sg,sg,frontal,5,2.25,7.216399868490822,7.386129506234065,0.9770204898790379,-0.01009632824838138
sub-1072sg,sg,global,5,2.25,4.639688869336516,12.445938657780754,0.3727873804388349,-0.4285387977626417
sub-1072sg,sg,posterior,6,2.75,5.726893441588988,24.287984380742767,0.23579121889297963,-0.6274723725120662
sub-1072sg,sg,central,6,2.75,2.874190666413794,6.210428844668954,0.4628006758150052,-0.334606015531625
sub-1072sg,sg,frontal,6,2.75,9.818780355044721,6.502260329260004,1.5100564815684883,0.17899319177977177
sub-1072sg,sg,global,6,2.75,5.703236047972293,10.442567430056117,0.5461526665901208,-0.2626859415626082
sub-1072sg,sg,posterior,7,3.25,4.798369430809748,35.08812842297132,0.13675193424304657,-0.8640665222147073
sub-1072sg,sg,central,7,3.25,3.006612647485331,8.560128614865016,0.3512345179328526,-0.4544028099324639
sub-1072sg,sg,frontal,7,3.25,5.105683758309539,8.107497315578003,0.6297484364872148,-0.20083290207648363
sub-1072sg,sg,global,7,3.25,4.183876558208018,13.873854467509341,0.3015655503671371,-0.5206182720197101
sub-1072sg,sg,posterior,8,3.75,8.103208140374221,32.54940686191956,0.24895102312461448,-0.6038860845463393
sub-1072sg,sg,central,8,3.75,3.346283708072623,6.778026792423181,0.4936958513963484,-0.306540522209765
sub-1072sg,sg,frontal,8,3.75,16.489054478268518,8.529057288968904,1.9332798361660337,0.28629472133671874
sub-1072sg,sg,global,8,3.75,7.944104445984485,13.09665215578479,0.6065752034557607,-0.21711534744185151
sub-1072sg,sg,posterior,9,4.25,7.257970486997341,25.11323268212216,0.28900980526351006,-0.5390874226427667
sub-1072sg,sg,central,9,4.25,3.193503889174446,7.002888570981497,0.45602666054228774,-0.34100976657254384
sub-1072sg,sg,frontal,9,4.25,13.659835783564562,6.295005743007366,2.1699481050892153,0.3364493476997333
sub-1072sg,sg,global,9,4.25,6.956627543163339,10.921112681146267,0.6369888990499071,-0.19586813614718965
sub-1072sg,sg,posterior,10,4.75,6.633933802315109,24.894800920660703,0.2664786845838752,-0.5743375241151925
sub-1072sg,sg,central,10,4.75,3.559693419680153,5.8617457020995305,0.6072753068092258,-0.2166143779166664
sub-1072sg,sg,frontal,10,4.75,9.876335517506702,6.5067371415934785,1.5178629937843193,0.18123257279217939
sub-1072sg,sg,global,10,4.75,6.039419458093951,10.317821913635106,0.5853386023374563,-0.23259283377181705
sub-1072sg,sg,posterior,11,5.25,7.618176063532256,26.67510837517419,0.2855911944718578,-0.544255187131286
sub-1072sg,sg,central,11,5.25,3.6698556619235476,7.563644073390056,0.48519676842470766,-0.3140821003446053
sub-1072sg,sg,frontal,11,5.25,12.377644523021036,6.8815789564254946,1.7986634464847249,0.25494990875509305
sub-1072sg,sg,global,11,5.25,6.749021546903998,11.379989037641595,0.5930604611814876,-0.2269010290320712
sub-1072sg,sg,posterior,12,5.75,6.572533425980464,19.87946751725551,0.3306191888829749,-0.480671943915973
sub-1072sg,sg,central,12,5.75,3.78876364329786,5.727745800035746,0.6614755220586457,-0.1794862222724738
sub-1072sg,sg,frontal,12,5.75,7.069550967148517,5.907322312732698,1.1967437347900827,0.07800116253525426
sub-1072sg,sg,global,12,5.75,5.2788589387147855,9.097723597914358,0.5802395381549026,-0.2363926812254379
sub-1072sg,sg,posterior,13,6.25,5.606488916226121,27.05463396572536,0.2072284150407949,-0.6835506946347158
sub-1072sg,sg,central,13,6.25,4.097730390343423,6.438419495342289,0.6364497363534362,-0.19623588908228543
sub-1072sg,sg,frontal,13,6.25,7.565252718921058,6.724182629005775,1.1250813870353849,0.05118393992462027
sub-1072sg,sg,global,13,6.25,5.475688473947063,11.297430245854844,0.48468442422613367,-0.3145409365003305
sub-1072sg,sg,posterior,14,6.75,10.724529430820887,29.2253738690279,0.3669595290339944,-0.435381830261262
sub-1072sg,sg,central,14,6.75,4.1174524056003206,5.915056717931992,0.6960968595817378,-0.15733032554017212
sub-1072sg,sg,frontal,14,6.75,26.53327968221144,6.695720386305743,3.962722179450321,0.5979936256622013
sub-1072sg,sg,global,14,6.75,11.166510382223274,11.250073570376681,0.992572209627727,-0.0032378884921968267
sub-1072sg,sg,posterior,15,7.25,7.665391168701731,33.635204995869465,0.22789785790343992,-0.6422597568954816
sub-1072sg,sg,central,15,7.25,3.3943183018655674,5.279081720809561,0.6429751387415612,-0.1918058191692317
sub-1072sg,sg,frontal,15,7.25,16.01373257959578,6.647017831112259,2.4091604666142694,0.3818657279535726
sub-1072sg,sg,global,15,7.25,7.522085510326861,11.842306894087947,0.6351875168918417,-0.19709804552784563
sub-1073sg,sg,posterior,1,0.25,18.622271808566307,48.21802291933015,0.3862097755381176,-0.41317673778466085
sub-1073sg,sg,central,1,0.25,8.722458818577776,22.8189432042908,0.3822463967979741,-0.4176565997237062
sub-1073sg,sg,frontal,1,0.25,10.344465722169884,16.032459321949762,0.6452201446104688,-0.19029208183392465
sub-1073sg,sg,global,1,0.25,12.711932812776672,26.383501486482626,0.4818137129861072,-0.31712084362898707
sub-1073sg,sg,posterior,2,0.75,27.164179731554853,59.474921154917965,0.45673334582148756,-0.3403372796616743
sub-1073sg,sg,central,2,0.75,9.738878020932018,24.41423785925434,0.3989015785410007,-0.3991342450882812
sub-1073sg,sg,frontal,2,0.75,13.043934429473913,19.30580980747526,0.6756481369884452,-0.17027941640753874
sub-1073sg,sg,global,2,0.75,16.316339992924537,30.79629194265594,0.5298150836895001,-0.2758756816185036
sub-1073sg,sg,posterior,3,1.25,24.173249822852892,56.747107191384885,0.42598206356715884,-0.37060868694846033
sub-1073sg,sg,central,3,1.25,11.687110096643421,31.575547201412718,0.37013167252792784,-0.4316437503127048
sub-1073sg,sg,frontal,3,1.25,12.041688334874006,21.74867986781815,0.5536744486589402,-0.25674551813963786
sub-1073sg,sg,global,3,1.25,16.502636382702452,35.42489105695067,0.4658486135122353,-0.3317551927475114
sub-1073sg,sg,posterior,4,1.75,20.97641436405718,45.03123620792157,0.46581919863810356,-0.3317826160787867
sub-1073sg,sg,central,4,1.75,10.17147389471051,23.87974691453098,0.4259456321340283,-0.3706458308762042
sub-1073sg,sg,frontal,4,1.75,12.499076770048893,17.510631900794966,0.7137992986695955,-0.14642388308822377
sub-1073sg,sg,global,4,1.75,14.963148031876363,27.86113652609298,0.5370616528102802,-0.2699758559422061
sub-1073sg,sg,posterior,5,2.25,23.45405046270918,53.76487925007378,0.43623366758843773,-0.36028081953762775
sub-1073sg,sg,central,5,2.25,10.309500387623535,21.04599086800383,0.48985578546919567,-0.3099317583254964
sub-1073sg,sg,frontal,5,2.25,12.801530284345972,20.09966924367347,0.6369025345218232,-0.19592702285770203
sub-1073sg,sg,global,5,2.25,16.378103451713823,29.557120864178657,0.5541170104819999,-0.25639851750825543
sub-1073sg,sg,posterior,6,2.75,22.90748810980587,64.19908012397204,0.3568195691522405,-0.4475513355129016
sub-1073sg,sg,central,6,2.75,9.906176425144217,27.61342108933073,0.35874498828295365,-0.44521415736948144
sub-1073sg,sg,frontal,6,2.75,15.93550850557611,19.622486370192973,0.8121044502180177,-0.09038810963071174
sub-1073sg,sg,global,6,2.75,17.59453291294213,34.80899749525676,0.5054593403713981,-0.29631377372786105
sub-1073sg,sg,posterior,7,3.25,23.445043700751683,57.443268493453644,0.4081425781581967,-0.38918809649212976
sub-1073sg,sg,central,7,3.25,11.205443146362176,25.692206027526016,0.4361417285209737,-0.3603723595558283
sub-1073sg,sg,frontal,7,3.25,13.147684070509044,19.011941248387057,0.6915487429051714,-0.16017720379949532
sub-1073sg,sg,global,7,3.25,16.956932387120137,32.107648852158334,0.5281275021163769,-0.2772612161388735
sub-1073sg,sg,posterior,8,3.75,16.275821207180016,41.053656192268534,0.3964524165875675,-0.40180893054953126
sub-1073sg,sg,central,8,3.75,8.478638225295834,18.06223196551285,0.4694125422309122,-0.32844531067073296
sub-1073sg,sg,frontal,8,3.75,10.679276015721967,14.468276919677589,0.7381166447814952,-0.13187500107401579
sub-1073sg,sg,global,8,3.75,12.377619294488955,23.60263112359097,0.5244169274889633,-0.28032329830079517
sub-1073sg,sg,posterior,9,4.25,17.281871233120697,45.717867831565336,0.3780113127058091,-0.4224952028818449
sub-1073sg,sg,central,9,4.25,9.182817615527222,21.020851031141195,0.43684328488525037,-0.3596743358356946
sub-1073sg,sg,frontal,9,4.25,11.512345704585437,14.589670473588724,0.789075101142683,-0.102881660339795
sub-1073sg,sg,global,9,4.25,14.450609472849937,27.637380609289583,0.5228646548360933,-0.28161071508077634
sub-1073sg,sg,posterior,10,4.75,17.669533162028713,45.4557929523126,0.38871906118909233,-0.4103641628257075
sub-1073sg,sg,central,10,4.75,8.003158240602414,15.857025998549675,0.5047073922521413,-0.29696033427799856
sub-1073sg,sg,frontal,10,4.75,10.690046839261214,15.016285032671677,0.7118969049936351,-0.1475828951752441
sub-1073sg,sg,global,10,4.75,12.41073070195077,23.452320416151966,0.5291898832067514,-0.2763884670345747
sub-1073sg,sg,posterior,11,5.25,21.83456394746639,54.4793857627777,0.4007857952463289,-0.39708767924524513
sub-1073sg,sg,central,11,5.25,11.007303608881282,23.47646979940123,0.46886536617025887,-0.32895184624741564
sub-1073sg,sg,frontal,11,5.25,11.870096983638442,18.730276063986302,0.6337384960631578,-0.1980899111168108
sub-1073sg,sg,global,11,5.25,15.344961417317412,30.04191255836514,0.5107851035617446,-0.29176177690445276
sub-1073sg,sg,posterior,12,5.75,20.126976883503044,51.72287846686086,0.3891310282817788,-0.40990413831910943
sub-1073sg,sg,central,12,5.75,10.005875936256013,25.149134704608713,0.3978616383339178,-0.40026793334182037
sub-1073sg,sg,frontal,12,5.75,11.815461810326942,20.94421186056847,0.5641397197939845,-0.2486133215118589
sub-1073sg,sg,global,12,5.75,15.275785520611901,32.01461351940268,0.47715039606378207,-0.32134471134603293
sub-1073sg,sg,posterior,13,6.25,14.341058748350394,39.03896423683162,0.36735243951017044,-0.43491707175185534
sub-1073sg,sg,central,13,6.25,8.063829950205047,16.76921709684075,0.4808709854274734,-0.31797142639653614
sub-1073sg,sg,frontal,13,6.25,11.604867874685254,14.764891274824091,0.7859771981167883,-0.10459005303908814
sub-1073sg,sg,global,13,6.25,12.017770664434776,21.418905559122546,0.5610823872985553,-0.25097336383816177
sub-1073sg,sg,posterior,14,6.75,18.3399864602938,49.18101489954351,0.37290784864352255,-0.428398475885941
sub-1073sg,sg,central,14,6.75,8.877549825207312,23.25886934984382,0.3816844959949407,-0.41829548071266714
sub-1073sg,sg,frontal,14,6.75,11.444504756981546,17.531695466358794,0.6527893881651189,-0.18522691414817666
sub-1073sg,sg,global,14,6.75,13.431627747602013,29.103901604888915,0.46150608705142643,-0.33582256645732866
sub-1073sg,sg,posterior,15,7.25,11.178186814510559,25.067072001105256,0.4459310929500538,-0.35073224501784794
sub-1073sg,sg,central,15,7.25,7.666979659048143,11.331378873908081,0.6766148890054611,-0.16965844973194705
sub-1073sg,sg,frontal,15,7.25,10.659648149987811,9.472802806843893,1.1252897761459204,0.0512643730927427
sub-1073sg,sg,global,15,7.25,10.769899435999083,15.075598405330682,0.714392831808977,-0.14606291179227718
sub-1074sg,sg,posterior,1,0.25,5.215201912410719,41.69187071612583,0.12508917980486667,-0.9027802550889269
sub-1074sg,sg,central,1,0.25,4.861066997119077,9.083978512032763,0.5351253297968551,-0.27154449150258125
sub-1074sg,sg,frontal,1,0.25,4.7063208395774705,9.654290807681374,0.48748488452750116,-0.31203884595123005
sub-1074sg,sg,global,1,0.25,4.3051897505553915,18.22404969255968,0.23623672143042213,-0.6266525932803493
sub-1074sg,sg,posterior,2,0.75,5.228884260915725,39.95334710303752,0.13087474867701862,-0.8831441393019364
sub-1074sg,sg,central,2,0.75,4.628477007867308,11.545353822235393,0.40089520677601453,-0.3969691362742275
sub-1074sg,sg,frontal,2,0.75,4.028961320408889,8.841430727567735,0.4556911030074033,-0.34132945057601055
sub-1074sg,sg,global,2,0.75,4.2300870523702105,19.15437036758582,0.22084187426638774,-0.6559185756955667
sub-1074sg,sg,posterior,3,1.25,5.290358320428009,36.77405897416414,0.1438611474502933,-0.8420564800470269
sub-1074sg,sg,central,3,1.25,5.5209186394614,7.89230655552211,0.69953170224977,-0.15519259882740147
sub-1074sg,sg,frontal,3,1.25,5.388199967399528,8.506220824286835,0.6334422863811882,-0.19829294802281666
sub-1074sg,sg,global,3,1.25,4.559611197427481,15.991061834933946,0.2851349863125781,-0.5449494911076712
sub-1074sg,sg,posterior,4,1.75,5.426457844570807,44.44392904022885,0.12209671740900757,-0.9132960119790986
sub-1074sg,sg,central,4,1.75,5.320107201759704,9.660231593104118,0.5507225319067321,-0.2590671547106925
sub-1074sg,sg,frontal,4,1.75,4.635199442821774,9.845549845972654,0.4707913235255026,-0.3271715496088047
sub-1074sg,sg,global,4,1.75,4.399610196561828,19.869298177443504,0.22142755910505477,-0.6547683273489042
sub-1074sg,sg,posterior,5,2.25,5.651453613925341,51.22838620285613,0.11031879067098656,-0.9573505075990306
sub-1074sg,sg,central,5,2.25,4.917897110124056,11.715909829362703,0.4197622875006003,-0.37699658210926684
sub-1074sg,sg,frontal,5,2.25,5.3333934246077295,11.995422289181173,0.44461906350875086,-0.35201192040633883
sub-1074sg,sg,global,5,2.25,4.64094668050138,23.009438584581204,0.2016975191915944,-0.6952994434234617
sub-1074sg,sg,posterior,6,2.75,4.859305164748485,40.16141511146878,0.12099437112117166,-0.9172348333850125
sub-1074sg,sg,central,6,2.75,4.3159550117186445,10.772846242569965,0.4006327496501085,-0.39725355226914605
sub-1074sg,sg,frontal,6,2.75,4.162006814872595,9.727985661814074,0.4278385021896161,-0.36872013482742927
sub-1074sg,sg,global,6,2.75,3.983235485464346,18.646553709019795,0.21361778415587634,-0.6703625941563479
sub-1074sg,sg,posterior,7,3.25,5.4470566735894295,51.97597248150071,0.10479951434344294,-0.9796407299329367
sub-1074sg,sg,central,7,3.25,4.346470633617111,10.607319387540311,0.40976145572863687,-0.3874688959876352
sub-1074sg,sg,frontal,7,3.25,4.477307057088529,11.880674336009495,0.37685630718099256,-0.42382421184773217
sub-1074sg,sg,global,7,3.25,4.217541693917518,22.10749002489526,0.19077433436216149,-0.7194800530839267
sub-1074sg,sg,posterior,8,3.75,5.9730423704708056,39.271816345426295,0.15209488448237873,-0.8178853926428307
sub-1074sg,sg,central,8,3.75,5.782219909724766,9.349586455404804,0.6184465951841307,-0.20869779711525288
sub-1074sg,sg,frontal,8,3.75,5.8758264358440515,8.528937591225372,0.6889282953470244,-0.16182597773773652
sub-1074sg,sg,global,8,3.75,4.971729472996761,16.765707300781795,0.2965415883626291,-0.527914390563391
sub-1074sg,sg,posterior,9,4.25,4.929574362908369,50.33163258855398,0.09794187292127324,-1.0090315953188551
sub-1074sg,sg,central,9,4.25,3.6025451125715726,11.888017474434637,0.30304002499314125,-0.5185000068585033
sub-1074sg,sg,frontal,9,4.25,4.446827701962077,11.420708978113623,0.38936529338799125,-0.4096427625279348
sub-1074sg,sg,global,9,4.25,3.9037413269155667,20.846397849720308,0.18726215219805672,-0.7275499895894472
sub-1074sg,sg,posterior,10,4.75,5.158340291371584,50.55079333447658,0.10204271686184398,-0.9912179869262295
sub-1074sg,sg,central,10,4.75,4.690039103603719,10.13108064630313,0.4629357190355731,-0.33447930877956616
sub-1074sg,sg,frontal,10,4.75,4.697941277080816,11.008321574457112,0.42676272175601854,-0.3698135237431914
sub-1074sg,sg,global,10,4.75,4.136073500100217,20.18697908515967,0.204888184737895,-0.6884830852839428
sub-1074sg,sg,posterior,11,5.25,4.165152590690453,40.25552182515125,0.10346785737324879,-0.9851945442502382
sub-1074sg,sg,central,11,5.25,4.329672509397744,7.965367694441173,0.5435621650484901,-0.26475078020023657
sub-1074sg,sg,frontal,11,5.25,4.326752872143238,10.02393558376912,0.4316421265864048,-0.3648761764747365
sub-1074sg,sg,global,11,5.25,3.8567306111294006,16.26076275578142,0.23718017838727534,-0.6249216086329431
sub-1074sg,sg,posterior,12,5.75,4.710989156617516,47.42752527297883,0.09933027560477704,-1.002918359520036
sub-1074sg,sg,central,12,5.75,5.158768990394256,10.475519023473407,0.49245951239595415,-0.30762946925940315
sub-1074sg,sg,frontal,12,5.75,4.078177610920439,10.874763186663852,0.37501300404607135,-0.42595367230553044
sub-1074sg,sg,global,12,5.75,4.285949757853053,20.22623580132956,0.21190051376595337,-0.6738679903139905
sub-1074sg,sg,posterior,13,6.25,4.901016031317826,22.5298787079126,0.21753406198305744,-0.6624727305573048
sub-1074sg,sg,central,13,6.25,4.9792890269859456,6.385000052158067,0.7798416579970106,-0.10799356915444434
sub-1074sg,sg,frontal,13,6.25,4.705053093105405,6.587990779034088,0.7141863507275955,-0.14618845414370163
sub-1074sg,sg,global,13,6.25,4.221591754383659,10.437911570512014,0.40444793250692157,-0.39313738030736034
sub-1074sg,sg,posterior,14,6.75,4.462496075010791,31.102584644733522,0.14347669577892808,-0.8432186335398558
sub-1074sg,sg,central,14,6.75,5.042825938058228,7.113237648256091,0.7089353944605726,-0.1493933404272225
sub-1074sg,sg,frontal,14,6.75,4.79609884690803,8.479324903722409,0.5656227236678418,-0.24747315125268313
sub-1074sg,sg,global,14,6.75,4.340412528642595,13.287656707171351,0.3266499597555131,-0.48591739098085673
sub-1074sg,sg,posterior,15,7.25,4.72465721569835,16.589108103067687,0.2848047759014036,-0.5454527322745252
sub-1074sg,sg,central,15,7.25,4.575032990722346,5.3574343091578385,0.8539596991235004,-0.06856262446470594
sub-1074sg,sg,frontal,15,7.25,4.283836979604408,5.069602895605911,0.8450044446908126,-0.07314100667206268
sub-1074sg,sg,global,15,7.25,4.049198818126659,7.8309709374719265,0.517074938785798,-0.28644651078873296
sub-1075sg,sg,posterior,1,0.25,11.16524442355925,156.34370937741912,0.07141473403708212,-1.1462121768673115
sub-1075sg,sg,central,1,0.25,8.060554842179348,34.99910364974607,0.23030746509526195,-0.6376919847577172
sub-1075sg,sg,frontal,1,0.25,10.062258664736785,47.44187180295645,0.21209657802982665,-0.6734663383422415
sub-1075sg,sg,global,1,0.25,8.79812884710014,59.44775646494535,0.1479976599670022,-0.8297451513040466
sub-1075sg,sg,posterior,2,0.75,18.073120862661472,145.2277543860903,0.12444674187148684,-0.9050164691297733
sub-1075sg,sg,central,2,0.75,7.93711055930095,29.115262594545268,0.2726099595882733,-0.5644582816076705
sub-1075sg,sg,frontal,2,0.75,11.931051509396776,46.01570318971234,0.25928217287493677,-0.5862273424215393
sub-1075sg,sg,global,2,0.75,11.01089644874294,57.23538916108393,0.19237916628388335,-0.715841961704934
sub-1075sg,sg,posterior,3,1.25,12.045282751391351,99.58733838638966,0.12095194978157532,-0.9173871262888409
sub-1075sg,sg,central,3,1.25,8.650100516933932,19.45072530302571,0.44471866124130305,-0.3519146463458002
sub-1075sg,sg,frontal,3,1.25,13.453152574947131,32.05550197354556,0.4196831042000095,-0.37707851446829216
sub-1075sg,sg,global,3,1.25,10.240110929539448,38.069376311370206,0.2689855185907269,-0.5702711005382263
sub-1075sg,sg,posterior,4,1.75,18.163355017258574,94.46661903271234,0.19227273298485345,-0.7160823005449448
sub-1075sg,sg,central,4,1.75,9.983561309116075,24.18658583857599,0.41277265736253527,-0.38428907870125
sub-1075sg,sg,frontal,4,1.75,13.741006269480357,27.889765475335132,0.4926899181577016,-0.3074263245391268
sub-1075sg,sg,global,4,1.75,11.901884990638433,37.924871977663294,0.3138279543210671,-0.5033083741121686
sub-1075sg,sg,posterior,5,2.25,12.738490155586852,80.60155357734092,0.15804273727011578,-0.8012254570277214
sub-1075sg,sg,central,5,2.25,8.384998417432,19.989210556601602,0.4194762166164078,-0.37729265768406556
sub-1075sg,sg,frontal,5,2.25,11.251705161266335,23.61660635577538,0.47643192217220315,-0.32199914735975027
sub-1075sg,sg,global,5,2.25,9.646538240791758,32.580551490284286,0.2960827180493987,-0.5285869410565641
sub-1075sg,sg,posterior,6,2.75,14.80170199336383,102.17795759082577,0.14486198728533625,-0.8390455612370876
sub-1075sg,sg,central,6,2.75,8.95534180737605,20.262181170574802,0.4419732373324743,-0.35460402755298637
sub-1075sg,sg,frontal,6,2.75,13.303683257380921,32.77033025646369,0.40596732328496676,-0.39150892181233043
sub-1075sg,sg,global,6,2.75,10.924199673821738,40.01221340961446,0.27302162872091407,-0.5638029468710803
sub-1075sg,sg,posterior,7,3.25,11.914399038482877,113.72205228184966,0.1047677103905418,-0.979772547123065
sub-1075sg,sg,central,7,3.25,7.094110586053425,22.398651442071586,0.3167204331207411,-0.49932391735013304
sub-1075sg,sg,frontal,7,3.25,10.973829004948959,32.91780885122024,0.3333705792675252,-0.4770727303195383
sub-1075sg,sg,global,7,3.25,9.330601342238205,41.799185226439114,0.22322447893879874,-0.651258182112967
sub-1075sg,sg,posterior,8,3.75,13.447331051465413,101.88940866102664,0.1319796751024732,-0.8794929450857067
sub-1075sg,sg,central,8,3.75,7.178935716660578,19.50014331152492,0.3681478439400855,-0.43397773862790273
sub-1075sg,sg,frontal,8,3.75,12.935444047619695,29.585142931093174,0.43722770167944325,-0.3592923300128285
sub-1075sg,sg,global,8,3.75,10.088793311540368,37.90047188351744,0.2661917598954194,-0.574805392465169
sub-1075sg,sg,posterior,9,4.25,11.43754391620906,118.60156173664743,0.09643670579655532,-1.0157576332055445
sub-1075sg,sg,central,9,4.25,7.349490691094903,22.764453645118532,0.3228494215441398,-0.490999987391681
sub-1075sg,sg,frontal,9,4.25,11.078651528162206,31.926742815832306,0.3470022479921867,-0.45966771170065457
sub-1075sg,sg,global,9,4.25,8.93060903398651,42.319130384907716,0.2110300696814752,-0.6756556576582433
sub-1075sg,sg,posterior,10,4.75,9.913381285173237,89.30653493171864,0.11100398523750518,-0.9546614290008343
sub-1075sg,sg,central,10,4.75,5.636615336500387,18.75457322891093,0.3005461797345149,-0.5220887880106668
sub-1075sg,sg,frontal,10,4.75,10.407074743328414,26.390652623082165,0.3943470020224521,-0.4041214564990568
sub-1075sg,sg,global,10,4.75,8.108547843392186,34.45797021595176,0.23531704835122486,-0.6283466077298361
sub-1075sg,sg,posterior,11,5.25,10.818130869271592,83.70594988233218,0.12923968827160964,-0.8886040981790226
sub-1075sg,sg,central,11,5.25,6.433240858724335,18.07799606287912,0.35586028652446616,-0.4487204759063384
sub-1075sg,sg,frontal,11,5.25,10.625106391987106,24.382743288154398,0.43576337028282564,-0.3607492787997918
sub-1075sg,sg,global,11,5.25,8.617573989038537,32.9366333827479,0.2616410089305725,-0.5822941848262081
sub-1075sg,sg,posterior,12,5.75,12.597603796937399,74.49500381309956,0.1691066937662493,-0.7718392013424763
sub-1075sg,sg,central,12,5.75,6.908902226119263,19.979041906816985,0.345807484580224,-0.4611656111872735
sub-1075sg,sg,frontal,12,5.75,13.274842439199544,23.17446688991128,0.5728219122476809,-0.24198037724657656
sub-1075sg,sg,global,12,5.75,10.396944165048046,30.11157069977202,0.34528069852984333,-0.4618276983846094
sub-1075sg,sg,posterior,13,6.25,18.30570166326128,113.77316604537084,0.1608964776102062,-0.7934534634907489
sub-1075sg,sg,central,13,6.25,9.405632654483927,24.073421636805676,0.3907060988830821,-0.4081498094289264
sub-1075sg,sg,frontal,13,6.25,15.045450672148153,32.60805883520508,0.46140283137321964,-0.33591974478243153
sub-1075sg,sg,global,13,6.25,12.744500342838343,43.342099931141675,0.2940443670954048,-0.5315871358090085
sub-1075sg,sg,posterior,14,6.75,11.623742646376808,87.06816195383026,0.1335016426847341,-0.8745133904452757
sub-1075sg,sg,central,14,6.75,7.351856701326553,18.404894354147235,0.3994511764024299,-0.39853629548589703
sub-1075sg,sg,frontal,14,6.75,13.596320799586838,23.054058501060872,0.5897582327624084,-0.2293259878424028
sub-1075sg,sg,global,14,6.75,9.867344415101336,32.32712053800903,0.3052342507121746,-0.5153667352626936
sub-1075sg,sg,posterior,15,7.25,12.563912749239119,93.79860224802124,0.13394562869943155,-0.8730714549762115
sub-1075sg,sg,central,15,7.25,7.647885149520366,19.167691792517882,0.39899875437822524,-0.3990284601215418
sub-1075sg,sg,frontal,15,7.25,13.64475114165018,31.032410814476698,0.4396935585579729,-0.35684989668008704
sub-1075sg,sg,global,15,7.25,10.008458537089881,36.439439103959366,0.27466006017645866,-0.5612044891272127
sub-1076sg2,sg2,posterior,1,0.25,3.9679345427000094,83.57199822278082,0.047479234995943816,-1.3234962871841016
sub-1076sg2,sg2,central,1,0.25,2.263309948996947,13.154189435696551,0.17206000871897115,-0.7643200594278631
sub-1076sg2,sg2,frontal,1,0.25,3.222482864270091,27.890761147843087,0.11553943785142269,-0.937269749817101
sub-1076sg2,sg2,global,1,0.25,2.8530847578308,32.95015983372178,0.08658788825998052,-1.062542851974836
sub-1076sg2,sg2,posterior,2,0.75,3.6831064906219746,33.61444729945938,0.10956915215087323,-0.9603116989206726
sub-1076sg2,sg2,central,2,0.75,1.6501073025287984,7.018122429272758,0.23512090579186268,-0.6287087538338363
sub-1076sg2,sg2,frontal,2,0.75,3.202091669386309,11.995061029626502,0.26695084430812727,-0.5735687012238253
sub-1076sg2,sg2,global,2,0.75,2.6494352009002693,14.646103202469375,0.1808969364939042,-0.7425687878945167
sub-1076sg2,sg2,posterior,3,1.25,4.1369321469265765,9.267568768138927,0.4463880711788165,-0.3502874195598052
sub-1076sg2,sg2,central,3,1.25,1.8615539624812867,4.270097900651855,0.4359511200427301,-0.3605622022125125
sub-1076sg2,sg2,frontal,3,1.25,3.793412493418065,4.233186383007756,0.8961127978312111,-0.04763732025707451
sub-1076sg2,sg2,global,3,1.25,2.917210144767007,5.288279126862994,0.5516369455516044,-0.2583466549112165
sub-1076sg2,sg2,posterior,4,1.75,4.131875810296565,65.45632900564347,0.06312416038394585,-1.199804385396756
sub-1076sg2,sg2,central,4,1.75,1.8391812123682039,10.780702587539745,0.1705993832437151,-0.7680225432408017
sub-1076sg2,sg2,frontal,4,1.75,3.4968551694016767,24.678941386589905,0.1416938885110285,-0.8486488811793244
sub-1076sg2,sg2,global,4,1.75,2.858098268093349,28.771660767007347,0.09933727118633169,-1.0028877743286726
sub-1076sg2,sg2,posterior,5,2.25,3.730664873090192,51.39120251988606,0.07259345355163843,-1.1391025420353034
sub-1076sg2,sg2,central,5,2.25,1.8530232990584425,10.640426459683779,0.1741493450548703,-0.7590781545080167
sub-1076sg2,sg2,frontal,5,2.25,3.5544835200894993,16.66103954466296,0.2133410409693259,-0.6709255901577511
sub-1076sg2,sg2,global,5,2.25,2.788461386777483,23.65873067105793,0.11786183399047051,-0.928626805343837
sub-1076sg2,sg2,posterior,6,2.75,3.6325756555791835,49.29240916892552,0.07369442307293836,-1.1325653767310668
sub-1076sg2,sg2,central,6,2.75,2.0335687618776155,9.044504594893388,0.2248402596893795,-0.6481259217708477
sub-1076sg2,sg2,frontal,6,2.75,3.6039318340009383,16.85454895847543,0.21382546889151108,-0.6699405669463433
sub-1076sg2,sg2,global,6,2.75,2.86288229771988,21.32778156905918,0.13423254024099462,-0.8721421910668661
sub-1076sg2,sg2,posterior,7,3.25,3.971770214248816,47.45083582963809,0.08370285043046646,-1.0772597522200718
sub-1076sg2,sg2,central,7,3.25,1.9534911006395221,10.384050576832545,0.1881241897066527,-0.7255553576624127
sub-1076sg2,sg2,frontal,7,3.25,3.6739667981518562,15.522093748787157,0.23669273344254396,-0.6258150748729774
sub-1076sg2,sg2,global,7,3.25,2.9115398431399644,21.337520114491603,0.13645165077841268,-0.8650212059111325
sub-1076sg2,sg2,posterior,8,3.75,3.753217804384624,59.439340793991605,0.06314366468821969,-1.1996702164304016
sub-1076sg2,sg2,central,8,3.75,1.688209807871597,10.198238172032683,0.1655393587983941,-0.7810987313339726
sub-1076sg2,sg2,frontal,8,3.75,3.477832749770537,18.736528330030342,0.18561777766462592,-0.7313804312857624
sub-1076sg2,sg2,global,8,3.75,2.813655014882708,25.242438971035874,0.11146525968077815,-0.9528604678611524
sub-1076sg2,sg2,posterior,9,4.25,4.2919975910647254,59.587718511247836,0.07202822491441024,-1.1424972879773811
sub-1076sg2,sg2,central,9,4.25,2.200258175041791,11.81485627432471,0.18622809486250388,-0.7299547995988332
sub-1076sg2,sg2,frontal,9,4.25,3.906373013101644,19.535168351389554,0.19996618113730155,-0.6990434472728562
sub-1076sg2,sg2,global,9,4.25,3.306784295479872,24.95841905945727,0.13249173706084008,-0.8778112059594775
sub-1076sg2,sg2,posterior,10,4.75,3.8985693795780554,51.016787646978244,0.07641738257914343,-1.1168078416921279
sub-1076sg2,sg2,central,10,4.75,1.7463221166333396,8.945233924434467,0.19522375059003783,-0.7094673479258207
sub-1076sg2,sg2,frontal,10,4.75,3.9487018077462195,14.914212824713747,0.2647609937014566,-0.5771459975859135
sub-1076sg2,sg2,global,10,4.75,2.8726236972497015,21.0409308342643,0.13652550449772644,-0.8647862099568657
sub-1076sg2,sg2,posterior,11,5.25,4.126825781479315,54.12035285924183,0.07625275083132797,-1.1177444844491484
sub-1076sg2,sg2,central,11,5.25,1.9060353644809653,8.130310030167816,0.23443575428348373,-0.6299761524497406
sub-1076sg2,sg2,frontal,11,5.25,3.713899069453679,15.689336165371222,0.23671486354220808,-0.6257744714680624
sub-1076sg2,sg2,global,11,5.25,2.920525741496625,21.462618760947123,0.13607499504257817,-0.8662216728329057
sub-1076sg2,sg2,posterior,12,5.75,4.089089328814783,61.6412383793819,0.06633691074873868,-1.1782447570555343
sub-1076sg2,sg2,central,12,5.75,1.8259864051073802,11.714123939580949,0.15587904093600546,-0.8072122749186208
sub-1076sg2,sg2,frontal,12,5.75,4.1795725870759375,19.417022930080368,0.21525300774100894,-0.667050771413462
sub-1076sg2,sg2,global,12,5.75,3.1390040248674778,25.231059032388288,0.12441031590620277,-0.9051436071420533
sub-1076sg2,sg2,posterior,13,6.25,4.147446169121668,51.55774566007851,0.08044273689671932,-1.0945131618579613
sub-1076sg2,sg2,central,13,6.25,1.8439013980642731,10.27019367195744,0.1795391067550176,-0.7458409398539877
sub-1076sg2,sg2,frontal,13,6.25,4.088803190693261,16.706003737995903,0.2447505253092781,-0.6112763673954029
sub-1076sg2,sg2,global,13,6.25,3.13162796698742,22.53211362544988,0.1389850956303658,-0.8570317697641997
sub-1076sg2,sg2,posterior,14,6.75,4.824931581336668,35.0778694715899,0.13754916287730798,-0.8615420483776937
sub-1076sg2,sg2,central,14,6.75,1.96231491668908,6.4590963173762255,0.30380641815327497,-0.5174030555584582
sub-1076sg2,sg2,frontal,14,6.75,3.916532688741989,9.983015066390186,0.3923196211460983,-0.4063599708855404
sub-1076sg2,sg2,global,14,6.75,3.204195476761818,14.431825825966591,0.2220228760658018,-0.6536022758317694
sub-1076sg2,sg2,posterior,15,7.25,4.08863563109621,46.58952333562684,0.08775869204846844,-1.0567098580902017
sub-1076sg2,sg2,central,15,7.25,1.6586720367976582,8.629694268182906,0.1922051911981481,-0.7162348868117798
sub-1076sg2,sg2,frontal,15,7.25,3.7192956544860585,16.81222079362677,0.22122572027462192,-0.655164382231808
sub-1076sg2,sg2,global,15,7.25,2.820635609624439,19.436058798447,0.14512384629386985,-0.8382612197956448
sub-1077sg2,sg2,posterior,1,0.25,49.67100692871753,154.12947438194806,0.32226806149762033,-0.4917827332796369
sub-1077sg2,sg2,central,1,0.25,11.462041370466702,25.425616191869807,0.45080682741257805,-0.3460095152409375
sub-1077sg2,sg2,frontal,1,0.25,19.296579112810576,59.601333099486126,0.3237608642175983,-0.48977564934902873
sub-1077sg2,sg2,global,1,0.25,23.535350627977998,68.75770020608421,0.3422940348126334,-0.4656006692831876
sub-1077sg2,sg2,posterior,2,0.75,25.69760911100867,100.66074016000458,0.25528929223211766,-0.5929674007148615
sub-1077sg2,sg2,central,2,0.75,6.42309608393559,14.921626412703011,0.43045549501678376,-0.36607174378703417
sub-1077sg2,sg2,frontal,2,0.75,11.425883438942817,37.60570300371286,0.3038337945128888,-0.5173639225265255
sub-1077sg2,sg2,global,2,0.75,12.93581305356302,43.81340150843608,0.2952478604308384,-0.5298132408997054
sub-1077sg2,sg2,posterior,3,1.25,31.529417692905767,113.92755633239481,0.2767497057596461,-0.5579128321909921
sub-1077sg2,sg2,central,3,1.25,7.431656220524901,15.623449516630828,0.4756731996102437,-0.32269131691995034
sub-1077sg2,sg2,frontal,3,1.25,13.605659055364523,47.804941050667324,0.2846077990336649,-0.5457532032296796
sub-1077sg2,sg2,global,3,1.25,16.419109970030085,50.48720046410547,0.32521331781316465,-0.48783167791702386
sub-1077sg2,sg2,posterior,4,1.75,22.918105467922903,92.53668123380118,0.2476650898038856,-0.6061352060666967
sub-1077sg2,sg2,central,4,1.75,7.908547397574767,21.376367877607155,0.36996684576426,-0.4318371930864577
sub-1077sg2,sg2,frontal,4,1.75,11.751921134155408,34.95271175688975,0.3362234442893809,-0.4733720072245526
sub-1077sg2,sg2,global,4,1.75,13.019685570183618,42.6522477480289,0.3052520384646153,-0.5153414271669358
sub-1077sg2,sg2,posterior,5,2.25,31.746249916697916,135.3153835911915,0.23460931842463825,-0.6296547421777388
sub-1077sg2,sg2,central,5,2.25,11.009325700920746,24.053253522693325,0.4577063011676931,-0.3394131086705338
sub-1077sg2,sg2,frontal,5,2.25,10.901451115036304,49.52741814432881,0.22010941663197894,-0.657361377238448
sub-1077sg2,sg2,global,5,2.25,16.231962026485498,60.48049897190354,0.2683834013014033,-0.5712443474677309
sub-1077sg2,sg2,posterior,6,2.75,28.577504489875675,114.62348081958996,0.24931632057880743,-0.6032492910697542
sub-1077sg2,sg2,central,6,2.75,6.781426955375789,22.993182562550885,0.29493207114445885,-0.5302779993581678
sub-1077sg2,sg2,frontal,6,2.75,10.893301784201027,46.72805007808178,0.23312125727477404,-0.6324181233210644
sub-1077sg2,sg2,global,6,2.75,13.94530125993539,53.4536510177563,0.26088585146977183,-0.5835494732003613
sub-1077sg2,sg2,posterior,7,3.25,28.618163413712686,116.46130645008344,0.24573108688230916,-0.609539898434739
sub-1077sg2,sg2,central,7,3.25,8.437594861397553,15.6499100728893,0.5391465396350228,-0.26829317784619267
sub-1077sg2,sg2,frontal,7,3.25,10.735379246994935,47.08461664059744,0.22800184036623639,-0.6420616474834259
sub-1077sg2,sg2,global,7,3.25,14.15214733768546,50.95425172601121,0.2777422267681158,-0.5563580869107818
sub-1077sg2,sg2,posterior,8,3.75,40.0075402099783,161.34594378495655,0.24796123950472992,-0.6056162013706373
sub-1077sg2,sg2,central,8,3.75,9.245020890207922,16.524622959289314,0.559469399875828,-0.2522236621803136
sub-1077sg2,sg2,frontal,8,3.75,14.351937439963555,58.97328687312872,0.24336336332820274,-0.6137448012168418
sub-1077sg2,sg2,global,8,3.75,18.585126023319905,65.23221272699674,0.28490718383416636,-0.5452966000402584
sub-1077sg2,sg2,posterior,9,4.25,20.525872166993718,126.73885999285737,0.16195405393539516,-0.7906081765223639
sub-1077sg2,sg2,central,9,4.25,5.227877945543744,21.52592676927863,0.24286424466540815,-0.6146364188610889
sub-1077sg2,sg2,frontal,9,4.25,9.779461623136568,44.65622565007807,0.21899436149771137,-0.6595670669039658
sub-1077sg2,sg2,global,9,4.25,11.013183745159894,53.963316423316826,0.2040864882870921,-0.690185747153614
sub-1077sg2,sg2,posterior,10,4.75,24.744267743643068,123.55590418237755,0.20026778896068553,-0.6983888969449198
sub-1077sg2,sg2,central,10,4.75,6.348648021996833,19.136947303463245,0.33174821048119346,-0.47919141113191893
sub-1077sg2,sg2,frontal,10,4.75,9.512271292684384,40.40929978637427,0.23539807279441785,-0.6281970970498313
sub-1077sg2,sg2,global,10,4.75,12.12723353775842,51.19333646328213,0.23689086071693233,-0.6254516940968586
sub-1077sg2,sg2,posterior,11,5.25,16.326920234387448,94.64257773008647,0.17251136460960095,-0.7631822894332395
sub-1077sg2,sg2,central,11,5.25,4.586499668037376,14.877492449750596,0.30828445610229593,-0.5110483721245549
sub-1077sg2,sg2,frontal,11,5.25,8.062759730709159,33.012257922207766,0.24423533069772962,-0.6121915114918812
sub-1077sg2,sg2,global,11,5.25,9.097285985574942,40.50795712500242,0.22458022154763002,-0.6486284940716837
sub-1077sg2,sg2,posterior,12,5.75,21.107678578919398,86.55529731607959,0.24386350961096143,-0.6128531802529549
sub-1077sg2,sg2,central,12,5.75,5.422756156846421,13.320557435684051,0.40709678878149336,-0.3903023233636072
sub-1077sg2,sg2,frontal,12,5.75,8.546339087049558,31.83092437592001,0.2684917027893427,-0.5710691307781374
sub-1077sg2,sg2,global,12,5.75,10.755717326615978,37.823763455808404,0.28436401732425376,-0.546125358948543
sub-1077sg2,sg2,posterior,13,6.25,27.119638869688856,115.52704582930038,0.23474709904518892,-0.6293997659476929
sub-1077sg2,sg2,central,13,6.25,6.806766861411112,18.215636402059094,0.3736771371129079,-0.42750347300787067
sub-1077sg2,sg2,frontal,13,6.25,13.881168523072315,45.34505088122471,0.3061231215603259,-0.5141038667867492
sub-1077sg2,sg2,global,13,6.25,14.011988825193969,51.64034161360523,0.2713380350973967,-0.5664893242807205
sub-1077sg2,sg2,posterior,14,6.75,16.525976461003648,83.6226927765063,0.19762549987683012,-0.7041570185475301
sub-1077sg2,sg2,central,14,6.75,4.657394457555026,10.250650865103553,0.4543510962226081,-0.3426084197786132
sub-1077sg2,sg2,frontal,14,6.75,8.34452236663825,28.82431348406762,0.2894959621935353,-0.5383574893088969
sub-1077sg2,sg2,global,14,6.75,8.865125908454203,34.23226280091778,0.25896990683936105,-0.5867506994435617
sub-1077sg2,sg2,posterior,15,7.25,9.401562175685322,9.966129271180996,0.9433514175730964,-0.02532649360145942
sub-1077sg2,sg2,central,15,7.25,3.1518968792004163,5.591079317641771,0.5637367492274884,-0.24892365319383314
sub-1077sg2,sg2,frontal,15,7.25,7.321176060132832,8.184393361892758,0.8945288595512602,-0.04840564353519971
sub-1077sg2,sg2,global,15,7.25,6.052164171012484,8.908082684492136,0.6794014363549351,-0.16787353930237153
sub-1078sg2,sg2,posterior,1,0.25,27.590482197730857,49.462181310362524,0.5578096530884403,-0.2535139743891366
sub-1078sg2,sg2,central,1,0.25,19.13280378943868,19.1122044765716,1.0010778093595813,0.00046783458442778636
sub-1078sg2,sg2,frontal,1,0.25,21.622576593927338,31.357933377969267,0.689540867802163,-0.16143998890076167
sub-1078sg2,sg2,global,1,0.25,18.758790446843193,31.630264782647433,0.5930646036556224,-0.22689799553465764
sub-1078sg2,sg2,posterior,2,0.75,34.240396042539004,48.379423175693994,0.7077470915308786,-0.1501219066815957
sub-1078sg2,sg2,central,2,0.75,23.15272064127878,24.255499916549326,0.9545348774890379,-0.020208198413006372
sub-1078sg2,sg2,frontal,2,0.75,33.24453088738131,28.037488548866893,1.1857171454368673,0.07398109979816346
sub-1078sg2,sg2,global,2,0.75,26.286597201546748,32.48137822746526,0.8092820759471224,-0.09190007829453706
sub-1078sg2,sg2,posterior,3,1.25,24.675256644631855,52.69143915671168,0.46829726117831405,-0.32947838216800196
sub-1078sg2,sg2,central,3,1.25,16.355557805341864,21.190303892063707,0.7718415879570006,-0.11247182471040816
sub-1078sg2,sg2,frontal,3,1.25,19.140513316409084,26.360148901368454,0.7261155233996204,-0.13899427849589557
sub-1078sg2,sg2,global,3,1.25,16.642564854094672,31.694644731876863,0.525090752550901,-0.27976563006845506
sub-1078sg2,sg2,posterior,4,1.75,31.862525578752436,57.16448370491426,0.5573832476687498,-0.2538460882857085
sub-1078sg2,sg2,central,4,1.75,24.34359810676604,24.770664898649656,0.9827591712361788,-0.007552894596471907
sub-1078sg2,sg2,frontal,4,1.75,30.008551666856587,32.26922100388232,0.9299434796782434,-0.03154344629529555
sub-1078sg2,sg2,global,4,1.75,23.752768638322543,34.99743691154599,0.6787002344873512,-0.16832200076205456
sub-1078sg2,sg2,posterior,5,2.25,32.48125505400988,50.96685924744936,0.6373014844079372,-0.19565506995662363
sub-1078sg2,sg2,central,5,2.25,25.911875256325768,22.011506638203787,1.1771968035732907,0.07084907419518605
sub-1078sg2,sg2,frontal,5,2.25,35.76740768110488,30.62675732284438,1.1678483394135266,0.06738644754317244
sub-1078sg2,sg2,global,5,2.25,26.11968474530962,32.882306709872296,0.7943385777576144,-0.09999434504168225
sub-1078sg2,sg2,posterior,6,2.75,40.158060508349315,51.448066659953525,0.7805552883799189,-0.10759632951648791
sub-1078sg2,sg2,central,6,2.75,22.617860066802958,29.335290328214782,0.77101197273814,-0.11293887791047585
sub-1078sg2,sg2,frontal,6,2.75,52.40596823615615,38.01018174182781,1.3787350082171979,0.1394808031389503
sub-1078sg2,sg2,global,6,2.75,34.82873483955181,37.55449112131169,0.9274186335542421,-0.03272418257382562
sub-1078sg2,sg2,posterior,7,3.25,50.220421437423596,60.50040488733474,0.830084055320708,-0.08087792820990514
sub-1078sg2,sg2,central,7,3.25,28.653340718436436,26.66136805551621,1.0747138203400666,0.031292833746111935
sub-1078sg2,sg2,frontal,7,3.25,64.12314013149782,39.109142896281675,1.6395946160608488,0.21473648355340336
sub-1078sg2,sg2,global,7,3.25,43.86174619105098,40.61252018216068,1.0800055252497616,0.033425977319676094
sub-1078sg2,sg2,posterior,8,3.75,37.189035384264145,64.7411274440569,0.5744267493086116,-0.24076534452022239
sub-1078sg2,sg2,central,8,3.75,37.003508229899886,34.99014244957669,1.0575409426590532,0.024297190067598257
sub-1078sg2,sg2,frontal,8,3.75,43.23247545011966,41.716899639838,1.0363300202883328,0.015498078929066255
sub-1078sg2,sg2,global,8,3.75,31.329694950210474,42.76347121736751,0.7326274986181794,-0.13511678445115424
sub-1078sg2,sg2,posterior,9,4.25,36.07634271559622,47.18681680235615,0.764542835485246,-0.1165981771009538
sub-1078sg2,sg2,central,9,4.25,35.87624006158478,26.24567227811309,1.366939268364745,0.13574921976169566
sub-1078sg2,sg2,frontal,9,4.25,53.12528014592497,30.465460386441812,1.7437872092544369,0.24149348777263555
sub-1078sg2,sg2,global,9,4.25,32.07001866206402,32.54525988686681,0.9853975286584034,-0.006388531254700324
sub-1078sg2,sg2,posterior,10,4.75,34.08635366552101,43.49419027712924,0.7836990055070596,-0.10585070433973434
sub-1078sg2,sg2,central,10,4.75,38.71091357283772,25.115566649646457,1.5413115743252657,0.18789043971281172
sub-1078sg2,sg2,frontal,10,4.75,36.130824189643064,30.349889010610692,1.190476320259731,0.0757207612841072
sub-1078sg2,sg2,global,10,4.75,26.5895616678916,30.042325475003157,0.8850700219600363,-0.05302236890908912
sub-1078sg2,sg2,posterior,11,5.25,42.93043783589292,57.112414673202565,0.7516831162110905,-0.12396520446816002
sub-1078sg2,sg2,central,11,5.25,24.254979359121062,28.792494701603946,0.8424063149265731,-0.07447838621064577
sub-1078sg2,sg2,frontal,11,5.25,41.75241482036014,46.47360219329842,0.8984114174472345,-0.04652473748699989
sub-1078sg2,sg2,global,11,5.25,30.305666661520398,42.334250972283144,0.7158663721571916,-0.14516803809841874
sub-1078sg2,sg2,posterior,12,5.75,52.64322493828088,47.57337322837166,1.1065691029637916,0.04397853990699536
sub-1078sg2,sg2,central,12,5.75,43.4231538321095,33.63104076330302,1.2911629508501943,0.11098105573598191
sub-1078sg2,sg2,frontal,12,5.75,53.032915297615446,36.553149460900464,1.450843937656939,0.16162069937118528
sub-1078sg2,sg2,global,12,5.75,40.59585445704495,36.89261973515684,1.1003787410184673,0.0415421913618153
sub-1078sg2,sg2,posterior,13,6.25,33.89509283085966,36.56422654573308,0.9270014993607215,-0.0329195634136894
sub-1078sg2,sg2,central,13,6.25,23.216972096081523,18.5570526184881,1.2511131252034506,0.09729658022132806
sub-1078sg2,sg2,frontal,13,6.25,40.84253544565107,29.950855443526258,1.3636517168152873,0.13470346359057964
sub-1078sg2,sg2,global,13,6.25,27.92465498765135,27.817567497107838,1.003849635326836,0.001668665559643383
sub-1078sg2,sg2,posterior,14,6.75,49.04391037621867,45.104911310974245,1.0873297153404677,0.03636125691075836
sub-1078sg2,sg2,central,14,6.75,23.05298559635383,26.473118221302276,0.8708073376034582,-0.06007792016003557
sub-1078sg2,sg2,frontal,14,6.75,55.42866809658284,35.53956046523429,1.5596329096642765,0.19302239061879714
sub-1078sg2,sg2,global,14,6.75,36.52865319366457,34.58313548411746,1.0562562556087662,0.02376929404610203
sub-1078sg2,sg2,posterior,15,7.25,29.97067142397465,31.095683564263148,0.9638209548291962,-0.016003635756579575
sub-1078sg2,sg2,central,15,7.25,21.3306907196851,21.476475645969803,0.9932118784903119,-0.0029580950659760076
sub-1078sg2,sg2,frontal,15,7.25,31.031837801761135,29.360882277974696,1.056910943886721,0.024038394868457595
sub-1078sg2,sg2,global,15,7.25,22.45515713033209,25.74486593240755,0.8722188411968235,-0.059374536168171455
sub-1079sg2,sg2,posterior,1,0.25,2.7434576364682237,16.415167012716132,0.1671294379364513,-0.7769470473696181
sub-1079sg2,sg2,central,1,0.25,1.2830683380748316,4.935949587121017,0.2599435661625557,-0.5851209272770587
sub-1079sg2,sg2,frontal,1,0.25,2.887258407035219,9.117674759145114,0.3166660890310078,-0.4993984416335768
sub-1079sg2,sg2,global,1,0.25,2.1942890109071524,8.854027578819345,0.2478294754983984,-0.6058470422495762
sub-1079sg2,sg2,posterior,2,0.75,2.2787807102582236,13.793833380566062,0.16520285894338596,-0.7819824412009091
sub-1079sg2,sg2,central,2,0.75,1.1334299581326555,5.418047490186939,0.20919527932996188,-0.679448119919869
sub-1079sg2,sg2,frontal,2,0.75,2.8690827687886973,7.438917046437512,0.3856855441293968,-0.41376663860994295
sub-1079sg2,sg2,global,2,0.75,2.0499439153409886,8.143879450457046,0.2517158963135122,-0.5990893571046114
sub-1079sg2,sg2,posterior,3,1.25,2.579915783472706,15.338873640186447,0.16819460437522363,-0.7741879403315214
sub-1079sg2,sg2,central,3,1.25,1.2048440109284873,6.130043100379027,0.19654739635582502,-0.7065327048623985
sub-1079sg2,sg2,frontal,3,1.25,2.932509835228014,8.243765310288678,0.35572456575978434,-0.4488861421082159
sub-1079sg2,sg2,global,3,1.25,2.2056228391012103,8.912998612717816,0.2474613690564298,-0.6064925887105798
sub-1079sg2,sg2,posterior,4,1.75,2.3545955916378754,10.940017545172854,0.21522777106301913,-0.6671016919216229
sub-1079sg2,sg2,central,4,1.75,1.1206413532103832,5.843746286771715,0.19176762614543003,-0.7172247077654825
sub-1079sg2,sg2,frontal,4,1.75,3.5937621652024583,5.66772896790921,0.6340744565504823,-0.19785974184949578
sub-1079sg2,sg2,global,4,1.75,2.4096753273055294,7.049533907002765,0.34182051736950164,-0.46620187282379894
sub-1079sg2,sg2,posterior,5,2.25,2.1264068040897155,13.169878745283583,0.16145986194832868,-0.7919354231836108
sub-1079sg2,sg2,central,5,2.25,1.054543508888188,5.0655327353970785,0.2081801784675515,-0.6815606234900777
sub-1079sg2,sg2,frontal,5,2.25,2.477909603461948,7.168483464127088,0.3456671994658336,-0.46134182892398745
sub-1079sg2,sg2,global,5,2.25,1.936284605314222,7.627930141145867,0.25384141824656953,-0.595437514438457
sub-1079sg2,sg2,posterior,6,2.75,2.8435818862720916,11.779627233073333,0.24139829130485943,-0.6172658083045235
sub-1079sg2,sg2,central,6,2.75,1.3401098223193462,4.098990621719277,0.3269365426743162,-0.4855365343145773
sub-1079sg2,sg2,frontal,6,2.75,3.1254958820667187,6.471994933204632,0.48292619421429583,-0.31611923756051463
sub-1079sg2,sg2,global,6,2.75,2.3881682201520458,6.733553796805309,0.35466683600049304,-0.450179419408954
sub-1079sg2,sg2,posterior,7,3.25,2.585318688776514,12.922370766842691,0.20006535452535867,-0.6988281119693737
sub-1079sg2,sg2,central,7,3.25,1.2567077099289385,5.1465398211422455,0.24418497740293776,-0.6122810579656397
sub-1079sg2,sg2,frontal,7,3.25,2.6924924815733404,5.843495694654081,0.4607674279689409,-0.33651822913634744
sub-1079sg2,sg2,global,7,3.25,2.1283929109576447,7.462244005337096,0.2852215646440119,-0.5448176420324925
sub-1079sg2,sg2,posterior,8,3.75,2.4261432245204007,11.273806695766913,0.21520177611625793,-0.6671541486454862
sub-1079sg2,sg2,central,8,3.75,1.5683899971797615,4.87265381604537,0.32187593381149776,-0.4923114936579421
sub-1079sg2,sg2,frontal,8,3.75,2.841613958280998,5.893834863887824,0.48213328400018124,-0.3168328860265315
sub-1079sg2,sg2,global,8,3.75,2.5973514094888275,6.929350629161548,0.37483330668217424,-0.42616182582694007
sub-1079sg2,sg2,posterior,9,4.25,2.241532343642753,10.128211033531182,0.22131572261100949,-0.6549877320255106
sub-1079sg2,sg2,central,9,4.25,1.1342094191181227,3.6320323207056666,0.31227955011638153,-0.5054564549705808
sub-1079sg2,sg2,frontal,9,4.25,2.778370070405694,5.593176963109241,0.4967427436555129,-0.30386846828133185
sub-1079sg2,sg2,global,9,4.25,2.1624031111156996,6.037685783175731,0.3581509851243548,-0.44593384994028085
sub-1079sg2,sg2,posterior,10,4.75,2.108273101932609,7.980060594988079,0.2641926181934911,-0.5780793211750139
sub-1079sg2,sg2,central,10,4.75,1.011687580075172,2.766697699356836,0.3656661081224577,-0.43691529051647304
sub-1079sg2,sg2,frontal,10,4.75,2.7714292115401693,4.627708843506612,0.5988771777267083,-0.22266223688441739
sub-1079sg2,sg2,global,10,4.75,1.9146467801554892,4.836127986840622,0.39590490271666745,-0.402409120097729
sub-1079sg2,sg2,posterior,11,5.25,2.108500355772944,7.922680793529438,0.26613471004599665,-0.5748984798327587
sub-1079sg2,sg2,central,11,5.25,1.093096809674697,2.7712336421721795,0.39444411796974777,-0.40401451584224807
sub-1079sg2,sg2,frontal,11,5.25,2.2941643870013757,4.284816899149027,0.5354171347338088,-0.2713077343794432
sub-1079sg2,sg2,global,11,5.25,1.85255587279907,4.712888956724789,0.3930828605999025,-0.40551589209739186
sub-1079sg2,sg2,posterior,12,5.75,1.7645179190200493,7.891951766653628,0.22358447836386688,-0.6505583492422428
sub-1079sg2,sg2,central,12,5.75,1.0446009764168844,3.334900934605979,0.3132329855970084,-0.5041325099970716
sub-1079sg2,sg2,frontal,12,5.75,2.372667988192771,4.968844771422957,0.47750897790942587,-0.3210184585935997
sub-1079sg2,sg2,global,12,5.75,1.7968409274627275,5.063264214663929,0.35487797027435825,-0.44992095947245464
sub-1079sg2,sg2,posterior,13,6.25,2.0011986968799738,9.622938315600422,0.2079612932398922,-0.6820174905017654
sub-1079sg2,sg2,central,13,6.25,0.9998355478514681,3.799631148691958,0.26314015985358646,-0.5798128658184378
sub-1079sg2,sg2,frontal,13,6.25,2.309845903715734,5.09872756787753,0.45302398941021743,-0.3438787997694482
sub-1079sg2,sg2,global,13,6.25,1.7686589519970604,5.827894317630741,0.30348164458755783,-0.5178675711304229
sub-1079sg2,sg2,posterior,14,6.75,2.1491519571870072,8.670545262137786,0.24786814349171832,-0.605779286038871
sub-1079sg2,sg2,central,14,6.75,1.0717661508636565,3.757448746950867,0.2852377299180419,-0.5447930285696968
sub-1079sg2,sg2,frontal,14,6.75,2.6541999467253494,4.399161705159989,0.6033422103152312,-0.21943629002303086
sub-1079sg2,sg2,global,14,6.75,1.9021134949428675,5.225870551764357,0.3639802165211835,-0.4389222209915372
sub-1079sg2,sg2,posterior,15,7.25,2.3267009776947236,9.120764255414127,0.2550993439298229,-0.5932906583169996
sub-1079sg2,sg2,central,15,7.25,1.3109441087160099,3.2333090807316682,0.40544967276043875,-0.392063045765739
sub-1079sg2,sg2,frontal,15,7.25,2.7519956105818233,5.7518068124386454,0.4784575873846213,-0.32015655398158727
sub-1079sg2,sg2,global,15,7.25,2.117430484138067,5.375330511677091,0.3939163330586408,-0.4045960115488643
sub-1081sg2,sg2,posterior,1,0.25,2.565028081768328,2.0142553136749695,1.273437415979052,0.10497760610149487
sub-1081sg2,sg2,central,1,0.25,1.7759009870170417,0.7105307741627613,2.499400520842516,0.3978358559880213
sub-1081sg2,sg2,frontal,1,0.25,3.081693989522159,1.175051626473883,2.6226030585309377,0.4187325633563033
sub-1081sg2,sg2,global,1,0.25,2.9765687991769667,1.4671617223512345,2.0287939317328947,0.3072379371978631
sub-1081sg2,sg2,posterior,2,0.75,3.818131644509885,2.48146880846732,1.5386579236787405,0.18714207767961608
sub-1081sg2,sg2,central,2,0.75,1.7840154396387116,0.8218874086881583,2.17063240144564,0.336586281519344
sub-1081sg2,sg2,frontal,2,0.75,4.291503053914323,1.151305504374393,3.727510237385932,0.5714188448907234
sub-1081sg2,sg2,global,2,0.75,3.8222493516750937,1.804710792903348,2.117929014834565,0.32591140006690156
sub-1081sg2,sg2,posterior,3,1.25,4.177468589809468,1.9752199861491466,2.114938396281513,0.3252977218081552
sub-1081sg2,sg2,central,3,1.25,2.306208294016084,0.7599682535079708,3.034611358264975,0.48210307901305033
sub-1081sg2,sg2,frontal,3,1.25,5.212077103948971,1.055427984717656,4.938354088974896,0.6935822264170264
sub-1081sg2,sg2,global,3,1.25,4.147269407497649,1.4995915328664962,2.7655993759647792,0.4417892685393101
sub-1081sg2,sg2,posterior,4,1.75,2.9844913246695004,2.346623264090277,1.2718238033093514,0.10442694892968514
sub-1081sg2,sg2,central,4,1.75,1.9267468255075253,0.8150502616524647,2.363960747158296,0.3736402609426853
sub-1081sg2,sg2,frontal,4,1.75,3.7305321742697823,1.3212833689310448,2.8234156744800982,0.45077482141419123
sub-1081sg2,sg2,global,4,1.75,3.4478202636798865,1.6145034000865137,2.1355298870817703,0.3295056538259969
sub-1081sg2,sg2,posterior,5,2.25,3.121958177644059,2.1303341452348405,1.465478166712624,0.1659793525275333
sub-1081sg2,sg2,central,5,2.25,2.0551670692805706,0.7040475703696002,2.919074158869237,0.46524512834826953
sub-1081sg2,sg2,frontal,5,2.25,3.7182125360046325,1.194146484264564,3.113698851020408,0.49327660641303533
sub-1081sg2,sg2,global,5,2.25,3.074596621837441,1.4063531390379969,2.186219475387662,0.3396937587871346
sub-1081sg2,sg2,posterior,6,2.75,3.9995270419477027,1.9641418570547389,2.036271986965878,0.30883578670460854
sub-1081sg2,sg2,central,6,2.75,1.9605946618859258,0.711098627408845,2.7571346453446113,0.4404579755008833
sub-1081sg2,sg2,frontal,6,2.75,4.456588474788709,1.099312586264823,4.053977485995164,0.6078813324834782
sub-1081sg2,sg2,global,6,2.75,3.88910242280465,1.4154912750978024,2.747528360805993,0.4389421840356466
sub-1081sg2,sg2,posterior,7,3.25,3.3809750160399954,2.141356059730567,1.5788943649405982,0.19835307474671224
sub-1081sg2,sg2,central,7,3.25,2.7107828102678457,0.9432420012284742,2.873899600248223,0.45847159197503035
sub-1081sg2,sg2,frontal,7,3.25,3.8452960289643277,1.1652775874562669,3.2998970119715296,0.5185003859898831
sub-1081sg2,sg2,global,7,3.25,3.3134017274943974,1.4413657337641517,2.2987931861272926,0.3614999011675487
sub-1081sg2,sg2,posterior,8,3.75,3.1379891453697106,2.003193060484003,1.5664936182494176,0.19492862994564714
sub-1081sg2,sg2,central,8,3.75,2.0303700695347913,0.7238299275214074,2.805037471284638,0.4479386671834286
sub-1081sg2,sg2,frontal,8,3.75,3.4061287916882224,1.1358960237647362,2.9986272690692073,0.47692248608409077
sub-1081sg2,sg2,global,8,3.75,2.9662637868620063,1.3509994544373305,2.1956069464864494,0.3415545961376158
sub-1081sg2,sg2,posterior,9,4.25,3.3333135369460614,2.1022996652569614,1.5855558520191433,0.20018154487871337
sub-1081sg2,sg2,central,9,4.25,2.167255946767152,0.7786847827579658,2.78322627429691,0.44454851559879655
sub-1081sg2,sg2,frontal,9,4.25,3.995530137630638,1.1684380301688546,3.4195481783943915,0.5339687269353839
sub-1081sg2,sg2,global,9,4.25,3.2235991445713426,1.4260299671417245,2.260540955554105,0.3542123798109339
sub-1081sg2,sg2,posterior,10,4.75,3.9016502578691634,2.247673070584339,1.735861993868544,0.2395151945249124
sub-1081sg2,sg2,central,10,4.75,2.37587710790285,0.7568941248659455,3.1389820978246386,0.49678883884813285
sub-1081sg2,sg2,frontal,10,4.75,4.169705562844397,1.2286287202727162,3.3937881265862453,0.5306847259231279
sub-1081sg2,sg2,global,10,4.75,3.537738681136935,1.4698407256785542,2.4068857389318374,0.3814554736862284
sub-1081sg2,sg2,posterior,11,5.25,3.5166613614599425,1.7387476890138194,2.022525397836484,0.305893983965883
sub-1081sg2,sg2,central,11,5.25,2.250074120385649,0.6864986893418812,3.2776087635982307,0.515557112153673
sub-1081sg2,sg2,frontal,11,5.25,3.888696389120414,1.002489286521263,3.879040346271007,0.5887242967621442
sub-1081sg2,sg2,global,11,5.25,3.316308080949223,1.270055226536452,2.611152658292723,0.41683226313511146
sub-1081sg2,sg2,posterior,12,5.75,3.331494561375237,1.9583122674150302,1.70120701218545,0.23075716415906225
sub-1081sg2,sg2,central,12,5.75,2.0900123556241166,0.6884940461525657,3.0356288007187557,0.4822486645700946
sub-1081sg2,sg2,frontal,12,5.75,4.4972786088766155,1.0637583543055689,4.227725771246685,0.6261068093125871
sub-1081sg2,sg2,global,12,5.75,3.468756233499186,1.3600029878072257,2.5505504506956767,0.4066339184345616
sub-1081sg2,sg2,posterior,13,6.25,3.531234434636241,2.818082920537806,1.2530626437217598,0.09797278299944244
sub-1081sg2,sg2,central,13,6.25,2.242811735607561,0.7772871854501978,2.8854351102013145,0.4602113120190086
sub-1081sg2,sg2,frontal,13,6.25,3.869732185491963,1.3876293777636994,2.788736133367553,0.44540742382369997
sub-1081sg2,sg2,global,13,6.25,3.2550322268767173,1.6689111716451694,1.9503927364018965,0.29012207088995007
sub-1081sg2,sg2,posterior,14,6.75,3.722927774254723,1.3708024035759268,2.7158748515051867,0.43390975362283796
sub-1081sg2,sg2,central,14,6.75,2.3305635640211073,0.7189435266642915,3.241650390586738,0.5107661747240123
sub-1081sg2,sg2,frontal,14,6.75,4.281159408315304,0.96649267223598,4.429582894209477,0.6463628333852258
sub-1081sg2,sg2,global,14,6.75,3.657323776941347,1.2294817267963891,2.974687380243615,0.47344133101613445
sub-1081sg2,sg2,posterior,15,7.25,3.238164422709713,1.4637887678777732,2.2121801271944865,0.3448204865845796
sub-1081sg2,sg2,central,15,7.25,2.0675714904813827,0.6582027154986682,3.1412381653803223,0.497100865398578
sub-1081sg2,sg2,frontal,15,7.25,4.3994247019881545,1.0023689524048833,4.389027305198407,0.6423682827041913
sub-1081sg2,sg2,global,15,7.25,3.2397551636021915,1.164914426012536,2.7811100036693404,0.4442181672322818
sub-1083sg2,sg2,posterior,1,0.25,4.964872231685256,26.83473621882058,0.18501662141188238,-0.7327892539580527
sub-1083sg2,sg2,central,1,0.25,2.8584779521816515,13.250347167546614,0.21572853269707323,-0.6660924104218505
sub-1083sg2,sg2,frontal,1,0.25,4.827271804851731,13.087565269762278,0.36884414368536045,-0.43315710765178095
sub-1083sg2,sg2,global,1,0.25,4.305559259539531,17.146701775445795,0.2511013089237444,-0.6001510234205789
sub-1083sg2,sg2,posterior,2,0.75,4.857568975191825,18.798535741006706,0.25840145435347034,-0.5877050463429386
sub-1083sg2,sg2,central,2,0.75,2.9349428730836844,10.640511884649044,0.2758272256918294,-0.5593628687469624
sub-1083sg2,sg2,frontal,2,0.75,4.61081266979544,8.438720135322756,0.5463876744170625,-0.26249910616589445
sub-1083sg2,sg2,global,2,0.75,4.040562171684576,12.209158434768696,0.33094518293562675,-0.4802439358922948
sub-1083sg2,sg2,posterior,3,1.25,5.922545475933526,24.39436218433765,0.2427833706484888,-0.6147810634078531
sub-1083sg2,sg2,central,3,1.25,2.708166173225362,9.892793604219355,0.2737514074962918,-0.5626436392155644
sub-1083sg2,sg2,frontal,3,1.25,5.10396057251271,9.529918169492456,0.5355723398393605,-0.2711818606468316
sub-1083sg2,sg2,global,3,1.25,4.811112166069967,14.562699921700817,0.33037226557835053,-0.4809964184093004
sub-1083sg2,sg2,posterior,4,1.75,4.582273406440612,11.929210040408188,0.3841221162942838,-0.41553068708618285
sub-1083sg2,sg2,central,4,1.75,2.4042000975204165,4.978509219360866,0.4829156664349944,-0.3161287052728675
sub-1083sg2,sg2,frontal,4,1.75,4.186345180352716,4.4484240034576965,0.9410850173227034,-0.026371140774358245
sub-1083sg2,sg2,global,4,1.75,3.7862359688427687,6.807375626344754,0.5561961285329868,-0.254772038417944
sub-1083sg2,sg2,posterior,5,2.25,6.780679961375964,19.807910508884223,0.3423218192718864,-0.46556541845669597
sub-1083sg2,sg2,central,5,2.25,3.152279096902627,8.730163826419881,0.36107903122768004,-0.4423977314195539
sub-1083sg2,sg2,frontal,5,2.25,5.407272266295659,7.509869209286598,0.7200221622513882,-0.14265413579740482
sub-1083sg2,sg2,global,5,2.25,4.861566202015371,12.222091862292642,0.39776874996449507,-0.40036933948982545
sub-1083sg2,sg2,posterior,6,2.75,4.833485014554089,19.537589109456192,0.24739413790899525,-0.6066105953452904
sub-1083sg2,sg2,central,6,2.75,3.2727697984041524,9.365297191967189,0.34945712146874264,-0.45660610475929664
sub-1083sg2,sg2,frontal,6,2.75,4.857523758959726,6.879359540778045,0.7061011610406901,-0.15113307439510817
sub-1083sg2,sg2,global,6,2.75,4.6555211021490095,11.62004697502344,0.40064563526771957,-0.3972395842082817
sub-1083sg2,sg2,posterior,7,3.25,4.473473837659507,20.077513597561843,0.22281015106386248,-0.6520650269157492
sub-1083sg2,sg2,central,7,3.25,2.7200505943893987,10.081491139573137,0.2698063765301855,-0.5689477905456984
sub-1083sg2,sg2,frontal,7,3.25,4.3275060270089085,8.309515216666698,0.5207892294762361,-0.2833380060593084
sub-1083sg2,sg2,global,7,3.25,3.73501723268994,12.65324872815468,0.2951824715481307,-0.5299094352498793
sub-1083sg2,sg2,posterior,8,3.75,4.479264229170809,17.45379494112418,0.2566355479871534,-0.5906831873009462
sub-1083sg2,sg2,central,8,3.75,2.425610380396552,7.415170405573524,0.3271145837152132,-0.4853000933380116
sub-1083sg2,sg2,frontal,8,3.75,4.20912099619624,6.264635561721167,0.6718860107226752,-0.1727044012219125
sub-1083sg2,sg2,global,8,3.75,3.6104264489419275,9.673637970829178,0.3732232340955033,-0.42803132814797923
sub-1083sg2,sg2,posterior,9,4.25,7.440210569241468,23.61343000779929,0.31508385553407686,-0.5015738489113359
sub-1083sg2,sg2,central,9,4.25,5.071668240390068,10.1679292281104,0.49879067080530637,-0.3020816779995611
sub-1083sg2,sg2,frontal,9,4.25,6.962941095847191,10.348480109629802,0.6728467390460373,-0.17208384805920351
sub-1083sg2,sg2,global,9,4.25,6.92331347242121,14.363296568324621,0.4820142395227843,-0.3169401317718887
sub-1083sg2,sg2,posterior,10,4.75,4.330844145348294,17.27980998326809,0.2506303107234291,-0.6009664074683844
sub-1083sg2,sg2,central,10,4.75,2.9586029149952817,13.370017172672904,0.2212863960296473,-0.6550452842691213
sub-1083sg2,sg2,frontal,10,4.75,4.343300670095669,8.43948737985933,0.5146403418365042,-0.2884961731387427
sub-1083sg2,sg2,global,10,4.75,3.7932659835329976,12.623469583004324,0.3004931376901388,-0.5221654414560352
sub-1083sg2,sg2,posterior,11,5.25,4.180401556928788,18.59720169109468,0.22478659028205222,-0.6482296003103364
sub-1083sg2,sg2,central,11,5.25,2.354822976448577,9.451624073915442,0.24914479861163852,-0.6035481751509347
sub-1083sg2,sg2,frontal,11,5.25,3.767667903769123,6.877021958046126,0.5478632941343085,-0.26132779554799856
sub-1083sg2,sg2,global,11,5.25,3.4236861588165945,10.775194767604305,0.31773775162839096,-0.49793118193124364
sub-1083sg2,sg2,posterior,12,5.75,3.877208679511643,12.298810135898094,0.3152507142292361,-0.5013439208200205
sub-1083sg2,sg2,central,12,5.75,2.3370377474308266,7.507317714142335,0.311301297802849,-0.5068190687571216
sub-1083sg2,sg2,frontal,12,5.75,3.972274757327103,5.993341427316388,0.6627813224893732,-0.17862973871693363
sub-1083sg2,sg2,global,12,5.75,3.4565344454166675,8.44941422986732,0.4090856894195546,-0.38818571266692875
sub-1083sg2,sg2,posterior,13,6.25,680.9231385625205,783.2302057711695,0.869378036680905,-0.060791335698866654
sub-1083sg2,sg2,central,13,6.25,684.83605697241,771.2669820110328,0.8879364382833305,-0.05161812148581521
sub-1083sg2,sg2,frontal,13,6.25,685.7325438867998,761.0690417605887,0.9010122686116464,-0.04526929542042327
sub-1083sg2,sg2,global,13,6.25,724.8436701605744,782.4833604837526,0.9263374874993588,-0.033230760341711414
sub-1083sg2,sg2,posterior,14,6.75,6.6141768666716585,18.811591553375656,0.3516011310316151,-0.45394973655617454
sub-1083sg2,sg2,central,14,6.75,3.472652455762726,8.800451984986593,0.3945993298624896,-0.403843656633929
sub-1083sg2,sg2,frontal,14,6.75,4.713820060084675,7.9084470778810285,0.5960487582029423,-0.22471821248734408
sub-1083sg2,sg2,global,14,6.75,4.554797057009468,12.28987540204005,0.37061377011628593,-0.43107844855080085
sub-1083sg2,sg2,posterior,15,7.25,8.336633365641777,11.532376578758578,0.7228894502974328,-0.14092811321269663
sub-1083sg2,sg2,central,15,7.25,4.596270922487221,7.413883259868512,0.6199545853880545,-0.20764012346587718
sub-1083sg2,sg2,frontal,15,7.25,5.887286313744568,7.45744688892425,0.7894506526742183,-0.10267501187619024
sub-1083sg2,sg2,global,15,7.25,6.121364233471097,9.007760908021663,0.6795655763931135,-0.16776862856867714
sub-1087sg2,sg2,posterior,1,0.25,14.465318506517008,24.03189695551649,0.6019216266319964,-0.22046005249144826
sub-1087sg2,sg2,central,1,0.25,8.38262693516336,15.156738463906509,0.5530627156446174,-0.25722561821785545
sub-1087sg2,sg2,frontal,1,0.25,13.589370544745224,10.081152277369158,1.3479977457786791,0.12968916594062208
sub-1087sg2,sg2,global,1,0.25,12.100829649701273,16.758117375326954,0.7220876533253894,-0.14141008076142872
sub-1087sg2,sg2,posterior,2,0.75,35.281779010107506,22.528527204158866,1.5660934552168297,0.19481767462738517
sub-1087sg2,sg2,central,2,0.75,18.832162604673616,10.780550341784457,1.7468646782977142,0.2422592634575571
sub-1087sg2,sg2,frontal,2,0.75,20.99323699796165,10.322970010915242,2.03364312555049,0.3082747429807922
sub-1087sg2,sg2,global,2,0.75,23.765706371148806,14.548254050811277,1.6335779048224361,0.21313985067416027
sub-1087sg2,sg2,posterior,3,1.25,19.005830589675547,17.928462801567505,1.060092591318752,0.025343799361607675
sub-1087sg2,sg2,central,3,1.25,12.341511110214462,10.357304154011752,1.1915756191667073,0.07612160853286186
sub-1087sg2,sg2,frontal,3,1.25,14.94651997566005,9.666430770446775,1.5462294543458706,0.18927394195100283
sub-1087sg2,sg2,global,3,1.25,15.064568302908341,13.219817425478233,1.1395443536061824,0.05673123355460627
sub-1087sg2,sg2,posterior,4,1.75,50.301530177883414,32.25159115980635,1.5596604188810335,0.19303005075189844
sub-1087sg2,sg2,central,4,1.75,17.41149994489543,8.694362055262099,2.002619609607521,0.3015984644522683
sub-1087sg2,sg2,frontal,4,1.75,35.20835814887137,14.56999623825316,2.4164974083131683,0.3831863336955103
sub-1087sg2,sg2,global,4,1.75,31.23119581835423,17.045947686413808,1.8321771480764628,0.26296746207892785
sub-1087sg2,sg2,posterior,5,2.25,65.1282136082428,23.492707524808857,2.7722736316989374,0.4428360942196965
sub-1087sg2,sg2,central,5,2.25,21.847117635783007,7.751676838413073,2.818373119932017,0.44999848813484256
sub-1087sg2,sg2,frontal,5,2.25,24.47528149366614,9.068460568980692,2.698945571576455,0.431194126423004
sub-1087sg2,sg2,global,5,2.25,35.25230325910208,12.119964492298363,2.9086144007685144,0.4636861500135022
sub-1087sg2,sg2,posterior,6,2.75,17.88079017761153,16.11477624662629,1.1095897270900652,0.045162427257053876
sub-1087sg2,sg2,central,6,2.75,9.39471738779481,8.939505083704445,1.0509214212451379,0.021570244481682568
sub-1087sg2,sg2,frontal,6,2.75,18.760807760689254,9.494070496652073,1.976055240721558,0.2957990811449366
sub-1087sg2,sg2,global,6,2.75,14.95728094882079,11.79670065123681,1.2679207001198773,0.1030920922071417
sub-1087sg2,sg2,posterior,7,3.25,40.455427846501074,23.24831074449137,1.7401448342257249,0.24058539660863532
sub-1087sg2,sg2,central,7,3.25,15.846338019285918,6.6371437457279745,2.3875237039254245,0.37794769206014334
sub-1087sg2,sg2,frontal,7,3.25,25.156877263212703,8.734636313251098,2.88012876106219,0.4594119040678316
sub-1087sg2,sg2,global,7,3.25,25.482407380917355,11.779415582483395,2.163299800612436,0.3351167102524245
sub-1087sg2,sg2,posterior,8,3.75,20.74607683217033,19.315386398298756,1.0740699877480882,0.031032581458952352
sub-1087sg2,sg2,central,8,3.75,12.843007405965407,6.435267028457637,1.9957225316636995,0.3001001605265901
sub-1087sg2,sg2,frontal,8,3.75,16.142237802186,10.947802941782626,1.4744728132234324,0.1686367693083699
sub-1087sg2,sg2,global,8,3.75,16.090914243935703,12.326346222975998,1.3054082655850316,0.1157463582347888
sub-1087sg2,sg2,posterior,9,4.25,61.10864215989549,24.20552918432649,2.5245736911822783,0.4021880520791333
sub-1087sg2,sg2,central,9,4.25,23.61097385290748,7.112209817248462,3.3197802735861894,0.5211093399910972
sub-1087sg2,sg2,frontal,9,4.25,29.145274739152114,7.6734694486559,3.7981873693726973,0.5795763852239263
sub-1087sg2,sg2,global,9,4.25,37.819801734351586,11.348524233890922,3.332574434780477,0.5227798583869934
sub-1087sg2,sg2,posterior,10,4.75,46.63759032649227,34.33087951444841,1.358473507993423,0.13305117352722223
sub-1087sg2,sg2,central,10,4.75,25.413052298395655,20.519138226323907,1.2385048542532535,0.09289771311908657
sub-1087sg2,sg2,frontal,10,4.75,27.49291313432381,20.51755692838942,1.3399701158515045,0.12709511279353072
sub-1087sg2,sg2,global,10,4.75,32.13468127125934,25.35675478617481,1.267302600125314,0.10288032591247565
sub-1087sg2,sg2,posterior,11,5.25,13.500027974582295,18.2765383067936,0.7386534445401063,-0.13155927260009115
sub-1087sg2,sg2,central,11,5.25,10.086418926068122,6.17915908271787,1.6323287345487252,0.21280762575582
sub-1087sg2,sg2,frontal,11,5.25,18.83340901518016,10.713835403674505,1.757858722444149,0.24498396827562388
sub-1087sg2,sg2,global,11,5.25,14.176341905696004,11.663966872594,1.2153962764593542,0.0847179014899608
sub-1087sg2,sg2,posterior,12,5.75,21.057804727455725,21.63660081521228,0.9732492135571678,-0.011775938545243952
sub-1087sg2,sg2,central,12,5.75,15.446210957410093,8.955442735029019,1.7247847386698791,0.23673490077660025
sub-1087sg2,sg2,frontal,12,5.75,15.530138637102551,9.933512117070958,1.5634086367513127,0.1940725068043383
sub-1087sg2,sg2,global,12,5.75,17.758349838479347,13.200938905812663,1.3452338477727486,0.12879778617455895
sub-1087sg2,sg2,posterior,13,6.25,26.845285338308287,23.209087498388826,1.1566712969724418,0.06320995861203779
sub-1087sg2,sg2,central,13,6.25,13.194573485344476,7.146886153166869,1.8461989183216254,0.26627849218029126
sub-1087sg2,sg2,frontal,13,6.25,17.395418965866654,10.896532260574178,1.5964178832202187,0.2031465841460363
sub-1087sg2,sg2,global,13,6.25,17.648969507351616,12.518193922250854,1.4098654819511067,0.14917767773816915
sub-1087sg2,sg2,posterior,14,6.75,51.455137971144396,25.78952510625648,1.9951952492006724,0.29998540202841834
sub-1087sg2,sg2,central,14,6.75,21.60303424463045,16.114665700829693,1.3405822153368145,0.12729345358350408
sub-1087sg2,sg2,frontal,14,6.75,19.476890142881512,11.47879325464204,1.6967715778838537,0.2296233808317094
sub-1087sg2,sg2,global,14,6.75,28.388023876840677,17.187454487962444,1.6516712173244015,0.21792360066438893
sub-1087sg2,sg2,posterior,15,7.25,20.6111282900359,21.699153233641155,0.9498586450867381,-0.022341020212730038
sub-1087sg2,sg2,central,15,7.25,16.43542686698918,10.846570909196219,1.5152647785720437,0.1804885284325772
sub-1087sg2,sg2,frontal,15,7.25,36.226577483069306,12.958266708133136,2.7956345010503627,0.44648039148247626
sub-1087sg2,sg2,global,15,7.25,22.98570681249171,15.293689401189162,1.5029536830206878,0.17694559700841261
sub-1096sg2,sg2,posterior,1,0.25,19.385328174636875,117.06506663858376,0.16559447434891408,-0.7809541590959054
sub-1096sg2,sg2,central,1,0.25,5.554561473907033,32.929098460937006,0.1686824642495535,-0.7729300630865918
sub-1096sg2,sg2,frontal,1,0.25,12.431020865884298,25.835538091076998,0.4811597429115551,-0.31771071583497745
sub-1096sg2,sg2,global,1,0.25,11.784707661232437,53.10338035884582,0.22192010342086202,-0.6538033538775891
sub-1096sg2,sg2,posterior,2,0.75,19.91802318969521,115.09371822547743,0.17305916862182064,-0.7618053869715175
sub-1096sg2,sg2,central,2,0.75,8.964059463095593,38.66896803340436,0.2318153268365463,-0.6348578533573911
sub-1096sg2,sg2,frontal,2,0.75,16.71165830974441,22.353072581770267,0.747622424103493,-0.12631768091766118
sub-1096sg2,sg2,global,2,0.75,14.007268914277384,55.23260998777751,0.2536050517507152,-0.5958420996640905
sub-1096sg2,sg2,posterior,3,1.25,22.87766139069957,102.98982348058854,0.22213516459722388,-0.6533826860184507
sub-1096sg2,sg2,central,3,1.25,8.252969367348745,29.7685389610788,0.2772379718782699,-0.5571472868747842
sub-1096sg2,sg2,frontal,3,1.25,26.296280182768754,20.40012394866455,1.2890255102832442,0.11026151228405899
sub-1096sg2,sg2,global,3,1.25,17.581039322980477,48.45681804272194,0.36281869163344893,-0.4403103471241845
sub-1096sg2,sg2,posterior,4,1.75,12.641931359978672,87.1694987931974,0.1450270052598402,-0.8385511209145791
sub-1096sg2,sg2,central,4,1.75,5.175699411452622,30.015723519935253,0.17243293862348938,-0.7633797704368318
sub-1096sg2,sg2,frontal,4,1.75,11.636434870212506,16.372642958643386,0.71072427949511,-0.148298848099658
sub-1096sg2,sg2,global,4,1.75,8.968186230116359,40.85038240192007,0.21953738748097573,-0.6584915082510344
sub-1096sg2,sg2,posterior,5,2.25,14.555912107963167,91.07696720860831,0.1598199034737664,-0.7963691359697207
sub-1096sg2,sg2,central,5,2.25,7.142893796407706,31.477492670605354,0.2269206722134498,-0.6441259385827475
sub-1096sg2,sg2,frontal,5,2.25,16.399876487591456,15.27292285784169,1.0737876855818167,0.030918419077273742
sub-1096sg2,sg2,global,5,2.25,11.76677794565104,42.90292496360201,0.27426516853183647,-0.5618293439628981
sub-1096sg2,sg2,posterior,6,2.75,14.924857866036895,93.61499770781923,0.1594280642148677,-0.7974352271001893
sub-1096sg2,sg2,central,6,2.75,6.544198995741177,33.68196417228453,0.1942938648787627,-0.7115409126856818
sub-1096sg2,sg2,frontal,6,2.75,9.972777055916827,14.036339454323837,0.7104969987630753,-0.14843775225218803
sub-1096sg2,sg2,global,6,2.75,9.863613323459992,43.8516343606937,0.22493148698469528,-0.6479497456913546
sub-1096sg2,sg2,posterior,7,3.25,19.145773663655305,93.7481041380077,0.20422571570589398,-0.6898895732873057
sub-1096sg2,sg2,central,7,3.25,6.685179153557406,30.209781275498056,0.2212918753893623,-0.6550345306653302
sub-1096sg2,sg2,frontal,7,3.25,14.493976358657436,18.46211445438832,0.7850658923421588,-0.10509389041444867
sub-1096sg2,sg2,global,7,3.25,12.52517756862159,44.465533726252694,0.2816828342988416,-0.5502396180353083
sub-1096sg2,sg2,posterior,8,3.75,23.7818624787581,98.08702056472033,0.2424567729944067,-0.615365679426322
sub-1096sg2,sg2,central,8,3.75,7.292604925352292,31.135847749540332,0.2342189293837344,-0.6303780085177615
sub-1096sg2,sg2,frontal,8,3.75,21.05772023145333,20.33432709922445,1.0355749727393966,0.015181546076742412
sub-1096sg2,sg2,global,8,3.75,16.246215395274486,47.61711443377979,0.3411843743254915,-0.4670108670109909
sub-1096sg2,sg2,posterior,9,4.25,25.739640929344954,83.79568932918815,0.3071714205754399,-0.512619193796025
sub-1096sg2,sg2,central,9,4.25,7.48523779866294,28.825275178285924,0.25967619571248945,-0.585567859937651
sub-1096sg2,sg2,frontal,9,4.25,35.5968755822125,15.773927810356897,2.2566906613354845,0.35347203170412095
sub-1096sg2,sg2,global,9,4.25,20.46979898994733,41.36759367763973,0.49482692054703176,-0.3055466810578938
sub-1096sg2,sg2,posterior,10,4.75,16.589029160943046,102.87734563728225,0.16125055577766834,-0.7924987798197733
sub-1096sg2,sg2,central,10,4.75,6.0569993332483065,33.811817938481354,0.1791385291458941,-0.7468109959719766
sub-1096sg2,sg2,frontal,10,4.75,15.480593022140752,20.42298702873291,0.7579984749714257,-0.12033166813069161
sub-1096sg2,sg2,global,10,4.75,11.529799660232863,48.11406548198813,0.23963470026346312,-0.6204502937878352
sub-1096sg2,sg2,posterior,11,5.25,14.964221430430989,73.05327755481144,0.20483983650430224,-0.6885855794755428
sub-1096sg2,sg2,central,11,5.25,6.6625919417100254,15.254435209328724,0.436764249235237,-0.35975291745370375
sub-1096sg2,sg2,frontal,11,5.25,32.8424655636087,12.405764964213924,2.647355133548568,0.422812204314245
sub-1096sg2,sg2,global,11,5.25,15.10541489543125,33.983102493096965,0.44449781765804447,-0.3521303669353773
sub-1096sg2,sg2,posterior,12,5.75,13.086189139686132,98.28026906206054,0.13315174311766143,-0.875653143746809
sub-1096sg2,sg2,central,12,5.75,5.9552861974888245,28.490081972780786,0.20903015313113038,-0.67979106128656
sub-1096sg2,sg2,frontal,12,5.75,14.069571604356817,16.44532029532742,0.8555364901195861,-0.06776146231269435
sub-1096sg2,sg2,global,12,5.75,10.039855686052642,44.66392959337373,0.2247866629169624,-0.6482294599775187
sub-1096sg2,sg2,posterior,13,6.25,12.803280291812,82.6102240088334,0.1549842098290759,-0.8097125465614666
sub-1096sg2,sg2,central,13,6.25,5.90360205027892,25.773139200799857,0.22906026325639464,-0.6400502444870642
sub-1096sg2,sg2,frontal,13,6.25,8.57530078394568,16.210253815857143,0.5290047201825536,-0.2765404528417689
sub-1096sg2,sg2,global,13,6.25,8.890970659692785,40.08706281282986,0.2217915216489054,-0.6540550595009812
sub-1096sg2,sg2,posterior,14,6.75,22.5695126805245,109.02307781770531,0.20701591931079402,-0.683996256460958
sub-1096sg2,sg2,central,14,6.75,6.829148061605334,32.2294371853948,0.2118916325569611,-0.6738861929168088
sub-1096sg2,sg2,frontal,14,6.75,26.80937188251771,18.804771436300197,1.425668584876584,0.1540185798724924
sub-1096sg2,sg2,global,14,6.75,16.311044969430686,50.97600281986411,0.31997496992986413,-0.4948839930754078
sub-1096sg2,sg2,posterior,15,7.25,26.289590590204753,83.8408909929076,0.31356525770257715,-0.5036720621352636
sub-1096sg2,sg2,central,15,7.25,8.163699465993668,24.988874166670854,0.32669336807826577,-0.4858596816746933
sub-1096sg2,sg2,frontal,15,7.25,43.5889567516187,17.6159688706272,2.4744001917657092,0.3934699406528926
sub-1096sg2,sg2,global,15,7.25,21.93854484234392,40.02165094707967,0.548166912738135,-0.2610871819466742
sub-1097sg2,sg2,posterior,1,0.25,26.231159616924042,78.23925839627947,0.3352685103949224,-0.4746072351305011
sub-1097sg2,sg2,central,1,0.25,10.286042824809835,22.876741190676373,0.449628849628373,-0.34714583081879774
sub-1097sg2,sg2,frontal,1,0.25,11.991355992438146,27.073261190453398,0.4429224801578966,-0.3536722769047514
sub-1097sg2,sg2,global,1,0.25,15.937231342118599,37.831496838056594,0.4212688546356046,-0.3754406480649278
sub-1097sg2,sg2,posterior,2,0.75,28.284968458941282,69.34322325543685,0.40789809199882554,-0.389448326152186
sub-1097sg2,sg2,central,2,0.75,10.526441601278329,24.29807517098622,0.4332212130880109,-0.36329028588441664
sub-1097sg2,sg2,frontal,2,0.75,12.355237875804542,24.34984253027999,0.5074052475058234,-0.29464504568535926
sub-1097sg2,sg2,global,2,0.75,16.60518764049053,34.69973542903434,0.4785393155071856,-0.3200823759510732
sub-1097sg2,sg2,posterior,3,1.25,29.688340952724086,76.2410791994343,0.3894008487873605,-0.4096031061717519
sub-1097sg2,sg2,central,3,1.25,10.521049383533148,23.01513660594007,0.4571360823823104,-0.33995449789449617
sub-1097sg2,sg2,frontal,3,1.25,12.718320113793487,25.81021386869757,0.4927630657573965,-0.30736185145012346
sub-1097sg2,sg2,global,3,1.25,16.61840792398267,36.115922796997964,0.4601407533566892,-0.33710930080576923
sub-1097sg2,sg2,posterior,4,1.75,27.854855969670478,62.38501577144661,0.44649914126365486,-0.3501793720381777
sub-1097sg2,sg2,central,4,1.75,10.178106203045859,22.3532035866069,0.4553309848233187,-0.34167279537613343
sub-1097sg2,sg2,frontal,4,1.75,12.871543019277198,20.966013685526303,0.6139241923782083,-0.2118852524165023
sub-1097sg2,sg2,global,4,1.75,16.1075175906724,31.532282832426198,0.5108262435762579,-0.2917267990601908
sub-1097sg2,sg2,posterior,5,2.25,28.216868725371608,72.82256723182192,0.3874742376981381,-0.4117571674737439
sub-1097sg2,sg2,central,5,2.25,10.635323813106327,24.821422700267878,0.4284735787119708,-0.368075953141886
sub-1097sg2,sg2,frontal,5,2.25,13.938917013365979,29.206880750616012,0.47724771201635385,-0.3212561449899353
sub-1097sg2,sg2,global,5,2.25,17.15335076548031,37.44261878605397,0.45812369224209604,-0.3390172477481709
sub-1097sg2,sg2,posterior,6,2.75,25.32755548049783,65.95718957198861,0.38399991941521716,-0.4156688667718707
sub-1097sg2,sg2,central,6,2.75,10.306422329573493,21.105238035843858,0.48833480636748516,-0.3112823200029698
sub-1097sg2,sg2,frontal,6,2.75,12.257975823888602,23.540815996586023,0.5207115940953916,-0.2834027522732347
sub-1097sg2,sg2,global,6,2.75,14.960311699635445,31.380907623438187,0.4767329192372272,-0.32172485824820274
sub-1097sg2,sg2,posterior,7,3.25,23.966392152710878,72.63743113140741,0.32994548099248716,-0.4815578154560226
sub-1097sg2,sg2,central,7,3.25,8.925822318587644,22.61403052767484,0.3947028508546633,-0.40372973677657065
sub-1097sg2,sg2,frontal,7,3.25,9.817509082766417,24.585284758922747,0.399324603275272,-0.39867393113419913
sub-1097sg2,sg2,global,7,3.25,13.655090856334505,35.42631210758724,0.38545053221641995,-0.414031350334055
sub-1097sg2,sg2,posterior,8,3.75,24.38521196276325,54.17443152973658,0.4501240026741785,-0.3466678278724345
sub-1097sg2,sg2,central,8,3.75,10.322255237279245,18.062083612360265,0.57148751267077,-0.2429932547480129
sub-1097sg2,sg2,frontal,8,3.75,12.023441048095277,20.74165335733437,0.5796761155418556,-0.2368145935434427
sub-1097sg2,sg2,global,8,3.75,14.88606072613744,27.738157636126612,0.5366636429648666,-0.27029782560838306
sub-1097sg2,sg2,posterior,9,4.25,22.474251340884347,61.67477416629971,0.3643994103697053,-0.4384223344251385
sub-1097sg2,sg2,central,9,4.25,10.00885553667994,22.258264225090887,0.4496691851378663,-0.34710687267915497
sub-1097sg2,sg2,frontal,9,4.25,13.737873843137807,29.012918819523858,0.47350885061219994,-0.32467189894979614
sub-1097sg2,sg2,global,9,4.25,15.677665477975628,33.03867605803479,0.4745246283609153,-0.3237412422805814
sub-1097sg2,sg2,posterior,10,4.75,23.48384121383642,59.89420364920084,0.3920887128140281,-0.40661565969709074
sub-1097sg2,sg2,central,10,4.75,9.006252486169188,20.0287781600403,0.4496655968828738,-0.3471103382614366
sub-1097sg2,sg2,frontal,10,4.75,11.251485649539152,19.57279725307475,0.5748532263456426,-0.2404430268321636
sub-1097sg2,sg2,global,10,4.75,13.961517971945176,29.181969510529154,0.4784295990340103,-0.32018195966452234
sub-1097sg2,sg2,posterior,11,5.25,24.958156513889044,54.62053629134724,0.45693722926412955,-0.3401434560714766
sub-1097sg2,sg2,central,11,5.25,11.961475107373344,23.110318686557594,0.5175815733917545,-0.2860211935386041
sub-1097sg2,sg2,frontal,11,5.25,14.893674360036497,22.511916017796533,0.6615907037083151,-0.1794106058686686
sub-1097sg2,sg2,global,11,5.25,16.77119393109974,30.682008155159668,0.5466133066091177,-0.2623198001651821
sub-1097sg2,sg2,posterior,12,5.75,23.40584505592711,42.7719270728225,0.5472244684247417,-0.2618344919453459
sub-1097sg2,sg2,central,12,5.75,9.709563921312162,14.193414530025057,0.6840893641746557,-0.16488716168210835
sub-1097sg2,sg2,frontal,12,5.75,12.518460246348353,15.04843260098533,0.8318780153574716,-0.07994035296548709
sub-1097sg2,sg2,global,12,5.75,13.715378396436192,21.62844082644773,0.6341362517294694,-0.19781741874799802
sub-1097sg2,sg2,posterior,13,6.25,25.258885448428256,63.84940012052667,0.39560098294968765,-0.4027426379821004
sub-1097sg2,sg2,central,13,6.25,14.55601319134935,23.496751738488936,0.6194904450348268,-0.2079653877554745
sub-1097sg2,sg2,frontal,13,6.25,17.565514813855554,28.033742040814168,0.6265847345060827,-0.2030201900488415
sub-1097sg2,sg2,global,13,6.25,18.66632960505154,34.87065833279992,0.5353018984299955,-0.2714012164032126
sub-1097sg2,sg2,posterior,14,6.75,19.213643744099713,38.830411755360686,0.4948091682660871,-0.30556226197242076
sub-1097sg2,sg2,central,14,6.75,9.8180263571589,13.096266845461328,0.7496813002524805,-0.12512332188490768
sub-1097sg2,sg2,frontal,14,6.75,11.345863522679133,18.444280486373867,0.6151426471236516,-0.2110241628016104
sub-1097sg2,sg2,global,14,6.75,12.805498611544042,21.18409003336222,0.6044866025105174,-0.2186133201468513
sub-1097sg2,sg2,posterior,15,7.25,26.670503469190347,53.77900972656492,0.49592775331480426,-0.30458158686072084
sub-1097sg2,sg2,central,15,7.25,13.846159142387881,26.659725541321535,0.5193661547988134,-0.28452635517463476
sub-1097sg2,sg2,frontal,15,7.25,18.00475947333101,28.76987805329013,0.6258198050051165,-0.20355069707295795
sub-1097sg2,sg2,global,15,7.25,19.189247280394007,33.24581358049215,0.5771928917887514,-0.23867902594294074
sub-1099sg2,sg2,posterior,1,0.25,5.967629141022499,18.853640076796882,0.31652397715849273,-0.49959338595244124
sub-1099sg2,sg2,central,1,0.25,2.4878372369774184,3.780400104867287,0.6580883419652628,-0.18171580265844756
sub-1099sg2,sg2,frontal,1,0.25,4.781914652832348,6.184309212599985,0.7732334345588054,-0.11168937537491494
sub-1099sg2,sg2,global,1,0.25,4.158104889199826,8.086406504747954,0.5142092333298337,-0.28886012927193344
sub-1099sg2,sg2,posterior,2,0.75,5.038428344638606,15.219439404427728,0.3310521636672634,-0.48010356934229986
sub-1099sg2,sg2,central,2,0.75,2.0980259367993965,3.099943695721166,0.6767948526598367,-0.16954295296833877
sub-1099sg2,sg2,frontal,2,0.75,3.5792215083903005,5.264937868854757,0.6798221740779749,-0.16760467393558687
sub-1099sg2,sg2,global,2,0.75,3.2792083031086117,6.856897123594154,0.47823501563485055,-0.32035862867975434
sub-1099sg2,sg2,posterior,3,1.25,7.725563947084932,17.300238462140648,0.4465582346735473,-0.3501218976976435
sub-1099sg2,sg2,central,3,1.25,5.217828737594422,3.8680712252053957,1.3489484639252871,0.12999535792957206
sub-1099sg2,sg2,frontal,3,1.25,7.036682224388549,5.771634489455466,1.2191836189980971,0.08606911883597192
sub-1099sg2,sg2,global,3,1.25,5.942304603025145,7.8986650174996145,0.7523175865617643,-0.12359878577159103
sub-1099sg2,sg2,posterior,4,1.75,9.141039415130443,18.30758766887752,0.49930332605589545,-0.3016355409288463
sub-1099sg2,sg2,central,4,1.75,3.254869633676206,3.0705201021199944,1.0600385359564752,0.02532165361292529
sub-1099sg2,sg2,frontal,4,1.75,7.135177860385899,5.606015829425934,1.2727716220374201,0.1047504836325944
sub-1099sg2,sg2,global,4,1.75,5.770045449815454,7.914614509049939,0.7290368271528215,-0.13725053282703883
sub-1099sg2,sg2,posterior,5,2.25,4.978218055747766,12.79230293292703,0.3891572988733696,-0.40987481969111395
sub-1099sg2,sg2,central,5,2.25,2.415049513998799,2.6769173598696145,0.9021755957817201,-0.04470892492250393
sub-1099sg2,sg2,frontal,5,2.25,3.6289293360398815,4.413104829929516,0.8223075308405582,-0.08496573237549553
sub-1099sg2,sg2,global,5,2.25,3.438593358686909,5.770794173505707,0.5958613763204093,-0.22485476459124198
sub-1099sg2,sg2,posterior,6,2.75,7.145175147750127,17.138925765783302,0.4168974908576232,-0.3799707187138749
sub-1099sg2,sg2,central,6,2.75,2.8868308278828416,3.1462156617430037,0.9175565626304006,-0.03736715423543537
sub-1099sg2,sg2,frontal,6,2.75,5.972246447432174,6.291149872903241,0.9493091991267569,-0.022592310645967326
sub-1099sg2,sg2,global,6,2.75,5.192270064379924,7.851951232165922,0.6612713083481113,-0.17962032032703715
sub-1099sg2,sg2,posterior,7,3.25,4.7421950660871675,14.60542292388282,0.32468728162145305,-0.48853472286091465
sub-1099sg2,sg2,central,7,3.25,2.272154612522882,2.5538081124260303,0.8897123481859461,-0.050750381881096186
sub-1099sg2,sg2,frontal,7,3.25,3.280126135138739,5.343942786170765,0.6138026297038882,-0.21197125525994528
sub-1099sg2,sg2,global,7,3.25,3.1225661120014867,6.591258637066554,0.47374352668266523,-0.3244567112617715
sub-1099sg2,sg2,posterior,8,3.75,6.257595840737689,8.74930171976881,0.7152108866698265,-0.1455658834953495
sub-1099sg2,sg2,central,8,3.75,2.409176790934671,1.9275256496352322,1.2498805353851385,0.09686850476610474
sub-1099sg2,sg2,frontal,8,3.75,4.25941927512233,2.99938476273366,1.4200976573743296,0.1523182110030969
sub-1099sg2,sg2,global,8,3.75,3.788018233565389,4.092517322665904,0.9255961392236304,-0.03357846554871187
sub-1099sg2,sg2,posterior,9,4.25,4.1531021649024185,22.917831160373215,0.18121706787348482,-0.7418009008413796
sub-1099sg2,sg2,central,9,4.25,1.8788207487376247,3.971455963907425,0.47308109816962335,-0.3250644037261582
sub-1099sg2,sg2,frontal,9,4.25,3.341293455649446,6.952483328923093,0.4805899270192132,-0.3182253360827161
sub-1099sg2,sg2,global,9,4.25,2.8434135871449278,9.608079414395542,0.2959398506724157,-0.5287965496693104
sub-1099sg2,sg2,posterior,10,4.75,6.882480012449512,20.737891601345453,0.33187944776425504,-0.4790196412308654
sub-1099sg2,sg2,central,10,4.75,2.7988348648440122,3.566116516752278,0.7848411154532208,-0.10521825365724906
sub-1099sg2,sg2,frontal,10,4.75,4.986637398914555,6.284304586536841,0.7935066370903887,-0.10044943634495292
sub-1099sg2,sg2,global,10,4.75,4.520842351624674,8.832690434289987,0.5118307253330203,-0.29087364685434297
sub-1099sg2,sg2,posterior,11,5.25,7.333431217780691,17.33739363418582,0.4229834871673361,-0.37367658669608605
sub-1099sg2,sg2,central,11,5.25,2.6406539046198194,3.196082894790195,0.8262157120280711,-0.08290655036378006
sub-1099sg2,sg2,frontal,11,5.25,5.627058320709852,5.51483437001296,1.0203494689354793,0.00874894277793238
sub-1099sg2,sg2,global,11,5.25,4.672915742238774,7.698717687896878,0.6069732560248371,-0.21683044404288715
sub-1099sg2,sg2,posterior,12,5.75,6.555229326678575,16.739308637789804,0.3916069336268659,-0.40714962736627097
sub-1099sg2,sg2,central,12,5.75,2.7104025959757667,3.5651601873801155,0.7602470726476743,-0.11904524344349386
sub-1099sg2,sg2,frontal,12,5.75,5.779800427711329,6.088199634449365,0.9493447611354603,-0.022576041874015917
sub-1099sg2,sg2,global,12,5.75,4.790528309920339,7.755677681084836,0.6176801701808549,-0.2092363408984542
sub-1099sg2,sg2,posterior,13,6.25,5.107696050433576,12.26281849405062,0.416518931019945,-0.3803652548798657
sub-1099sg2,sg2,central,13,6.25,2.5175924786051813,2.220672702060257,1.1337071312983014,0.05450087846499163
sub-1099sg2,sg2,frontal,13,6.25,4.72074449793569,3.7491305794793806,1.2591571293286967,0.10007992879125048
sub-1099sg2,sg2,global,13,6.25,3.763879437222919,5.324320111504827,0.706922078011407,-0.1506284545973005
sub-1099sg2,sg2,posterior,14,6.75,4.298226877760735,12.534268343194467,0.3429180515426315,-0.4648096525957391
sub-1099sg2,sg2,central,14,6.75,2.049978020593456,2.043713966659505,1.0030650345577419,0.0013290917780691997
sub-1099sg2,sg2,frontal,14,6.75,4.521966094343003,3.8792812045363965,1.1656711271807407,0.06657603944798304
sub-1099sg2,sg2,global,14,6.75,3.2839131263752717,5.333554996848253,0.6157081211904307,-0.210625118026303
sub-1099sg2,sg2,posterior,15,7.25,8.85482471485725,11.764845430333805,0.7526511731319883,-0.12340625711194306
sub-1099sg2,sg2,central,15,7.25,2.946753702682438,2.2804342396784287,1.2921897292236628,0.11132628479328874
sub-1099sg2,sg2,frontal,15,7.25,10.465286909402119,4.300627209628993,2.433432706273776,0.38621934084126447
sub-1099sg2,sg2,global,15,7.25,6.3171284077378,5.284222918455702,1.195469703913241,0.07753857452120241
sub-1100sg2,sg2,posterior,1,0.25,12.091833219089754,228.20062251634994,0.05298773108396498,-1.2758246764247225
sub-1100sg2,sg2,central,1,0.25,5.669040334130586,31.118495061759713,0.18217591573369643,-0.7395090387534002
sub-1100sg2,sg2,frontal,1,0.25,7.122666178305873,56.68530858717423,0.1256527723996102,-0.9008279247031655
sub-1100sg2,sg2,global,1,0.25,7.4583382064002555,78.47983976759666,0.09503508453236814,-1.0221160346490274
sub-1100sg2,sg2,posterior,2,0.75,10.49734473304799,126.42576013758546,0.08303169165543507,-1.0807561138395256
sub-1100sg2,sg2,central,2,0.75,5.662809212147645,28.214260038561076,0.20070734459837522,-0.6974367348359631
sub-1100sg2,sg2,frontal,2,0.75,6.65824950552399,41.09827252845331,0.16200801386273173,-0.7904635021840245
sub-1100sg2,sg2,global,2,0.75,6.704362569656461,50.813480980563774,0.13194062757127167,-0.8796214545431809
sub-1100sg2,sg2,posterior,3,1.25,13.008266848058035,155.44951111899363,0.08368161954591453,-1.0773699232061564
sub-1100sg2,sg2,central,3,1.25,6.229807970039107,29.599603361884636,0.21046930574959058,-0.6768112314936886
sub-1100sg2,sg2,frontal,3,1.25,8.196543793695335,47.09696664486741,0.17403549267835042,-0.7593621729676275
sub-1100sg2,sg2,global,3,1.25,7.794884896226908,59.78267242021092,0.13038702655239057,-0.8847656185504458
sub-1100sg2,sg2,posterior,4,1.75,9.216136696001742,96.09310675651854,0.09590840599371671,-1.01814332696179
sub-1100sg2,sg2,central,4,1.75,4.495738056294404,12.088643524667193,0.3718976448532652,-0.42957657192462423
sub-1100sg2,sg2,frontal,4,1.75,6.244002711431402,21.57600300172635,0.28939571017541127,-0.5385079108844156
sub-1100sg2,sg2,global,4,1.75,5.814202300109585,33.9096856849023,0.17146140350980185,-0.765833625645634
sub-1100sg2,sg2,posterior,5,2.25,12.089417169555674,150.7155059999228,0.0802134928941012,-1.0957525719081962
sub-1100sg2,sg2,central,5,2.25,5.347959105902757,26.66261791910624,0.20057891997433785,-0.6977147114944638
sub-1100sg2,sg2,frontal,5,2.25,7.612000337125301,44.131977957413206,0.1724826461318091,-0.7632545937404109
sub-1100sg2,sg2,global,5,2.25,7.197231450546257,59.15718046381934,0.12166285468841943,-0.9148419974992421
sub-1100sg2,sg2,posterior,6,2.75,13.2564013491196,145.26896993821606,0.0912541842539232,-1.0397472128251608
sub-1100sg2,sg2,central,6,2.75,5.331510263145929,21.924190637375542,0.24317934245914508,-0.6140733201766249
sub-1100sg2,sg2,frontal,6,2.75,7.545286265630842,37.24068081713833,0.20260870908027187,-0.693341890544284
sub-1100sg2,sg2,global,6,2.75,7.470132402586571,52.60581384977889,0.14200203087663035,-0.8477054444042189
sub-1100sg2,sg2,posterior,7,3.25,14.01757809411391,147.6652689963979,0.09492806392040534,-1.0226053765716183
sub-1100sg2,sg2,central,7,3.25,5.224594812563399,20.893946807080116,0.2500530350155287,-0.6019678698405788
sub-1100sg2,sg2,frontal,7,3.25,6.872261729148951,30.268686925549314,0.22704195084683984,-0.6438938902165094
sub-1100sg2,sg2,global,7,3.25,7.534105960936547,51.72008558908226,0.1456707945302964,-0.8366275110009824
sub-1100sg2,sg2,posterior,8,3.75,11.349059267514667,132.85621660552732,0.08542362229997827,-1.0684220167123075
sub-1100sg2,sg2,central,8,3.75,4.94390220758801,18.74924020819515,0.2636854695278302,-0.578913801483588
sub-1100sg2,sg2,frontal,8,3.75,6.041211072236406,33.68626791466851,0.1793375000026581,-0.7463288886788823
sub-1100sg2,sg2,global,8,3.75,6.621787694081091,47.49527697800984,0.13941991952477625,-0.8556751722805882
sub-1100sg2,sg2,posterior,9,4.25,8.225351051765713,45.58875448456055,0.1804250005240081,-0.7437032847688682
sub-1100sg2,sg2,central,9,4.25,4.403037392440713,6.227785836689448,0.7069988448384521,-0.1505812957939009
sub-1100sg2,sg2,frontal,9,4.25,6.536697984005209,7.777873227531537,0.8404222841878024,-0.07550244059320528
sub-1100sg2,sg2,global,9,4.25,5.702893118033464,14.472945513604696,0.3940381805951452,-0.4044616948789495
sub-1100sg2,sg2,posterior,10,4.75,12.234988489931299,141.46217605434583,0.08648946899580391,-1.0630367692454672
sub-1100sg2,sg2,central,10,4.75,4.6168173428706245,16.88456330761795,0.27343421673142215,-0.5631471400687442
sub-1100sg2,sg2,frontal,10,4.75,6.690074724621082,33.13551931749288,0.20190040362787565,-0.6948628128385107
sub-1100sg2,sg2,global,10,4.75,6.758104442448873,49.875407345046675,0.13549973428177017,-0.868061556450639
sub-1100sg2,sg2,posterior,11,5.25,11.157365286136347,122.90163391463729,0.09078288815823084,-1.04199600476975
sub-1100sg2,sg2,central,11,5.25,5.095695357028693,15.210927861658178,0.33500226964281976,-0.4749522506049056
sub-1100sg2,sg2,frontal,11,5.25,6.994005066833948,25.120420613215497,0.2784191066910122,-0.5553009642994708
sub-1100sg2,sg2,global,11,5.25,7.073948176720859,41.92059152129598,0.1687463826250457,-0.7727655282617976
sub-1100sg2,sg2,posterior,12,5.75,18.83911872856049,184.08621937144605,0.10233856066405077,-0.9899606954355856
sub-1100sg2,sg2,central,12,5.75,6.247831636655097,25.91974932119363,0.24104521842525975,-0.6179014791244344
sub-1100sg2,sg2,frontal,12,5.75,8.619177053958346,44.06471799503608,0.1956026827388139,-0.708625193052132
sub-1100sg2,sg2,global,12,5.75,9.674356585860641,66.76598025036206,0.1448994914713048,-0.8389331386944138
sub-1100sg2,sg2,posterior,13,6.25,12.842548719255687,114.9840552431193,0.11168982248975073,-0.9519863992918942
sub-1100sg2,sg2,central,13,6.25,5.230560114623182,13.433806694807537,0.3893580005617402,-0.4096508969557168
sub-1100sg2,sg2,frontal,13,6.25,6.132296753058905,24.556848286116036,0.2497183955208937,-0.6025494641406391
sub-1100sg2,sg2,global,13,6.25,7.184186981133202,39.134352054734926,0.18357751192826957,-0.7361805205401517
sub-1100sg2,sg2,posterior,14,6.75,10.588803337045823,125.7661576725418,0.08419437735082885,-1.0747169104842413
sub-1100sg2,sg2,central,14,6.75,5.057508092378455,16.731149647232698,0.3022809668799393,-0.5195891973119083
sub-1100sg2,sg2,frontal,14,6.75,6.3932050341556845,31.886253823245106,0.20050034944823253,-0.6978848661195752
sub-1100sg2,sg2,global,14,6.75,6.636705733948805,45.587622364407444,0.14558130891095597,-0.8368943802283834
sub-1100sg2,sg2,posterior,15,7.25,10.707093331253546,129.55169646408135,0.0826472645552899,-1.0827715160574805
sub-1100sg2,sg2,central,15,7.25,4.91996542584674,13.985969771615459,0.3517786400362322,-0.45373053439540467
sub-1100sg2,sg2,frontal,15,7.25,6.5917540568795205,23.925854631599144,0.2755075694631078,-0.5598664645766296
sub-1100sg2,sg2,global,15,7.25,6.331219637734604,42.72642064282667,0.14818043595696218,-0.8292091318277041
sub-1103sg2,sg2,posterior,1,0.25,3.8807960314576104,5.114993823864836,0.758709817664124,-0.11992429615239815
sub-1103sg2,sg2,central,1,0.25,1.7592484526394492,2.17350051749126,0.809407883035631,-0.09183257021600674
sub-1103sg2,sg2,frontal,1,0.25,6.675673008706999,5.210462888407795,1.2812053653733901,0.1076187487142144
sub-1103sg2,sg2,global,1,0.25,3.424860120011653,4.059656558048855,0.84363297018842,-0.07384645585159212
sub-1103sg2,sg2,posterior,2,0.75,5.035757097363712,4.243155558319963,1.1867953055573508,0.07437581976936575
sub-1103sg2,sg2,central,2,0.75,2.149236326410454,1.8589777178774447,1.1561388314349579,0.06300998815533822
sub-1103sg2,sg2,frontal,2,0.75,7.860366192651471,3.888083471879844,2.0216557204856183,0.3057071990176876
sub-1103sg2,sg2,global,2,0.75,4.19206112377203,3.2907185442540903,1.2739044884564101,0.10513686780208208
sub-1103sg2,sg2,posterior,3,1.25,4.959291711576474,4.505057132255617,1.1008277067273124,0.041719351784744944
sub-1103sg2,sg2,central,3,1.25,2.4635609670876373,1.872481789239781,1.3156661823065483,0.11914571179115663
sub-1103sg2,sg2,frontal,3,1.25,8.442777185103742,4.376704083272224,1.9290262774154783,0.2853381436930353
sub-1103sg2,sg2,global,3,1.25,4.372830174525195,3.470168530767787,1.2601204050333805,0.10041204412017078
sub-1103sg2,sg2,posterior,4,1.75,4.300956165769521,4.519289118118663,0.9516886513248721,-0.021505109522597217
sub-1103sg2,sg2,central,4,1.75,1.9938487392780937,1.7111836662494346,1.1651868695358711,0.06639558192864164
sub-1103sg2,sg2,frontal,4,1.75,6.245404045536915,3.624425625741988,1.7231431102296004,0.23632134790770884
sub-1103sg2,sg2,global,4,1.75,3.5324630171809366,3.0996343128702355,1.1396386349555878,0.05676716385947603
sub-1103sg2,sg2,posterior,5,2.25,3.9262731882555864,3.4888605936445214,1.1253740534683092,0.051296897875518825
sub-1103sg2,sg2,central,5,2.25,2.0760589305341193,1.6241470743713613,1.2782456486200142,0.10661432298391935
sub-1103sg2,sg2,frontal,5,2.25,6.757544652169591,3.6727397287199834,1.8399192840503071,0.2647987712375529
sub-1103sg2,sg2,global,5,2.25,3.455175423021495,2.854183025869368,1.2105654723978565,0.08298828285843714
sub-1103sg2,sg2,posterior,6,2.75,3.7149618644940006,3.2982105493970986,1.1263567952546518,0.05167598346852839
sub-1103sg2,sg2,central,6,2.75,2.0296035043296663,1.3884105360817758,1.4618179937307283,0.16489330337492678
sub-1103sg2,sg2,frontal,6,2.75,6.986997145988668,3.0615091170973012,2.282206872084453,0.35835500876434245
sub-1103sg2,sg2,global,6,2.75,3.6352780853653734,2.506822674141119,1.4501536637851271,0.16141402416467115
sub-1103sg2,sg2,posterior,7,3.25,4.2831349089400055,3.1473665151141144,1.3608630861298692,0.13381443385188724
sub-1103sg2,sg2,central,7,3.25,2.1183779378951573,1.5062960004426322,1.4063490424675242,0.14809312182518908
sub-1103sg2,sg2,frontal,7,3.25,7.792289368084661,3.349790621933807,2.326201917535441,0.36664740938875484
sub-1103sg2,sg2,global,7,3.25,4.04569513237181,2.5346133503121493,1.596178419826268,0.20308143489387037
sub-1103sg2,sg2,posterior,8,3.75,3.435564533601745,2.359950277187467,1.4557783555067818,0.16309525800739894
sub-1103sg2,sg2,central,8,3.75,1.8002701899280895,0.9540455121290825,1.8869856490499508,0.27576859727032815
sub-1103sg2,sg2,frontal,8,3.75,6.836073495868375,3.1771130474482314,2.151662025800095,0.33277405516476727
sub-1103sg2,sg2,global,8,3.75,3.2631533574156997,1.8346312896966825,1.7786425946955222,0.25008868853048294
sub-1103sg2,sg2,posterior,9,4.25,2.8642663801393504,2.7201898620432177,1.0529656110062524,0.022414187715304425
sub-1103sg2,sg2,central,9,4.25,1.4530694325686506,1.2709653727202117,1.1432801111321285,0.05815264843130403
sub-1103sg2,sg2,frontal,9,4.25,5.146128084747409,3.0273638749650567,1.699871009000135,0.23041596714010718
sub-1103sg2,sg2,global,9,4.25,2.691281266809071,2.1958086293361374,1.2256447264362609,0.08836460092596256
sub-1103sg2,sg2,posterior,10,4.75,4.338615726890599,3.304871780305313,1.3127939645784945,0.11819657142995377
sub-1103sg2,sg2,central,10,4.75,1.9504495909680533,1.473989989425248,1.3232448014986797,0.12164019649676679
sub-1103sg2,sg2,frontal,10,4.75,6.947254384462098,3.0174783493087824,2.302337773543102,0.3621690388527542
sub-1103sg2,sg2,global,10,4.75,3.744053819158403,2.3358954235158316,1.602834519673448,0.20488868710621927
sub-1103sg2,sg2,posterior,11,5.25,3.848372454696477,3.0675497110736334,1.2545428166344395,0.09848548805856056
sub-1103sg2,sg2,central,11,5.25,1.9080847066355002,1.2462431038076114,1.531069420409054,0.18499488254481933
sub-1103sg2,sg2,frontal,11,5.25,6.704032250368437,3.012974882052334,2.225054145091937,0.3473405836893274
sub-1103sg2,sg2,global,11,5.25,3.5865818699597907,2.3101262849797815,1.552547968169273,0.19104502719927616
sub-1103sg2,sg2,posterior,12,5.75,3.3258968912730444,1.8477320085024038,1.799988784070857,0.25526979897479934
sub-1103sg2,sg2,central,12,5.75,1.5994824288428582,1.0854702319517078,1.473538731658206,0.16836155567584174
sub-1103sg2,sg2,frontal,12,5.75,7.5666430772215865,3.001913236009883,2.520606853807375,0.40150511281772233
sub-1103sg2,sg2,global,12,5.75,3.2569011198208644,1.7397922825225236,1.8720057288095828,0.27230717345474814
sub-1103sg2,sg2,posterior,13,6.25,3.6615094284792775,2.8348067054059425,1.291625782278849,0.11113670542973306
sub-1103sg2,sg2,central,13,6.25,2.082574177858216,1.2317670519293176,1.6907208019538098,0.22807189607677644
sub-1103sg2,sg2,frontal,13,6.25,7.272716678755079,2.69642958905832,2.697165432491395,0.4309075850197139
sub-1103sg2,sg2,global,13,6.25,3.6315203121464457,2.0762231746385607,1.7490992088452335,0.2428144433449451
sub-1103sg2,sg2,posterior,14,6.75,3.676777420577067,2.7304930208912936,1.346561735351693,0.12922626915336993
sub-1103sg2,sg2,central,14,6.75,1.9628691464463508,1.2028495654677014,1.6318492376751474,0.212680032928741
sub-1103sg2,sg2,frontal,14,6.75,7.182706074817619,3.2232872096311382,2.2283791693634347,0.34798909007065865
sub-1103sg2,sg2,global,14,6.75,3.3274498228224667,2.0031725598304533,1.661089957773832,0.22039315268431153
sub-1103sg2,sg2,posterior,15,7.25,3.2653495583805965,4.247251101479028,0.7688148123014196,-0.11417825796333915
sub-1103sg2,sg2,central,15,7.25,1.6323505689849098,1.2547422466375393,1.3009449337975876,0.1142589141988083
sub-1103sg2,sg2,frontal,15,7.25,4.957232748682622,3.045083852729529,1.6279462203443413,0.21164005375129277
sub-1103sg2,sg2,global,15,7.25,2.775979712682556,2.548069571903475,1.089444237823077,0.037205006197241486
sub-1104sg2,sg2,posterior,1,0.25,42.13454514098931,51.91959018603024,0.8115346247922861,-0.09069294591115443
sub-1104sg2,sg2,central,1,0.25,19.513827210261642,11.346255313080832,1.7198473568424473,0.2354899032896543
sub-1104sg2,sg2,frontal,1,0.25,31.34680177913687,20.50634715290929,1.5286389889624794,0.18430493236220802
sub-1104sg2,sg2,global,1,0.25,27.995236574261444,23.63159852514748,1.1846526820633996,0.07359104201477651
sub-1104sg2,sg2,posterior,2,0.75,23.325799249537567,34.76209321100349,0.6710125051432199,-0.17326938614384013
sub-1104sg2,sg2,central,2,0.75,13.91566472239906,7.626460911388661,1.8246556147188369,0.2611809078386443
sub-1104sg2,sg2,frontal,2,0.75,13.498640634902523,14.091811258070331,0.9579067153040316,-0.01867678215454486
sub-1104sg2,sg2,global,2,0.75,15.830128787815184,15.542971894990517,1.018475031336653,0.007950386418527288
sub-1104sg2,sg2,posterior,3,1.25,19.446547884439024,20.08269029312581,0.9683238450923811,-0.013979373460655753
sub-1104sg2,sg2,central,3,1.25,12.862468203241875,6.052190049057487,2.125258476515449,0.32741175702058645
sub-1104sg2,sg2,frontal,3,1.25,14.869532984368513,9.047411972571572,1.6435123137365109,0.21577296230738124
sub-1104sg2,sg2,global,3,1.25,15.141128019781966,10.057474348375983,1.5054602671919177,0.177669297897925
sub-1104sg2,sg2,posterior,4,1.75,38.77750140736774,34.96786934604161,1.1089466453796786,0.04491065149216516
sub-1104sg2,sg2,central,4,1.75,34.261707844477975,8.676076959998621,3.9489861607317303,0.5964856117491107
sub-1104sg2,sg2,frontal,4,1.75,26.75457041262231,12.888966161336056,2.0757731906287327,0.3171798985793088
sub-1104sg2,sg2,global,4,1.75,30.434804513991953,16.918445145003727,1.7989126218835667,0.2550100689845695
sub-1104sg2,sg2,posterior,5,2.25,29.750087729432934,21.78351240941954,1.3657158299489167,0.1353603433251695
sub-1104sg2,sg2,central,5,2.25,17.536250842843305,6.707390269153507,2.6144670489043174,0.4173831726261038
sub-1104sg2,sg2,frontal,5,2.25,23.101213642394065,9.713234789697918,2.3783234053907303,0.37627090983975386
sub-1104sg2,sg2,global,5,2.25,22.891778100663494,11.616993581226282,1.9705423731711362,0.29458577806817715
sub-1104sg2,sg2,posterior,6,2.75,25.843604125027813,17.079942672175704,1.513096655009777,0.17986667118025956
sub-1104sg2,sg2,central,6,2.75,16.645047653403065,6.531410440128515,2.548461439681863,0.4062780667416462
sub-1104sg2,sg2,frontal,6,2.75,22.829128892151775,8.10771024665023,2.815730730089155,0.44959112063062867
sub-1104sg2,sg2,global,6,2.75,20.424025953692205,9.53572452566259,2.1418431183416593,0.3307876572830914
sub-1104sg2,sg2,posterior,7,3.25,16.62822326694069,8.455333806047594,1.9665957191480148,0.29371508946232466
sub-1104sg2,sg2,central,7,3.25,9.24102936893676,3.621153227912257,2.5519575636031813,0.4068734482441857
sub-1104sg2,sg2,frontal,7,3.25,12.45952054392302,4.833593611443871,2.577693026245366,0.41123119659159796
sub-1104sg2,sg2,global,7,3.25,12.341956872253062,5.083182606038986,2.4279979353073835,0.3852483130930917
sub-1104sg2,sg2,posterior,8,3.75,30.495932322240826,29.47458685268748,1.0346517314952701,0.01479418888194771
sub-1104sg2,sg2,central,8,3.75,20.229713469307118,7.398165124819396,2.73442308031763,0.436865711121353
sub-1104sg2,sg2,frontal,8,3.75,24.065009811848746,11.883144370630438,2.0251382177368953,0.3064546696010229
sub-1104sg2,sg2,global,8,3.75,27.4240192978415,15.01538841141908,1.826394266097423,0.2615945350315887
sub-1104sg2,sg2,posterior,9,4.25,23.07661310217762,17.368236898613336,1.3286675692464809,0.12341633466635653
sub-1104sg2,sg2,central,9,4.25,13.836857946479476,6.592376443605086,2.098918055552164,0.3219954835008332
sub-1104sg2,sg2,frontal,9,4.25,19.7503667810595,8.088171399125672,2.4418828195449107,0.38772481929515334
sub-1104sg2,sg2,global,9,4.25,18.904296318913083,9.940423804444466,1.901759592026728,0.279155615411491
sub-1104sg2,sg2,posterior,10,4.75,9.728775249500792,6.66864618492858,1.458883104562997,0.16402049471929628
sub-1104sg2,sg2,central,10,4.75,5.039877810475943,3.074491383819291,1.6392557926817632,0.21464672701921803
sub-1104sg2,sg2,frontal,10,4.75,6.959197818520667,3.3736649662461633,2.062800511653676,0.3144572304563859
sub-1104sg2,sg2,global,10,4.75,7.065614354893562,3.949109665026797,1.789166408182189,0.2526507356452291
sub-1104sg2,sg2,posterior,11,5.25,10.534794125634882,8.717729053364572,1.208433304263915,0.08222268586533528
sub-1104sg2,sg2,central,11,5.25,7.43031596893866,5.060412972270991,1.4683220538825141,0.16682132184992654
sub-1104sg2,sg2,frontal,11,5.25,9.60547354945187,5.370716127250559,1.788490272407903,0.25248658236530214
sub-1104sg2,sg2,global,11,5.25,9.42168467718144,6.146261548780612,1.5329130728337872,0.18551752794048232
sub-1104sg2,sg2,posterior,12,5.75,18.09552796121118,26.30626379001187,0.687879058221936,-0.16248791200278354
sub-1104sg2,sg2,central,12,5.75,10.967580196587141,6.462462622889112,1.6971208711894985,0.2297127744456905
sub-1104sg2,sg2,frontal,12,5.75,11.098146343413278,9.280818213851074,1.1958155076079338,0.0776641811504327
sub-1104sg2,sg2,global,12,5.75,13.037549840720578,12.566158457590413,1.0375127677023226,0.015993449874296028
sub-1104sg2,sg2,posterior,13,6.25,24.07867732340016,36.32638786062776,0.6628425984929197,-0.17858958882251624
sub-1104sg2,sg2,central,13,6.25,14.933657567455827,8.668458923083241,1.722758070374999,0.23622429307293677
sub-1104sg2,sg2,frontal,13,6.25,17.93346754737399,16.63311222341839,1.078178714030726,0.032690753507966394
sub-1104sg2,sg2,global,13,6.25,17.660062877493747,18.11128895630626,0.9750859212780988,-0.010957114052369678
sub-1104sg2,sg2,posterior,14,6.75,13.691906379577524,26.31212211506959,0.520364960290901,-0.28369195512476403
sub-1104sg2,sg2,central,14,6.75,6.269538580472298,5.356164056573036,1.1705277348214114,0.0683817084531426
sub-1104sg2,sg2,frontal,14,6.75,8.407804678519168,10.33899225386318,0.81321317127185,-0.08979559589189383
sub-1104sg2,sg2,global,14,6.75,8.876302695345103,11.319632869345716,0.7841511114183477,-0.10560023765821826
sub-1104sg2,sg2,posterior,15,7.25,12.541660517329012,9.88388322087405,1.2689001111265588,0.10342743541700909
sub-1104sg2,sg2,central,15,7.25,9.811034668539998,4.725201329469846,2.076320982843871,0.31729449286725364
sub-1104sg2,sg2,frontal,15,7.25,10.107685656046284,5.048821207063168,2.0019892251097935,0.3014617357367302
sub-1104sg2,sg2,global,15,7.25,10.36786297467857,6.051111311200967,1.7133816321453281,0.23385410685064187
sub-1105sg2,sg2,posterior,1,0.25,5.231867645247767,3.433371737167139,1.5238279003148547,0.1829359209641596
sub-1105sg2,sg2,central,1,0.25,3.952125966514501,0.9945519614320307,3.973775247322355,0.5992033002151727
sub-1105sg2,sg2,frontal,1,0.25,10.069951866835027,3.6258268955203214,2.777284232536409,0.4436203285458466
sub-1105sg2,sg2,global,1,0.25,4.95615953397164,2.485054900027958,1.9943863348515485,0.29980928980433186
sub-1105sg2,sg2,posterior,2,0.75,5.016222350752005,3.764674130269425,1.3324452999582759,0.1246493892454072
sub-1105sg2,sg2,central,2,0.75,4.029914994391889,1.4788648110280416,2.72500566944349,0.4353674101742986
sub-1105sg2,sg2,frontal,2,0.75,12.275101860673523,3.890670674267633,3.155009222923795,0.4990006331392836
sub-1105sg2,sg2,global,2,0.75,4.933847481363877,2.8294630889592285,1.7437398284558332,0.241481687308203
sub-1105sg2,sg2,posterior,3,1.25,4.590222829201708,4.8297367589290845,0.9504084918738956,-0.02208969193622145
sub-1105sg2,sg2,central,3,1.25,3.4701653292568784,1.1468069586217584,3.025936756982492,0.48085984689253947
sub-1105sg2,sg2,frontal,3,1.25,13.951877550366563,5.539444896141615,2.5186418155516725,0.40116640942345433
sub-1105sg2,sg2,global,3,1.25,4.393977271616711,3.219234454453307,1.364913719017368,0.13510519896727066
sub-1105sg2,sg2,posterior,4,1.75,4.079516220040896,4.6763272637709195,0.8723761169681772,-0.05929623260607372
sub-1105sg2,sg2,central,4,1.75,3.5600401006712534,1.2969014214716743,2.7450352368582154,0.4385479236767708
sub-1105sg2,sg2,frontal,4,1.75,9.669935967297262,3.8723861238278596,2.497151796871567,0.39744494304816014
sub-1105sg2,sg2,global,4,1.75,4.072304245671527,3.1593852750959357,1.288954619676092,0.11023762738350838
sub-1105sg2,sg2,posterior,5,2.25,7.259712744153798,2.8942340252636076,2.5083364651179445,0.3993857917851259
sub-1105sg2,sg2,central,5,2.25,4.905064866054981,1.0459349913733516,4.6896460167323095,0.6711400625910481
sub-1105sg2,sg2,frontal,5,2.25,12.790888048861325,3.206543180843642,3.988996039496976,0.6008636051176955
sub-1105sg2,sg2,global,5,2.25,6.102927683295351,2.2476398257700914,2.715260520534847,0.43381150508608
sub-1105sg2,sg2,posterior,6,2.75,4.32519265983301,2.6317353713990395,1.6434755206917795,0.21576323971812642
sub-1105sg2,sg2,central,6,2.75,3.1638363235178026,1.0807318987956132,2.927494161173218,0.46649603755386926
sub-1105sg2,sg2,frontal,6,2.75,10.033268774336102,3.444140637008382,2.9131414282347974,0.46436156942374596
sub-1105sg2,sg2,global,6,2.75,4.129641106210262,2.183172619854905,1.8915779121875944,0.2768242341491346
sub-1105sg2,sg2,posterior,7,3.25,5.275917146684998,4.146951510610509,1.2722398931325543,0.10456900945753834
sub-1105sg2,sg2,central,7,3.25,4.009597832855596,1.2604650045798698,3.1810465330547197,0.5025700221099031
sub-1105sg2,sg2,frontal,7,3.25,9.648386206579511,3.6253136496490814,2.6613935066041647,0.4251090929324163
sub-1105sg2,sg2,global,7,3.25,5.135683316772395,2.9370570865999697,1.748581374261821,0.24268584800959972
sub-1105sg2,sg2,posterior,8,3.75,7.226733847656365,2.8163506720726734,2.5659921966812114,0.4092553313282926
sub-1105sg2,sg2,central,8,3.75,5.092264564674422,1.5500179054129546,3.2852940258891685,0.5165742439435583
sub-1105sg2,sg2,frontal,8,3.75,10.06651221670181,3.6790677426482876,2.736158429487269,0.4371412403653566
sub-1105sg2,sg2,global,8,3.75,6.161438273411434,2.2602676129871524,2.7259773302987447,0.43552223984528016
sub-1105sg2,sg2,posterior,9,4.25,6.8685790432487766,2.885696466669446,2.380215356182701,0.3766162527584314
sub-1105sg2,sg2,central,9,4.25,4.341850929062358,1.1739170886107217,3.6986010095489315,0.5680374838708846
sub-1105sg2,sg2,frontal,9,4.25,11.104335668509304,3.1984524195229755,3.4717839167247733,0.5405526869265704
sub-1105sg2,sg2,global,9,4.25,6.012744601382197,2.212469268478848,2.717662426794373,0.434195510054542
sub-1105sg2,sg2,posterior,10,4.75,7.952013775194033,2.398844383960795,3.314935236467592,0.5204750480591922
sub-1105sg2,sg2,central,10,4.75,5.043366428199341,1.2348160211935373,4.084305954602508,0.6111182675526443
sub-1105sg2,sg2,frontal,10,4.75,12.48262901019452,3.5357043501660073,3.530450448892436,0.547830120398535
sub-1105sg2,sg2,global,10,4.75,6.535973319200695,2.128155341350187,3.0711918402789204,0.4873069452520464
sub-1105sg2,sg2,posterior,11,5.25,5.305561732133051,3.167327706737035,1.67509087261413,0.22403837221129091
sub-1105sg2,sg2,central,11,5.25,4.525244422711677,1.0131919077711076,4.466325074256303,0.649950329308167
sub-1105sg2,sg2,frontal,11,5.25,10.576289196290613,4.072388515589506,2.5970727389598345,0.41448411354400516
sub-1105sg2,sg2,global,11,5.25,4.901357163327524,2.543789373900581,1.9267936306424258,0.2848352020074474
sub-1105sg2,sg2,posterior,12,5.75,4.848431843621029,6.040474084549079,0.8026575026656974,-0.09546973047827621
sub-1105sg2,sg2,central,12,5.75,4.476823799415569,1.1993274894535781,3.7327784435719393,0.5720322134490377
sub-1105sg2,sg2,frontal,12,5.75,13.277798299692597,4.008746080842946,3.312207366573985,0.5201175187347112
sub-1105sg2,sg2,global,12,5.75,4.7148992232671825,3.774724231745411,1.2490711728329462,0.09658718544215701
sub-1105sg2,sg2,posterior,13,6.25,5.565194231246131,4.627343509064746,1.2026758377337192,0.08014858589799222
sub-1105sg2,sg2,central,13,6.25,4.025013473073087,1.3615683676329065,2.9561596529086476,0.47072788523865133
sub-1105sg2,sg2,frontal,13,6.25,11.030237826546294,3.6049274457955622,3.0597669418869704,0.4856883481459304
sub-1105sg2,sg2,global,13,6.25,5.052158489322357,3.3924327364828635,1.4892435257420107,0.1729657207462854
sub-1105sg2,sg2,posterior,14,6.75,8.093592198796788,3.26176834968761,2.481351013039273,0.3946882041122712
sub-1105sg2,sg2,central,14,6.75,6.697266036819656,1.1222077397006012,5.967937842423408,0.7758242912016935
sub-1105sg2,sg2,frontal,14,6.75,13.709239869674132,3.234496865486957,4.238445866482604,0.6272066407107338
sub-1105sg2,sg2,global,14,6.75,7.34258877472306,2.4511494280259214,2.995569625731284,0.4764794183077833
sub-1105sg2,sg2,posterior,15,7.25,5.52327065371675,2.0159531189009248,2.7397812984500236,0.43771589688347706
sub-1105sg2,sg2,central,15,7.25,3.955785323342605,0.9983680307443724,3.9622515961305513,0.5979420490273557
sub-1105sg2,sg2,frontal,15,7.25,9.14344661908801,3.097389251234111,2.951985003320113,0.4701141468529466
sub-1105sg2,sg2,global,15,7.25,5.006099512452778,1.737802777099375,2.8807063600212603,0.45949899145576945
sub-1106sg2,sg2,posterior,1,0.25,7.061341865031652,147.86578506717188,0.04775507641489783,-1.320980455665679
sub-1106sg2,sg2,central,1,0.25,2.2122513018823944,16.098659375100546,0.13741835579824965,-0.8619552520694459
sub-1106sg2,sg2,frontal,1,0.25,4.188913713152632,25.61183904859728,0.16355380436384762,-0.7863393494600619
sub-1106sg2,sg2,global,1,0.25,4.3005420836863015,45.58387568492999,0.0943434935943382,-1.0252880456157523
sub-1106sg2,sg2,posterior,2,0.75,12.51761788842853,169.05322235074556,0.07404542613483833,-1.1305017631488576
sub-1106sg2,sg2,central,2,0.75,3.2876759087094634,15.374242243484641,0.2138431186813599,-0.6699047204681815
sub-1106sg2,sg2,frontal,2,0.75,6.180765011286965,32.691284461292746,0.18906461196424193,-0.7233897523124972
sub-1106sg2,sg2,global,2,0.75,6.671364659949308,53.394386915043775,0.12494505593938494,-0.9032809241771834
sub-1106sg2,sg2,posterior,3,1.25,7.395876265606418,106.64692126357085,0.06934917743502408,-1.1589586858170648
sub-1106sg2,sg2,central,3,1.25,2.42494001875679,11.73137350422996,0.20670555053783207,-0.684647861371807
sub-1106sg2,sg2,frontal,3,1.25,4.976331797094355,19.248843795419585,0.25852627045986587,-0.5874953189682529
sub-1106sg2,sg2,global,3,1.25,5.0200099770373985,35.87802740906284,0.13991878426876214,-0.8541239770261057
sub-1106sg2,sg2,posterior,4,1.75,11.602559359956295,179.1275700819492,0.06477260510287854,-1.1886086356147343
sub-1106sg2,sg2,central,4,1.75,2.7614764056741175,14.701822229664476,0.18783225388905683,-0.7262298301567377
sub-1106sg2,sg2,frontal,4,1.75,6.106815645392776,32.362096528423656,0.18870272017232118,-0.7242218393829533
sub-1106sg2,sg2,global,4,1.75,6.043005391984493,54.45734679784335,0.11096767924477384,-0.9548034966154608
sub-1106sg2,sg2,posterior,5,2.25,10.689953611271774,155.58768931338912,0.06870693728049246,-1.1629994103854115
sub-1106sg2,sg2,central,5,2.25,2.4798497804452078,15.5208480880882,0.1597754044347886,-0.7964900744611486
sub-1106sg2,sg2,frontal,5,2.25,5.775846450402161,24.358592038793905,0.23711741800197034,-0.625036542756104
sub-1106sg2,sg2,global,5,2.25,5.759691388284823,47.87637050340495,0.12030342583874849,-0.9197220052313934
sub-1106sg2,sg2,posterior,6,2.75,8.3631771578619,115.43910534755189,0.07244665603291821,-1.1399816557410105
sub-1106sg2,sg2,central,6,2.75,3.2746716976476145,15.064813086416674,0.21737220892572853,-0.662795981324765
sub-1106sg2,sg2,frontal,6,2.75,4.775878324379213,20.94624701462354,0.22800639756825897,-0.642052967080193
sub-1106sg2,sg2,global,6,2.75,5.362265683358772,38.66985010391332,0.13866786835090733,-0.8580241605166692
sub-1106sg2,sg2,posterior,7,3.25,11.542975926067331,119.28564673333204,0.09676751765342001,-1.0142703996262654
sub-1106sg2,sg2,central,7,3.25,2.8426803686142366,14.0279895113348,0.20264346265138802,-0.693267402187394
sub-1106sg2,sg2,frontal,7,3.25,5.95224196498407,21.959251792488992,0.27105850514542545,-0.5669369610829801
sub-1106sg2,sg2,global,7,3.25,6.048976736669532,39.77345742386303,0.1520857659470234,-0.8179114306540156
sub-1106sg2,sg2,posterior,8,3.75,10.048475516800334,131.20447453246874,0.0765863782664948,-1.1158484675705704
sub-1106sg2,sg2,central,8,3.75,3.102803287042854,13.461214161054125,0.23049951140513456,-0.6373299908568877
sub-1106sg2,sg2,frontal,8,3.75,5.257048965800306,26.684492692220292,0.1970076413456782,-0.7055169285089539
sub-1106sg2,sg2,global,8,3.75,5.624949302804712,43.834049531223066,0.12832374291127382,-0.8916929814944051
sub-1106sg2,sg2,posterior,9,4.25,8.804706777153315,80.07666546995317,0.10995346428925751,-0.9587910828288241
sub-1106sg2,sg2,central,9,4.25,3.6165494897869883,13.396754126281078,0.26995714452146463,-0.5687051742672384
sub-1106sg2,sg2,frontal,9,4.25,5.983294569582198,17.199651385342523,0.34787301414034116,-0.45857925985402953
sub-1106sg2,sg2,global,9,4.25,5.7693224472098565,30.12872759222319,0.19148908394986555,-0.7178559784340621
sub-1106sg2,sg2,posterior,10,4.75,8.621233855359687,97.88616590321118,0.08807407845439849,-1.0551518922768746
sub-1106sg2,sg2,central,10,4.75,2.9281809611481693,10.52317233558102,0.2782602876555946,-0.5555487702476518
sub-1106sg2,sg2,frontal,10,4.75,8.933558667556797,19.92172316779447,0.44843302922705097,-0.3483024070432337
sub-1106sg2,sg2,global,10,4.75,5.973836735127994,31.962588448783723,0.18690090587313862,-0.7283885936733242
sub-1106sg2,sg2,posterior,11,5.25,7.232916513115438,96.26206545627494,0.07513776562794448,-1.1241417236974693
sub-1106sg2,sg2,central,11,5.25,2.200626745065348,11.295332460842223,0.19482620389389235,-0.7103526314349425
sub-1106sg2,sg2,frontal,11,5.25,5.434404507888778,18.598017348579834,0.2922034325505001,-0.5343146866598156
sub-1106sg2,sg2,global,11,5.25,4.648314574300095,31.700640950620166,0.1466315643756458,-0.833772532023521
sub-1106sg2,sg2,posterior,12,5.75,7.434471241897912,156.79305884989992,0.04741581863655731,-1.3240767469233536
sub-1106sg2,sg2,central,12,5.75,2.6018009497784247,11.751800147369684,0.2213959493142645,-0.6548303292863652
sub-1106sg2,sg2,frontal,12,5.75,4.699455863056741,26.7282226171916,0.17582373247797067,-0.754922504753784
sub-1106sg2,sg2,global,12,5.75,4.490008505758167,46.835487026748474,0.09586765913619845,-1.0183278769537756
sub-1106sg2,sg2,posterior,13,6.25,7.376630410085909,73.47609244384616,0.10039497426626862,-0.9982880272612924
sub-1106sg2,sg2,central,13,6.25,2.5477934587653066,8.175088429094457,0.31165332104517945,-0.5063282408114154
sub-1106sg2,sg2,frontal,13,6.25,4.804557110293147,12.779963346658832,0.37594451407790935,-0.424876248178625
sub-1106sg2,sg2,global,13,6.25,4.754484351188192,24.833083386446244,0.19145767270218095,-0.7179272245346374
sub-1106sg2,sg2,posterior,14,6.75,6.703866436600719,66.40087706681578,0.10096051035372565,-0.9958484627429018
sub-1106sg2,sg2,central,14,6.75,2.640853717613774,9.030439073631229,0.29243912683327156,-0.5339645214851247
sub-1106sg2,sg2,frontal,14,6.75,5.111689916153354,12.877677171274266,0.3969419211374395,-0.4012730327198086
sub-1106sg2,sg2,global,14,6.75,4.617985035296142,23.362293248254176,0.19766831047894823,-0.7040629497417332
sub-1106sg2,sg2,posterior,15,7.25,8.703758044794467,85.65543226083017,0.10161361416390464,-0.9930481014993388
sub-1106sg2,sg2,central,15,7.25,2.597692988673262,9.9176729967277,0.26192565428708536,-0.5818219625534883
sub-1106sg2,sg2,frontal,15,7.25,8.547403192316768,17.758365838825235,0.4813169899692866,-0.3175688079264683
sub-1106sg2,sg2,global,15,7.25,6.226081977062411,28.92744724360322,0.21523095089004773,-0.667095275597541
sub-1107sg2,sg2,posterior,1,0.25,9.130099409128356,36.05036623343559,0.25325954665782213,-0.5964341748613894
sub-1107sg2,sg2,central,1,0.25,2.5806839751729407,8.795265148600278,0.293417416254204,-0.5325141114926965
sub-1107sg2,sg2,frontal,1,0.25,7.7983939051363995,13.873580967283507,0.5621038954201131,-0.25018340500487796
sub-1107sg2,sg2,global,1,0.25,5.691859168239585,16.35761151423249,0.34796395325119384,-0.45846574374003113
sub-1107sg2,sg2,posterior,2,0.75,6.558321005496267,26.861343496180357,0.24415461596062202,-0.6123350605779879
sub-1107sg2,sg2,central,2,0.75,2.1673588890005093,6.5764744058058975,0.3295624304546983,-0.4820623029706399
sub-1107sg2,sg2,frontal,2,0.75,5.509386209068468,10.007282480088731,0.5505376929281623,-0.2592129414146468
sub-1107sg2,sg2,global,2,0.75,4.317129671148195,12.331631629144379,0.3500858443537318,-0.45582544948447107
sub-1107sg2,sg2,posterior,3,1.25,5.1887393909586,11.783815074589564,0.44032763227484084,-0.356224060014157
sub-1107sg2,sg2,central,3,1.25,4.216889350524945,3.559686357102955,1.1846238481406137,0.07358047135035765
sub-1107sg2,sg2,frontal,3,1.25,4.26277185829065,6.957864373255324,0.6126552099342314,-0.21278386895716378
sub-1107sg2,sg2,global,3,1.25,3.680902702004537,6.428109534966428,0.5726260080015517,-0.2421289307205509
sub-1107sg2,sg2,posterior,4,1.75,4.60888244314436,3.529283253556417,1.3058975752371373,0.11590911548904571
sub-1107sg2,sg2,central,4,1.75,1.916596127560264,1.2641896840667202,1.5160668938500148,0.18071836421753779
sub-1107sg2,sg2,frontal,4,1.75,4.140178612646726,2.302379078961099,1.7982176134587253,0.2548422472445751
sub-1107sg2,sg2,global,4,1.75,3.1639517326681625,2.236889315417156,1.4144426864849677,0.15058535444581747
sub-1107sg2,sg2,posterior,5,2.25,7.483948905097342,21.353397946178074,0.3504804679780181,-0.4553361799390592
sub-1107sg2,sg2,central,5,2.25,2.1633229843247928,4.5873898312472,0.4715803679009852,-0.3264442830717338
sub-1107sg2,sg2,frontal,5,2.25,5.988615423485236,11.831488502178983,0.5061590874539855,-0.29571296153068377
sub-1107sg2,sg2,global,5,2.25,4.637378252217931,11.039722861852319,0.42006292279694424,-0.3766856501337947
sub-1107sg2,sg2,posterior,6,2.75,8.410549837358605,29.09017104034844,0.2891199857743382,-0.5389218861518712
sub-1107sg2,sg2,central,6,2.75,3.2256920732285628,9.81038863816764,0.328803699037865,-0.48306330529653496
sub-1107sg2,sg2,frontal,6,2.75,10.060457946104117,23.48391356254831,0.42839784430770267,-0.3681527231987835
sub-1107sg2,sg2,global,6,2.75,7.639874986300826,18.571338316180245,0.41137988314200263,-0.3857569495251862
sub-1107sg2,sg2,posterior,7,3.25,4.9750587247681874,2.6544277205814457,1.8742490843481747,0.27282730734654426
sub-1107sg2,sg2,central,7,3.25,2.1370158906092342,1.3243931436973029,1.6135812094612147,0.2077908277711304
sub-1107sg2,sg2,frontal,7,3.25,3.7322425170457936,2.0981087400306797,1.7788603830853966,0.250141863072657
sub-1107sg2,sg2,global,7,3.25,3.2859391635273165,1.8607773370857568,1.7658959500622287,0.24696511054105097
sub-1107sg2,sg2,posterior,8,3.75,6.331844585212676,2.8984393627653042,2.1845703127533,0.339366027507174
sub-1107sg2,sg2,central,8,3.75,2.225016603610284,1.2565780564104978,1.7706950971006115,0.24814378476612098
sub-1107sg2,sg2,frontal,8,3.75,4.379671612323109,2.2095855411135803,1.9821235841884877,0.29713072898773785
sub-1107sg2,sg2,global,8,3.75,3.757894696741738,1.9376195535679623,1.9394388799503457,0.287676097667164
sub-1107sg2,sg2,posterior,9,4.25,7.737125604411211,4.872597691372398,1.5878851681333863,0.200819092140674
sub-1107sg2,sg2,central,9,4.25,2.29146156448878,1.3490452378123006,1.698580225674836,0.2300860638613743
sub-1107sg2,sg2,frontal,9,4.25,5.202286179247525,2.512972686742992,2.0701721935506163,0.3160064708668761
sub-1107sg2,sg2,global,9,4.25,4.363622693394454,2.631339711136992,1.6583273816473316,0.21967027169533193
sub-1107sg2,sg2,posterior,10,4.75,7.455788144920719,7.381240567782489,1.0100995999864324,0.004364199121096746
sub-1107sg2,sg2,central,10,4.75,2.4470047335087117,2.5362747126800476,0.9648027168646075,-0.015561482237873122
sub-1107sg2,sg2,frontal,10,4.75,6.517989041930416,5.228101896553406,1.2467218831804636,0.09576958253125328
sub-1107sg2,sg2,global,10,4.75,4.757666592960795,4.5441921188897405,1.0469774315182807,0.019937320195830652
sub-1107sg2,sg2,posterior,11,5.25,9.382826925383632,3.686905188893069,2.5449059426995104,0.40567173585885297
sub-1107sg2,sg2,central,11,5.25,2.5145249956250924,1.5406782535028025,1.632089626700581,0.21274400448689984
sub-1107sg2,sg2,frontal,11,5.25,6.39500371683436,2.8783924106994667,2.2217275493998176,0.3466908003082776
sub-1107sg2,sg2,global,11,5.25,5.2296923155603245,2.468600844305319,2.1184843745089115,0.32602526508490415
sub-1107sg2,sg2,posterior,12,5.75,7.150479348406918,5.709105073268628,1.25246938997272,0.09776712062440476
sub-1107sg2,sg2,central,12,5.75,3.1670965469058405,2.1200268781917138,1.4938945253407492,0.17431993571262497
sub-1107sg2,sg2,frontal,12,5.75,6.4774031458693955,3.193304598399912,2.028432598980713,0.3071605814871921
sub-1107sg2,sg2,global,12,5.75,4.712982931502181,3.4049086965254336,1.3841730723386452,0.14119039623511653
sub-1107sg2,sg2,posterior,13,6.25,7.872315294940086,33.15342275668151,0.23745105754890888,-0.6244258918362998
sub-1107sg2,sg2,central,13,6.25,2.5494462150436443,7.9531412285851895,0.3205583984703329,-0.49409284033214
sub-1107sg2,sg2,frontal,13,6.25,6.820358796338524,18.006145654095175,0.3787794971428189,-0.4216135368459588
sub-1107sg2,sg2,global,13,6.25,5.211140417556804,16.888359229945525,0.30856404382473646,-0.5106546825447208
sub-1107sg2,sg2,posterior,14,6.75,7.753378393857842,3.770764537434227,2.0561820598677683,0.31306156562256504
sub-1107sg2,sg2,central,14,6.75,2.705386240977855,1.2865037904695125,2.102897994564414,0.3228182068412316
sub-1107sg2,sg2,frontal,14,6.75,5.586141660255455,2.6287706990574256,2.125001493001435,0.32735923951671003
sub-1107sg2,sg2,global,14,6.75,4.534259668136491,2.3865009988117523,1.899961353627807,0.2787447672281525
sub-1107sg2,sg2,posterior,15,7.25,8.075108719944957,7.332187537698033,1.1013232651820806,0.04191481368426457
sub-1107sg2,sg2,central,15,7.25,2.8194175459474415,2.897489914350223,0.9730551716449065,-0.011862534796758303
sub-1107sg2,sg2,frontal,15,7.25,6.014660170700916,4.387568705971114,1.3708412503069105,0.13698716441199213
sub-1107sg2,sg2,global,15,7.25,4.863160678887783,4.562907313196461,1.0658030823512357,0.027676971906203954
sub-1108sg2,sg2,posterior,1,0.25,28.75300550918952,83.38412574702413,0.34482589163820165,-0.46240013213551706
sub-1108sg2,sg2,central,1,0.25,10.403014708304879,20.563693597304677,0.5058923222658999,-0.295941911662505
sub-1108sg2,sg2,frontal,1,0.25,24.509203351967834,30.77698401503968,0.7963484446686202,-0.09889686381374181
sub-1108sg2,sg2,global,1,0.25,20.090234056995538,38.00144427147261,0.5286702766735927,-0.27681510616291716
sub-1108sg2,sg2,posterior,2,0.75,34.17135942053212,82.32976564587064,0.41505473934561155,-0.3818946227384455
sub-1108sg2,sg2,central,2,0.75,19.649993353142463,20.848450357730062,0.942515775320287,-0.025711372074726277
sub-1108sg2,sg2,frontal,2,0.75,26.438817916616454,30.00108758818146,0.8812619822166609,-0.054894965007410805
sub-1108sg2,sg2,global,2,0.75,27.374591318276796,38.91337711931135,0.7034750860698683,-0.15275127871818228
sub-1108sg2,sg2,posterior,3,1.25,30.346235746125373,73.03223471972362,0.41551837846103656,-0.3814097625232008
sub-1108sg2,sg2,central,3,1.25,14.547224825436354,21.4039246611693,0.679652215924107,-0.16771326279802762
sub-1108sg2,sg2,frontal,3,1.25,27.48742983549037,26.450900774736265,1.039186909723094,0.016693667442537904
sub-1108sg2,sg2,global,3,1.25,23.74913817589918,33.41162095645529,0.7108047288951042,-0.14824969155016657
sub-1108sg2,sg2,posterior,4,1.75,37.56257356268116,83.66395684532287,0.4489696038656944,-0.3477830606008031
sub-1108sg2,sg2,central,4,1.75,18.966901732661157,22.89718092195648,0.8283509571465841,-0.08178562159788971
sub-1108sg2,sg2,frontal,4,1.75,34.908398080296756,29.722418306908317,1.174480411379685,0.06984577777547682
sub-1108sg2,sg2,global,4,1.75,30.755470143367663,39.75533686006734,0.7736186528018157,-0.11147306747826041
sub-1108sg2,sg2,posterior,5,2.25,26.903079735608095,62.152420874974105,0.4328565059392677,-0.3636560505452372
sub-1108sg2,sg2,central,5,2.25,15.334008467903965,18.116980762922083,0.8463887370949964,-0.07243012443228053
sub-1108sg2,sg2,frontal,5,2.25,23.243889668334827,21.15872171131181,1.0985488625198114,0.040819378735617994
sub-1108sg2,sg2,global,5,2.25,22.292209851448114,29.67955769233414,0.7510964308341399,-0.12430430175660602
sub-1108sg2,sg2,posterior,6,2.75,42.37860223058261,74.15636032864384,0.5714762974176516,-0.2430017777169812
sub-1108sg2,sg2,central,6,2.75,17.7643820765054,18.966465207443495,0.936620602848741,-0.02843629327067209
sub-1108sg2,sg2,frontal,6,2.75,30.753643446792896,25.512230644567463,1.2054470608724106,0.08114814239839292
sub-1108sg2,sg2,global,6,2.75,29.807784883482793,34.63607797295385,0.8605993122766005,-0.06519900530737549
sub-1108sg2,sg2,posterior,7,3.25,30.185133249947725,78.78372108819998,0.3831392175060487,-0.4166433920660999
sub-1108sg2,sg2,central,7,3.25,12.371528783925951,17.905103588731905,0.6909498581014433,-0.16055346802375506
sub-1108sg2,sg2,frontal,7,3.25,26.014746251158506,25.454501512175373,1.0220096527411922,0.009454997669963862
sub-1108sg2,sg2,global,7,3.25,22.416600937134167,34.320246610882045,0.6531596696052427,-0.18498063931907907
sub-1108sg2,sg2,posterior,8,3.75,25.81625578553139,59.54358916737513,0.433569023072538,-0.36294175412012947
sub-1108sg2,sg2,central,8,3.75,17.001695037950338,19.460673474733696,0.8736437133084878,-0.05866564390020716
sub-1108sg2,sg2,frontal,8,3.75,20.63757949599808,18.57835101962925,1.110840217960847,0.045651594990966916
sub-1108sg2,sg2,global,8,3.75,21.867599427715263,29.2926372102865,0.7465220447968463,-0.12695736303304223
sub-1108sg2,sg2,posterior,9,4.25,23.236212577896495,52.381444198983004,0.4435962569040361,-0.3530121271143582
sub-1108sg2,sg2,central,9,4.25,12.5377971763767,15.36856612703392,0.8158078686548522,-0.08841211012838501
sub-1108sg2,sg2,frontal,9,4.25,27.21216946107336,18.602954389704685,1.4627875170265008,0.1651812455478497
sub-1108sg2,sg2,global,9,4.25,21.49879225679695,25.89288504854743,0.830297288868666,-0.08076638015611852
sub-1108sg2,sg2,posterior,10,4.75,21.803188317058982,102.77230791778211,0.21215042027178704,-0.6733561035554505
sub-1108sg2,sg2,central,10,4.75,11.041008235449297,17.134537350404447,0.6443715409210441,-0.19086364872128922
sub-1108sg2,sg2,frontal,10,4.75,20.94228153918436,36.860364387315016,0.5681517773164325,-0.2455356304056341
sub-1108sg2,sg2,global,10,4.75,16.983055016641384,42.915031964262816,0.3957367439638377,-0.4025936238308066
sub-1108sg2,sg2,posterior,11,5.25,30.833154044412222,83.40431475468385,0.369682961068638,-0.43217056588455854
sub-1108sg2,sg2,central,11,5.25,13.799308875007315,20.837138001151484,0.6622458839714336,-0.17898073227429323
sub-1108sg2,sg2,frontal,11,5.25,36.77036497953039,28.30034253121027,1.2992904569610486,0.113706248651631
sub-1108sg2,sg2,global,11,5.25,26.44946062573884,36.80846882092434,0.7185699778607264,-0.14353093174839332
sub-1108sg2,sg2,posterior,12,5.75,32.903168297110106,62.36991270441784,0.5275487309569294,-0.2777374173417459
sub-1108sg2,sg2,central,12,5.75,13.095782087211715,16.064632645032138,0.8151933739525307,-0.08873935901579562
sub-1108sg2,sg2,frontal,12,5.75,26.034735991976884,22.42109027260658,1.1611717215993438,0.06489645077063824
sub-1108sg2,sg2,global,12,5.75,25.237475738528897,29.829219996416647,0.8460655605999972,-0.0725959827013706
sub-1108sg2,sg2,posterior,13,6.25,29.369433397153713,64.68906033027504,0.45400927525003115,-0.34293527456853645
sub-1108sg2,sg2,central,13,6.25,16.662662411634653,19.210354946354013,0.8673792055464913,-0.06179099379051405
sub-1108sg2,sg2,frontal,13,6.25,23.99150181621611,22.51536149184646,1.0655614756575953,0.02757851061398244
sub-1108sg2,sg2,global,13,6.25,24.193018739062854,31.675198922554134,0.7637842716699204,-0.11702928913800077
sub-1108sg2,sg2,posterior,14,6.75,28.316997519137328,51.744000462545785,0.5472518024506863,-0.2618127993477916
sub-1108sg2,sg2,central,14,6.75,12.426252400722065,16.6942184290789,0.7443446636038582,-0.1282259208512924
sub-1108sg2,sg2,frontal,14,6.75,31.426904626242624,18.07519686552055,1.738675648185675,0.2402185714555451
sub-1108sg2,sg2,global,14,6.75,23.26909347970152,25.26763413197418,0.9209051135601308,-0.035785115492791335
sub-1108sg2,sg2,posterior,15,7.25,21.938631838617344,72.00993150802925,0.3046611957431336,-0.5161828577163601
sub-1108sg2,sg2,central,15,7.25,11.301392987869699,21.53820624593756,0.5247137509420645,-0.28007755428840264
sub-1108sg2,sg2,frontal,15,7.25,20.660538545244695,22.94774216237882,0.900329906055689,-0.04559832375390935
sub-1108sg2,sg2,global,15,7.25,17.60906331863549,33.04820182341989,0.5328296956283012,-0.2734115790927786
sub-1109sg2,sg2,posterior,1,0.25,7.03990461054989,92.05315650619289,0.07647651506742498,-1.1164719105001364
sub-1109sg2,sg2,central,1,0.25,5.454813503811376,12.49733642957895,0.43647808751477735,-0.3600375542729371
sub-1109sg2,sg2,frontal,1,0.25,14.601695041909938,17.679673189002596,0.8259029952540484,-0.0830709588537753
sub-1109sg2,sg2,global,1,0.25,7.9462891779921385,33.83073004376768,0.23488376300812372,-0.6291470039959187
sub-1109sg2,sg2,posterior,2,0.75,5.313313920870541,77.44575681502955,0.06860690810422049,-1.163632152507621
sub-1109sg2,sg2,central,2,0.75,4.054248128570457,11.422037775704835,0.3549496340481395,-0.44983326724571737
sub-1109sg2,sg2,frontal,2,0.75,8.60400515813182,16.104510588919258,0.5342605793964222,-0.2722468692050778
sub-1109sg2,sg2,global,2,0.75,5.429048341683359,30.373933561918584,0.1787403771927007,-0.7477773299162748
sub-1109sg2,sg2,posterior,3,1.25,13.439207222529854,101.07106600693332,0.13296789826682887,-0.8762531957875324
sub-1109sg2,sg2,central,3,1.25,5.549594855883128,14.393613039791473,0.3855595423151328,-0.4139085439370389
sub-1109sg2,sg2,frontal,3,1.25,39.16302147585197,21.400734718027156,1.8299849043436134,0.2624475072237029
sub-1109sg2,sg2,global,3,1.25,14.806485678688766,38.33125170363719,0.38627712429447747,-0.41310101043360653
sub-1109sg2,sg2,posterior,4,1.75,6.735849209294002,145.3470606008226,0.04634320901606097,-1.3340138969656619
sub-1109sg2,sg2,central,4,1.75,4.455534419110427,18.60756259185419,0.2394475040519773,-0.620789685587767
sub-1109sg2,sg2,frontal,4,1.75,11.665609050355048,26.90088416392179,0.4336515104585454,-0.3628591365729369
sub-1109sg2,sg2,global,4,1.75,8.206583580277814,52.91861551372555,0.15507933268112928,-0.8094460764649745
sub-1109sg2,sg2,posterior,5,2.25,6.076389878183274,99.76592011199297,0.06090646857526276,-1.2153365806453194
sub-1109sg2,sg2,central,5,2.25,4.3740322760865995,12.427334728037003,0.3519686539237133,-0.4534960127552318
sub-1109sg2,sg2,frontal,5,2.25,12.529794637142361,16.232357040523542,0.7719023556383182,-0.1124376337180517
sub-1109sg2,sg2,global,5,2.25,7.17021865784362,38.47073864570998,0.1863811018518928,-0.7295981251232423
sub-1109sg2,sg2,posterior,6,2.75,8.751261013180933,67.25083139147821,0.13012866654745717,-0.8856270204870202
sub-1109sg2,sg2,central,6,2.75,4.897026317966392,8.608591152140342,0.5688533967313399,-0.24499964431529495
sub-1109sg2,sg2,frontal,6,2.75,20.271715107014426,13.224163070682545,1.5329299100943508,0.18552229813216786
sub-1109sg2,sg2,global,6,2.75,10.692157600935076,26.09448412821786,0.4097478052602262,-0.38748336397082683
sub-1109sg2,sg2,posterior,7,3.25,7.31267990157533,86.80667385575674,0.08424098720481474,-1.0744765523746664
sub-1109sg2,sg2,central,7,3.25,4.6208590180583435,10.665668710205352,0.433246066759688,-0.36326537135453557
sub-1109sg2,sg2,frontal,7,3.25,12.8455837808618,17.137326482160073,0.7495675474371122,-0.12518922451366252
sub-1109sg2,sg2,global,7,3.25,7.420754688178381,31.32234139058727,0.236915708045006,-0.6254061436203824
sub-1109sg2,sg2,posterior,8,3.75,7.578451261024906,96.42443809969348,0.07859471530639904,-1.104606654856638
sub-1109sg2,sg2,central,8,3.75,4.5101844466899275,13.16184273974247,0.34267120006466323,-0.465122394486347
sub-1109sg2,sg2,frontal,8,3.75,18.813905773325065,18.884764111828474,0.9962478568393117,-0.0016325998631957508
sub-1109sg2,sg2,global,8,3.75,8.657613160104535,36.98374881774174,0.2340923631828077,-0.6306127541020285
sub-1109sg2,sg2,posterior,9,4.25,6.650479440980526,89.48788127846137,0.07431709574490969,-1.1289112705779882
sub-1109sg2,sg2,central,9,4.25,5.041971973179083,11.577733865663246,0.4354886743538259,-0.3610231350985594
sub-1109sg2,sg2,frontal,9,4.25,15.405623908058232,15.366310565028817,1.002558411328669,0.0011096850116381791
sub-1109sg2,sg2,global,9,4.25,7.539994490130611,33.46926511636086,0.22528114865733392,-0.6472751481635591
sub-1109sg2,sg2,posterior,10,4.75,5.783734071571926,79.79995363315489,0.07247791268350974,-1.1397943225482277
sub-1109sg2,sg2,central,10,4.75,4.501282868597112,11.483351467354451,0.3919833753581108,-0.40673235171255195
sub-1109sg2,sg2,frontal,10,4.75,8.079490806248888,16.589143003384226,0.48703485192698937,-0.3124399598161651
sub-1109sg2,sg2,global,10,4.75,5.733729696910027,30.336399688971678,0.1890049496873696,-0.7235268223147758
sub-1109sg2,sg2,posterior,11,5.25,8.569478250186666,98.3614998391609,0.08712228121977944,-1.0598707614869975
sub-1109sg2,sg2,central,11,5.25,4.786903376953611,13.795971233880381,0.34697835301351254,-0.45969761875388476
sub-1109sg2,sg2,frontal,11,5.25,19.01953238963312,18.558429205018673,1.0248460243871154,0.010658620726219033
sub-1109sg2,sg2,global,11,5.25,8.474716002904431,37.23056044006055,0.22762794604041284,-0.6427744203697191
sub-1109sg2,sg2,posterior,12,5.75,9.825170606161482,95.073272683948,0.103343140809124,-0.9857183434934427
sub-1109sg2,sg2,central,12,5.75,4.579860356071312,12.89012992822081,0.35529978220347214,-0.4494050587303715
sub-1109sg2,sg2,frontal,12,5.75,30.35061211507603,15.75357342491594,1.926585879688308,0.2847883729355488
sub-1109sg2,sg2,global,12,5.75,12.376779849884775,35.94354661417303,0.3443394159942036,-0.46301326143996746
sub-1109sg2,sg2,posterior,13,6.25,6.578172718912446,53.05701794867706,0.12398308410916767,-0.9066375646699278
sub-1109sg2,sg2,central,13,6.25,5.791137625739991,7.054024938154368,0.8209692589001817,-0.08567310468320617
sub-1109sg2,sg2,frontal,13,6.25,13.001831891272982,11.706260491638565,1.1106733786216192,0.045586362525463484
sub-1109sg2,sg2,global,13,6.25,7.7100432132450285,22.028035783486093,0.3500104725190736,-0.4559189611091448
sub-1109sg2,sg2,posterior,14,6.75,8.43919830454964,75.10532768814124,0.11236484233970191,-0.9493695532360595
sub-1109sg2,sg2,central,14,6.75,5.27335863784162,9.837312865280607,0.5360568185701593,-0.2707891754495891
sub-1109sg2,sg2,frontal,14,6.75,16.566770123384707,12.822659687188391,1.2919917183747143,0.11125972985435165
sub-1109sg2,sg2,global,14,6.75,8.657735293197462,28.685097830853802,0.3018199674356755,-0.5202520320876726
sub-1109sg2,sg2,posterior,15,7.25,7.417683873384663,111.60236978298116,0.06646529000960179,-1.1774050959409927
sub-1109sg2,sg2,central,15,7.25,4.405090768515472,15.491459856500583,0.2843560780791742,-0.5461374843169153
sub-1109sg2,sg2,frontal,15,7.25,15.392188485345018,19.73425314642335,0.7799731953947652,-0.10792032204307091
sub-1109sg2,sg2,global,15,7.25,7.482193873988844,40.99911028052601,0.18249649377251922,-0.7387454750424376
sub-1110sg2,sg2,posterior,1,0.25,3.5499360183582507,11.94194119809151,0.29726624503272386,-0.5268544026965133
sub-1110sg2,sg2,central,1,0.25,2.622124194015011,2.2201767678169224,1.1810429836149126,0.0722657038853738
sub-1110sg2,sg2,frontal,1,0.25,3.5302284466048888,3.108702299398499,1.1355955336372836,0.05522367575193829
sub-1110sg2,sg2,global,1,0.25,3.25862819307768,4.741859090564448,0.6872047715550713,-0.16291383367500495
sub-1110sg2,sg2,posterior,2,0.75,3.7015826991004084,10.171681788600607,0.3639105878487831,-0.4390053085868645
sub-1110sg2,sg2,central,2,0.75,2.2691173720480626,2.1654093452128658,1.0478930355890756,0.020316953998606006
sub-1110sg2,sg2,frontal,2,0.75,3.4290177178335806,3.0212695500501465,1.1349592153327286,0.054980255472588176
sub-1110sg2,sg2,global,2,0.75,3.2087509464603623,4.0967460423327555,0.7832438021062311,-0.10610303305233847
sub-1110sg2,sg2,posterior,3,1.25,2.9469504063396146,5.805535810361936,0.5076104088583501,-0.2944694810150867
sub-1110sg2,sg2,central,3,1.25,2.587173010127313,2.0728280925908225,1.248136794061688,0.09626218602786549
sub-1110sg2,sg2,frontal,3,1.25,2.968303638824403,2.180415444895336,1.361347740300421,0.1339690748018698
sub-1110sg2,sg2,global,3,1.25,2.879562648059643,2.9428377114443802,0.9784986228976652,-0.009439781215347292
sub-1110sg2,sg2,posterior,4,1.75,3.4092277151152173,7.787636831441235,0.4377743581147815,-0.3587496800805346
sub-1110sg2,sg2,central,4,1.75,2.356358628640646,2.1994293013609543,1.0713500211998574,0.02993138254142277
sub-1110sg2,sg2,frontal,4,1.75,2.9446214642367208,2.413012850663834,1.2203090685682167,0.08646983868656348
sub-1110sg2,sg2,global,4,1.75,2.932687509232758,3.522813531673738,0.8324844567743547,-0.07962386641040618
sub-1110sg2,sg2,posterior,5,2.25,3.372288080088525,7.137016471851418,0.4725066970755803,-0.32559203163650136
sub-1110sg2,sg2,central,5,2.25,2.7487840747010646,2.0835717040460153,1.319265408223435,0.1203321751761168
sub-1110sg2,sg2,frontal,5,2.25,3.8162842351007416,2.2345266925683567,1.7078714019362726,0.23245516639276237
sub-1110sg2,sg2,global,5,2.25,3.2010428132068807,3.475792961716665,0.9209532467739138,-0.0357624166907584
sub-1110sg2,sg2,posterior,6,2.75,3.532739829694888,6.858261018332375,0.515107229114166,-0.2881023551041607
sub-1110sg2,sg2,central,6,2.75,2.4165105309415673,1.9498439363482443,1.2393353569964771,0.09318883985958935
sub-1110sg2,sg2,frontal,6,2.75,3.65747306668505,2.168885398287513,1.686337632026515,0.22694453176323706
sub-1110sg2,sg2,global,6,2.75,3.0681805947631986,3.2654870703253627,0.9395782401482591,-0.027067049677495278
sub-1110sg2,sg2,posterior,7,3.25,3.413730459599575,6.853907095720318,0.4980707225709492,-0.3027089860724329
sub-1110sg2,sg2,central,7,3.25,2.496450926968569,1.8822669415061384,1.326300150057875,0.12264181876170731
sub-1110sg2,sg2,frontal,7,3.25,3.4786816916190055,2.271505070472131,1.5314435071439059,0.1851009809087124
sub-1110sg2,sg2,global,7,3.25,3.033520277241827,3.2414070513053073,0.9358652675294932,-0.02878667025788275
sub-1110sg2,sg2,posterior,8,3.75,3.684451131746014,7.948967007611807,0.46351319966705623,-0.33393789375046434
sub-1110sg2,sg2,central,8,3.75,2.5619781107988198,2.2006288308570694,1.164202738269596,0.06602861643484098
sub-1110sg2,sg2,frontal,8,3.75,3.810791853807466,2.4269110440469115,1.5702231291728403,0.19596137016921011
sub-1110sg2,sg2,global,8,3.75,3.296336575162781,3.620395443145582,0.9104907535456287,-0.04072446030783232
sub-1110sg2,sg2,posterior,9,4.25,3.700404860605962,8.11934169818707,0.45575183286499793,-0.3412715760979909
sub-1110sg2,sg2,central,9,4.25,2.9967095285769028,2.1085405541513085,1.4212245160174706,0.15266269042950095
sub-1110sg2,sg2,frontal,9,4.25,3.6437315220616115,2.6821661593256843,1.358503278923507,0.1330606909811213
sub-1110sg2,sg2,global,9,4.25,3.7436133323145238,3.7958554790891452,0.9862370558988833,-0.006018683745594202
sub-1110sg2,sg2,posterior,10,4.75,3.2458740956449335,6.569427294614982,0.49408783293874114,-0.30619584061094
sub-1110sg2,sg2,central,10,4.75,2.374310269322359,1.9785366096353436,1.200033528699759,0.07919338031918191
sub-1110sg2,sg2,frontal,10,4.75,3.0081156123594526,2.0333278237003274,1.479405129510877,0.17008712018879482
sub-1110sg2,sg2,global,10,4.75,2.9337299675817947,3.082459484464946,0.9517497252980219,-0.021477239863288332
sub-1110sg2,sg2,posterior,11,5.25,2.680835466181837,7.968981462477635,0.33640879688385406,-0.47313265619111633
sub-1110sg2,sg2,central,11,5.25,2.401898086731846,2.1920440606453857,1.095734401444775,0.03970529688047674
sub-1110sg2,sg2,frontal,11,5.25,2.9260031488519513,2.406297023921906,1.215977545483143,0.08492555523046251
sub-1110sg2,sg2,global,11,5.25,2.6883512649407595,3.622614899957984,0.7421024147424391,-0.12953615524895856
sub-1110sg2,sg2,posterior,12,5.75,3.6190248211306613,7.546143061554476,0.47958603376718334,-0.3191334726669375
sub-1110sg2,sg2,central,12,5.75,2.432603756141149,2.0775790552645956,1.170883846743121,0.06851381461076882
sub-1110sg2,sg2,frontal,12,5.75,3.473512054394227,2.4281743060786103,1.4305035868713185,0.15548895110071378
sub-1110sg2,sg2,global,12,5.75,3.0916427753849463,3.466384208035038,0.8918927013971949,-0.04968739001182009
sub-1110sg2,sg2,posterior,13,6.25,3.310921149766816,5.991836189953628,0.5525720404903859,-0.257611093664783
sub-1110sg2,sg2,central,13,6.25,2.5497860316726806,1.6611738267889584,1.5349302948032872,0.18608865781342648
sub-1110sg2,sg2,frontal,13,6.25,3.3435562168470248,1.8057274622045978,1.8516394565794023,0.267556426589135
sub-1110sg2,sg2,global,13,6.25,3.0390536184324763,2.9506812798027866,1.0299498082814271,0.01281606109591326
sub-1110sg2,sg2,posterior,14,6.75,3.513227313282279,10.299686041053139,0.34110042765177845,-0.4671177360992251
sub-1110sg2,sg2,central,14,6.75,1.9675457955600482,2.2017037751163855,0.8936469191710591,-0.048834037517607544
sub-1110sg2,sg2,frontal,14,6.75,2.767037787993663,3.151087057961323,0.8781216567795717,-0.05644531187526481
sub-1110sg2,sg2,global,14,6.75,2.8480388085171535,4.394142452665934,0.648144396590794,-0.18832822922726788
sub-1110sg2,sg2,posterior,15,7.25,3.51858431188251,6.8727154932142405,0.5119642032842151,-0.29076040398437414
sub-1110sg2,sg2,central,15,7.25,2.3526950709299705,1.8421195973628783,1.2771673860361816,0.10624781979117352
sub-1110sg2,sg2,frontal,15,7.25,3.781802702796095,2.4674381310797977,1.5326839020442253,0.18545259598085348
sub-1110sg2,sg2,global,15,7.25,3.208482904259011,3.1394568991830902,1.0219866070127868,0.009445204469383807
sub-1111sg2,sg2,posterior,1,0.25,5.633942967096745,18.125244974020504,0.31083403149430844,-0.5074714387736767
sub-1111sg2,sg2,central,1,0.25,3.0526501122979703,8.724067964996722,0.34991131712247237,-0.45604201097705926
sub-1111sg2,sg2,frontal,1,0.25,5.309219284777869,8.419154823163945,0.6306119077618587,-0.20023783278500504
sub-1111sg2,sg2,global,1,0.25,9.674731869111714,12.267863183983655,0.7886240434880777,-0.10312998633581158
sub-1111sg2,sg2,posterior,2,0.75,5.39160712937161,10.952930411522047,0.4922524773552705,-0.3078120895138333
sub-1111sg2,sg2,central,2,0.75,3.1202446195153217,5.355874160544464,0.5825836317256053,-0.2346417214781924
sub-1111sg2,sg2,frontal,2,0.75,5.460489992543275,4.039050828833282,1.3519240593762445,0.130952296990137
sub-1111sg2,sg2,global,2,0.75,8.261508552251795,7.474230833549549,1.1053322724752355,0.04349285033857434
sub-1111sg2,sg2,posterior,3,1.25,5.720467401993145,11.174481745110176,0.5119223900022348,-0.29079587525192163
sub-1111sg2,sg2,central,3,1.25,3.785638225912231,5.177248749340825,0.7312065556815721,-0.13595992356037254
sub-1111sg2,sg2,frontal,3,1.25,6.777024808983751,3.8357957000715843,1.766784609737499,0.24718360751232676
sub-1111sg2,sg2,global,3,1.25,14.325349683367403,9.982864422480164,1.434993913280892,0.15685005895563642
sub-1111sg2,sg2,posterior,4,1.75,7.687967701233263,10.771394530122432,0.7137393101453762,-0.14646038323596117
sub-1111sg2,sg2,central,4,1.75,4.284308981727591,4.579164010933848,0.9356094194262926,-0.028905414498338788
sub-1111sg2,sg2,frontal,4,1.75,9.185019239817581,3.8674673744316133,2.3749442078144147,0.3756534116354373
sub-1111sg2,sg2,global,4,1.75,9.371066783906128,6.940088399985017,1.350280607942452,0.130424030581891
sub-1111sg2,sg2,posterior,5,2.25,6.128520141574168,9.54550120348994,0.642032305158949,-0.19244311897275126
sub-1111sg2,sg2,central,5,2.25,3.6645938639296296,4.627522610463465,0.7919126868539722,-0.10132269935479164
sub-1111sg2,sg2,frontal,5,2.25,5.975797489296471,3.862535843765521,1.5471176789056713,0.189523348835518
sub-1111sg2,sg2,global,5,2.25,21.59332251421391,9.32942821914195,2.3145386841509885,0.36446444378070647
sub-1111sg2,sg2,posterior,6,2.75,7.322489609412068,12.769332232759327,0.5734434249135164,-0.24150942250528626
sub-1111sg2,sg2,central,6,2.75,4.199823224674053,6.696449342242567,0.6271716562060303,-0.20261357696817492
sub-1111sg2,sg2,frontal,6,2.75,7.4281469576327215,4.814991402634619,1.5427124030934432,0.1882849711758642
sub-1111sg2,sg2,global,6,2.75,21.863941335633832,13.1658464362371,1.660655958697534,0.220279668143471
sub-1111sg2,sg2,posterior,7,3.25,7.887973418658248,11.746291237055676,0.6715288476565516,-0.17293532609436604
sub-1111sg2,sg2,central,7,3.25,4.938714657187407,4.857377631419778,1.016745048859595,0.0072120662419141585
sub-1111sg2,sg2,frontal,7,3.25,9.041810303654719,4.640703286443894,1.9483706984816374,0.2896715896004996
sub-1111sg2,sg2,global,7,3.25,37.639053789436616,16.08302103832488,2.3402974913571892,0.36927106708655927
sub-1111sg2,sg2,posterior,8,3.75,9.215451571938695,9.488944781525236,0.9711777003783365,-0.012701298173494597
sub-1111sg2,sg2,central,8,3.75,5.963542737756671,4.1828678923748654,1.4257066900505935,0.1540301875110595
sub-1111sg2,sg2,frontal,8,3.75,11.5787957815742,4.472425426136227,2.5889298710067563,0.4131202864150619
sub-1111sg2,sg2,global,8,3.75,53.90329330967753,19.093198900564683,2.823167222548723,0.45073660314843594
sub-1111sg2,sg2,posterior,9,4.25,10.509453336593564,9.759537499983995,1.076839280202653,0.0321508890642627
sub-1111sg2,sg2,central,9,4.25,5.661725927949186,4.9813134536089985,1.1365929850985834,0.05560497130894232
sub-1111sg2,sg2,frontal,9,4.25,14.901453742483893,4.851171923664891,3.071722457369922,0.4873819728575225
sub-1111sg2,sg2,global,9,4.25,19.410833534094618,11.609660159310302,1.671955360254728,0.22322467797509796
sub-1111sg2,sg2,posterior,10,4.75,10.451877143053775,9.373371873505281,1.1150605442847084,0.04729844885046161
sub-1111sg2,sg2,central,10,4.75,5.70303292685863,4.305859586078528,1.3244818631098347,0.1220460156304202
sub-1111sg2,sg2,frontal,10,4.75,9.720336855486797,5.86759381040583,1.656613795973463,0.2192212737621313
sub-1111sg2,sg2,global,10,4.75,42.84092082572603,37.882067832464216,1.1309023840829557,0.053425119617121125
sub-1111sg2,sg2,posterior,11,5.25,7.641475781812619,16.450550588841082,0.46451185573059595,-0.33300319703596093
sub-1111sg2,sg2,central,11,5.25,3.6288745526166086,5.2176893689005235,0.6954945563156989,-0.15770626491177
sub-1111sg2,sg2,frontal,11,5.25,9.507998084608156,6.7148248570060645,1.4159711216723354,0.15105439613182745
sub-1111sg2,sg2,global,11,5.25,50.61737310058084,21.55285662755725,2.348522702826409,0.3707947628009695
sub-1111sg2,sg2,posterior,12,5.75,6.1986249777337195,11.395396483288888,0.5439586930409902,-0.2644340783633688
sub-1111sg2,sg2,central,12,5.75,4.129942796350757,3.53489295569385,1.1683360283084179,0.0675677693617239
sub-1111sg2,sg2,frontal,12,5.75,9.938730545274316,3.7172135654474663,2.673704475217023,0.42711340297262557
sub-1111sg2,sg2,global,12,5.75,39.36130845376579,23.4222986025491,1.680505791582813,0.22544001353154383
sub-1111sg2,sg2,posterior,13,6.25,7.430492087353278,8.10983900857948,0.9162317623682155,-0.037994656914717914
sub-1111sg2,sg2,central,13,6.25,4.494317849799462,2.4939260688360396,1.8021054857881336,0.2557802087045789
sub-1111sg2,sg2,frontal,13,6.25,6.916983288557492,2.979768765455791,2.3213154553284463,0.3657341629458628
sub-1111sg2,sg2,global,13,6.25,21.68261923472593,8.778420137458836,2.469991057069932,0.3926953808417663
sub-1111sg2,sg2,posterior,14,6.75,10.4331841472219,8.292620692244599,1.2581287067644602,0.09972507177568397
sub-1111sg2,sg2,central,14,6.75,5.929973398346388,3.785204331489414,1.5666190987404487,0.1949634167470124
sub-1111sg2,sg2,frontal,14,6.75,9.458018710158163,4.222944433642423,2.2396739665362637,0.3501848018878213
sub-1111sg2,sg2,global,14,6.75,15.85918548218671,7.114517415354615,2.229130179365262,0.348135431660644
sub-1111sg2,sg2,posterior,15,7.25,9.47176914582939,8.937757189852814,1.0597478701460863,0.02520255240729665
sub-1111sg2,sg2,central,15,7.25,5.001908439640139,3.3908336532941354,1.4751264588815416,0.16882925288386333
sub-1111sg2,sg2,frontal,15,7.25,8.35412005684812,4.772098164572193,1.7506178139562742,0.243191343452589
sub-1111sg2,sg2,global,15,7.25,21.960410697091678,12.693467617697847,1.7300560696647944,0.23806017847643962
sub-1112sg2,sg2,posterior,1,0.25,9.432364313669915,164.97741227769063,0.057173671131374774,-1.2428039207661281
sub-1112sg2,sg2,central,1,0.25,3.8248696693953885,28.769168519139996,0.1329503029206673,-0.8763106688128625
sub-1112sg2,sg2,frontal,1,0.25,5.53589099033381,47.86028759935832,0.11566773348031513,-0.9367877743742282
sub-1112sg2,sg2,global,1,0.25,5.613449813943895,60.33410531546493,0.09303941418528082,-1.0313330327690846
sub-1112sg2,sg2,posterior,2,0.75,7.276008612181517,133.93495956344796,0.05432493977597171,-1.2650007464612374
sub-1112sg2,sg2,central,2,0.75,3.462305026194477,23.3507398943966,0.1482738894721411,-0.8289353200204901
sub-1112sg2,sg2,frontal,2,0.75,5.283978230605994,40.62698698671845,0.13006079511467103,-0.8858535953007591
sub-1112sg2,sg2,global,2,0.75,5.099725441138922,50.72654789105653,0.10053365847191903,-0.9976885129562899
sub-1112sg2,sg2,posterior,3,1.25,11.710491525357591,130.14478094445994,0.089980492804818,-1.0458516326215852
sub-1112sg2,sg2,central,3,1.25,5.563324900751879,27.858562427361434,0.19969892255774943,-0.6996242782864647
sub-1112sg2,sg2,frontal,3,1.25,6.151249445832492,38.13852773842659,0.16128701894370143,-0.7924005850473842
sub-1112sg2,sg2,global,3,1.25,6.969240152719462,51.44482283254612,0.1354701944528893,-0.8681562458118538
sub-1112sg2,sg2,posterior,4,1.75,7.752442811699988,77.11956359463989,0.10052498290121048,-0.9977259920963327
sub-1112sg2,sg2,central,4,1.75,3.7759881396209845,15.039353395066819,0.2510738354522328,-0.6001985430050177
sub-1112sg2,sg2,frontal,4,1.75,5.502082153822312,25.680875874092795,0.21424822816782838,-0.6690827610039094
sub-1112sg2,sg2,global,4,1.75,5.448622428891867,30.87979197823288,0.1764462154645534,-0.7533876522401833
sub-1112sg2,sg2,posterior,5,2.25,7.700751619393647,40.03224170830647,0.19236373709733529,-0.7158767943712303
sub-1112sg2,sg2,central,5,2.25,4.212497540863769,11.57274865450387,0.3640014716144685,-0.4388968605466824
sub-1112sg2,sg2,frontal,5,2.25,5.4063999628338015,16.519176147416335,0.327280241737684,-0.4850802127283839
sub-1112sg2,sg2,global,5,2.25,5.408081429786795,18.635876344863263,0.2901973231474817,-0.5373065979204722
sub-1112sg2,sg2,posterior,6,2.75,10.694299740104677,168.96997265632538,0.06329112547030016,-1.198657181443561
sub-1112sg2,sg2,central,6,2.75,4.615439081283903,22.0077175363904,0.20971911665315315,-0.6783619802233779
sub-1112sg2,sg2,frontal,6,2.75,7.967759872113434,49.15422939128706,0.1620971373325156,-0.7902246548101518
sub-1112sg2,sg2,global,6,2.75,7.082076272495604,60.417012917508536,0.11721990099320609,-0.9309986497699811
sub-1112sg2,sg2,posterior,7,3.25,7.832366701917544,9.09713300518274,0.8609708902195181,-0.06501153197346436
sub-1112sg2,sg2,central,7,3.25,4.5531484459035,4.725892795769245,0.9634472559300561,-0.016172055876745296
sub-1112sg2,sg2,frontal,7,3.25,6.083678525046109,4.5753704827001025,1.3296581223420176,0.12373999084189244
sub-1112sg2,sg2,global,7,3.25,5.828611456591192,5.813397598535924,1.002617033808095,0.001135078719105774
sub-1112sg2,sg2,posterior,8,3.75,9.016610053084474,84.58888873982208,0.10659331488344409,-0.9722700317097404
sub-1112sg2,sg2,central,8,3.75,4.876925386479955,18.31038477107262,0.2663475097576699,-0.5745513593392917
sub-1112sg2,sg2,frontal,8,3.75,10.075544912517733,28.505728064382875,0.35345685224250945,-0.4516635945310046
sub-1112sg2,sg2,global,8,3.75,7.780765532670557,34.42774737356331,0.2260027485459395,-0.6458862791221732
sub-1112sg2,sg2,posterior,9,4.25,7.346037906334445,10.1433682212897,0.7242207663245431,-0.14012902636952354
sub-1112sg2,sg2,central,9,4.25,6.022893138237049,6.407517217960167,0.9399729931829098,-0.026884624145119343
sub-1112sg2,sg2,frontal,9,4.25,8.99517708452135,9.809805665856627,0.9169577248435592,-0.037650686456899694
sub-1112sg2,sg2,global,9,4.25,7.008999244708807,8.092823675825995,0.8660758624514864,-0.06244406502529857
sub-1112sg2,sg2,posterior,10,4.75,5.975151076826248,26.77667295937329,0.22314762875477478,-0.6514077237649177
sub-1112sg2,sg2,central,10,4.75,3.7131320722770895,6.953958560800768,0.5339594764351763,-0.2724917014515859
sub-1112sg2,sg2,frontal,10,4.75,5.416917215911697,8.301269151013084,0.6525408485581531,-0.18539229663623577
sub-1112sg2,sg2,global,10,4.75,4.885552752522717,10.841625214639185,0.4506291866579074,-0.34618068302058913
sub-1112sg2,sg2,posterior,11,5.25,7.423069604303105,94.8243547375294,0.07828231075075501,-1.1063363632453806
sub-1112sg2,sg2,central,11,5.25,3.542753531829335,15.858182258029226,0.22340224586809676,-0.6509124652256971
sub-1112sg2,sg2,frontal,11,5.25,5.706687523953289,30.860971928011022,0.18491600126091956,-0.733025506587482
sub-1112sg2,sg2,global,11,5.25,5.297082215019662,36.22902638904977,0.1462110010392304,-0.835019949465096
sub-1112sg2,sg2,posterior,12,5.75,7.424293316043997,11.814180770918767,0.62842218686202,-0.2017484903067176
sub-1112sg2,sg2,central,12,5.75,4.107652685769344,4.856664575018231,0.8457764834941118,-0.07274439442052674
sub-1112sg2,sg2,frontal,12,5.75,5.9914119898279194,6.64963579486763,0.9010135554269384,-0.04526867516651449
sub-1112sg2,sg2,global,12,5.75,5.542018426920643,6.870069167178368,0.8066903392177676,-0.09329314406055318
sub-1112sg2,sg2,posterior,13,6.25,10.416725794163085,8.580910672316229,1.2139417588589485,0.08419785114374645
sub-1112sg2,sg2,central,13,6.25,4.645181431198851,4.887045816476871,0.9505090816905043,-0.022043729288564236
sub-1112sg2,sg2,frontal,13,6.25,6.844703055850217,4.998607786958721,1.3693218887282825,0.1365055504468695
sub-1112sg2,sg2,global,13,6.25,6.482147974528065,5.627953357801273,1.151777131475821,0.06136845136661176
sub-1112sg2,sg2,posterior,14,6.75,10.933911205089796,16.15870897401956,0.6766574744721038,-0.16963111653032786
sub-1112sg2,sg2,central,14,6.75,5.022351598658604,6.823991610036785,0.7359844334028323,-0.13313137120427565
sub-1112sg2,sg2,frontal,14,6.75,8.741176732700506,10.49037489127968,0.833256849568529,-0.0792211076493237
sub-1112sg2,sg2,global,14,6.75,7.3561652608076,9.802105086957091,0.7504679041439665,-0.12466787684007702
sub-1112sg2,sg2,posterior,15,7.25,13.880794032081448,6.522278295961253,2.1282124745699305,0.32801498449086836
sub-1112sg2,sg2,central,15,7.25,10.22901015089575,5.294251394619301,1.9320975504283355,0.2860290498968702
sub-1112sg2,sg2,frontal,15,7.25,10.734636739004296,4.724300860555276,2.2722170022301644,0.35644980519512853
sub-1112sg2,sg2,global,15,7.25,10.980357157505397,5.072447632060735,2.1647058686428493,0.3353988945446542
sub-1113sg2,sg2,posterior,1,0.25,7.195180352057021,3.5832881302990547,2.007982637850706,0.30275995333442046
sub-1113sg2,sg2,central,1,0.25,3.650494996822559,3.323527018632165,1.0983798164893395,0.04075254383190175
sub-1113sg2,sg2,frontal,1,0.25,8.31997037624407,3.232187668402595,2.5740987930802754,0.4106252109701774
sub-1113sg2,sg2,global,1,0.25,6.90578964809145,3.5872209579229724,1.9251085252607227,0.2844552172696397
sub-1113sg2,sg2,posterior,2,0.75,6.612478152638571,4.631376901356564,1.4277564304260637,0.15465412484610133
sub-1113sg2,sg2,central,2,0.75,4.3314775327977335,3.3747884783214928,1.2834811901906416,0.10838950833565127
sub-1113sg2,sg2,frontal,2,0.75,8.29013748913991,3.416295870871583,2.4266450572458433,0.38500625719199827
sub-1113sg2,sg2,global,2,0.75,6.05135267206504,3.517049371625885,1.7205765494464982,0.23567399939964073
sub-1113sg2,sg2,posterior,3,1.25,6.901155497935861,27.69699394200201,0.24916622765586047,-0.6035108229143868
sub-1113sg2,sg2,central,3,1.25,4.274724216383129,8.287485744469437,0.5158047142628052,-0.28751469289027526
sub-1113sg2,sg2,frontal,3,1.25,8.1923138344768,11.349986896309636,0.7217905984667233,-0.14158877905209313
sub-1113sg2,sg2,global,3,1.25,5.992788706839491,12.276541596291825,0.4881495867410766,-0.31144707401895166
sub-1113sg2,sg2,posterior,4,1.75,7.841622829085391,2.8791200367618135,2.7236178863542535,0.4351461775842343
sub-1113sg2,sg2,central,4,1.75,5.220356335763421,2.4648972292528573,2.117879915563774,0.3259013318401608
sub-1113sg2,sg2,frontal,4,1.75,7.861342763744056,2.552713453374238,3.0796025121240085,0.48849466522406193
sub-1113sg2,sg2,global,4,1.75,6.399198408404501,2.545034079601758,2.5143861371812495,0.40043197357654403
sub-1113sg2,sg2,posterior,5,2.25,6.016019507417964,16.64729271169973,0.36138125349294187,-0.44203438004220175
sub-1113sg2,sg2,central,5,2.25,3.599250425046747,5.537601692002512,0.6499655672680177,-0.18710965003651625
sub-1113sg2,sg2,frontal,5,2.25,7.442553439200985,7.3202620223491675,1.0167058797183017,0.007195335135510154
sub-1113sg2,sg2,global,5,2.25,5.371101926938106,8.140569817263389,0.6597943445614606,-0.18059141133732048
sub-1113sg2,sg2,posterior,6,2.75,6.141491876156421,11.98872110692789,0.5122724785554861,-0.29049897563360955
sub-1113sg2,sg2,central,6,2.75,3.4921723809363683,5.03633272271692,0.6933958841091951,-0.15901874057689624
sub-1113sg2,sg2,frontal,6,2.75,8.400463230605832,5.270330677260502,1.5939157796778627,0.20246537014197857
sub-1113sg2,sg2,global,6,2.75,5.794668528617842,6.179564251639677,0.9377147469710817,-0.027929254006049526
sub-1113sg2,sg2,posterior,7,3.25,7.466382028905997,3.630386005500451,2.0566358556896076,0.3131574030878658
sub-1113sg2,sg2,central,7,3.25,4.376622734638352,3.3767081279187905,1.2961211241363202,0.11264558879230538
sub-1113sg2,sg2,frontal,7,3.25,7.158459586730658,3.9360643793468304,1.8186845785074703,0.25975738422457095
sub-1113sg2,sg2,global,7,3.25,5.929189848804208,3.302342254104841,1.7954498330493067,0.2541732749400995
sub-1113sg2,sg2,posterior,8,3.75,7.707722998313039,3.34079715756049,2.3071508489732304,0.3630759910251708
sub-1113sg2,sg2,central,8,3.75,4.186336349593283,2.9832167327452583,1.4032960809189592,0.14714931232783093
sub-1113sg2,sg2,frontal,8,3.75,9.395166003477266,3.26849300716388,2.8744641591354028,0.45855689792310983
sub-1113sg2,sg2,global,8,3.75,6.926991190470936,3.1367016622549686,2.2083678769408808,0.34407142123898365
sub-1113sg2,sg2,posterior,9,4.25,5.4693099153624125,43.45859703417081,0.12585104648136664,-0.9001431688387541
sub-1113sg2,sg2,central,9,4.25,3.5558970227496904,10.781403330694884,0.32981764188581797,-0.4817261177371519
sub-1113sg2,sg2,frontal,9,4.25,6.91488514456901,12.664783062105068,0.5459931773533007,-0.26281278413835113
sub-1113sg2,sg2,global,9,4.25,5.220186798326085,17.3367598885419,0.3011050987547089,-0.5212818903115976
sub-1113sg2,sg2,posterior,10,4.75,7.163636430102157,6.388374368352107,1.1213551393591905,0.049743177838395526
sub-1113sg2,sg2,central,10,4.75,4.145572907204245,3.5964749765075594,1.152676699902942,0.0617075144613177
sub-1113sg2,sg2,frontal,10,4.75,9.122338452814947,4.026455529224261,2.2656002001274955,0.35518327437225583
sub-1113sg2,sg2,global,10,4.75,6.21445406469738,4.19630213503976,1.4809358012631513,0.17053623221366257
sub-1113sg2,sg2,posterior,11,5.25,8.742972316957664,4.0164085910809675,2.1768134687224636,0.33782121591509895
sub-1113sg2,sg2,central,11,5.25,4.409693417217409,3.381046588187859,1.3042391763021741,0.11535724126043158
sub-1113sg2,sg2,frontal,11,5.25,10.336842717412756,3.742371094136392,2.7621105596953464,0.44124105820518794
sub-1113sg2,sg2,global,11,5.25,7.0821504857624005,3.527629896182557,2.0076228783031875,0.3026821361354507
sub-1113sg2,sg2,posterior,12,5.75,9.05015034388583,3.598480795753394,2.514991980661953,0.4005366045967912
sub-1113sg2,sg2,central,12,5.75,4.721979333810659,2.8701986096666943,1.6451751171181166,0.21621213228619032
sub-1113sg2,sg2,frontal,12,5.75,9.125544524165978,3.7930216324107584,2.4058772684525898,0.381273468808765
sub-1113sg2,sg2,global,12,5.75,6.73000929697252,3.2039932110304292,2.1005067282299565,0.32232407698491927
sub-1113sg2,sg2,posterior,13,6.25,7.537905069470871,55.14247932162219,0.13669869694297815,-0.8642356252505494
sub-1113sg2,sg2,central,13,6.25,4.209688947591733,11.88971665836865,0.3540613345591139,-0.4509214979933245
sub-1113sg2,sg2,frontal,13,6.25,8.922059136425256,16.79555954075477,0.5312153557477913,-0.274729379385254
sub-1113sg2,sg2,global,13,6.25,7.035488376955403,21.655311446581187,0.3248851162593704,-0.4882701842366946
sub-1113sg2,sg2,posterior,14,6.75,5.866670634125031,28.35910303099578,0.20687081067807075,-0.6843007836491192
sub-1113sg2,sg2,central,14,6.75,3.7752181969503105,7.732242894007761,0.48824361167908764,-0.31136343043779646
sub-1113sg2,sg2,frontal,14,6.75,7.8751039549798545,9.455702245362007,0.8328417869590351,-0.07943749268286808
sub-1113sg2,sg2,global,14,6.75,6.536519341533666,13.074593289021697,0.4999405485922201,-0.3010816375709065
sub-1113sg2,sg2,posterior,15,7.25,6.140780103850031,26.635083861474552,0.23055230972004417,-0.6372305225721152
sub-1113sg2,sg2,central,15,7.25,4.2026021709946795,7.493228683135513,0.5608533182035647,-0.2511507063450871
sub-1113sg2,sg2,frontal,15,7.25,8.454204038005049,9.025308990295091,0.9367218393404424,-0.02838935422870541
sub-1113sg2,sg2,global,15,7.25,5.875516859348814,12.088403029813712,0.4860457452368179,-0.3133228542583117
sub-1114sg2,sg2,posterior,1,0.25,4.54180053334791,37.94929039716838,0.11968077626259911,-0.921975602588989
sub-1114sg2,sg2,central,1,0.25,1.876562968250154,4.151937283455711,0.45197285992920067,-0.34488764292504703
sub-1114sg2,sg2,global,1,0.25,3.385488626221323,16.600211694044017,0.20394249715718993,-0.6904922673175545
sub-1114sg2,sg2,posterior,2,0.75,5.887905432679108,19.122532353177792,0.30790406437464607,-0.5115845783139792
sub-1114sg2,sg2,central,2,0.75,2.258784106815587,4.325277348611885,0.522228732347187,-0.2821392375368981
sub-1114sg2,sg2,global,2,0.75,4.026752482871821,9.849545102596974,0.4088262392757722,-0.3884612381009024
sub-1114sg2,sg2,posterior,3,1.25,5.8125210775721285,39.982131346363936,0.14537796965395475,-0.8375014007852276
sub-1114sg2,sg2,central,3,1.25,2.5909717228382956,4.879706038815979,0.5309688129219713,-0.27493098696685336
sub-1114sg2,sg2,global,3,1.25,4.452102481254675,17.59761730063797,0.2529946188279292,-0.5968887161292824
sub-1114sg2,sg2,posterior,4,1.75,5.178652567630265,25.008322355516558,0.2070771679127813,-0.6838677832703539
sub-1114sg2,sg2,central,4,1.75,2.0068201740464477,3.7624355987941005,0.5333832623446509,-0.2729606166652826
sub-1114sg2,sg2,global,4,1.75,3.6752011948679133,11.757527050554884,0.3125828398323324,-0.5050348675538384
sub-1114sg2,sg2,posterior,5,2.25,4.573578708006552,19.618569634563475,0.2331249827688224,-0.6324111829476367
sub-1114sg2,sg2,central,5,2.25,1.8474381187563085,2.6718842729259147,0.6914364283948663,-0.16024774334421737
sub-1114sg2,sg2,global,5,2.25,3.2400068232849093,8.782568876223708,0.36891334061225534,-0.4330756395698086
sub-1114sg2,sg2,posterior,6,2.75,5.892726101830259,25.108776786920433,0.23468790024450234,-0.6295093006549416
sub-1114sg2,sg2,central,6,2.75,1.9982784232154753,3.3788951222657704,0.5913999549875045,-0.22811871286482024
sub-1114sg2,sg2,global,6,2.75,4.037644395869587,11.63611332437056,0.34699252949119913,-0.4596798751678405
sub-1114sg2,sg2,posterior,7,3.25,5.043664911952012,9.136270462594894,0.5520485555458814,-0.2580227221290596
sub-1114sg2,sg2,central,7,3.25,2.0161093682759077,1.553959415816071,1.2974015587254806,0.11307441536503289
sub-1114sg2,sg2,global,7,3.25,3.4022226422670223,4.538583165191118,0.7496221879022803,-0.12515756734317598
sub-1114sg2,sg2,posterior,8,3.75,6.654567649475682,22.000730569851466,0.3024703033541404,-0.5193172581107772
sub-1114sg2,sg2,central,8,3.75,1.9502006935199596,3.4498370373718505,0.5653022656993846,-0.24771927390876775
sub-1114sg2,sg2,global,8,3.75,4.294128830293664,10.297413526695314,0.41701042879956596,-0.37985308384286104
sub-1114sg2,sg2,posterior,9,4.25,4.778231974277968,12.78041584140771,0.3738714008660665,-0.42727775474706625
sub-1114sg2,sg2,central,9,4.25,1.590599883013286,2.9238330656523117,0.5440118663746012,-0.26439162705769664
sub-1114sg2,sg2,global,9,4.25,3.1641623691246843,6.298732326872161,0.502349076753981,-0.2989943915750898
sub-1114sg2,sg2,posterior,10,4.75,5.380037245219551,22.61403718505818,0.23790697791787105,-0.6235928197248876
sub-1114sg2,sg2,central,10,4.75,1.9778303356108857,3.17464699164078,0.6230079567330624,-0.20550640672253737
sub-1114sg2,sg2,global,10,4.75,3.7022358830004443,9.864216300198718,0.3753198196724317,-0.4255985010089951
sub-1114sg2,sg2,posterior,11,5.25,4.931262609223129,22.6933790049509,0.2172996188953307,-0.6629410353536588
sub-1114sg2,sg2,central,11,5.25,2.0340971595364414,2.6751830703833974,0.7603581160690144,-0.11898181403317326
sub-1114sg2,sg2,global,11,5.25,3.4235107541350294,10.233736215690909,0.3345318544449016,-0.47556252198892174
sub-1114sg2,sg2,posterior,12,5.75,5.408813987839172,4.167591756425451,1.2978272114825178,0.1132168757503121
sub-1114sg2,sg2,central,12,5.75,1.648792462000662,1.4465476437979883,1.1398120684581596,0.05683325102089316
sub-1114sg2,sg2,global,12,5.75,3.5265468760976244,2.6824383114156514,1.3146795812935197,0.11881991782002042
sub-1114sg2,sg2,posterior,13,6.25,4.57565794256204,13.901338690291706,0.3291523244273983,-0.482603073634554
sub-1114sg2,sg2,central,13,6.25,1.6421634110305767,2.6945990908272197,0.6094277314279232,-0.21507778750733642
sub-1114sg2,sg2,global,13,6.25,3.393769831330404,6.897222194508107,0.4920487894434782,-0.3079918323230084
sub-1114sg2,sg2,posterior,14,6.75,4.61362794200303,18.622228847547518,0.24774842902924743,-0.6059890906916969
sub-1114sg2,sg2,central,14,6.75,1.9466125557147407,3.418389161886372,0.5694531732719805,-0.24454198260456653
sub-1114sg2,sg2,global,14,6.75,3.4939800563152663,9.996833243786897,0.34950868651198114,-0.4565420260489434
sub-1114sg2,sg2,posterior,15,7.25,4.669363095011482,43.82687333185596,0.10654109545198866,-0.9724828421268599
sub-1114sg2,sg2,central,15,7.25,2.3951038318301014,5.372367641472574,0.44581904881952567,-0.3508413790579671
sub-1114sg2,sg2,global,15,7.25,3.6482925105147053,20.349318542982058,0.1792832768728221,-0.7464602185279998
sub-1115sg2,sg2,posterior,1,0.25,27.693535348051753,87.7575650612709,0.31556863876882385,-0.500906163531064
sub-1115sg2,sg2,central,1,0.25,10.470353531028403,18.78937252782985,0.5572487061779341,-0.2539509311930564
sub-1115sg2,sg2,frontal,1,0.25,17.97267184147533,24.69924612686434,0.7276607451563958,-0.1380710531695232
sub-1115sg2,sg2,global,1,0.25,17.96166350126811,39.682281473412395,0.4526368654812007,-0.34425007737411933
sub-1115sg2,sg2,posterior,2,0.75,30.337393348446742,57.160143768359525,0.5307438251273211,-0.27511504987742447
sub-1115sg2,sg2,central,2,0.75,10.577649184331976,11.20105349970271,0.9443441355416007,-0.024869712342595142
sub-1115sg2,sg2,frontal,2,0.75,15.261990834998231,17.5842716462569,0.8679342051819925,-0.06151319580211072
sub-1115sg2,sg2,global,2,0.75,16.18052660300906,26.282137253090568,0.6156472910553102,-0.21066802715192995
sub-1115sg2,sg2,posterior,3,1.25,22.955489574189787,58.28074569086669,0.3938777601774439,-0.4046385404015484
sub-1115sg2,sg2,central,3,1.25,8.037485462013764,12.866888795192608,0.6246642517822001,-0.2043533471001743
sub-1115sg2,sg2,frontal,3,1.25,12.691817230349411,17.836520671888188,0.7115635085912664,-0.14778633212242004
sub-1115sg2,sg2,global,3,1.25,16.178187659098356,29.30042919439169,0.5521484873742046,-0.25794411325756506
sub-1115sg2,sg2,posterior,4,1.75,16.157067010159924,43.48953963272921,0.37151616564826756,-0.43002228419386823
sub-1115sg2,sg2,central,4,1.75,6.505055567277755,10.17099705153806,0.6395691134620926,-0.1941125176851351
sub-1115sg2,sg2,frontal,4,1.75,11.715339481981788,13.194062243745387,0.8879251337119783,-0.05162365064758772
sub-1115sg2,sg2,global,4,1.75,11.271353264352197,21.591700681325413,0.5220224858943487,-0.28231078954656746
sub-1115sg2,sg2,posterior,5,2.25,15.566335127384352,44.041078686241136,0.35345036024849746,-0.45167157135491076
sub-1115sg2,sg2,central,5,2.25,7.166677747600204,10.40473050180972,0.6887903292020573,-0.16191295912070008
sub-1115sg2,sg2,frontal,5,2.25,10.873194393199551,14.923122461791976,0.7286138957204464,-0.1375025503914333
sub-1115sg2,sg2,global,5,2.25,11.483088372145996,21.67463701654227,0.5297938029311404,-0.2758931260096262
sub-1115sg2,sg2,posterior,6,2.75,11.122801202266881,33.57218458442469,0.3313100216727373,-0.47976542710825376
sub-1115sg2,sg2,central,6,2.75,5.8601772684779325,9.754227593730546,0.6007833231453935,-0.22128213120770462
sub-1115sg2,sg2,frontal,6,2.75,10.43505175764486,11.542138618643595,0.9040830388910338,-0.04379167829020885
sub-1115sg2,sg2,global,6,2.75,9.364303556514004,18.59058560607507,0.5037121344608917,-0.29781758683153015
sub-1115sg2,sg2,posterior,7,3.25,14.310831618773104,36.97584327855147,0.38703192002856546,-0.41225321554802047
sub-1115sg2,sg2,central,7,3.25,9.180575240803185,8.166299966539595,1.124202549308678,0.05084456579007696
sub-1115sg2,sg2,frontal,7,3.25,10.602434823397774,10.789691976443113,0.9826448101156017,-0.007603435252884771
sub-1115sg2,sg2,global,7,3.25,10.868923874904791,16.727472179238838,0.6497648753165864,-0.18724376924293934
sub-1115sg2,sg2,posterior,8,3.75,16.63849587702545,19.12195692215474,0.8701251626473465,-0.060418272051050596
sub-1115sg2,sg2,central,8,3.75,13.758584667199713,6.689234402265012,2.056825017604553,0.31319734608401206
sub-1115sg2,sg2,frontal,8,3.75,19.584191974185188,8.757626846885438,2.2362441694064765,0.34951922123428036
sub-1115sg2,sg2,global,8,3.75,15.167227439933146,11.089034730128013,1.367768052770636,0.13601245561322806
sub-1115sg2,sg2,posterior,9,4.25,9.531216794580079,11.786890392428894,0.808628610027823,-0.09225089699022367
sub-1115sg2,sg2,central,9,4.25,5.99762822947486,3.967234191694063,1.5117908194156269,0.1794917036928162
sub-1115sg2,sg2,frontal,9,4.25,8.654662716366472,4.3352048552080245,1.996367647071935,0.30024052311955884
sub-1115sg2,sg2,global,9,4.25,7.368363297675605,6.622720168567273,1.112588650906209,0.04633462555452464
sub-1115sg2,sg2,posterior,10,4.75,10.316956115274145,9.999206556123498,1.0317774772795405,0.013586043405507588
sub-1115sg2,sg2,central,10,4.75,7.076728190682584,4.0450148128774925,1.7494937640657064,0.24291239881282073
sub-1115sg2,sg2,frontal,10,4.75,10.001229257816101,5.346051109029864,1.8707694808460222,0.27202027634856957
sub-1115sg2,sg2,global,10,4.75,8.451175805232412,6.856427060421244,1.2325918048507891,0.09081927590486882
sub-1115sg2,sg2,posterior,11,5.25,18.10218413505332,10.631423619943568,1.702705562507668,0.23113955481308654
sub-1115sg2,sg2,central,11,5.25,15.855401588630341,3.6157411130502926,4.385104213187014,0.6419799189504649
sub-1115sg2,sg2,frontal,11,5.25,17.96895892771221,6.0964427079121455,2.9474498143633108,0.4694464191850618
sub-1115sg2,sg2,global,11,5.25,15.449027439448033,6.791838933982702,2.2746457313864474,0.3569137663185336
sub-1115sg2,sg2,posterior,12,5.75,20.2190499970078,15.668284104339026,1.2904444329936888,0.11073930840426949
sub-1115sg2,sg2,central,12,5.75,14.05976616589775,4.967688174707075,2.830243298579585,0.4518237707500252
sub-1115sg2,sg2,frontal,12,5.75,17.167487263104842,7.212073285043351,2.38038169949096,0.3766466027250693
sub-1115sg2,sg2,global,12,5.75,14.331953369193245,8.747037962602924,1.638492187923279,0.21444437507457395
sub-1115sg2,sg2,posterior,13,6.25,24.328212012140614,8.346428103628291,2.914805196915894,0.46460953517342357
sub-1115sg2,sg2,central,13,6.25,25.740099782626555,4.324884931143247,5.9516265039269785,0.7746356691149221
sub-1115sg2,sg2,frontal,13,6.25,22.73506693803382,5.747932892717414,3.9553466197976967,0.5971845481293536
sub-1115sg2,sg2,global,13,6.25,20.549065711710032,6.101060744245777,3.3681136073085174,0.5273867319354132
sub-1115sg2,sg2,posterior,14,6.75,14.988739266183192,10.868873341976919,1.3790517926356587,0.1395805771500907
sub-1115sg2,sg2,central,14,6.75,10.155496705860262,4.175640876246411,2.4320809683684517,0.38597802928913577
sub-1115sg2,sg2,frontal,14,6.75,12.210349322932837,7.423950393378019,1.644723991397379,0.21609302747116313
sub-1115sg2,sg2,global,14,6.75,11.20372649930587,7.889144131252809,1.4201447347022547,0.15233260796006048
sub-1115sg2,sg2,posterior,15,7.25,21.755509741066618,12.696102471072084,1.7135581404321747,0.23389884447671214
sub-1115sg2,sg2,central,15,7.25,24.028843332573018,4.336356976289163,5.541251207859667,0.7436078389731668
sub-1115sg2,sg2,frontal,15,7.25,25.594522407187622,6.513729556571732,3.9293191688262814,0.594317306905543
sub-1115sg2,sg2,global,15,7.25,20.33325060381265,7.41847872209044,2.7408922186788964,0.4378919579206229
sub-2001cg,cg,posterior,1,0.25,24.822475724732854,168.66322804505998,0.1471718288120354,-0.8321753133841266
sub-2001cg,cg,central,1,0.25,12.172478431441446,37.19370595615437,0.32727253492273445,-0.48509043964155313
sub-2001cg,cg,frontal,1,0.25,29.047139232694715,70.23216727440828,0.41358739677223555,-0.38343270394619433
sub-2001cg,cg,global,1,0.25,21.554042938511348,85.39388901386965,0.25240732314007325,-0.5978980489794611
sub-2001cg,cg,posterior,2,0.75,28.842539708516863,169.38130818508887,0.17028171536495404,-0.7688319835255468
sub-2001cg,cg,central,2,0.75,11.393381577670288,34.73322208703585,0.328025472244421,-0.4840924306003184
sub-2001cg,cg,frontal,2,0.75,30.418245177552397,87.86551104999589,0.3461909549498241,-0.46068428327372835
sub-2001cg,cg,global,2,0.75,24.01531220601686,90.5471543791162,0.2652243725458892,-0.5763865693478387
sub-2001cg,cg,posterior,3,1.25,32.93680671799,176.52724766133312,0.18658199883781765,-0.7291302586737461
sub-2001cg,cg,central,3,1.25,12.927790624213285,43.37734248486148,0.2980309508062886,-0.5257386316741232
sub-2001cg,cg,frontal,3,1.25,33.0703751529003,101.1729910275787,0.3268696004439135,-0.4856254678361656
sub-2001cg,cg,global,3,1.25,25.971588499114333,100.48840851282982,0.25845357572558647,-0.5876174549563461
sub-2001cg,cg,posterior,4,1.75,28.416907955309302,184.32508674548887,0.15416733802787574,-0.8120076263937984
sub-2001cg,cg,central,4,1.75,11.597493897692893,46.603342995774796,0.2488554071913759,-0.6040529183603254
sub-2001cg,cg,frontal,4,1.75,41.13169944393724,85.58439412850021,0.4805981261277643,-0.3182179268612038
sub-2001cg,cg,global,4,1.75,25.385789869545505,97.11849704217964,0.26138985510165147,-0.582711271992162
sub-2001cg,cg,posterior,5,2.25,29.718853468319633,159.5612760219145,0.18625354603104316,-0.7298954500854168
sub-2001cg,cg,central,5,2.25,10.791861895666557,35.26331046306712,0.3060365505663278,-0.5142267017494193
sub-2001cg,cg,frontal,5,2.25,38.11675588062973,77.94907598367573,0.48899560898723454,-0.31069504067428577
sub-2001cg,cg,global,5,2.25,24.3795433975881,83.13429530978713,0.2932549473925471,-0.5327546523338019
sub-2001cg,cg,posterior,6,2.75,28.29213644489844,173.22715168135997,0.1633239141225388,-0.7869502205843898
sub-2001cg,cg,central,6,2.75,10.68332185218852,41.63596966523803,0.25658876058573105,-0.5907623710417674
sub-2001cg,cg,frontal,6,2.75,33.9402644801811,85.50010120506782,0.3969616877853399,-0.4012514065525657
sub-2001cg,cg,global,6,2.75,23.805743956670455,96.60739175975166,0.24641741716691648,-0.6083285988121904
sub-2001cg,cg,posterior,7,3.25,25.469293051795447,134.6187994466204,0.18919566328397275,-0.7230888226563492
sub-2001cg,cg,central,7,3.25,14.64743773766057,36.25684483656634,0.4039909651180706,-0.3936283473726681
sub-2001cg,cg,frontal,7,3.25,28.08662866381431,80.3891575451357,0.3493832939851951,-0.4566978649612763
sub-2001cg,cg,global,7,3.25,24.15895983776454,78.77920492654522,0.30666671312931726,-0.5133333615747444
sub-2001cg,cg,posterior,8,3.75,24.718104217622404,198.21377459410348,0.1247042707714912,-0.9041186728989125
sub-2001cg,cg,central,8,3.75,10.09856271189395,33.96376463450694,0.2973334322789966,-0.5267562558203944
sub-2001cg,cg,frontal,8,3.75,23.243583917853382,89.4747163764728,0.2597782352285303,-0.5853972378515431
sub-2001cg,cg,global,8,3.75,19.65940941711215,94.13015772871526,0.20885346302904229,-0.6801583192404457
sub-2001cg,cg,posterior,9,4.25,23.680871091496567,149.90066379265681,0.1579770929116901,-0.8014058823068945
sub-2001cg,cg,central,9,4.25,9.241427458556073,29.733267536282497,0.3108110283297681,-0.5075035797752753
sub-2001cg,cg,frontal,9,4.25,35.66554044768094,66.43524100207378,0.5368467083090379,-0.27014970543520045
sub-2001cg,cg,global,9,4.25,22.206999292507508,76.43317164703487,0.2905413816275803,-0.5367920025762579
sub-2001cg,cg,posterior,10,4.75,25.660138433105423,155.64012789956084,0.1648683972404897,-0.7828625840123137
sub-2001cg,cg,central,10,4.75,9.556027348138766,39.746610809449834,0.24042370289007892,-0.6190227183377022
sub-2001cg,cg,frontal,10,4.75,20.97602645386636,78.74540684171481,0.26637777738617846,-0.5745020090855195
sub-2001cg,cg,global,10,4.75,18.693123721425636,85.02830368575603,0.21984589732038973,-0.6578816346052985
sub-2001cg,cg,posterior,11,5.25,24.44893871739996,154.36298178341377,0.15838602257440318,-0.8002831471571954
sub-2001cg,cg,central,11,5.25,11.314911545114983,39.443948038266164,0.2868605225353692,-0.5423292148237924
sub-2001cg,cg,frontal,11,5.25,24.87170683980835,74.45802680476758,0.3340366097133238,-0.47620593281364976
sub-2001cg,cg,global,11,5.25,21.1070636282978,84.12940784519628,0.2508880564943023,-0.6005200127470892
sub-2001cg,cg,posterior,12,5.75,23.159208092655664,145.48340514877503,0.15918797108833457,-0.798089752473549
sub-2001cg,cg,central,12,5.75,11.01751044822196,34.27743106944882,0.3214217082341907,-0.4929247951272895
sub-2001cg,cg,frontal,12,5.75,38.273835330734464,71.47530578689982,0.5354833380474937,-0.27125403800973485
sub-2001cg,cg,global,12,5.75,23.04616394086591,78.33067937174495,0.29421631633618905,-0.5313332462982182
sub-2001cg,cg,posterior,13,6.25,24.504525622138484,123.64317566027623,0.1981874494187004,-0.7029238514692377
sub-2001cg,cg,central,13,6.25,9.925113058822667,32.45278623889606,0.3058323863399745,-0.5145165265627079
sub-2001cg,cg,frontal,13,6.25,31.668655248333533,70.46121222365196,0.44944806154929035,-0.3473204883263404
sub-2001cg,cg,global,13,6.25,21.867402347768973,71.24008071294627,0.3069536436361037,-0.5129272070412599
sub-2001cg,cg,posterior,14,6.75,19.179153296339152,149.8020375989489,0.12802998946974084,-0.8926882902293422
sub-2001cg,cg,central,14,6.75,8.47136626686201,33.99259001612367,0.24921214484815057,-0.6034307970368902
sub-2001cg,cg,frontal,14,6.75,23.388213639806203,77.81052833768844,0.3005790365322304,-0.5220413119588596
sub-2001cg,cg,global,14,6.75,16.398255027615278,80.08114329567175,0.204770490939052,-0.6887326284857977
sub-2001cg,cg,posterior,15,7.25,36.411185504564784,115.98685770477518,0.3139250965591573,-0.5031739634924515
sub-2001cg,cg,central,15,7.25,16.370666551057226,38.633096499410826,0.4237472021251749,-0.3728931562947235
sub-2001cg,cg,frontal,15,7.25,52.95560811409502,76.69756423974391,0.6904470648971921,-0.16086961224002178
sub-2001cg,cg,global,15,7.25,33.726358241188194,74.94973471592657,0.44998635911144136,-0.3468006512300361
sub-2002cg,cg,posterior,1,0.25,5.25499088839567,43.8989325570634,0.11970657558847943,-0.9218819927568622
sub-2002cg,cg,central,1,0.25,3.480538206814755,17.306626099572572,0.20111015207641858,-0.6965660055868321
sub-2002cg,cg,frontal,1,0.25,3.8796389776668496,13.314576185914927,0.29138283663666276,-0.5355360331202997
sub-2002cg,cg,global,1,0.25,4.0300027529326945,23.278127563155117,0.17312400844952103,-0.7616427009626515
sub-2002cg,cg,posterior,2,0.75,5.13540688939788,35.965456737061885,0.14278720070044093,-0.8453107205311318
sub-2002cg,cg,central,2,0.75,2.8966394554179558,7.189514921786635,0.40289775971396474,-0.39480514747031664
sub-2002cg,cg,frontal,2,0.75,3.8074037185895553,9.62234881921033,0.39568340226747406,-0.40265216670346776
sub-2002cg,cg,global,2,0.75,3.7500478094244047,15.21939650603248,0.24639924506454683,-0.6083606271277573
sub-2002cg,cg,posterior,3,1.25,4.841251201263557,39.383674371134795,0.12292533082722779,-0.9103586142255482
sub-2002cg,cg,central,3,1.25,2.876569610045913,10.909869772335009,0.2636667228916197,-0.5789446786119319
sub-2002cg,cg,frontal,3,1.25,3.9244017662258237,10.209199918940252,0.38439856182512583,-0.4152182458541173
sub-2002cg,cg,global,3,1.25,3.729079228277039,17.776711433046938,0.20977328918917332,-0.6782498121208455
sub-2002cg,cg,posterior,4,1.75,5.011753671300607,43.37142803921701,0.1155542692015793,-0.9372140046942833
sub-2002cg,cg,central,4,1.75,3.402232743357852,12.059328841490014,0.2821245517124054,-0.5495591179947604
sub-2002cg,cg,frontal,4,1.75,4.92670536954639,12.125597273967236,0.40630620151995844,-0.3911465489132063
sub-2002cg,cg,global,4,1.75,4.2169941737185415,20.012321957834583,0.21071988460927388,-0.6762944802029508
sub-2002cg,cg,posterior,5,2.25,5.798197629599866,40.98567487478352,0.14146888265995622,-0.8493390765724518
sub-2002cg,cg,central,5,2.25,3.4900306353789037,11.740325044571213,0.2972686550099149,-0.5268508818273583
sub-2002cg,cg,frontal,5,2.25,4.189282095431314,11.715066765530711,0.35759779942163505,-0.44660516242081083
sub-2002cg,cg,global,5,2.25,4.2964202659182815,19.710608336066546,0.21797502099702704,-0.6615932718298536
sub-2002cg,cg,posterior,6,2.75,5.803439807794746,21.157358847779687,0.2742988786808697,-0.561775967764432
sub-2002cg,cg,central,6,2.75,3.8910127449196996,9.183184689183992,0.42371060548336315,-0.3729306654650025
sub-2002cg,cg,frontal,6,2.75,4.5761669504426035,7.276322285122609,0.6289120755136389,-0.2014100664598893
sub-2002cg,cg,global,6,2.75,4.486577142078352,11.502968758873623,0.3900364537300265,-0.4088948008864743
sub-2002cg,cg,posterior,7,3.25,6.024280971853199,24.27402263023823,0.2481781064317182,-0.6052365333742644
sub-2002cg,cg,central,7,3.25,3.9284974694955257,9.304670527516343,0.4222070472971538,-0.37447452191248615
sub-2002cg,cg,frontal,7,3.25,5.495195775333945,7.477550029597877,0.7348925454972132,-0.13377615793515127
sub-2002cg,cg,global,7,3.25,4.782465982138571,12.449139674206718,0.3841603602574503,-0.41548745001468906
sub-2002cg,cg,posterior,8,3.75,4.4743901500428835,21.377232068818646,0.20930633749208993,-0.6792176216556999
sub-2002cg,cg,central,8,3.75,3.2058959093687243,12.555548881484702,0.2553369780668342,-0.5928862858324234
sub-2002cg,cg,frontal,8,3.75,4.1355307795731315,6.246207127671033,0.6620867183946731,-0.1790851240742162
sub-2002cg,cg,global,8,3.75,3.7540604570349414,12.615499012128407,0.2975752646348613,-0.5264031715100539
sub-2002cg,cg,posterior,9,4.25,5.332319746034719,32.984398241626174,0.16166187744196447,-0.7913923818782406
sub-2002cg,cg,central,9,4.25,3.7217570256150663,7.893724475796399,0.47148301629055495,-0.326533946753037
sub-2002cg,cg,frontal,9,4.25,4.848817727889847,8.070414092240169,0.6008139944828931,-0.22125996006528256
sub-2002cg,cg,global,9,4.25,4.311943279066621,14.697894356332805,0.29337149761242887,-0.5325820821455458
sub-2002cg,cg,posterior,10,4.75,4.0916923775636524,19.932602276798132,0.205276376899691,-0.6876610261404126
sub-2002cg,cg,central,10,4.75,3.0722625568432425,7.709373878365341,0.3985099964427553,-0.39956078005086554
sub-2002cg,cg,frontal,10,4.75,3.669661299670051,6.335075895821343,0.5792608265499366,-0.23712584037449055
sub-2002cg,cg,global,10,4.75,3.5139577308763235,10.992301762302127,0.31967442368870996,-0.4952921090995846
sub-2002cg,cg,posterior,11,5.25,3.9422493409137545,26.479027103770047,0.14888195572534696,-0.8271579349125685
sub-2002cg,cg,central,11,5.25,2.77807491346714,7.18553281795094,0.3866205866497383,-0.4127150245176493
sub-2002cg,cg,frontal,11,5.25,3.619368811311328,8.598118996682826,0.42094890902390264,-0.37577061170699505
sub-2002cg,cg,global,11,5.25,3.4841209392559644,13.025995881945203,0.2674744388707478,-0.5727177149055694
sub-2002cg,cg,posterior,12,5.75,4.163562512700505,29.294241218975003,0.14212904446228175,-0.847317163727889
sub-2002cg,cg,central,12,5.75,3.0626553367251645,6.313305120542901,0.4851112496938525,-0.3141586540003773
sub-2002cg,cg,frontal,12,5.75,4.349043928891143,7.389883515765843,0.5885131909877519,-0.23024379839575737
sub-2002cg,cg,global,12,5.75,3.8639777263605133,12.480052323924559,0.3096123017812334,-0.5091817918858906
sub-2002cg,cg,posterior,13,6.25,4.537135846470449,18.261956001189553,0.24844741966166756,-0.6047655094135924
sub-2002cg,cg,central,13,6.25,2.9982248714366073,5.411887025628531,0.5540072912162087,-0.25648451954209633
sub-2002cg,cg,frontal,13,6.25,4.153487294366578,4.554609944741786,0.9119304056238018,-0.040038303784326566
sub-2002cg,cg,global,13,6.25,3.9920064489508325,8.880635739658642,0.4495180937467748,-0.3472528226043209
sub-2002cg,cg,posterior,14,6.75,5.322304444490353,22.0580257572721,0.2412865277725815,-0.6174669262361233
sub-2002cg,cg,central,14,6.75,3.115426638257355,7.376186853823769,0.4223627600543142,-0.37431438075807993
sub-2002cg,cg,frontal,14,6.75,4.841972595222937,7.8058445101721095,0.6203009282228422,-0.20739756895311073
sub-2002cg,cg,global,14,6.75,4.067335727042033,11.429234515508211,0.35587122842943736,-0.44870712253122147
sub-2002cg,cg,posterior,15,7.25,5.777444347568505,56.28396758392026,0.10264813579380748,-0.9886489335005423
sub-2002cg,cg,central,15,7.25,3.108980696958101,15.006480414304933,0.2071758740973309,-0.6836608201451931
sub-2002cg,cg,frontal,15,7.25,4.815307023173256,14.115896248759075,0.34112655252737273,-0.4670844747664248
sub-2002cg,cg,global,15,7.25,4.538763751886841,26.632096563617967,0.1704245755134139,-0.7684677790511525
sub-2003cg,cg,posterior,1,0.25,8.776726513066457,52.644893666708874,0.16671562808410814,-0.778023687079241
sub-2003cg,cg,central,1,0.25,4.719999700379718,9.15698073548881,0.5154537108598339,-0.2878103294508359
sub-2003cg,cg,frontal,1,0.25,8.072004033229094,15.08333171826713,0.5351605456938434,-0.27151591209199005
sub-2003cg,cg,global,1,0.25,7.5640661144102115,21.31239928455917,0.3549138702506562,-0.4498770278273447
sub-2003cg,cg,posterior,2,0.75,14.221009701124478,53.37781940326229,0.2664217058716215,-0.5744303952815689
sub-2003cg,cg,central,2,0.75,7.001510197625303,10.060237385435338,0.6959587462381064,-0.15741650293561868
sub-2003cg,cg,frontal,2,0.75,11.64143538978358,14.149532103199634,0.8227434875497474,-0.08473554669071698
sub-2003cg,cg,global,2,0.75,10.696052874117594,20.98547675140293,0.5096883430776733,-0.2926952989106717
sub-2003cg,cg,posterior,3,1.25,12.105765399603497,39.34646433784636,0.3076709839963757,-0.5119134595031309
sub-2003cg,cg,central,3,1.25,5.316863068553791,8.568805823403563,0.6204905535415566,-0.20726482589128567
sub-2003cg,cg,frontal,3,1.25,10.29944916886784,9.956506111407537,1.0344441166030502,0.014707033903180046
sub-2003cg,cg,global,3,1.25,8.9817690517326,15.984201112450794,0.5619154181397472,-0.25032905133427236
sub-2003cg,cg,posterior,4,1.75,16.451773402574606,43.73310574862284,0.3761858006869927,-0.4245976011292514
sub-2003cg,cg,central,4,1.75,12.880856615524182,13.639926513637805,0.9443494143934961,-0.02486728465786139
sub-2003cg,cg,frontal,4,1.75,16.18428176348093,17.387501403448486,0.9307997387290551,-0.031143747289632536
sub-2003cg,cg,global,4,1.75,15.554985671950647,21.994689382367064,0.7072155192344264,-0.1504482176726935
sub-2003cg,cg,posterior,5,2.25,9.81905368880001,50.822568820190654,0.1932026246752628,-0.7139869779503356
sub-2003cg,cg,central,5,2.25,4.55125332331207,10.616388885250922,0.42870069780836784,-0.36784580957526203
sub-2003cg,cg,frontal,5,2.25,8.874014387000129,13.370294130525583,0.6637112318075304,-0.1780208328464938
sub-2003cg,cg,global,5,2.25,7.592354226760531,20.801014620355158,0.3649992255344561,-0.4377080570407006
sub-2003cg,cg,posterior,6,2.75,8.259792342455777,40.75813640447248,0.20265382745883864,-0.6932451894621051
sub-2003cg,cg,central,6,2.75,4.563954876155769,7.938742797739397,0.5748964278645458,-0.24041038984686927
sub-2003cg,cg,frontal,6,2.75,7.6282489542061525,11.642958862132888,0.6551813026683428,-0.1836385048127003
sub-2003cg,cg,global,6,2.75,6.80832217405205,16.465373219073406,0.4134933404464421,-0.3835314806232903
sub-2003cg,cg,posterior,7,3.25,10.050093857630022,34.6197794581622,0.2902991877743041,-0.5371541792755645
sub-2003cg,cg,central,7,3.25,4.605892254217744,7.786141528550275,0.591550029925455,-0.22800851933406274
sub-2003cg,cg,frontal,7,3.25,9.88236488482167,9.926326194518223,0.9955712406750413,-0.0019276574597202488
sub-2003cg,cg,global,7,3.25,8.105873537269378,14.407347588458615,0.5626208077163906,-0.24978421012086555
sub-2003cg,cg,posterior,8,3.75,10.285965506839522,29.407157216836783,0.3497776215155674,-0.4562079797721447
sub-2003cg,cg,central,8,3.75,5.523109629317163,5.127806354678437,1.0770901331478837,0.03225204748635416
sub-2003cg,cg,frontal,8,3.75,9.28309386678563,7.710195071179498,1.2040024644104772,0.08062737585766624
sub-2003cg,cg,global,8,3.75,8.272629534708082,11.366327041716552,0.7278190662952052,-0.13797657161549026
sub-2003cg,cg,posterior,9,4.25,12.424788548375723,39.12435447655566,0.31757172008603957,-0.4981581786549415
sub-2003cg,cg,central,9,4.25,6.399103974998379,7.148614246409696,0.8951530680526301,-0.04810269549229513
sub-2003cg,cg,frontal,9,4.25,15.765360611970761,10.581361289693614,1.4899179964043407,0.17316236593633813
sub-2003cg,cg,global,9,4.25,13.023323231461877,15.364966214469208,0.8475985595853636,-0.07180979000355049
sub-2003cg,cg,posterior,10,4.75,9.255909907392892,48.396976680403476,0.19124975447362444,-0.7183991137211082
sub-2003cg,cg,central,10,4.75,4.306787788775466,8.455575109761066,0.5093429758318552,-0.29298967866534376
sub-2003cg,cg,frontal,10,4.75,10.444726627454374,13.230095604792625,0.7894672071508503,-0.1026659049833806
sub-2003cg,cg,global,10,4.75,7.996459640994888,18.565843390481255,0.43070812743657466,-0.3658169330492096
sub-2003cg,cg,posterior,11,5.25,10.01212727977634,25.80652329315731,0.3879688544652232,-0.41120313749035836
sub-2003cg,cg,central,11,5.25,5.332028202929414,4.8088647811134075,1.1087914602778406,0.044849872418802166
sub-2003cg,cg,frontal,11,5.25,9.86954451279131,8.809262973935235,1.1203598464472255,0.049357535372084656
sub-2003cg,cg,global,11,5.25,8.046681106938903,10.76023852024365,0.7478162395564348,-0.12620510795263498
sub-2003cg,cg,posterior,12,5.75,12.907803314780137,20.306325768481905,0.6356543011249602,-0.1967790100303898
sub-2003cg,cg,central,12,5.75,5.832470792607268,4.307140946862169,1.3541397564099522,0.1316634887992397
sub-2003cg,cg,frontal,12,5.75,11.56226294599689,6.321649334661896,1.8289946711533756,0.2622124401445113
sub-2003cg,cg,global,12,5.75,10.05096580209194,8.428713198311186,1.1924674105776663,0.07644651886545277
sub-2003cg,cg,posterior,13,6.25,9.650804726841656,25.932001731436756,0.37215810899558177,-0.42927251367689967
sub-2003cg,cg,central,13,6.25,4.1989457670397,4.679383375752315,0.897328863627171,-0.047048362436917054
sub-2003cg,cg,frontal,13,6.25,9.143309723620595,7.503877295986769,1.2184780431458586,0.08581770764753048
sub-2003cg,cg,global,13,6.25,7.623424588321709,10.23968695765181,0.7444978171549428,-0.12813657124820926
sub-2003cg,cg,posterior,14,6.75,11.286428081824253,9.574949776722448,1.1787454080712318,0.0714200139080913
sub-2003cg,cg,central,14,6.75,5.446692229257926,2.714609911565996,2.006436433482207,0.3024254052733397
sub-2003cg,cg,frontal,14,6.75,10.6769385882116,4.802193881278056,2.223346006465287,0.34700705469415327
sub-2003cg,cg,global,14,6.75,8.742616672490618,5.095565662295703,1.7157303529971215,0.23444903444087328
sub-2003cg,cg,posterior,15,7.25,9.627200098667661,53.84442656870962,0.17879659441414264,-0.7476407575827808
sub-2003cg,cg,central,15,7.25,4.105104606183753,7.368349782608706,0.55712672814107,-0.2540460057736754
sub-2003cg,cg,frontal,15,7.25,8.876866886151271,11.826387359953795,0.7505983540003,-0.12459239229353426
sub-2003cg,cg,global,15,7.25,7.265728182531929,18.385446117847746,0.395189115127247,-0.4031950258892539
sub-2004cg,cg,posterior,1,0.25,30.655833324063476,375.4863439082546,0.08164300465625948,-1.0880810205946074
sub-2004cg,cg,central,1,0.25,6.939667838787304,53.357520613353586,0.13005978836750032,-0.8858569570088951
sub-2004cg,cg,frontal,1,0.25,8.933872852123296,113.19113131647698,0.07892732185125542,-1.1027726333526786
sub-2004cg,cg,global,1,0.25,14.165662594143136,145.7940247571174,0.0971621616025906,-1.012502831849261
sub-2004cg,cg,posterior,2,0.75,29.708877968853656,303.7068534792239,0.09782090074199129,-1.0095683424810482
sub-2004cg,cg,central,2,0.75,6.054117843445607,37.72020165206536,0.1605006754547431,-0.7945231355603525
sub-2004cg,cg,frontal,2,0.75,9.690497835297606,83.46367585279363,0.11610437398406595,-0.9351514188371222
sub-2004cg,cg,global,2,0.75,13.88608462769417,114.9101283448844,0.1208429998965566,-0.9177785020155285
sub-2004cg,cg,posterior,3,1.25,31.93818892733034,351.33890930065786,0.09090421835402031,-1.041415963143638
sub-2004cg,cg,central,3,1.25,6.881848597363118,54.55094878919528,0.12615451701778985,-0.8990971947636851
sub-2004cg,cg,frontal,3,1.25,10.100080563853359,105.48091055654325,0.09575268653411169,-1.01884903218365
sub-2004cg,cg,global,3,1.25,14.241776244393073,136.4676666984082,0.10436007729118148,-0.981465607924431
sub-2004cg,cg,posterior,4,1.75,36.66366263467839,359.3225632259265,0.10203551456807866,-0.9912486410182285
sub-2004cg,cg,central,4,1.75,7.10250057485895,49.26649376932801,0.14416492897005745,-0.84114037766979
sub-2004cg,cg,frontal,4,1.75,11.452064372156542,108.63712416680343,0.10541575414471421,-0.9770944799504648
sub-2004cg,cg,global,4,1.75,15.48940620652973,139.80143986660838,0.11079575590429509,-0.9554768751910461
sub-2004cg,cg,posterior,5,2.25,23.66114373925204,293.2193994434931,0.0806943325856304,-1.0931569660613085
sub-2004cg,cg,central,5,2.25,4.896554447759444,39.84681198134932,0.12288447191336971,-0.9105029925277209
sub-2004cg,cg,frontal,5,2.25,9.118582884925738,86.48403435230658,0.10543660403005402,-0.9770085905607584
sub-2004cg,cg,global,5,2.25,11.56165583669538,112.43246830628259,0.10283200227535455,-0.9878717078240798
sub-2004cg,cg,posterior,6,2.75,29.299659088331072,315.8966388661244,0.09275077820865367,-1.0326824378282136
sub-2004cg,cg,central,6,2.75,5.9753351761482145,40.82005723678527,0.1463823321336135,-0.8345113380311543
sub-2004cg,cg,frontal,6,2.75,8.706441333810155,90.87944400260236,0.09580209726592125,-1.0186249833948708
sub-2004cg,cg,global,6,2.75,12.66871061876442,123.22608506801342,0.10280867570995257,-0.9879702350102235
sub-2004cg,cg,posterior,7,3.25,39.462039084581264,405.32971702307805,0.09735787292974236,-1.0116289231198847
sub-2004cg,cg,central,7,3.25,7.320645071820468,51.374339202635774,0.14249614078627176,-0.846196897465453
sub-2004cg,cg,frontal,7,3.25,11.478882640541395,112.81544039688035,0.10174921624344266,-0.9924689273848942
sub-2004cg,cg,global,7,3.25,16.644962581935456,155.23877090269391,0.10722168492540293,-0.9697173723760046
sub-2004cg,cg,posterior,8,3.75,18.685511887317418,255.12706678225766,0.07324002162132359,-1.135251536161437
sub-2004cg,cg,central,8,3.75,4.174802483997678,32.94937576464176,0.12670353799168763,-0.897211257975168
sub-2004cg,cg,frontal,8,3.75,6.382078623767424,69.29938669614369,0.09209430166750046,-1.0357672409315084
sub-2004cg,cg,global,8,3.75,8.618531916977398,96.25547606304369,0.08953809455300586,-1.0479921520110982
sub-2004cg,cg,posterior,9,4.25,24.454464863569267,346.96551393046894,0.07048096678700433,-1.1519281473403125
sub-2004cg,cg,central,9,4.25,5.241743010420639,57.244637795291396,0.09156740635105903,-1.038259087040428
sub-2004cg,cg,frontal,9,4.25,8.339707105711094,105.24243912196633,0.0792428147360414,-1.1010401065481796
sub-2004cg,cg,global,9,4.25,11.006090580224186,139.77770624904875,0.0787399570044031,-1.1038048266902594
sub-2004cg,cg,posterior,10,4.75,25.252578831407174,293.00076324259317,0.08618605136703697,-1.0645630161301336
sub-2004cg,cg,central,10,4.75,4.734688973599858,39.78935094140011,0.1189938730232842,-0.9244753997896729
sub-2004cg,cg,frontal,10,4.75,9.416115015451984,80.99660160368589,0.11625321098686056,-0.9345950427853964
sub-2004cg,cg,global,10,4.75,11.361981900806084,111.44256290974793,0.10195370246471823,-0.9915969981271403
sub-2004cg,cg,posterior,11,5.25,21.720616236070295,253.68743512758627,0.08561959808985577,-1.0674268151348272
sub-2004cg,cg,central,11,5.25,4.498243157827193,31.28578426945815,0.14377914004279807,-0.8423041182747992
sub-2004cg,cg,frontal,11,5.25,7.982203882284993,75.17780217263713,0.10617767015793818,-0.9739668085545942
sub-2004cg,cg,global,11,5.25,10.436342617012054,98.72727972552114,0.10570880354474352,-0.9758888426670932
sub-2004cg,cg,posterior,12,5.75,34.17281203417031,309.27087351744296,0.11049476352399851,-0.9566583032143372
sub-2004cg,cg,central,12,5.75,5.814297730558981,38.138218041612895,0.1524533140015865,-0.8168631305838822
sub-2004cg,cg,frontal,12,5.75,11.135796710644646,92.13451959507911,0.12086454414246935,-0.9177010816174299
sub-2004cg,cg,global,12,5.75,14.246625135904074,118.07858049254287,0.12065376359096563,-0.9184591264589218
sub-2004cg,cg,posterior,13,6.25,19.360158808860078,265.32969196008435,0.07296642402077104,-1.136876937372134
sub-2004cg,cg,central,13,6.25,4.233501935135597,35.756883613040266,0.11839683740200645,-0.9266598982651367
sub-2004cg,cg,frontal,13,6.25,7.155199506751006,69.6544423493793,0.10272423790088339,-0.9883270720341489
sub-2004cg,cg,global,13,6.25,9.3702943081034,101.33133116769929,0.0924718366977331,-1.033990516224697
sub-2004cg,cg,posterior,14,6.75,29.03203476253295,310.9234665298561,0.09337357223805806,-1.0297760258605986
sub-2004cg,cg,central,14,6.75,5.894089949168692,37.288606203523,0.15806678096248666,-0.8011593910452747
sub-2004cg,cg,frontal,14,6.75,9.875003435369715,93.22204179678538,0.10592992006006717,-0.9749813554571141
sub-2004cg,cg,global,14,6.75,13.20923325480637,119.97653978126733,0.11009846824127867,-0.958218723162561
sub-2004cg,cg,posterior,15,7.25,20.35544735680312,225.9201942617476,0.09010016755394436,-1.0452744013884643
sub-2004cg,cg,central,15,7.25,4.268834029331961,28.74284879189862,0.1485181256819318,-0.8282205402641575
sub-2004cg,cg,frontal,15,7.25,7.334578686096135,69.22827315969593,0.1059477342324676,-0.9749083265497737
sub-2004cg,cg,global,15,7.25,9.627806853986282,88.14565568632672,0.10922610739033577,-0.9616735434957191
sub-2005cg,cg,posterior,1,0.25,49.76030616838317,35.623583650582646,1.3968360582826795,0.14514543749484818
sub-2005cg,cg,central,1,0.25,15.545260226341005,11.659500099538631,1.3332698738049786,0.12491806602415001
sub-2005cg,cg,frontal,1,0.25,101.95923795440945,57.29726731470426,1.7794781973527651,0.2502926712792344
sub-2005cg,cg,global,1,0.25,114.43367398464706,41.71931832721473,2.7429420846984125,0.43821663787743065
sub-2005cg,cg,posterior,2,0.75,31.270222321369218,13.551196353890598,2.3075617461916136,0.3631533307906989
sub-2005cg,cg,central,2,0.75,13.725901327406286,6.357791323799288,2.158910324097263,0.3342346031686156
sub-2005cg,cg,frontal,2,0.75,104.55871310932532,32.17980088733419,3.2492032338981662,0.5117768768113005
sub-2005cg,cg,global,2,0.75,60.182889739013945,22.996195744670015,2.6170802513264806,0.4178170402454908
sub-2005cg,cg,posterior,3,1.25,44.258354792873654,33.58816742544244,1.3176769733304572,0.11980895662030178
sub-2005cg,cg,central,3,1.25,17.8550525413599,13.36055623832321,1.3364003880425837,0.1259365930696019
sub-2005cg,cg,frontal,3,1.25,97.75254306458669,44.48522330495355,2.1974160362077284,0.341912289566823
sub-2005cg,cg,global,3,1.25,64.37426767326905,34.18674303432778,1.8830184439807325,0.2748545739092974
sub-2005cg,cg,posterior,4,1.75,23.23969591905315,13.756685366023923,1.6893383326517186,0.2277166367165886
sub-2005cg,cg,central,4,1.75,11.891332510787686,5.3338370144432234,2.2294142994223027,0.34819078235804085
sub-2005cg,cg,frontal,4,1.75,237.0418859871633,94.22430232756078,2.5157191948539177,0.4006621634300905
sub-2005cg,cg,global,4,1.75,53.793794648333396,22.427694583075674,2.398543214019292,0.3799475474594321
sub-2005cg,cg,posterior,5,2.25,55.063105063547,37.173614681414016,1.4812416154697308,0.17062590504833255
sub-2005cg,cg,central,5,2.25,17.00620748843671,9.032533676099915,1.8827726636032522,0.2747978840617717
sub-2005cg,cg,frontal,5,2.25,272.84978236368204,140.89576596327814,1.9365364210787943,0.28702566931838464
sub-2005cg,cg,global,5,2.25,147.4420113736084,45.34353391324482,3.2516656433463536,0.5121058823355996
sub-2005cg,cg,posterior,6,2.75,48.192500231137245,26.878264234985796,1.7929915343420133,0.25357823903389015
sub-2005cg,cg,central,6,2.75,18.577770983077663,10.233805895254529,1.8153335301866802,0.2589564293788395
sub-2005cg,cg,frontal,6,2.75,202.13681806812798,53.0936063557278,3.80717815086451,0.5806031994114708
sub-2005cg,cg,global,6,2.75,80.33405348326681,31.553162408303564,2.5459905553595483,0.4058567882560342
sub-2005cg,cg,posterior,7,3.25,37.87186712682458,22.37688915807459,1.6924545167690883,0.22851700623066756
sub-2005cg,cg,central,7,3.25,16.328582637961144,8.498831639537899,1.9212738092137294,0.2835892624966478
sub-2005cg,cg,frontal,7,3.25,174.77784873600498,50.13825915215227,3.4859177740019787,0.5423171387354275
sub-2005cg,cg,global,7,3.25,70.15837608956954,28.670276857724094,2.4470770351374576,0.38864764136180174
sub-2005cg,cg,posterior,8,3.75,34.51234604110593,19.8970251808858,1.7345480405915366,0.23918633270208228
sub-2005cg,cg,central,8,3.75,11.357748138112589,6.044623477856349,1.8789835594756472,0.2739229801749043
sub-2005cg,cg,frontal,8,3.75,276.25959377674343,131.10272990513022,2.1071993998649226,0.3237056339296915
sub-2005cg,cg,global,8,3.75,82.26400038038034,41.15902335988014,1.9986868896546117,0.30074476372991477
sub-2005cg,cg,posterior,9,4.25,47.30785089472514,31.83758843458355,1.4859118802898097,0.17199305502440243
sub-2005cg,cg,central,9,4.25,16.410620878270297,11.0079760075806,1.4907936633373098,0.17341753810414662
sub-2005cg,cg,frontal,9,4.25,99.13332911521648,38.52562329195801,2.5731791115735163,0.410470017248314
sub-2005cg,cg,global,9,4.25,75.5340271456899,35.02841863215576,2.1563641778664357,0.33372210859336465
sub-2005cg,cg,posterior,10,4.75,22.145229631554752,7.4019162007145285,2.991823877905698,0.47593602398352747
sub-2005cg,cg,central,10,4.75,9.007691834106888,3.4481359600317307,2.6123366185433117,0.4170291382066117
sub-2005cg,cg,frontal,10,4.75,74.30536677117293,24.471308387369344,3.0364280321654156,0.48236299215911604
sub-2005cg,cg,global,10,4.75,38.20981512555353,15.687785740930176,2.4356410621967073,0.3866132871656682
sub-2005cg,cg,posterior,11,5.25,25.68825087977562,9.741273990994635,2.637052494727408,0.4211187752024309
sub-2005cg,cg,central,11,5.25,14.185501052286702,5.208858544431171,2.7233415788287294,0.4351021167335841
sub-2005cg,cg,frontal,11,5.25,238.67708647806734,89.40298850957268,2.6696768246456477,0.4264586914140472
sub-2005cg,cg,global,11,5.25,53.78283614156797,22.523881846489,2.3878138106088307,0.37800045973637064
sub-2005cg,cg,posterior,12,5.75,31.68632428801898,10.776805295540331,2.940233531093992,0.46838182607121254
sub-2005cg,cg,central,12,5.75,13.702130804315516,4.779491482049828,2.8668595510162826,0.4574064171485383
sub-2005cg,cg,frontal,12,5.75,192.95026074702437,98.52595385688745,1.9583698832014524,0.2918947217175131
sub-2005cg,cg,global,12,5.75,56.33747433836794,25.170531688893515,2.2382313983151505,0.34990498380823915
sub-2005cg,cg,posterior,13,6.25,26.238853617971113,10.249656935466666,2.559973839434311,0.4082355272464693
sub-2005cg,cg,central,13,6.25,16.041160656044845,5.139929975584532,3.1208908938921067,0.4942785860287213
sub-2005cg,cg,frontal,13,6.25,41.8240719401819,18.814032653892582,2.2230253720500794,0.3469444194594326
sub-2005cg,cg,global,13,6.25,39.68744310887761,17.04381769841363,2.3285536029038587,0.3670862397681761
sub-2005cg,cg,posterior,14,6.75,50.2310933787156,11.894461598525519,4.223065748931623,0.6256278430104895
sub-2005cg,cg,central,14,6.75,87.4030117946193,12.519387726671406,6.981412645956736,0.8439433083352369
sub-2005cg,cg,frontal,14,6.75,72.17257668160964,20.51380571844386,3.518244136275486,0.5463259725172648
sub-2005cg,cg,global,14,6.75,73.09552488449665,19.817663836704924,3.6884027041125864,0.5668383317487616
sub-2005cg,cg,posterior,15,7.25,34.38277350836672,11.865316286216839,2.8977544870259324,0.4620615869851704
sub-2005cg,cg,central,15,7.25,15.772337136356883,5.949355459034975,2.6511001477318454,0.4234261339140817
sub-2005cg,cg,frontal,15,7.25,72.11572442313197,35.30211159782026,2.0428161704521033,0.31022928697003227
sub-2005cg,cg,global,15,7.25,64.92325518416573,36.13593937870226,1.7966394758352424,0.25446093778577505
sub-2006cg,cg,posterior,1,0.25,19.842014063575633,94.3676256357951,0.2102629363607645,-0.6772372748771908
sub-2006cg,cg,central,1,0.25,17.198948765654336,52.925956746228685,0.32496245364293525,-0.4881668147677877
sub-2006cg,cg,frontal,1,0.25,18.22523850659518,34.797221539967055,0.5237555672559148,-0.28087134767114147
sub-2006cg,cg,global,1,0.25,16.01781060882217,47.21208931812497,0.33927349626259495,-0.46945006572029685
sub-2006cg,cg,posterior,2,0.75,23.527603211126692,107.7943496946333,0.21826378912973812,-0.6610183095752719
sub-2006cg,cg,central,2,0.75,17.802262321540216,35.57472628880766,0.5004188135423848,-0.3006663711128078
sub-2006cg,cg,frontal,2,0.75,20.58017497327229,32.20241870449554,0.6390878636206057,-0.19443942969389022
sub-2006cg,cg,global,2,0.75,17.634315530975993,48.65473070416893,0.3624378405914189,-0.4407664657907117
sub-2006cg,cg,posterior,3,1.25,21.541980555288756,113.4073399732917,0.189952260236084,-0.7213555344218747
sub-2006cg,cg,central,3,1.25,22.828505193041504,34.48910306701482,0.6619048674209959,-0.1792044252476368
sub-2006cg,cg,frontal,3,1.25,18.916260410196685,39.09590308348458,0.4838425235964826,-0.31529596534218646
sub-2006cg,cg,global,3,1.25,18.725177101323048,49.09069567301977,0.38144045107949853,-0.4185732526925572
sub-2006cg,cg,posterior,4,1.75,26.98670579371084,101.47145065887467,0.2659536807494196,-0.5751939947470465
sub-2006cg,cg,central,4,1.75,21.872535615554472,37.40978056894817,0.5846742558471374,-0.23308602842998927
sub-2006cg,cg,frontal,4,1.75,24.19001251792978,34.10553957149816,0.7092693099670312,-0.14918883163649024
sub-2006cg,cg,global,4,1.75,21.025823692344897,46.88302036836255,0.44847417097157577,-0.3482625642754834
sub-2006cg,cg,posterior,5,2.25,27.04410491479702,100.28806894535008,0.26966423024392017,-0.5691766569506577
sub-2006cg,cg,central,5,2.25,19.847557418543676,36.36834795277259,0.5457371185602774,-0.26301650647400165
sub-2006cg,cg,frontal,5,2.25,18.844370174450287,39.43479306233098,0.47786152052743647,-0.32069793933779733
sub-2006cg,cg,global,5,2.25,18.63050504164327,47.94995214662487,0.38854063888684504,-0.41056355003867623
sub-2006cg,cg,posterior,6,2.75,23.040166968730045,8.521734209349582,2.703694623971214,0.43195763748643917
sub-2006cg,cg,central,6,2.75,18.793932281620016,13.252759401274618,1.4181146516409602,0.15171134407845993
sub-2006cg,cg,frontal,6,2.75,20.143418825706192,6.90798389966226,2.915962040196855,0.4647818660655719
sub-2006cg,cg,global,6,2.75,18.085937731746785,8.127714344959973,2.225218181168233,0.3473725996908562
sub-2006cg,cg,posterior,7,3.25,21.47769740962818,77.38594329815429,0.27754003497609936,-0.5566743613156723
sub-2006cg,cg,central,7,3.25,15.671179879943077,23.010807752494205,0.6810356267586667,-0.16683016841028922
sub-2006cg,cg,frontal,7,3.25,21.633548158968193,25.658312889198946,0.843139930999711,-0.07410034208010059
sub-2006cg,cg,global,7,3.25,17.06662809391649,33.97976857207304,0.5022585147311168,-0.29907269197265757
sub-2006cg,cg,posterior,8,3.75,20.912321470888312,50.33984191549499,0.41542286735809825,-0.3815096009783454
sub-2006cg,cg,central,8,3.75,17.79549271187027,22.60073130929918,0.7873857030700696,-0.10381247516192738
sub-2006cg,cg,frontal,8,3.75,21.0327284775957,18.827585836110384,1.117122963118084,0.04810097908206387
sub-2006cg,cg,global,8,3.75,17.173212773441666,25.69728207784378,0.6682890712496177,-0.1750356409783474
sub-2006cg,cg,posterior,9,4.25,21.53331512028263,33.68015313297377,0.6393473044871918,-0.19426316148554287
sub-2006cg,cg,central,9,4.25,18.498119976077053,19.845952292611088,0.9320852788184999,-0.030544351137453917
sub-2006cg,cg,frontal,9,4.25,23.39062490974963,17.44701221117002,1.3406665064849532,0.12732075965192216
sub-2006cg,cg,global,9,4.25,18.354820549671604,20.92002912001009,0.877380258142908,-0.05681214184360592
sub-2006cg,cg,posterior,10,4.75,21.493254497790886,50.908501758427015,0.42219381351628665,-0.37448813477877396
sub-2006cg,cg,central,10,4.75,23.55244737518805,17.52372682059152,1.3440318726900256,0.1284095678020865
sub-2006cg,cg,frontal,10,4.75,20.754439513357926,17.1822008824742,1.2079034377096245,0.08203221727677754
sub-2006cg,cg,global,10,4.75,18.984811825964155,22.3770282580269,0.8484063034220857,-0.07139611345667884
sub-2006cg,cg,posterior,11,5.25,21.363695733289365,14.311892998354352,1.4927232711805392,0.17397930341253293
sub-2006cg,cg,central,11,5.25,16.4691160157434,21.58328895571631,0.7630494151996039,-0.11744733615574286
sub-2006cg,cg,frontal,11,5.25,21.952910444387932,11.975565225230895,1.8331419044953403,0.2631960852316551
sub-2006cg,cg,global,11,5.25,17.254019551447996,13.221788075941717,1.3049686965444032,0.11560009398764409
sub-2006cg,cg,posterior,12,5.75,21.03154521450885,66.26065951742264,0.31740621611197206,-0.49838457223557087
sub-2006cg,cg,central,12,5.75,21.591706600307443,16.276620779631326,1.3265472540422796,0.12272272495859424
sub-2006cg,cg,frontal,12,5.75,25.445891740616588,20.18309141697791,1.2607529349647417,0.10062998784644628
sub-2006cg,cg,global,12,5.75,19.75016162952821,29.1668921703214,0.6771431633578319,-0.16931950194521267
sub-2006cg,cg,posterior,13,6.25,20.654484513575042,103.70216234845378,0.19917120381900122,-0.7007734516880466
sub-2006cg,cg,central,13,6.25,16.304343965442616,26.565484695686546,0.6137416332588113,-0.21201441528330853
sub-2006cg,cg,frontal,13,6.25,16.54528857796159,38.19177779198678,0.43321598350504237,-0.3632955284548761
sub-2006cg,cg,global,13,6.25,16.0338280676626,46.667131705669185,0.34357860621879166,-0.4639738864309867
sub-2006cg,cg,posterior,14,6.75,18.711994126875897,96.03901815019717,0.1948374159512113,-0.7103276389317795
sub-2006cg,cg,central,14,6.75,16.820926317459172,22.117897611889422,0.7605119895490032,-0.11889393486025564
sub-2006cg,cg,frontal,14,6.75,18.3646370177371,27.090481806629594,0.6778999778897582,-0.16883438025541392
sub-2006cg,cg,global,14,6.75,15.366403839524029,36.782059733620805,0.41776898713147104,-0.3790638027893614
sub-2006cg,cg,posterior,15,7.25,24.162160064969218,8.15234370884713,2.963829903141575,0.4718532754723525
sub-2006cg,cg,central,15,7.25,20.742186390008364,6.852217390349421,3.0270765225898124,0.4810233997865809
sub-2006cg,cg,frontal,15,7.25,25.125605135664294,6.077002266825919,4.134539371957097,0.6164271319392328
sub-2006cg,cg,global,15,7.25,19.673071302477098,6.249247251108799,3.148070561456265,0.4980444581557859
sub-2007cg,cg,posterior,1,0.25,6.038369365823446,38.728971254867915,0.15591349757488,-0.8071162859109265
sub-2007cg,cg,central,1,0.25,3.220350507472616,8.407719920195644,0.3830230476323574,-0.4167750924585358
sub-2007cg,cg,frontal,1,0.25,9.60901219851734,10.622424928634489,0.9045968564686836,-0.04354492578828336
sub-2007cg,cg,global,1,0.25,4.752839511153441,14.727652998020318,0.3227153377250479,-0.49118039334707236
sub-2007cg,cg,posterior,2,0.75,5.402825851558047,30.12019046632432,0.17937555400251007,-0.7462367445986626
sub-2007cg,cg,central,2,0.75,4.087948402500971,5.618724627296129,0.727558062312122,-0.1381323423619105
sub-2007cg,cg,frontal,2,0.75,6.243802899231236,9.509932239243412,0.6565559819097069,-0.18272823743753008
sub-2007cg,cg,global,2,0.75,4.288355968766888,11.458456625457675,0.3742524939387814,-0.42683529692948674
sub-2007cg,cg,posterior,3,1.25,4.881816816865936,14.621907625541901,0.3338700354212511,-0.47642255679216816
sub-2007cg,cg,central,3,1.25,3.2587737870015974,4.290357607329637,0.7595576139001364,-0.11943927848332038
sub-2007cg,cg,frontal,3,1.25,8.727353892416286,6.118618627379102,1.426360167859429,0.1542292023487396
sub-2007cg,cg,global,3,1.25,4.388976495306183,6.877622534193819,0.6381531515411453,-0.19507508164356607
sub-2007cg,cg,posterior,4,1.75,5.529412992250574,19.47749241448554,0.2838873133452391,-0.5468540152489482
sub-2007cg,cg,central,4,1.75,3.3088988327221114,5.042668111065388,0.6561801728456456,-0.18297689640321568
sub-2007cg,cg,frontal,4,1.75,9.127425813918679,7.023647839416543,1.2995278269357107,0.11378558353325062
sub-2007cg,cg,global,4,1.75,4.768396162167602,8.507523381694908,0.5604916904991945,-0.2514308216008507
sub-2007cg,cg,posterior,5,2.25,5.177451512683028,21.544252551043126,0.24031706370023717,-0.6192153910448286
sub-2007cg,cg,central,5,2.25,3.4494506956265503,5.535382245698021,0.6231639555348483,-0.2053976746632026
sub-2007cg,cg,frontal,5,2.25,9.567676561273965,6.993290489677648,1.3681222845520582,0.13612491692554562
sub-2007cg,cg,global,5,2.25,4.768175015121493,9.018844190699507,0.528690252797423,-0.27679869639518223
sub-2007cg,cg,posterior,6,2.75,5.286646016255902,26.402289136745807,0.20023438077185995,-0.6984613509448603
sub-2007cg,cg,central,6,2.75,3.2225058420897645,7.037085672704983,0.4579318757748002,-0.3391991249997499
sub-2007cg,cg,frontal,6,2.75,9.260956501829467,8.605505479496571,1.0761664755074027,0.03187945887854943
sub-2007cg,cg,global,6,2.75,4.7432797309959,11.210834658700215,0.42309782236551474,-0.3735592099253216
sub-2007cg,cg,posterior,7,3.25,6.602395336068996,12.011546452549226,0.5496707157693056,-0.25989739986994814
sub-2007cg,cg,central,7,3.25,4.163213189093049,7.219689621192789,0.5766471147003728,-0.23908987665738368
sub-2007cg,cg,frontal,7,3.25,16.39258206881125,6.185702090833401,2.6500762287119253,0.42325836647749043
sub-2007cg,cg,global,7,3.25,6.601206763954323,7.410899006718715,0.8907430472294487,-0.05024755888620193
sub-2007cg,cg,posterior,8,3.75,6.292435157576422,10.318649217993705,0.609811907027874,-0.21480409996733227
sub-2007cg,cg,central,8,3.75,3.631593728181192,3.3739422291925956,1.0763651187501968,0.031959615346113364
sub-2007cg,cg,frontal,8,3.75,6.5475383302370735,3.9331029979059133,1.6647258751482363,0.22134272990732756
sub-2007cg,cg,global,8,3.75,4.479606210668139,4.772757327310979,0.9385782480568725,-0.02752951496300448
sub-2007cg,cg,posterior,9,4.25,7.944379167619363,8.157128540451854,0.973918595032866,-0.011477342100342347
sub-2007cg,cg,central,9,4.25,4.374775765715122,3.43293145809106,1.2743556983650908,0.10529066526482266
sub-2007cg,cg,frontal,9,4.25,8.50182439789416,3.5499816242433924,2.3948925086918313,0.3792860255043935
sub-2007cg,cg,global,9,4.25,5.105585451028455,4.10052228962623,1.2451061329296755,0.09520637230016286
sub-2007cg,cg,posterior,10,4.75,5.986767600547121,4.011010157596356,1.492583505232198,0.17393863785638544
sub-2007cg,cg,central,10,4.75,4.200179268034572,2.69975417575278,1.555763597203595,0.1919436053593429
sub-2007cg,cg,frontal,10,4.75,5.583527684296079,2.732713843814268,2.0432171106882895,0.31031451688409645
sub-2007cg,cg,global,10,4.75,4.446326912450459,2.8308597421227657,1.5706630908941852,0.196083038345445
sub-2007cg,cg,posterior,11,5.25,7.5807586070715915,4.729092062231822,1.6030050815914905,0.2049348990875482
sub-2007cg,cg,central,11,5.25,4.868325384581289,3.273120533869084,1.4873651410651072,0.17241759884000063
sub-2007cg,cg,frontal,11,5.25,11.011745364388101,3.503904670325665,3.142706894295909,0.49730387827313643
sub-2007cg,cg,global,11,5.25,6.317993650040193,3.449858003723996,1.8313778837332286,0.262777965212446
sub-2007cg,cg,posterior,12,5.75,7.926618082947117,5.144546517211476,1.5407807192389078,0.18774083521364943
sub-2007cg,cg,central,12,5.75,5.535830850200253,3.4959366115906683,1.5835043552695949,0.19961926219290146
sub-2007cg,cg,frontal,12,5.75,8.877897478715408,3.3101990828250787,2.6819829431946416,0.4284560115096138
sub-2007cg,cg,global,12,5.75,5.55591960518011,3.4688767833077514,1.6016480123811883,0.20456707911606167
sub-2007cg,cg,posterior,13,6.25,5.568712951003156,9.243534586694217,0.602444108233137,-0.22008323856535
sub-2007cg,cg,central,13,6.25,3.405075712554679,3.3316094192998125,1.0220512923361547,0.009472691708262431
sub-2007cg,cg,frontal,13,6.25,5.578813877469751,4.210324357187323,1.325031851274432,0.12222631802110469
sub-2007cg,cg,global,13,6.25,4.111832369414911,4.483237457134953,0.9171569448928116,-0.03755634102709348
sub-2007cg,cg,posterior,14,6.75,5.53058282152361,13.763617005514062,0.4018262655309222,-0.3959616788313611
sub-2007cg,cg,central,14,6.75,4.106093232418122,4.311090247366857,0.9524489158922285,-0.021158308188891823
sub-2007cg,cg,frontal,14,6.75,9.634746848106149,4.391575086970731,2.1939159999088416,0.3412199954016623
sub-2007cg,cg,global,14,6.75,5.000854385738181,6.051851711337322,0.826334587209029,-0.08284406895521036
sub-2007cg,cg,posterior,15,7.25,3.907546190352232,27.727481024065295,0.14092683669896974,-0.8510062963124261
sub-2007cg,cg,central,15,7.25,3.375184389599687,6.587704399673946,0.5123460593900874,-0.29043659973601904
sub-2007cg,cg,frontal,15,7.25,5.163552771451754,9.671629084591698,0.5338865589539656,-0.2725510127356546
sub-2007cg,cg,global,15,7.25,3.458718558218879,11.486361844030661,0.3011152360672268,-0.5212672691550749
sub-2008cg,cg,posterior,1,0.25,30.61247427811239,154.95198674944737,0.19756103113161,-0.7042987157884825
sub-2008cg,cg,central,1,0.25,11.995288080109685,37.0751733983618,0.3235396353032218,-0.49007250838301125
sub-2008cg,cg,frontal,1,0.25,33.50256115502458,62.570282602385916,0.5354388658897805,-0.27129010788041874
sub-2008cg,cg,global,1,0.25,24.077922287524856,70.88478080340163,0.3396768955850309,-0.4689339923150629
sub-2008cg,cg,posterior,2,0.75,63.688904209808584,139.85971950776602,0.45537703374467386,-0.341628876157127
sub-2008cg,cg,central,2,0.75,24.821249275005698,42.12323645915903,0.5892531382072544,-0.2296980958592781
sub-2008cg,cg,frontal,2,0.75,96.23226772065928,60.18906748768279,1.5988330063487433,0.20380310526680465
sub-2008cg,cg,global,2,0.75,55.94441694661295,67.32994215831972,0.8308995248364415,-0.08045148938952296
sub-2008cg,cg,posterior,3,1.25,54.1929417083981,148.1317818630418,0.3658427720696918,-0.436705520871827
sub-2008cg,cg,central,3,1.25,17.05442904831823,32.73640071421036,0.5209622523014623,-0.28319374351638066
sub-2008cg,cg,frontal,3,1.25,41.77646975628836,73.40627867687955,0.5691130310552918,-0.24480147018043788
sub-2008cg,cg,global,3,1.25,33.80547848628719,70.85516505282935,0.4771067636506379,-0.3213844266703162
sub-2008cg,cg,posterior,4,1.75,44.021515221135374,156.7510683773269,0.280837098444318,-0.5515455226624706
sub-2008cg,cg,central,4,1.75,16.023885856128167,32.817061843070704,0.48827911324765955,-0.31133185281048087
sub-2008cg,cg,frontal,4,1.75,26.323553020751955,62.171766997456764,0.4234004322545435,-0.373248702939972
sub-2008cg,cg,global,4,1.75,25.98646675135479,70.04015732182373,0.37102239265327436,-0.43059987822248713
sub-2008cg,cg,posterior,5,2.25,50.81306447332953,157.17286449075579,0.32329412992481366,-0.4904021808335597
sub-2008cg,cg,central,5,2.25,19.785551302660245,34.6805500149164,0.5705085788475186,-0.2437378206267904
sub-2008cg,cg,frontal,5,2.25,37.16446421556264,76.61138061575348,0.4851037002186666,-0.3141654126993952
sub-2008cg,cg,global,5,2.25,32.64768871506881,74.39465747070503,0.4388445329951919,-0.3576893075952104
sub-2008cg,cg,posterior,6,2.75,43.12121845125104,140.2596421190102,0.3074385318526816,-0.5122417024761869
sub-2008cg,cg,central,6,2.75,14.687250107479247,27.327926992697606,0.5374447213432574,-0.26966619829640204
sub-2008cg,cg,frontal,6,2.75,30.721447945033056,62.31209035606008,0.4930254749838493,-0.3071306398321531
sub-2008cg,cg,global,6,2.75,26.364380674743384,61.62717961874014,0.4278044336581366,-0.36875471882179434
sub-2008cg,cg,posterior,7,3.25,53.847226791723735,139.38298242802466,0.3863256895046686,-0.41304641160882993
sub-2008cg,cg,central,7,3.25,21.238400638148114,34.70968036615765,0.6118869552845496,-0.21332880535593485
sub-2008cg,cg,frontal,7,3.25,62.42287621911352,72.01613575855673,0.8667901375379841,-0.06208603878876661
sub-2008cg,cg,global,7,3.25,42.390863923724254,68.86801788056643,0.6155377376656915,-0.21074531599414434
sub-2008cg,cg,posterior,8,3.75,53.49800165581695,83.97261599014777,0.6370886630719435,-0.19580012307539635
sub-2008cg,cg,central,8,3.75,26.456348359010907,25.114186881845733,1.0534423624176892,0.022610778796780008
sub-2008cg,cg,frontal,8,3.75,79.90735672252238,46.55037654706693,1.7165780955977512,0.23466356640764047
sub-2008cg,cg,global,8,3.75,48.044892287000785,44.91146607985644,1.0697689583673988,0.02928999175927948
sub-2008cg,cg,posterior,9,4.25,57.486349442585684,90.01841038713837,0.6386065827574223,-0.19476660906545956
sub-2008cg,cg,central,9,4.25,29.970059586263147,29.431543192926824,1.0182972530460361,0.007874572218378152
sub-2008cg,cg,frontal,9,4.25,97.37325081432228,43.761004967554165,2.2251145942950346,0.34735238223310394
sub-2008cg,cg,global,9,4.25,57.183555257601135,46.1797564674838,1.238281871362084,0.09281951483220635
sub-2008cg,cg,posterior,10,4.75,62.86320390620335,94.90702733946392,0.6623661668524706,-0.1789018590802695
sub-2008cg,cg,central,10,4.75,24.98486130568854,24.259870751015193,1.029884353552997,0.012788460206571785
sub-2008cg,cg,frontal,10,4.75,80.01298055317895,47.98180930570345,1.6675690581694687,0.22208382817234018
sub-2008cg,cg,global,10,4.75,51.75130481438908,47.6117327594586,1.0869443688563951,0.036207316931781336
sub-2008cg,cg,posterior,11,5.25,38.55971255937104,71.8569537762505,0.5366176901881894,-0.2703350144362044
sub-2008cg,cg,central,11,5.25,21.762871982100048,29.866687925527962,0.7286670700268262,-0.13747085669832565
sub-2008cg,cg,frontal,11,5.25,56.78932760931519,44.41638708250206,1.2785670186057856,0.1067234973587133
sub-2008cg,cg,global,11,5.25,36.9197582554894,41.87704333078924,0.8816228491552769,-0.05471716266939947
sub-2008cg,cg,posterior,12,5.75,54.33424791333585,133.31614993150734,0.4075593837749641,-0.3898091030790713
sub-2008cg,cg,central,12,5.75,19.443122282588256,33.245200641515375,0.5848399741136893,-0.2329629507839855
sub-2008cg,cg,frontal,12,5.75,76.59152163917197,51.702870245301135,1.48137852455363,0.17066604442286723
sub-2008cg,cg,global,12,5.75,45.86324611249109,60.436761336045286,0.758863398676819,-0.11983639345900844
sub-2008cg,cg,posterior,13,6.25,45.813570305009314,99.56075282243452,0.4601569293747437,-0.33709403366881396
sub-2008cg,cg,central,13,6.25,24.10228128365325,24.623092598187764,0.9788486636088578,-0.00928444776789925
sub-2008cg,cg,frontal,13,6.25,84.00507241375146,50.19050697614831,1.6737243250735165,0.22368392799502057
sub-2008cg,cg,global,13,6.25,48.02691560159359,49.660574151121125,0.9671035106328779,-0.014527040197415094
sub-2008cg,cg,posterior,14,6.75,51.442665048049165,109.41832472147058,0.47014670695241273,-0.32776660147272235
sub-2008cg,cg,central,14,6.75,19.94796199710838,26.900227091970898,0.7415536652871748,-0.12985741416393726
sub-2008cg,cg,frontal,14,6.75,80.96407087421464,60.331058513624505,1.3419965249893735,0.12775139125779175
sub-2008cg,cg,global,14,6.75,45.60650899792699,55.933714859203725,0.8153670664057918,-0.08864683417290381
sub-2008cg,cg,posterior,15,7.25,56.086656452687905,130.1322115964,0.43099748912773794,-0.36552525991152945
sub-2008cg,cg,central,15,7.25,25.38037773192844,36.994932535715776,0.6860501153077013,-0.16364415833606874
sub-2008cg,cg,frontal,15,7.25,85.80464053219173,60.30100687011451,1.4229387697789329,0.15318621243898314
sub-2008cg,cg,global,15,7.25,50.63929969960547,63.88948548202027,0.792607724378315,-0.10094169955351749
sub-2009cg,cg,posterior,1,0.25,25.895879548734925,93.85761673664724,0.2759059994181988,-0.559238855932955
sub-2009cg,cg,central,1,0.25,7.597659561944542,13.923257064325666,0.5456811956313983,-0.2630610119017181
sub-2009cg,cg,frontal,1,0.25,22.250623951440282,42.833479763353985,0.5194680440246817,-0.28444116366139427
sub-2009cg,cg,global,1,0.25,17.84293528255578,40.52211533243922,0.4403258599945781,-0.35622580801503423
sub-2009cg,cg,posterior,2,0.75,28.15306456511103,91.52601478400405,0.30759631162299145,-0.5120188764498841
sub-2009cg,cg,central,2,0.75,8.862834574311323,12.132048250399281,0.7305307720004852,-0.1363614856454448
sub-2009cg,cg,frontal,2,0.75,33.960222705982304,43.08780847317597,0.7881631465922435,-0.10338387599897865
sub-2009cg,cg,global,2,0.75,23.085110819366825,39.16539228977919,0.5894262630784689,-0.2295705171865579
sub-2009cg,cg,posterior,3,1.25,31.26054598449344,86.749408687906,0.3603545713718688,-0.44326996421371156
sub-2009cg,cg,central,3,1.25,9.117801145884252,13.530459489550807,0.6738722474965224,-0.17142242908208025
sub-2009cg,cg,frontal,3,1.25,41.180534305286294,39.14033688755801,1.05212518797652,0.022067417776596605
sub-2009cg,cg,global,3,1.25,26.378328775480085,37.962571030388936,0.6948509560736628,-0.15810834058453194
sub-2009cg,cg,posterior,4,1.75,25.87249089103988,92.29880168628128,0.2803123162853089,-0.5523578199092238
sub-2009cg,cg,central,4,1.75,7.44861098860816,13.614813765916985,0.5470960614426357,-0.2619364117074273
sub-2009cg,cg,frontal,4,1.75,26.813995707266685,40.5052710126205,0.6619878113866234,-0.17915000677822007
sub-2009cg,cg,global,4,1.75,25.70359042608561,42.09841706472666,0.6105595463735877,-0.21427197397894793
sub-2009cg,cg,posterior,5,2.25,25.48670600996785,92.88450140561586,0.27439137449498013,-0.5616295448170029
sub-2009cg,cg,central,5,2.25,8.626401909971309,15.96727855694351,0.540254989552997,-0.2674012134769704
sub-2009cg,cg,frontal,5,2.25,26.947888034345016,42.95491036914918,0.6273529103601475,-0.2024880829258887
sub-2009cg,cg,global,5,2.25,18.97762182672993,41.76005692692999,0.4544443476199322,-0.3425192939633285
sub-2009cg,cg,posterior,6,2.75,26.429115885327853,82.97684257842698,0.3185119494074256,-0.4968742698769541
sub-2009cg,cg,central,6,2.75,8.19028010718364,12.921128217261499,0.6338672575233902,-0.19800168117355776
sub-2009cg,cg,frontal,6,2.75,30.511695772724824,36.69103897893363,0.831584403762545,-0.08009366439032961
sub-2009cg,cg,global,6,2.75,21.514419147259844,36.99470788264381,0.5815539675433795,-0.2354099770339728
sub-2009cg,cg,posterior,7,3.25,21.465204688882437,84.11952967647568,0.25517504402886904,-0.5931618016222008
sub-2009cg,cg,central,7,3.25,6.742254469956877,13.92481625620517,0.48418983388397646,-0.31498433330494474
sub-2009cg,cg,frontal,7,3.25,18.016813580805916,35.00693946289004,0.5146640596760845,-0.2884761585991389
sub-2009cg,cg,global,7,3.25,16.03904440604066,36.944392402204734,0.4341401593894801,-0.3623700386382685
sub-2009cg,cg,posterior,8,3.75,23.138789236601323,83.97501853167236,0.2755437228974734,-0.5598094780953817
sub-2009cg,cg,central,8,3.75,7.383783162209984,11.965348653509801,0.617097200928123,-0.2096464234838919
sub-2009cg,cg,frontal,8,3.75,25.19041856131911,35.88443122211796,0.7019873996440156,-0.15367068318954813
sub-2009cg,cg,global,8,3.75,18.217501375430253,35.78133618547439,0.5091341832792075,-0.2931677434435992
sub-2009cg,cg,posterior,9,4.25,22.407693255346523,83.3775424952817,0.26874974465233925,-0.5706519397131111
sub-2009cg,cg,central,9,4.25,7.000842058481843,11.86845007864148,0.5898699503383843,-0.22924372746982424
sub-2009cg,cg,frontal,9,4.25,23.142069769244102,32.49646368523211,0.7121411730643457,-0.14743390438926757
sub-2009cg,cg,global,9,4.25,17.177951534362087,34.407665819218444,0.49924780206297287,-0.3016838384332712
sub-2009cg,cg,posterior,10,4.75,23.734232873204007,67.13669461605168,0.35352102168475535,-0.45158475632183703
sub-2009cg,cg,central,10,4.75,7.199002534359809,10.418603105976297,0.6909757921606912,-0.1605371675537205
sub-2009cg,cg,frontal,10,4.75,28.05205100298236,25.18190998679038,1.1139763035328758,0.04687595263809665
sub-2009cg,cg,global,10,4.75,20.762656955181466,29.52467901591619,0.7032305734463266,-0.1529022562642111
sub-2009cg,cg,posterior,11,5.25,20.006501708141585,81.93830169583175,0.24416544270601262,-0.6123158027338858
sub-2009cg,cg,central,11,5.25,7.356528530123691,12.767252784954858,0.5762029352777244,-0.23942453367852917
sub-2009cg,cg,frontal,11,5.25,17.89347103940403,31.45639741727557,0.568834084909453,-0.2450143882899227
sub-2009cg,cg,global,11,5.25,15.649615417832552,34.66237691101275,0.4514870823200944,-0.3453546709481661
sub-2009cg,cg,posterior,12,5.75,25.138060325599856,98.26748705010628,0.2558125894964836,-0.5920780860719416
sub-2009cg,cg,central,12,5.75,6.587590440614149,13.140968029475658,0.5013017629932551,-0.29990076804424526
sub-2009cg,cg,frontal,12,5.75,23.2980036082059,42.34836512772507,0.5501511932736435,-0.2595179407222953
sub-2009cg,cg,global,12,5.75,19.847426305228172,41.806350880788784,0.4747466805180701,-0.3235380632159579
sub-2009cg,cg,posterior,13,6.25,31.643009409604726,94.99301173699891,0.333108813279999,-0.4774138767407161
sub-2009cg,cg,central,13,6.25,8.29616694131945,14.689822285891104,0.5647561134410412,-0.24813905917813625
sub-2009cg,cg,frontal,13,6.25,41.378544051114105,36.95657481406247,1.119653113398621,0.04908349207066288
sub-2009cg,cg,global,13,6.25,27.377256118728944,40.22390451525207,0.6806215470292809,-0.16709430618379856
sub-2009cg,cg,posterior,14,6.75,25.93356987968629,100.88516514159781,0.25706029071060266,-0.5899650056488349
sub-2009cg,cg,central,14,6.75,7.5225384264850135,14.068905204265286,0.5346925234953177,-0.2718958885150109
sub-2009cg,cg,frontal,14,6.75,31.596526393153386,37.95319406331608,0.832512972174145,-0.07960899061472734
sub-2009cg,cg,global,14,6.75,24.595510537264854,43.10121997634172,0.5706453448595038,-0.24363372121764404
sub-2009cg,cg,posterior,15,7.25,20.73729366677205,95.04878754767395,0.21817525716854383,-0.6611945034473474
sub-2009cg,cg,central,15,7.25,6.141452084049164,14.164281086367245,0.4335872782106925,-0.3629234688219512
sub-2009cg,cg,frontal,15,7.25,15.762276530618708,34.84039058185609,0.4524138870827488,-0.34446407264392326
sub-2009cg,cg,global,15,7.25,15.06659333050431,38.8560879230489,0.3877537378529302,-0.41144400699965084
sub-2010cg,cg,posterior,1,0.25,30.758449269209493,171.6730129863239,0.17916880897092324,-0.7467375932835272
sub-2010cg,cg,central,1,0.25,18.092541229611886,62.76086954476941,0.2882774149058893,-0.54018938108027
sub-2010cg,cg,frontal,1,0.25,21.970128095602227,73.18770304988618,0.30018879101352525,-0.5226055282548325
sub-2010cg,cg,global,1,0.25,21.527534839019353,93.15403935318977,0.23109609619179877,-0.6362073908111545
sub-2010cg,cg,posterior,2,0.75,31.72549035424608,169.86876187705337,0.18676471179090698,-0.7287051780107864
sub-2010cg,cg,central,2,0.75,21.13671773617517,65.49614673883914,0.32271696563243957,-0.49117820259463074
sub-2010cg,cg,frontal,2,0.75,36.98011441602133,91.1290468456095,0.4057994206685044,-0.391688577314135
sub-2010cg,cg,global,2,0.75,28.438031239222582,97.87743367208091,0.29054737310030637,-0.5367830467548887
sub-2010cg,cg,posterior,3,1.25,39.98079386343912,171.37162364387154,0.2332987983268657,-0.6320874981601922
sub-2010cg,cg,central,3,1.25,33.16961000717342,77.06771593667652,0.4303956540560715,-0.36613212263208533
sub-2010cg,cg,frontal,3,1.25,30.85774797774089,84.47017996928358,0.36530936703298,-0.4373391917394127
sub-2010cg,cg,global,3,1.25,32.39057399115844,100.02335433552726,0.3238301115407969,-0.4896827705672294
sub-2010cg,cg,posterior,4,1.75,36.193612468354246,187.4056420789584,0.1931297909008792,-0.7141507297113083
sub-2010cg,cg,central,4,1.75,25.251889599839473,57.65722666290733,0.43796573406963385,-0.3585598668626035
sub-2010cg,cg,frontal,4,1.75,37.91932697201291,89.22099269638883,0.42500454014280065,-0.3716064305416094
sub-2010cg,cg,global,4,1.75,32.052247126562044,102.92699481721337,0.311407587324231,-0.506670810223572
sub-2010cg,cg,posterior,5,2.25,30.419348026179144,166.01572687387997,0.18323172508402372,-0.7369993295978425
sub-2010cg,cg,central,5,2.25,21.508475555260205,56.932460714251505,0.37778931887755446,-0.42275032491633724
sub-2010cg,cg,frontal,5,2.25,35.874054348010525,85.21870431266866,0.42096455980353914,-0.37575446504231735
sub-2010cg,cg,global,5,2.25,27.831513512651625,92.5658033292423,0.3006673362263083,-0.5219137500411335
sub-2010cg,cg,posterior,6,2.75,27.96101418468612,134.72447150415144,0.20754220723608124,-0.6828935688039176
sub-2010cg,cg,central,6,2.75,27.826848825622832,48.47256650373716,0.574074179123101,-0.2410319865177519
sub-2010cg,cg,frontal,6,2.75,34.83668865944313,69.14466815068776,0.503823209962092,-0.2977218294415619
sub-2010cg,cg,global,6,2.75,28.632014971300997,77.56478836890933,0.36913676390275185,-0.4328126994128688
sub-2010cg,cg,posterior,7,3.25,24.76376230999813,143.59272241905288,0.17245833836710028,-0.7633158026345251
sub-2010cg,cg,central,7,3.25,20.08947753554585,52.38611145973306,0.38348861894412156,-0.4162475203802151
sub-2010cg,cg,frontal,7,3.25,30.15987962761659,71.21626697391687,0.4234970591573231,-0.3731496011448002
sub-2010cg,cg,global,7,3.25,25.01466166985227,81.08126946518621,0.3085134437934866,-0.5107259063856359
sub-2010cg,cg,posterior,8,3.75,26.044628183714785,117.2871337736684,0.22205869770825576,-0.653532211489527
sub-2010cg,cg,central,8,3.75,19.830676265428508,45.670576420537394,0.43421121036061505,-0.3622989682263556
sub-2010cg,cg,frontal,8,3.75,31.584820661451438,61.447232710870374,0.5140153472829038,-0.28902391380477843
sub-2010cg,cg,global,8,3.75,24.039031451728633,68.8815460397972,0.3489908812127964,-0.457185920578649
sub-2010cg,cg,posterior,9,4.25,30.120271043326763,156.24706486743773,0.19277335589555705,-0.7149529921508525
sub-2010cg,cg,central,9,4.25,22.254864896012062,56.50498200043839,0.39385668498822635,-0.4046617787871252
sub-2010cg,cg,frontal,9,4.25,36.11279836588346,73.73173137881406,0.4897863876320154,-0.3099932891550613
sub-2010cg,cg,global,9,4.25,28.656649267953007,86.54757964688234,0.3311086154560683,-0.48002951874551464
sub-2010cg,cg,posterior,10,4.75,27.329919590338857,135.65005927817265,0.20147370178655347,-0.6957816339613317
sub-2010cg,cg,central,10,4.75,25.33012398803295,50.04938907121564,0.5061025610520545,-0.29576146500703737
sub-2010cg,cg,frontal,10,4.75,34.96008236095307,74.49092455947905,0.46932002210602664,-0.32853091754399893
sub-2010cg,cg,global,10,4.75,28.248517350733025,80.01973524603386,0.3530193803300936,-0.4522014517244219
sub-2010cg,cg,posterior,11,5.25,24.48898262108351,139.97976659904822,0.17494658846823669,-0.7570945220228327
sub-2010cg,cg,central,11,5.25,24.281268329381962,57.637788687131945,0.42127341944336133,-0.3754359421388735
sub-2010cg,cg,frontal,11,5.25,47.35658555910418,62.425171938244965,0.7586136183325597,-0.11997936527995
sub-2010cg,cg,global,11,5.25,30.489973551138974,74.01539494462351,0.4119409694962895,-0.38516501323575336
sub-2010cg,cg,posterior,12,5.75,23.145127521858843,125.03457930464336,0.1851098124260999,-0.7325705592613612
sub-2010cg,cg,central,12,5.75,19.699034730104884,50.32083115867271,0.39146878691231213,-0.4073028599461417
sub-2010cg,cg,frontal,12,5.75,32.28223341361669,60.285275807920435,0.5354911789152894,-0.2712476788563411
sub-2010cg,cg,global,12,5.75,23.729398795679423,73.0901828295784,0.3246591796193527,-0.4885723131002668
sub-2010cg,cg,posterior,13,6.25,25.907133059702364,108.06853024894417,0.239728744344198,-0.6202798893637922
sub-2010cg,cg,central,13,6.25,20.17999002567626,47.12311198713518,0.42823975698348377,-0.3683130160769925
sub-2010cg,cg,frontal,13,6.25,39.633627196352236,57.21886286519698,0.6926671592500162,-0.1594754026541999
sub-2010cg,cg,global,13,6.25,26.143385378244915,67.7481560949833,0.38589072950696607,-0.413535654629769
sub-2010cg,cg,posterior,14,6.75,31.400190885403916,101.19659834575626,0.310288995862485,-0.5082336260302143
sub-2010cg,cg,central,14,6.75,19.302477342558344,41.76853634424998,0.462129608360471,-0.3352362056088953
sub-2010cg,cg,frontal,14,6.75,53.125020666114615,54.00747148008656,0.9836605789941987,-0.007154732970372109
sub-2010cg,cg,global,14,6.75,31.3778983207986,63.249506864454844,0.4960971219592615,-0.3044332924575396
sub-2010cg,cg,posterior,15,7.25,21.574592817737365,48.38222477093118,0.4459198170378417,-0.350743226822985
sub-2010cg,cg,central,15,7.25,15.827573658190408,30.366431859071866,0.5212194087090932,-0.28297942078308974
sub-2010cg,cg,frontal,15,7.25,29.0340498200976,31.75935207622581,0.9141889844104125,-0.03896401607949847
sub-2010cg,cg,global,15,7.25,21.349918804740465,36.11842931531386,0.5911087278562335,-0.22833262814592328
sub-2011cg,cg,posterior,1,0.25,27.367347093019408,65.05755397213836,0.42066363430662923,-0.3760650304184676
sub-2011cg,cg,central,1,0.25,14.942144261391547,25.1328740000838,0.5945258891339577,-0.22582922891204912
sub-2011cg,cg,frontal,1,0.25,65.53536699143942,18.89449703773494,3.4684896274590518,0.5401404000770004
sub-2011cg,cg,global,1,0.25,28.696834865750777,28.115261010758786,1.0206853443320139,0.008891878931388028
sub-2011cg,cg,posterior,2,0.75,35.17821886731092,64.04079746668668,0.5493095067345193,-0.26018288470954376
sub-2011cg,cg,central,2,0.75,21.758199801881414,29.835548116031944,0.7292709930202281,-0.13711106029108716
sub-2011cg,cg,frontal,2,0.75,57.94600464010714,21.55504799412304,2.6882800101352617,0.4294745026716467
sub-2011cg,cg,global,2,0.75,30.59370464280256,29.74671945938525,1.0284732299497341,0.012192991960332829
sub-2011cg,cg,posterior,3,1.25,69.14309440112137,31.617192855629526,2.186882773459449,0.33982550356612723
sub-2011cg,cg,central,3,1.25,22.874216423524874,21.79882577702946,1.049332503387802,0.02091312547221801
sub-2011cg,cg,frontal,3,1.25,209.58941816366365,21.943681934490517,9.551242074568917,0.980059852322543
sub-2011cg,cg,global,3,1.25,71.84084883051143,20.66555007812358,3.476357927029569,0.541124485190673
sub-2011cg,cg,posterior,4,1.75,31.6492178541499,29.178841826994553,1.0846632653140433,0.03529493199642821
sub-2011cg,cg,central,4,1.75,15.563407613965595,20.27233520721273,0.7677165681646908,-0.11479908674126081
sub-2011cg,cg,frontal,4,1.75,48.143201066857955,17.387241319904042,2.7688809386769155,0.4423042815717509
sub-2011cg,cg,global,4,1.75,25.986072305565962,19.53639098906115,1.330136785249442,0.12389630414337066
sub-2011cg,cg,posterior,5,2.25,38.74363416585001,18.95561674377097,2.0439131413954974,0.31046243597629747
sub-2011cg,cg,central,5,2.25,15.914606918023345,13.560090443222009,1.1736357500460655,0.06953333005409354
sub-2011cg,cg,frontal,5,2.25,66.53396659381713,11.541674691976292,5.764671797592006,0.760774586469884
sub-2011cg,cg,global,5,2.25,30.950804525600592,12.449620774580977,2.4860841214372105,0.3955158197432338
sub-2011cg,cg,posterior,6,2.75,33.98593587218946,24.13228513518537,1.4083181796421451,0.14870078552472055
sub-2011cg,cg,central,6,2.75,17.480348232769764,13.805108367904419,1.266223181080558,0.10251026000145048
sub-2011cg,cg,frontal,6,2.75,26.009990468053907,13.732695044907867,1.8940193736915831,0.2773844170348978
sub-2011cg,cg,global,6,2.75,21.6113088173375,14.516383685385376,1.4887529350092243,0.17282263068364936
sub-2011cg,cg,posterior,7,3.25,41.43635669326813,25.920361132232454,1.5986025997817308,0.20374051492057274
sub-2011cg,cg,central,7,3.25,18.26765549685126,14.152054354269874,1.2908129830168191,0.11086332489440771
sub-2011cg,cg,frontal,7,3.25,63.59529616838261,15.268575908882442,4.165109866689418,0.6196264616534067
sub-2011cg,cg,global,7,3.25,31.183258037400183,15.4459178167388,2.0188672766086304,0.30510776870532613
sub-2011cg,cg,posterior,8,3.75,43.933975422893774,64.89655458786058,0.6769847136247196,-0.16942113761232133
sub-2011cg,cg,central,8,3.75,17.01141733574594,27.796577771864246,0.6119968247661384,-0.2132508311062724
sub-2011cg,cg,frontal,8,3.75,57.112902945866665,26.469722551337746,2.1576691193153534,0.3339848459663594
sub-2011cg,cg,global,8,3.75,31.15015610160167,33.47344017099392,0.9305932088986341,-0.031240121100635367
sub-2011cg,cg,posterior,9,4.25,39.476831891123304,17.489314188599735,2.2571972500131507,0.35356951248900076
sub-2011cg,cg,central,9,4.25,19.86634878583485,12.00354880909392,1.655039613850202,0.21880839319974704
sub-2011cg,cg,frontal,9,4.25,30.965661374011088,12.166609388912502,2.545134834543983,0.40571079506070395
sub-2011cg,cg,global,9,4.25,23.80579237866687,11.528901899924021,2.0648794295685486,0.3148946978317433
sub-2011cg,cg,posterior,10,4.75,55.78306624308748,17.006389451133945,3.280124003003354,0.5158902622489133
sub-2011cg,cg,central,10,4.75,26.311844329338655,8.140640592344422,3.232158947550479,0.5094927098830917
sub-2011cg,cg,frontal,10,4.75,27.994069424017773,7.8532968269943995,3.5646264289658354,0.5520140227321295
sub-2011cg,cg,global,10,4.75,27.71719563166577,9.379677456499103,2.9550265198576473,0.4705613828064977
sub-2011cg,cg,posterior,11,5.25,38.001394082748284,39.95041190838313,0.951214074335342,-0.021721732442187447
sub-2011cg,cg,central,11,5.25,24.82951999303452,19.82119710039522,1.2526750966287217,0.09783844366886062
sub-2011cg,cg,frontal,11,5.25,36.001248495384104,17.538817585734375,2.052661094135935,0.31231725083356815
sub-2011cg,cg,global,11,5.25,26.74935357643576,21.639899227050368,1.2361126683528385,0.09205805733360556
sub-2011cg,cg,posterior,12,5.75,43.44658452778659,17.395035743539704,2.4976427279789926,0.3975303153975432
sub-2011cg,cg,central,12,5.75,15.92432489835558,10.36624418344035,1.536171116226843,0.186439595053509
sub-2011cg,cg,frontal,12,5.75,29.009879559772603,10.556312243364685,2.7481073779346725,0.439033698086722
sub-2011cg,cg,global,12,5.75,22.917754538225672,11.536343627148396,1.9865700328389562,0.29810387990705967
sub-2011cg,cg,posterior,13,6.25,37.28832245630531,20.139347086095015,1.851515955154803,0.2675274588676828
sub-2011cg,cg,central,13,6.25,12.71662704274069,9.712009741482893,1.309371322850324,0.11706282500491474
sub-2011cg,cg,frontal,13,6.25,28.157401565216528,10.538758588653147,2.671794910980596,0.4268031183065612
sub-2011cg,cg,global,13,6.25,20.265648679654284,11.740753244302224,1.726094421538855,0.2370645489873558
sub-2011cg,cg,posterior,14,6.75,74.29499346375441,22.24887846670231,3.339269149002021,0.5236514251087369
sub-2011cg,cg,central,14,6.75,121.83542943115407,15.594073874294528,7.81293140030516,0.8928140111008572
sub-2011cg,cg,frontal,14,6.75,80.29898579643468,17.175184572296615,4.6752909966368605,0.6698086471444896
sub-2011cg,cg,global,14,6.75,67.32933644577412,15.902915811798133,4.233773054110209,0.6267275745173077
sub-2011cg,cg,posterior,15,7.25,69.53451370552165,28.432701825518123,2.4455823485306265,0.3883822911238995
sub-2011cg,cg,central,15,7.25,92.62211296423027,23.836487051640265,3.8857283274825787,0.589472433422893
sub-2011cg,cg,frontal,15,7.25,112.5677623254406,43.50963679706837,2.5871914962302167,0.4128285750938806
sub-2011cg,cg,global,15,7.25,74.31031931496703,29.414725869931647,2.5262965102431436,0.4024843221516674
sub-2012cg,cg,posterior,1,0.25,4.269714386570114,20.10119754498334,0.21241094601528893,-0.6728231068393923
sub-2012cg,cg,central,1,0.25,1.674761066976159,3.756158702715655,0.44587068852158135,-0.3507910771721523
sub-2012cg,cg,frontal,1,0.25,3.9176119659450395,5.3956579160909826,0.7260675207488413,-0.13902299014687053
sub-2012cg,cg,global,1,0.25,3.397000842911107,9.010395534465122,0.3770090702364223,-0.42364820123653474
sub-2012cg,cg,posterior,2,0.75,4.511351806621224,11.957219031291064,0.3772910569602669,-0.4233234888855084
sub-2012cg,cg,central,2,0.75,2.024877531216154,2.877068163623185,0.7037989425548264,-0.15255139001993595
sub-2012cg,cg,frontal,2,0.75,4.2612161895968,4.432932178994666,0.9612635649578538,-0.0171575185613568
sub-2012cg,cg,global,2,0.75,3.5215332198469964,5.881804720228814,0.5987164462865747,-0.22277881195051302
sub-2012cg,cg,posterior,3,1.25,4.336630708333566,10.780041531157414,0.4022833025085718,-0.39546799322760207
sub-2012cg,cg,central,3,1.25,1.829754760018904,2.2832396426798685,0.8013853324092151,-0.09615861063308599
sub-2012cg,cg,frontal,3,1.25,3.3215962689052025,3.0788014378954487,1.07886017851665,0.03296516328028788
sub-2012cg,cg,global,3,1.25,3.3802261117152916,4.943527130689537,0.6837680915576989,-0.16509116967535634
sub-2012cg,cg,posterior,4,1.75,4.4219046140210985,13.027294287549644,0.3394338468462458,-0.46924485392863935
sub-2012cg,cg,central,4,1.75,1.860631801387082,2.557999219921204,0.7273777829550693,-0.13823996818008583
sub-2012cg,cg,frontal,4,1.75,3.3961606176621495,3.5964824586519604,0.9443006205944638,-0.02488972489536748
sub-2012cg,cg,global,4,1.75,3.2052377973075363,5.650382644507936,0.5672603076577417,-0.24621760382873525
sub-2012cg,cg,posterior,5,2.25,4.66568222869619,13.892547497703275,0.33584065337674923,-0.47386673384254435
sub-2012cg,cg,central,5,2.25,2.0390299987839815,2.783830581848157,0.7324547736774593,-0.13521918619392032
sub-2012cg,cg,frontal,5,2.25,4.038523558262504,4.097030043160155,0.9857197813339629,-0.006246527976344974
sub-2012cg,cg,global,5,2.25,3.7540173687023413,6.477721304716411,0.5795274591342872,-0.23692598149853675
sub-2012cg,cg,posterior,6,2.75,4.9598464531602255,17.109901903240377,0.28988164170718594,-0.5377792877761659
sub-2012cg,cg,central,6,2.75,1.805116975302331,2.9278030572685267,0.6165431690567337,-0.21003650961689124
sub-2012cg,cg,frontal,6,2.75,3.6302158661088546,4.562410369214274,0.7956793826799146,-0.09926189505485584
sub-2012cg,cg,global,6,2.75,3.6123465049129684,7.211814027877081,0.5008929086287495,-0.30025511677365957
sub-2012cg,cg,posterior,7,3.25,4.431114398861747,15.089392678058529,0.2936575708116488,-0.5321587980924743
sub-2012cg,cg,central,7,3.25,1.987659782849482,2.6355425809368893,0.7541747939215248,-0.12252798670595355
sub-2012cg,cg,frontal,7,3.25,3.5136200720821624,3.5723489744392483,0.9835601441020178,-0.00719907809035841
sub-2012cg,cg,global,7,3.25,3.434539007763047,6.4562024495361685,0.5319751099208163,-0.27410868702247115
sub-2012cg,cg,posterior,8,3.75,3.9588051308286527,12.016838635275858,0.32943815349300265,-0.48222610494789653
sub-2012cg,cg,central,8,3.75,1.871554848337654,2.275251534352936,0.8225705246562595,-0.08482685671413531
sub-2012cg,cg,frontal,8,3.75,3.0496295414429304,3.2644953464411794,0.934181004352637,-0.029568967907478403
sub-2012cg,cg,global,8,3.75,3.1964664563043406,5.2668811853688915,0.6068992908334347,-0.2168833699857332
sub-2012cg,cg,posterior,9,4.25,4.253937621477547,16.91525169171166,0.25148532809369567,-0.5994873470446968
sub-2012cg,cg,central,9,4.25,1.688553613959998,2.5038931865654863,0.6743712643254305,-0.17110094373738158
sub-2012cg,cg,frontal,9,4.25,3.6422079963330005,4.6482580487038465,0.7835640702754486,-0.10592548645838859
sub-2012cg,cg,global,9,4.25,3.3697836881423373,7.1587172364083225,0.47072451346507266,-0.3272331847709318
sub-2012cg,cg,posterior,10,4.75,4.164736728891129,13.691751195188598,0.3041785283357073,-0.5168714456230403
sub-2012cg,cg,central,10,4.75,1.9175590229573627,2.442048516067426,0.7852256047907356,-0.10500554728137568
sub-2012cg,cg,frontal,10,4.75,3.1833292166330485,3.3916432983773492,0.9385801915419691,-0.027528615683715823
sub-2012cg,cg,global,10,4.75,3.160538124087903,5.863690152516296,0.5390015573608737,-0.2684099799853268
sub-2012cg,cg,posterior,11,5.25,4.2546404937986715,11.186901788629248,0.3803233973255432,-0.41984695616399453
sub-2012cg,cg,central,11,5.25,1.8869650404368619,2.338029710756347,0.8070748766603284,-0.0930861715828879
sub-2012cg,cg,frontal,11,5.25,4.000911749384186,3.4555134892504022,1.1578342153287604,0.06364637932036574
sub-2012cg,cg,global,11,5.25,3.5019904588196153,5.220611836101083,0.6708007736953322,-0.17340644515447354
sub-2012cg,cg,posterior,12,5.75,4.610485143702648,12.694101623085508,0.36319901010702593,-0.43985534381186153
sub-2012cg,cg,central,12,5.75,1.9734639182106328,2.5473749520461237,0.7747049238375727,-0.11086368375356519
sub-2012cg,cg,frontal,12,5.75,3.9049867122590323,3.7987729046064413,1.0279600308625436,0.011976228751374133
sub-2012cg,cg,global,12,5.75,3.6435054256295216,5.95113001320562,0.6122375779968754,-0.21308001773798058
sub-2012cg,cg,posterior,13,6.25,4.330027658485722,10.753378474750832,0.40266672177983154,-0.39505426099247554
sub-2012cg,cg,central,13,6.25,1.9163798825100409,2.165117427642705,0.885115910131729,-0.052999852653147925
sub-2012cg,cg,frontal,13,6.25,4.005482685085213,3.646819336911747,1.0983496343082337,0.04074060976810333
sub-2012cg,cg,global,13,6.25,3.409358956870528,5.060422350696756,0.6737301198586917,-0.1715140365926634
sub-2012cg,cg,posterior,14,6.75,4.4414826517268935,13.763230556846521,0.32270640482132135,-0.49119241497739663
sub-2012cg,cg,central,14,6.75,1.8812779965613664,2.218179792796497,0.8481179039998409,-0.07154376861930317
sub-2012cg,cg,frontal,14,6.75,3.2910550482104313,3.7164779587838197,0.8855306246151924,-0.05279641485628388
sub-2012cg,cg,global,14,6.75,3.22388112899033,5.885843672157607,0.5477347528342582,-0.26142970295413004
sub-2012cg,cg,posterior,15,7.25,4.978032268410887,14.531829406067054,0.34256060467738175,-0.46526258344577637
sub-2012cg,cg,central,15,7.25,1.8203563516740893,2.2838831764365444,0.7970444243625112,-0.09851747193158816
sub-2012cg,cg,frontal,15,7.25,3.244773959984746,3.7787050261607993,0.8586999878319339,-0.06615854325537682
sub-2012cg,cg,global,15,7.25,3.3958148207924403,5.832267233653255,0.5822460948287768,-0.23489341563141086
sub-2014cg,cg,posterior,1,0.25,17.536576089651643,41.21294475373003,0.42551135800759476,-0.37108884297260214
sub-2014cg,cg,central,1,0.25,8.541227941811785,12.685528492603463,0.6733048565372668,-0.1717882529615371
sub-2014cg,cg,frontal,1,0.25,12.647292960937449,14.618259064748129,0.8651709416914319,-0.06289807554246125
sub-2014cg,cg,global,1,0.25,13.333703998887081,24.01818472463707,0.5551503642658641,-0.2555893708836971
sub-2014cg,cg,posterior,2,0.75,21.799114157671106,53.93269871575056,0.40419105063817007,-0.393413306608659
sub-2014cg,cg,central,2,0.75,10.629592087677578,13.94633701337519,0.7621780599080104,-0.11794355700445196
sub-2014cg,cg,frontal,2,0.75,18.07057211172438,22.441837915766133,0.8052180119806145,-0.09408651890969048
sub-2014cg,cg,global,2,0.75,17.391223085836476,32.200514633784515,0.5400914638671566,-0.26753268667860397
sub-2014cg,cg,posterior,3,1.25,23.05086054731249,52.292386985439414,0.44080719730256146,-0.3557513231325214
sub-2014cg,cg,central,3,1.25,10.334911626914593,14.501043045918056,0.7127012583983605,-0.14709247437972442
sub-2014cg,cg,frontal,3,1.25,15.654860508642185,22.506461808163184,0.6955718158668593,-0.15765802365247603
sub-2014cg,cg,global,3,1.25,17.068995854957574,29.74128385031397,0.573915905610019,-0.24115173896982023
sub-2014cg,cg,posterior,4,1.75,25.525455502050306,61.53633242374664,0.4148030033099621,-0.38215810783694526
sub-2014cg,cg,central,4,1.75,11.44922133705143,15.24204041779085,0.7511606729298292,-0.12426715766507751
sub-2014cg,cg,frontal,4,1.75,15.901861364098007,24.56089480014921,0.647446336686455,-0.18879622206797275
sub-2014cg,cg,global,4,1.75,18.351918162174492,34.00652392595379,0.5396587490722126,-0.26788077766389035
sub-2014cg,cg,posterior,5,2.25,20.936834854401727,57.77774446617683,0.3623685044794052,-0.440849556373847
sub-2014cg,cg,central,5,2.25,9.729013130655943,15.35741857515579,0.6335057602971695,-0.19824943183989055
sub-2014cg,cg,frontal,5,2.25,14.917499553505365,21.74776388377826,0.6859325691241474,-0.1637185756878188
sub-2014cg,cg,global,5,2.25,15.819481090052216,31.365086116862063,0.5043659383274438,-0.2972542506000069
sub-2014cg,cg,posterior,6,2.75,17.433815454060447,54.606247898160845,0.3192641158311048,-0.4958498918968728
sub-2014cg,cg,central,6,2.75,8.81145081983642,14.717665139937523,0.5986989604706976,-0.2227914959251883
sub-2014cg,cg,frontal,6,2.75,16.453307499539587,19.910998528070458,0.8263426606327036,-0.08283982584802588
sub-2014cg,cg,global,6,2.75,15.527870779973028,29.773899057851732,0.5215262787652309,-0.282723803373226
sub-2014cg,cg,posterior,7,3.25,25.525571038037405,60.16386961782603,0.42426744157550667,-0.37236029485755345
sub-2014cg,cg,central,7,3.25,11.218485624623446,17.254285552949234,0.6501854620521159,-0.1869627454229904
sub-2014cg,cg,frontal,7,3.25,23.54983346106058,27.042846021085346,0.8708341364181396,-0.060064555093215344
sub-2014cg,cg,global,7,3.25,21.12741296448545,34.71193915366157,0.6086497464448579,-0.21563255456810285
sub-2014cg,cg,posterior,8,3.75,16.933470788174436,52.977132353391994,0.31963736117721797,-0.49534246338563254
sub-2014cg,cg,central,8,3.75,7.737079145674057,12.349778838412513,0.626495360516805,-0.20308214080616174
sub-2014cg,cg,frontal,8,3.75,14.01221555603436,18.150523851062395,0.7720006139224566,-0.11238235429764573
sub-2014cg,cg,global,8,3.75,13.144357965474718,27.169727761914018,0.4837868851928733,-0.3153459089496804
sub-2014cg,cg,posterior,9,4.25,20.921114160780494,62.93990480933314,0.33239824915779304,-0.4783412724424144
sub-2014cg,cg,central,9,4.25,9.132330245972701,18.20871725259173,0.5015361664025431,-0.29969774399407134
sub-2014cg,cg,frontal,9,4.25,18.02740748537655,27.87705379229853,0.6466754923132122,-0.18931359761917074
sub-2014cg,cg,global,9,4.25,17.9105774432733,35.81000807884802,0.5001556381622986,-0.3008948311095332
sub-2014cg,cg,posterior,10,4.75,15.038022125000566,46.33784081499144,0.324530057087498,-0.48874507383209226
sub-2014cg,cg,central,10,4.75,7.203112904485911,12.118455537005122,0.5943919901748504,-0.22592705161339924
sub-2014cg,cg,frontal,10,4.75,12.777036100613813,15.722871022047856,0.8126401394946788,-0.09010172996615179
sub-2014cg,cg,global,10,4.75,12.06001176075646,23.36425684062567,0.5161735655887227,-0.28720424042157955
sub-2014cg,cg,posterior,11,5.25,15.076467361367255,45.05801988997919,0.3346011963725958,-0.4754725105431169
sub-2014cg,cg,central,11,5.25,7.35894466594065,10.321698785448678,0.7129586726862386,-0.14693564370283457
sub-2014cg,cg,frontal,11,5.25,11.836229464841924,13.700826576452338,0.8639062321382052,-0.06353339302445743
sub-2014cg,cg,global,11,5.25,11.704006775757513,22.360179011930065,0.5234308173254315,-0.2811407115769471
sub-2014cg,cg,posterior,12,5.75,17.897261849224197,48.44282111544178,0.36945127135709305,-0.43244283460685307
sub-2014cg,cg,central,12,5.75,7.782727746706899,14.049344977432563,0.5539566263913571,-0.2565242382613169
sub-2014cg,cg,frontal,12,5.75,21.27093764907084,18.145735086265383,1.172227939399983,0.06901206833602529
sub-2014cg,cg,global,12,5.75,15.938409016271645,27.558485646110533,0.5783485065523226,-0.23781038154290607
sub-2014cg,cg,posterior,13,6.25,18.727317343805137,67.32258268183357,0.27817288936032675,-0.555685198481059
sub-2014cg,cg,central,13,6.25,11.319294251389113,17.930209809288773,0.6312973675034821,-0.19976602166756946
sub-2014cg,cg,frontal,13,6.25,18.986371388610735,25.82397125725435,0.7352227587101721,-0.13358105789335048
sub-2014cg,cg,global,13,6.25,17.78432553160435,37.01018054332228,0.480525230369706,-0.31828380441027293
sub-2014cg,cg,posterior,14,6.75,14.590245475687851,44.044284607988494,0.33126308227155443,-0.4798269615195672
sub-2014cg,cg,central,14,6.75,7.981157509003671,13.590134275033705,0.587275839037571,-0.23115786598575355
sub-2014cg,cg,frontal,14,6.75,13.5093017815605,20.611560071403776,0.655423545561849,-0.18347796099467598
sub-2014cg,cg,global,14,6.75,12.858431066896728,26.16945530142321,0.4913526444777561,-0.30860670221701164
sub-2014cg,cg,posterior,15,7.25,18.444131290106604,57.1571353468865,0.32269166707129776,-0.4912122493208531
sub-2014cg,cg,central,15,7.25,12.294707884597534,17.050257431785347,0.721086349211218,-0.14201272593173553
sub-2014cg,cg,frontal,15,7.25,19.43041529143333,23.50136114187597,0.8267782948457052,-0.08261093329350669
sub-2014cg,cg,global,15,7.25,17.259727507093835,32.29573564246752,0.5344274457212868,-0.2721112466043004
sub-2015cg,cg,posterior,1,0.25,6.575209487768338,92.65326863128082,0.07096575851991552,-1.148951150899654
sub-2015cg,cg,central,1,0.25,3.7585410071698138,15.686219852545323,0.2396078240966344,-0.6204990047029455
sub-2015cg,cg,frontal,1,0.25,5.081797811284775,20.24779082083416,0.25098035910445154,-0.6003602636437022
sub-2015cg,cg,global,1,0.25,4.587000132450502,34.67045767530176,0.1323028434008285,-0.8784308220255008
sub-2015cg,cg,posterior,2,0.75,4.939151263649446,58.45867878342957,0.08448961499707167,-1.073196668880325
sub-2015cg,cg,central,2,0.75,2.852441749466939,10.42150857348637,0.2737071825401468,-0.5627138058174135
sub-2015cg,cg,frontal,2,0.75,5.0546189554169025,14.02222932991024,0.3604718505519734,-0.4431286439189448
sub-2015cg,cg,global,2,0.75,3.894646494030417,23.432148565449218,0.16620953401486563,-0.7793440680892738
sub-2015cg,cg,posterior,3,1.25,5.057705434217049,41.124380302169214,0.12298557199049799,-0.9101458346780353
sub-2015cg,cg,central,3,1.25,2.944618595535912,9.922826776582466,0.2967519903184354,-0.5276063595463619
sub-2015cg,cg,frontal,3,1.25,4.821216951928336,10.239230620183319,0.47085734570963483,-0.3271106498884831
sub-2015cg,cg,global,3,1.25,3.839391237783315,17.069244382756164,0.2249303572958377,-0.64795192688384
sub-2015cg,cg,posterior,4,1.75,6.861811426893099,36.15718115381206,0.18977727820382526,-0.7217557863313433
sub-2015cg,cg,central,4,1.75,4.106960427175303,7.25421425095498,0.5661482119355163,-0.24706985997849265
sub-2015cg,cg,frontal,4,1.75,6.676560865273507,10.17017315400693,0.6564844830240693,-0.18277553464177415
sub-2015cg,cg,global,4,1.75,5.088482682183222,14.853583142572338,0.3425761066095194,-0.46524293071522943
sub-2015cg,cg,posterior,5,2.25,8.05008547265793,27.035737612413598,0.2977571978269863,-0.526137731310311
sub-2015cg,cg,central,5,2.25,4.311939302435152,7.493651225276738,0.5754123287577897,-0.24002083717263792
sub-2015cg,cg,frontal,5,2.25,7.682467898062927,10.111916307627505,0.7597440153127035,-0.11933271227718133
sub-2015cg,cg,global,5,2.25,5.641135727791002,12.22550503900881,0.46142353299854844,-0.3359002598565661
sub-2015cg,cg,posterior,6,2.75,5.533136916347758,33.255431101778676,0.16638295559644142,-0.7788911652420987
sub-2015cg,cg,central,6,2.75,3.6975981453442603,8.473802208427008,0.4363564376882766,-0.36015861238232744
sub-2015cg,cg,frontal,6,2.75,5.5527235942560464,8.425573967181052,0.6590320868210031,-0.18109344004929426
sub-2015cg,cg,global,6,2.75,4.419764322590039,13.674776691321416,0.32320559394545767,-0.4905211311937993
sub-2015cg,cg,posterior,7,3.25,5.536918459635839,33.32685838761883,0.1661398261797411,-0.7795262482419073
sub-2015cg,cg,central,7,3.25,3.6931228121342587,6.912380242060713,0.5342765708492431,-0.2722338701255107
sub-2015cg,cg,frontal,7,3.25,5.902098331097875,8.13902694121356,0.7251601909819763,-0.1395660453258401
sub-2015cg,cg,global,7,3.25,4.396516511136087,12.747152275047183,0.34490185856980465,-0.462304465347206
sub-2015cg,cg,posterior,8,3.75,6.427997234707975,31.77243843992045,0.2023136262223904,-0.693974865652817
sub-2015cg,cg,central,8,3.75,3.5984287738670573,7.284605989440377,0.49397713192494824,-0.3062931557498067
sub-2015cg,cg,frontal,8,3.75,6.303248450278915,8.343250932603388,0.7554906955569751,-0.12177087995916624
sub-2015cg,cg,global,8,3.75,4.900654452024807,12.957762732373995,0.3782022061401766,-0.42227594214430925
sub-2015cg,cg,posterior,9,4.25,5.019565653277254,32.98604403694379,0.15217240502242185,-0.8176640954829675
sub-2015cg,cg,central,9,4.25,3.4006469657975944,9.894993434797248,0.343673493894266,-0.46385396189641137
sub-2015cg,cg,frontal,9,4.25,4.661544530518427,8.85506294061179,0.52642703522064,-0.2786618151660543
sub-2015cg,cg,global,9,4.25,3.9758813229156584,14.385722815511862,0.2763768893578666,-0.5584982754945824
sub-2015cg,cg,posterior,10,4.75,6.025905689489576,25.446880366711632,0.23680331744603053,-0.6256122177497382
sub-2015cg,cg,central,10,4.75,3.1463314470473414,6.5881195056319735,0.4775765594958687,-0.3209569974804954
sub-2015cg,cg,frontal,10,4.75,6.35022800261975,8.031892277072936,0.7906266398450709,-0.10202855636947697
sub-2015cg,cg,global,10,4.75,4.600576197256108,11.483648921282622,0.40061971841806043,-0.39726767863354906
sub-2015cg,cg,posterior,11,5.25,8.649426478087898,20.640379288529388,0.4190536596822472,-0.37773036220841694
sub-2015cg,cg,central,11,5.25,5.534001329559103,5.256673447543038,1.0527572969452168,0.022328260315109337
sub-2015cg,cg,frontal,11,5.25,7.409198434739939,6.474916182562114,1.1442925631522431,0.0585370754348093
sub-2015cg,cg,global,11,5.25,6.160961473062561,8.962219911197955,0.6874369892848392,-0.1627671032577128
sub-2015cg,cg,posterior,12,5.75,9.829314767894724,36.594709007953185,0.26859934220978515,-0.5708950552377069
sub-2015cg,cg,central,12,5.75,6.100312326074497,9.303875100067694,0.6556743572396099,-0.18331180081892642
sub-2015cg,cg,frontal,12,5.75,8.218745830714262,12.044318481186883,0.6823753326974763,-0.16597668094223017
sub-2015cg,cg,global,12,5.75,6.952980447103353,15.493181831752434,0.4487767924374061,-0.34796960981110536
sub-2015cg,cg,posterior,13,6.25,11.165054844157048,16.373008793342162,0.6819183318766157,-0.16626763434515507
sub-2015cg,cg,central,13,6.25,5.718042520343357,5.781301144464014,0.9890580645187059,-0.0047782115779013215
sub-2015cg,cg,frontal,13,6.25,10.078835552158804,7.3454230118163535,1.3721245918642526,0.13739354803431045
sub-2015cg,cg,global,13,6.25,7.802369730523704,8.101881447214257,0.9630318317242798,-0.016359357617179805
sub-2015cg,cg,posterior,14,6.75,10.376318236246167,13.835555467374705,0.7499748210842938,-0.12495331693858126
sub-2015cg,cg,central,14,6.75,5.748463080636497,4.918884205908678,1.168651840539631,0.06768514738665637
sub-2015cg,cg,frontal,14,6.75,7.74143039632643,6.704670067050337,1.1546325648999767,0.062443802042676966
sub-2015cg,cg,global,14,6.75,7.298696984321909,7.339421621112378,0.9944512471291577,-0.0024165032602896015
sub-2015cg,cg,posterior,15,7.25,8.707516132655961,21.506894652436603,0.4048709157400114,-0.3926834200389384
sub-2015cg,cg,central,15,7.25,4.6391189462823625,5.225221283733436,0.8878320542565995,-0.05166917927521823
sub-2015cg,cg,frontal,15,7.25,7.896729590481596,7.200901489394801,1.0966306929919236,0.04006039694640759
sub-2015cg,cg,global,15,7.25,6.1999769873703645,9.57501655484624,0.6475160593046021,-0.18874945600210377
sub-2016cg,cg,posterior,1,0.25,16.090240255069943,192.31707413291159,0.0836651676800671,-1.077455314204048
sub-2016cg,cg,central,1,0.25,7.013331400827099,19.804676028060808,0.35412502536724483,-0.4508433813614349
sub-2016cg,cg,frontal,1,0.25,7.446100442958389,40.95473970302185,0.18181291095860577,-0.740375279755497
sub-2016cg,cg,global,1,0.25,8.913558254259492,61.356947481912094,0.14527382179315865,-0.8378126381112142
sub-2016cg,cg,posterior,2,0.75,14.077280534423132,111.87071187535213,0.12583526374721052,-0.9001976362776554
sub-2016cg,cg,central,2,0.75,8.776687784177726,12.101108020107539,0.7252796826203135,-0.1394944883309928
sub-2016cg,cg,frontal,2,0.75,5.75625688588678,25.461518618101174,0.22607673062338576,-0.6457441359382334
sub-2016cg,cg,global,2,0.75,7.979793651104085,36.55810426048555,0.21827700895664826,-0.6609920059724668
sub-2016cg,cg,posterior,3,1.25,8.669495261842359,125.67165474026946,0.06898528773063381,-1.161243519968296
sub-2016cg,cg,central,3,1.25,6.781153042147779,14.590001037385647,0.4647808471549554,-0.33275177680167195
sub-2016cg,cg,frontal,3,1.25,4.901509895277997,28.197102563853218,0.17383026799219442,-0.7598746002839364
sub-2016cg,cg,global,3,1.25,5.920424766729949,40.87988335983913,0.1448248938143068,-0.8391567812537457
sub-2016cg,cg,posterior,4,1.75,12.632245088677102,136.89295336129956,0.09227827129521418,-1.034900549976492
sub-2016cg,cg,central,4,1.75,7.838361898326931,15.702775502848873,0.4991704744747104,-0.301751110729337
sub-2016cg,cg,frontal,4,1.75,6.0148464214233455,28.847623276231893,0.2085040546955247,-0.6808854950558353
sub-2016cg,cg,global,4,1.75,7.434420731396506,43.81631163671142,0.16967244511670831,-0.7703886815799568
sub-2016cg,cg,posterior,5,2.25,9.405506141379858,119.74698988111716,0.07854482313682783,-1.1048824338856171
sub-2016cg,cg,central,5,2.25,6.317835741933812,14.775468592894136,0.4275895347895907,-0.3689729326464945
sub-2016cg,cg,frontal,5,2.25,4.650829574089919,25.259691719608725,0.18412059916311443,-0.7348976204997071
sub-2016cg,cg,global,5,2.25,6.151324523427374,39.84997398234128,0.15436207125638804,-0.8114594026247091
sub-2016cg,cg,posterior,6,2.75,10.440900911430376,147.44992570775923,0.07080980788097438,-1.1499065839263325
sub-2016cg,cg,central,6,2.75,13.100950250677272,15.87927066517704,0.8250347592731336,-0.08352775394399596
sub-2016cg,cg,frontal,6,2.75,5.6498825663848375,31.52379192896317,0.1792259820492561,-0.7465990312660753
sub-2016cg,cg,global,6,2.75,7.125263454335675,46.77070374589912,0.15234458504294843,-0.817172977790248
sub-2016cg,cg,posterior,7,3.25,8.855433630145905,84.63254329293403,0.10463390659896717,-0.9803275596113427
sub-2016cg,cg,central,7,3.25,5.743200369899483,11.493590507465571,0.49968722708269736,-0.3013017517749439
sub-2016cg,cg,frontal,7,3.25,5.741611024963285,19.39524312462742,0.29603191813939067,-0.528661460817784
sub-2016cg,cg,global,7,3.25,6.199546159998791,28.87197634195185,0.21472538237677424,-0.6681166152069122
sub-2016cg,cg,posterior,8,3.75,10.917401713676291,113.26057112673833,0.09639190059760287,-1.0159594564866405
sub-2016cg,cg,central,8,3.75,6.261786358489192,13.939644885583705,0.4492070214044759,-0.34755346404596
sub-2016cg,cg,frontal,8,3.75,5.672826213187856,25.507142211023716,0.22240148136768398,-0.6528623243396734
sub-2016cg,cg,global,8,3.75,6.596235521986896,37.66969448394359,0.17510722113232138,-0.7566959439607821
sub-2016cg,cg,posterior,9,4.25,8.888900519244423,70.88027157559624,0.1254072582067368,-0.901677327078568
sub-2016cg,cg,central,9,4.25,5.929482753613319,11.68816799248381,0.5073064279557181,-0.2947296348085327
sub-2016cg,cg,frontal,9,4.25,5.188532962275808,17.12502899430981,0.30297951402008244,-0.5185867353551592
sub-2016cg,cg,global,9,4.25,6.057465735440067,25.64086350174812,0.23624265754650134,-0.6266416805397219
sub-2016cg,cg,posterior,10,4.75,7.761256016538024,116.85207915795519,0.06641949439382007,-1.1777044347118841
sub-2016cg,cg,central,10,4.75,7.486062220421279,12.548228722060044,0.59658318207578,-0.22432899374069307
sub-2016cg,cg,frontal,10,4.75,4.539489237182455,25.233274568175542,0.17990091713691825,-0.7449666226106051
sub-2016cg,cg,global,10,4.75,5.601312344062555,37.53838249736633,0.14921560204293674,-0.8261857644846833
sub-2016cg,cg,posterior,11,5.25,8.34513041098957,114.6118577235566,0.07281210318672258,-1.1377964241167033
sub-2016cg,cg,central,11,5.25,5.777955754801366,12.396192073391761,0.4661073110672156,-0.33151408494287743
sub-2016cg,cg,frontal,11,5.25,4.8798483464836915,23.418558669915914,0.20837526404869958,-0.6811538368348655
sub-2016cg,cg,global,11,5.25,5.796423153311598,37.09021079532037,0.15627905663029898,-0.8060992190334582
sub-2016cg,cg,posterior,12,5.75,7.962851022485907,76.36992592579739,0.10426684229369004,-0.9818537788058014
sub-2016cg,cg,central,12,5.75,12.968062371285205,11.24987399786694,1.1527295660150545,0.061727432391717685
sub-2016cg,cg,frontal,12,5.75,5.25596725064667,17.0735998882968,0.30784177238740396,-0.5116724492009691
sub-2016cg,cg,global,12,5.75,6.1350874365561685,26.274151652169426,0.23350277937706893,-0.6317079456720006
sub-2016cg,cg,posterior,13,6.25,8.425231662007045,110.1608136602373,0.07648120399684506,-1.1164452838455774
sub-2016cg,cg,central,13,6.25,5.9916347264786864,12.165163102115299,0.492523994638169,-0.30757260682096704
sub-2016cg,cg,frontal,13,6.25,4.913976823818131,23.771226115919934,0.2067195356207213,-0.6846184792925214
sub-2016cg,cg,global,13,6.25,6.033752881204469,35.74717245058493,0.16878965432986964,-0.7726541762242488
sub-2016cg,cg,posterior,14,6.75,8.934418243649036,96.42401596735694,0.09265760354426292,-1.0331189363901656
sub-2016cg,cg,central,14,6.75,5.821448263741232,10.854717642947188,0.5363058216004076,-0.27058748874416566
sub-2016cg,cg,frontal,14,6.75,5.080829009167,22.794087455457454,0.22290118080381968,-0.6518876308682379
sub-2016cg,cg,global,14,6.75,6.129207573741743,31.86450654166898,0.19235218865626003,-0.715902867761487
sub-2016cg,cg,posterior,15,7.25,7.696399430606117,59.90541642251693,0.12847585227223687,-0.8911784926472506
sub-2016cg,cg,central,15,7.25,7.7417990572808,10.491960063102658,0.7378791961386301,-0.13201473403716163
sub-2016cg,cg,frontal,15,7.25,4.991678107865395,15.06095410168122,0.33143173229033246,-0.47960591324063107
sub-2016cg,cg,global,15,7.25,6.003577900550531,21.627400194971784,0.27759128912527914,-0.5565941662581777
sub-2017cg,cg,posterior,1,0.25,11.636518890212967,37.77882402062104,0.3080169696087241,-0.5114253562125023
sub-2017cg,cg,central,1,0.25,8.590150441604495,13.29087974476417,0.6463191757482052,-0.1895529587329215
sub-2017cg,cg,frontal,1,0.25,11.313490490411828,12.663593958595587,0.8933870216782055,-0.04896036085732986
sub-2017cg,cg,global,1,0.25,15.324167721118771,21.027593433959307,0.7287646952680009,-0.1374126747585468
sub-2017cg,cg,posterior,2,0.75,17.94565835505429,55.46808849385539,0.32353122024463243,-0.4900838042510885
sub-2017cg,cg,central,2,0.75,8.123530875579311,18.652536062634997,0.4355188403496763,-0.36099305286546024
sub-2017cg,cg,frontal,2,0.75,12.748166516442282,15.766971036117777,0.8085361790314546,-0.09230054223602042
sub-2017cg,cg,global,2,0.75,12.87005797003805,26.50052249682013,0.48565298935454443,-0.31367393369399116
sub-2017cg,cg,posterior,3,1.25,15.699046837838612,58.10060459871556,0.2702045348110831,-0.5683073665393646
sub-2017cg,cg,central,3,1.25,8.935829025208797,19.824261657347964,0.45075217325416433,-0.3460621706953751
sub-2017cg,cg,frontal,3,1.25,11.335179508452885,20.40497670844013,0.5555105340436044,-0.2553077011990218
sub-2017cg,cg,global,3,1.25,14.157041036130568,31.011384193616117,0.4565110975937953,-0.34054866048419324
sub-2017cg,cg,posterior,4,1.75,15.41482074009373,48.59630890964639,0.31720147241540564,-0.4986648054010871
sub-2017cg,cg,central,4,1.75,8.584775690432043,13.065503089610957,0.6570566499852756,-0.1823971849069226
sub-2017cg,cg,frontal,4,1.75,10.890724192687076,14.512744031285544,0.7504248796237035,-0.12469277576949281
sub-2017cg,cg,global,4,1.75,12.202040778620127,21.964828232726372,0.555526346454181,-0.255295339336369
sub-2017cg,cg,posterior,5,2.25,19.9450481539008,68.67282767699916,0.2904358074158794,-0.5369498411246291
sub-2017cg,cg,central,5,2.25,10.007489259340325,24.381119996423582,0.4104606047961826,-0.386728519276952
sub-2017cg,cg,frontal,5,2.25,12.202181179427566,20.30792224785832,0.6008581789165759,-0.22122802280956858
sub-2017cg,cg,global,5,2.25,15.461527646451005,34.50613585374543,0.4480805301406345,-0.3486439265091604
sub-2017cg,cg,posterior,6,2.75,21.042021975862653,59.07638513070334,0.3561833028427231,-0.4483264432479399
sub-2017cg,cg,central,6,2.75,8.896167987909939,18.331002257012837,0.4853072332423372,-0.3139832357116605
sub-2017cg,cg,frontal,6,2.75,12.25738090703878,14.779227139116793,0.82936548654812,-0.08125404145039115
sub-2017cg,cg,global,6,2.75,14.768014271579652,27.003157838877243,0.546899527814399,-0.26209245158913796
sub-2017cg,cg,posterior,7,3.25,20.046425330972134,66.09715593789754,0.3032872601932679,-0.518145832168624
sub-2017cg,cg,central,7,3.25,9.910519534796043,24.917526059090424,0.39773288533114554,-0.400408499214152
sub-2017cg,cg,frontal,7,3.25,13.468225790474449,20.090505756016107,0.670377637777555,-0.17368048117937657
sub-2017cg,cg,global,7,3.25,16.019559543548116,34.91918370103597,0.4587609974133746,-0.33841351171272216
sub-2017cg,cg,posterior,8,3.75,22.764662577663977,63.81923492595298,0.3567053507312794,-0.4476903760116887
sub-2017cg,cg,central,8,3.75,10.447066865965093,26.086947594425094,0.4004710335753379,-0.3974288913483828
sub-2017cg,cg,frontal,8,3.75,12.501806622059163,17.01907694547698,0.7345760679095859,-0.133963224839233
sub-2017cg,cg,global,8,3.75,15.004746809519103,32.391093032615714,0.46323681619543694,-0.3341969319336153
sub-2017cg,cg,posterior,9,4.25,16.740103262439902,54.594825453747404,0.30662435722268355,-0.5133933491970841
sub-2017cg,cg,central,9,4.25,9.052283397801828,27.611727756440605,0.32784197633885215,-0.4843354408655536
sub-2017cg,cg,frontal,9,4.25,11.257224857221614,14.664921214825812,0.767629412549512,-0.11484839315591282
sub-2017cg,cg,global,9,4.25,12.99351270476416,29.065262657663837,0.44704611335545846,-0.3496476765484016
sub-2017cg,cg,posterior,10,4.75,15.792419592611237,50.85642919844589,0.3105294618894288,-0.5078971892748131
sub-2017cg,cg,central,10,4.75,10.688038979945167,29.260182462014132,0.3652758828083348,-0.4373790009581386
sub-2017cg,cg,frontal,10,4.75,11.51934371201814,14.013239947199216,0.8220328600253846,-0.08511082158104187
sub-2017cg,cg,global,10,4.75,13.234021357033802,28.740685486956377,0.460462968534272,-0.33680529100003775
sub-2017cg,cg,posterior,11,5.25,15.433773041153225,51.3167380293062,0.3007551460566187,-0.5217869329494714
sub-2017cg,cg,central,11,5.25,9.692113687571975,23.31854864805577,0.4156396623929712,-0.3812830166092649
sub-2017cg,cg,frontal,11,5.25,10.598174233619577,13.795854150014888,0.7682144301016796,-0.11451753932825781
sub-2017cg,cg,global,11,5.25,11.699809409520274,27.749925938990625,0.42161587873217377,-0.37508304125873804
sub-2017cg,cg,posterior,12,5.75,16.267534456112244,53.21394245699729,0.3057006059879551,-0.5147037003744537
sub-2017cg,cg,central,12,5.75,9.908840635846595,23.668515179536076,0.4186507079419089,-0.37814817005940304
sub-2017cg,cg,frontal,12,5.75,11.593132848658154,15.831653276149373,0.7322755650620132,-0.13532545737726057
sub-2017cg,cg,global,12,5.75,13.185113307719416,29.12091471760928,0.45277126201487206,-0.34412114618471085
sub-2017cg,cg,posterior,13,6.25,18.493479492294867,53.6392980111135,0.3447748232734741,-0.4624644554709254
sub-2017cg,cg,central,13,6.25,7.74944172335784,19.773206120832388,0.3919162970335543,-0.406806676903153
sub-2017cg,cg,frontal,13,6.25,10.672617221350691,15.979059963686954,0.66791270860768,-0.1752802929843162
sub-2017cg,cg,global,13,6.25,12.501986708369865,27.399850171981164,0.456279382182691,-0.34076915517340356
sub-2017cg,cg,posterior,14,6.75,24.93923767547554,53.84291158572061,0.4631851610730788,-0.33424536242247654
sub-2017cg,cg,central,14,6.75,11.420780204595118,30.303996687269574,0.3768737279922183,-0.4238041363251076
sub-2017cg,cg,frontal,14,6.75,11.949492789532147,15.576480132744722,0.767149746778288,-0.11511985397568858
sub-2017cg,cg,global,14,6.75,15.789498571100273,29.94004866740766,0.5273705045205391,-0.27788416366314556
sub-2017cg,cg,posterior,15,7.25,23.468506791562156,43.909577005600696,0.5344735338390696,-0.2720737953985675
sub-2017cg,cg,central,15,7.25,14.112385521739471,31.830984646809508,0.443353722114719,-0.3532496411248143
sub-2017cg,cg,frontal,15,7.25,14.96510048939793,16.971298949529334,0.8817887501659357,-0.054635446190148
sub-2017cg,cg,global,15,7.25,18.168069463330166,26.946698761340567,0.6742224576093612,-0.17119678570204475
sub-2018cg,cg,posterior,1,0.25,4.842289197663986,6.637129332323255,0.7295758384700626,-0.1369295570711937
sub-2018cg,cg,central,1,0.25,3.4777602997773283,3.3150555009003306,1.0490805655690558,0.020808841709780004
sub-2018cg,cg,frontal,1,0.25,4.130157677028486,4.618274396535414,0.8943075535154195,-0.048513101086897326
sub-2018cg,cg,global,1,0.25,3.6029316267344584,4.537908083430842,0.7939631126266657,-0.10019967434220835
sub-2018cg,cg,posterior,2,0.75,6.445803698656131,10.847648324020629,0.5942120822983156,-0.2260585217983602
sub-2018cg,cg,central,2,0.75,4.072212269577462,3.9680579024076366,1.0262481974133062,0.011252407297639154
sub-2018cg,cg,frontal,2,0.75,4.917489744410818,5.182905019792485,0.9487902490267334,-0.022829787318391734
sub-2018cg,cg,global,2,0.75,4.499558741128999,5.893449830223956,0.7634846941520518,-0.11719966497551569
sub-2018cg,cg,posterior,3,1.25,6.0801037867395555,9.717512115514971,0.6256852283242402,-0.20364409807186115
sub-2018cg,cg,central,3,1.25,4.326840654423747,4.527807118379074,0.9556150563173125,-0.019717016285058144
sub-2018cg,cg,frontal,3,1.25,4.776731542226387,6.258760721554821,0.7632072473669734,-0.11735751425189021
sub-2018cg,cg,global,3,1.25,4.410846138000709,6.240774824294867,0.7067786071738427,-0.1507166042232222
sub-2018cg,cg,posterior,4,1.75,5.662702282241167,7.24469320232723,0.7816345184116456,-0.10699626962618404
sub-2018cg,cg,central,4,1.75,3.2854442889854965,3.2593918004547167,1.007993052117007,0.003457538619780337
sub-2018cg,cg,frontal,4,1.75,3.870880843263074,4.2872088504847,0.9028906634267287,-0.04436483788738765
sub-2018cg,cg,global,4,1.75,3.661107193686799,4.50591656725137,0.8125110927031858,-0.0901707011590601
sub-2018cg,cg,posterior,5,2.25,5.471650925421873,10.3914367474625,0.5265538402818074,-0.2785572154721951
sub-2018cg,cg,central,5,2.25,3.4286044520984422,4.011296006483232,0.8547373334096964,-0.06816732641441407
sub-2018cg,cg,frontal,5,2.25,3.8446223797722787,5.22214265674348,0.7362155024255463,-0.13299504189208736
sub-2018cg,cg,global,5,2.25,3.810345754080189,6.131331835948816,0.6214548251555434,-0.2065904356445903
sub-2018cg,cg,posterior,6,2.75,4.9388788148417895,7.400217633611131,0.6673964279658264,-0.17561612210268576
sub-2018cg,cg,central,6,2.75,2.895246851629873,3.2224415229724066,0.8984637365767536,-0.04649944701625833
sub-2018cg,cg,frontal,6,2.75,3.2039699455433075,4.51583738278948,0.709496306876352,-0.1490498608229916
sub-2018cg,cg,global,6,2.75,3.242286466824659,4.732726007776581,0.6850779997610457,-0.16425997896403835
sub-2018cg,cg,posterior,7,3.25,4.915714689729111,7.280243230130255,0.6752129749435803,-0.17055922086661518
sub-2018cg,cg,central,7,3.25,3.321390124019793,3.519580024669772,0.9436893324598936,-0.025170954223462334
sub-2018cg,cg,frontal,7,3.25,3.957843123608098,4.66420710320439,0.8485564718790021,-0.07131924985859152
sub-2018cg,cg,global,7,3.25,3.5693878865286903,4.792364216098852,0.7448073071195523,-0.12795607125048766
sub-2018cg,cg,posterior,8,3.75,5.631747484726194,12.383959928660126,0.4547614427992999,-0.3422163643214978
sub-2018cg,cg,central,8,3.75,3.1151592809757056,4.099732022568603,0.7598446102884466,-0.11927521271157494
sub-2018cg,cg,frontal,8,3.75,3.5310347853242683,5.867996293073547,0.6017445494115637,-0.22058783486465122
sub-2018cg,cg,global,8,3.75,3.7247164238607553,6.87003673812669,0.5421683414281718,-0.265865845561261
sub-2018cg,cg,posterior,9,4.25,7.572862910586322,18.618570178347156,0.40673708228107314,-0.390686231097027
sub-2018cg,cg,central,9,4.25,4.624177225932413,5.20849116799224,0.8878151228035839,-0.05167746159246065
sub-2018cg,cg,frontal,9,4.25,6.81905785637886,11.333756450884172,0.601659113280742,-0.22064950069031508
sub-2018cg,cg,global,9,4.25,6.018348276670394,10.676336069866604,0.5637091449057008,-0.24894491967711863
sub-2018cg,cg,posterior,10,4.75,7.316742277949057,12.86384006523977,0.5687836789669135,-0.2450528740158132
sub-2018cg,cg,central,10,4.75,3.7485417778889474,4.040007979226514,0.9278550431493529,-0.03251986739932411
sub-2018cg,cg,frontal,10,4.75,4.204794699346261,6.315294070618781,0.6658113861884296,-0.17664878214942917
sub-2018cg,cg,global,10,4.75,4.501271175332198,6.905235810901946,0.6518634987418702,-0.18584333670610326
sub-2018cg,cg,posterior,11,5.25,4.904468171916782,9.024109281642103,0.5434850154013564,-0.2648124254842496
sub-2018cg,cg,central,11,5.25,3.1669976968725475,3.914135282730063,0.8091180984075758,-0.09198808439087017
sub-2018cg,cg,frontal,11,5.25,3.934389394338067,5.578970366120048,0.7052178334251089,-0.15167671387102694
sub-2018cg,cg,global,11,5.25,3.594078417847445,5.882836771316957,0.6109430802790844,-0.21399924977742862
sub-2018cg,cg,posterior,12,5.75,6.916295733802475,14.982725136711325,0.46161800811895465,-0.3357172573173578
sub-2018cg,cg,central,12,5.75,3.0731464122564396,4.425628629671121,0.6943977159883865,-0.15839171630977833
sub-2018cg,cg,frontal,12,5.75,5.221521096613267,8.385131844300682,0.6227118659037305,-0.20571285862834454
sub-2018cg,cg,global,12,5.75,4.58275301591853,8.411848503451615,0.544797378844626,-0.2637649905887617
sub-2018cg,cg,posterior,13,6.25,7.328604355179924,11.533808266662788,0.63540195794328,-0.1969514512610711
sub-2018cg,cg,central,13,6.25,4.132796987092573,3.9917579362335656,1.0353325660303152,0.015079874809783074
sub-2018cg,cg,frontal,13,6.25,7.100961799229607,6.784424140353442,1.0466565256428195,0.019804185507660492
sub-2018cg,cg,global,13,6.25,6.086139949596253,6.765719029101819,0.8995555274195619,-0.04597202352731674
sub-2018cg,cg,posterior,14,6.75,5.030396840349729,12.019744128546876,0.4185111418805117,-0.37829297544177964
sub-2018cg,cg,central,14,6.75,2.700776846474891,3.5622750932297156,0.7581606630009721,-0.1202387525985851
sub-2018cg,cg,frontal,14,6.75,3.5496632260364533,7.505398305776187,0.4729480144051272,-0.3251865935069263
sub-2018cg,cg,global,14,6.75,3.4146929478325045,7.021835858470096,0.4862963214546703,-0.3130990156014308
sub-2018cg,cg,posterior,15,7.25,5.11136627470158,7.642600695666486,0.6687993365399597,-0.17470416639615932
sub-2018cg,cg,central,15,7.25,2.6747368150208963,3.4391542174275407,0.7777309902146748,-0.10917059538578462
sub-2018cg,cg,frontal,15,7.25,3.5592050495326597,5.190964037252319,0.6856539602259735,-0.16389501123331454
sub-2018cg,cg,global,15,7.25,3.4599735515088748,5.068963732781399,0.6825800565770367,-0.16584640496021313
sub-2019cg,cg,posterior,1,0.25,10.16324637079413,50.748623618599794,0.20026644362171855,-0.6983918144148493
sub-2019cg,cg,central,1,0.25,3.8555559606662873,11.713386375909009,0.32915809629536613,-0.4825954581075021
sub-2019cg,cg,frontal,1,0.25,5.451175415903774,12.022948701504033,0.4533975442498435,-0.3435208364848217
sub-2019cg,cg,global,1,0.25,9.945172754290205,27.593393435467952,0.360418618954887,-0.4431927817870327
sub-2019cg,cg,posterior,2,0.75,10.14104272569522,50.317088614846334,0.20154271649777147,-0.695632892087873
sub-2019cg,cg,central,2,0.75,3.9903725509820895,9.201103437617562,0.4336841312605997,-0.3628264686329776
sub-2019cg,cg,frontal,2,0.75,4.222930026888788,10.278332299696103,0.4108575110977533,-0.38630876905669614
sub-2019cg,cg,global,2,0.75,9.15758702583331,24.260213694161912,0.37747346916556773,-0.42311356747825035
sub-2019cg,cg,posterior,3,1.25,8.410536725411188,42.76800355972716,0.19665488274816356,-0.7062952660136642
sub-2019cg,cg,central,3,1.25,3.8618403626534348,10.351395610197384,0.3730743667886726,-0.4282045894600168
sub-2019cg,cg,frontal,3,1.25,3.8745750791887246,11.494523839406776,0.33708008555391267,-0.4722669045229952
sub-2019cg,cg,global,3,1.25,8.509449137441116,22.286817179700897,0.3818153605707156,-0.41814660376605484
sub-2019cg,cg,posterior,4,1.75,6.304775551493038,28.746004803998567,0.21932701933647644,-0.6589078634163316
sub-2019cg,cg,central,4,1.75,3.1403127876167036,7.667554144531827,0.4095586060981703,-0.38768394375973864
sub-2019cg,cg,frontal,4,1.75,2.826499300962425,6.460576011173404,0.4374995814729314,-0.35902235810242994
sub-2019cg,cg,global,4,1.75,7.333658251250393,17.187896893752196,0.42667571818610217,-0.3699020718298091
sub-2019cg,cg,posterior,5,2.25,4.967034869680135,19.534494776800653,0.25426994280799275,-0.5947049746419698
sub-2019cg,cg,central,5,2.25,2.8858184844330386,5.475698375196668,0.527022908622024,-0.2781705064726593
sub-2019cg,cg,frontal,5,2.25,3.3612067262145,5.00998250694728,0.6709018886899418,-0.17334098551798194
sub-2019cg,cg,global,5,2.25,6.7902208395503525,12.109496283404935,0.5607352015835531,-0.25124217910105195
sub-2019cg,cg,posterior,6,2.75,7.519257241166163,30.092196251375412,0.2498739931892636,-0.6022789427616828
sub-2019cg,cg,central,6,2.75,3.0612966490202727,7.44785521360798,0.41103063381615906,-0.3861258092637536
sub-2019cg,cg,frontal,6,2.75,2.9105464128558403,7.7684529412572285,0.3746622956803036,-0.42636001014052877
sub-2019cg,cg,global,6,2.75,7.676704031278202,16.71871244632514,0.4591683753114363,-0.33802803110811347
sub-2019cg,cg,posterior,7,3.25,6.077791666731786,23.014817955102092,0.2640816746232145,-0.5782617346739757
sub-2019cg,cg,central,7,3.25,3.093788031664704,5.023630189704387,0.6158470896216102,-0.2105271066297431
sub-2019cg,cg,frontal,7,3.25,3.025161579242695,6.340789015030562,0.47709544854302555,-0.32139472656007884
sub-2019cg,cg,global,7,3.25,7.391432659513375,13.176642849399853,0.5609496093953876,-0.25107615005299966
sub-2019cg,cg,posterior,8,3.75,8.517385729010062,18.850026428397545,0.45185006829373087,-0.3450056477429627
sub-2019cg,cg,central,8,3.75,3.7157755076869514,5.6261005195835025,0.6604530961992177,-0.18015801951070987
sub-2019cg,cg,frontal,8,3.75,3.7548931235772804,4.973476297444821,0.7549836168931576,-0.1220624724371642
sub-2019cg,cg,global,8,3.75,8.520316549492104,11.837867416747434,0.719750969455708,-0.14281774148429385
sub-2019cg,cg,posterior,9,4.25,11.209461575284584,18.34133258048654,0.611158514578728,-0.21384613332800942
sub-2019cg,cg,central,9,4.25,4.5131329764693975,4.695910485194697,0.9610773013451679,-0.017241679763815746
sub-2019cg,cg,frontal,9,4.25,5.920690816576696,5.4826766541752106,1.0798905698857737,0.03337974872525001
sub-2019cg,cg,global,9,4.25,10.145286208135529,11.267187664044238,0.9004275521664636,-0.04555122449916331
sub-2019cg,cg,posterior,10,4.75,4.47029678245627,12.944115954240653,0.34535357982417836,-0.46173603787752715
sub-2019cg,cg,central,10,4.75,2.693593078098234,4.268298517950389,0.6310695155857283,-0.19992279832730564
sub-2019cg,cg,frontal,10,4.75,2.726234329913674,3.5462528858652727,0.7687647829008345,-0.11420651990526721
sub-2019cg,cg,global,10,4.75,6.525770374585971,9.183769837851607,0.7105764288309482,-0.14838920298015112
sub-2019cg,cg,posterior,11,5.25,5.26551116154645,34.81371063737028,0.15124820265192482,-0.8203097775547601
sub-2019cg,cg,central,11,5.25,2.762798370738475,9.60049727994119,0.2877765901263189,-0.5409445376838854
sub-2019cg,cg,frontal,11,5.25,2.620433248913357,8.815848380694895,0.2972411883411731,-0.5268910110962434
sub-2019cg,cg,global,11,5.25,6.713473913840995,20.052593109803787,0.33479330464042345,-0.47522323582451725
sub-2019cg,cg,posterior,12,5.75,5.113790361216767,21.50144426466587,0.23783473790272083,-0.6237247124689972
sub-2019cg,cg,central,12,5.75,2.845916631658909,7.2990162680674615,0.3899041360011126,-0.40904215790528614
sub-2019cg,cg,frontal,12,5.75,3.2195632360426663,5.0426779970082265,0.6384629829532646,-0.19486427735931824
sub-2019cg,cg,global,12,5.75,7.310235667683526,15.134732491859317,0.48301056339222126,-0.3160433711681854
sub-2019cg,cg,posterior,13,6.25,6.6694636975696024,20.80221099199073,0.3206132127078934,-0.49401858401590515
sub-2019cg,cg,central,13,6.25,3.180069711240058,6.0782043551399205,0.5231922991452058,-0.28133865700671784
sub-2019cg,cg,frontal,13,6.25,3.866530524036977,5.143573831397124,0.7517206228158155,-0.12394353509080312
sub-2019cg,cg,global,13,6.25,7.6474901886112105,12.688557818685208,0.6027075967096508,-0.2198933345180022
sub-2019cg,cg,posterior,14,6.75,6.844496503962341,26.749464330637018,0.2558741520712667,-0.5919735835141183
sub-2019cg,cg,central,14,6.75,3.1385017207862256,6.154526537976383,0.509950148304693,-0.2924722775773508
sub-2019cg,cg,frontal,14,6.75,3.71800186662475,5.673130998963863,0.655370353214795,-0.18351320855394412
sub-2019cg,cg,global,14,6.75,7.4666071336355,15.02956986019305,0.4967944660486507,-0.3038232505487065
sub-2019cg,cg,posterior,15,7.25,8.342415512149303,28.011631856417026,0.29781968986709306,-0.5260465929574246
sub-2019cg,cg,central,15,7.25,3.149797746200172,7.073351933710323,0.44530482516906905,-0.3513425989784838
sub-2019cg,cg,frontal,15,7.25,5.1727543985479025,7.095656320684645,0.7290029512095639,-0.13727071353190984
sub-2019cg,cg,global,15,7.25,8.474972407577114,15.433703095180835,0.549121125067089,-0.26033184836203155
sub-2020cg,cg,posterior,1,0.25,9.841079805084563,170.96407497193633,0.057562267433669746,-1.239862107116673
sub-2020cg,cg,central,1,0.25,5.520845889895077,38.10676061801343,0.14487838379222714,-0.8389964074899151
sub-2020cg,cg,frontal,1,0.25,12.360312969349907,26.31096072966568,0.4697780934853367,-0.3281072389425261
sub-2020cg,cg,global,1,0.25,8.399883055233202,54.8030962294384,0.15327387744784143,-0.8145318558889901
sub-2020cg,cg,posterior,2,0.75,10.70738066954488,88.12135860570909,0.12150721276840579,-0.9153979412216923
sub-2020cg,cg,central,2,0.75,6.685962289897592,19.37387305881847,0.3451019973961438,-0.4620525270730073
sub-2020cg,cg,frontal,2,0.75,12.53230989319548,15.251957064761923,0.8216853640474829,-0.08529444865984935
sub-2020cg,cg,global,2,0.75,9.137232625242454,33.136154202962175,0.27574813206372756,-0.5594874208176479
sub-2020cg,cg,posterior,3,1.25,9.84178626965494,83.88768701323073,0.11732098738284079,-0.9306242906189078
sub-2020cg,cg,central,3,1.25,6.249738605259537,16.3214309422656,0.3829160952472224,-0.41689637841558397
sub-2020cg,cg,frontal,3,1.25,12.432428751680316,16.38811630159357,0.7586246352469073,-0.11997305831385875
sub-2020cg,cg,global,3,1.25,8.538408606916857,30.72018383877611,0.27794132521236325,-0.5560468761179335
sub-2020cg,cg,posterior,4,1.75,9.237318878769994,69.00748879023675,0.13385965843285258,-0.8733502875120838
sub-2020cg,cg,central,4,1.75,6.416381516588061,16.477359508843158,0.389405930795191,-0.4095974383013232
sub-2020cg,cg,frontal,4,1.75,13.22705159575313,12.18232871848012,1.085757239146585,0.035732733646456176
sub-2020cg,cg,global,4,1.75,8.845526816807268,26.7049639088878,0.33123155855916914,-0.4798682918896702
sub-2020cg,cg,posterior,5,2.25,9.756188655333764,75.99713932866779,0.12837573547526301,-0.8915170552783396
sub-2020cg,cg,central,5,2.25,6.3204357330244685,15.916166066765571,0.3971079282857021,-0.4010914421318884
sub-2020cg,cg,frontal,5,2.25,14.563027601092147,13.54960379191388,1.0747936120304165,0.031325076566317854
sub-2020cg,cg,global,5,2.25,8.882138305414353,28.603482717709877,0.31052646256656596,-0.5079013840318953
sub-2020cg,cg,posterior,6,2.75,11.09118083334254,106.53985254163373,0.10410358723753929,-0.9825343051616382
sub-2020cg,cg,central,6,2.75,5.6724116145491275,20.848934867237073,0.2720720099453619,-0.5653161349991507
sub-2020cg,cg,frontal,6,2.75,11.037481000083492,21.35102145452021,0.5169533000373973,-0.2865486879546484
sub-2020cg,cg,global,6,2.75,8.416686837427255,37.338418060670215,0.22541626760274636,-0.6470147454541838
sub-2020cg,cg,posterior,7,3.25,9.315753273357783,74.83512931340552,0.12448369313753581,-0.904887535670418
sub-2020cg,cg,central,7,3.25,5.749085831937864,19.4400404833971,0.2957342520375876,-0.5290983724321373
sub-2020cg,cg,frontal,7,3.25,13.901530865633061,13.679638758294399,1.0162206116155021,0.0069879992931265395
sub-2020cg,cg,global,7,3.25,8.595556051213949,25.590223478864512,0.3358921839159863,-0.47380010190900884
sub-2020cg,cg,posterior,8,3.75,9.671475954608242,101.21728219220267,0.09555162661098689,-1.0197619153890534
sub-2020cg,cg,central,8,3.75,6.683310145560963,21.820615132160004,0.3062842227445211,-0.5138753739132114
sub-2020cg,cg,frontal,8,3.75,12.55841667410719,18.2758715351987,0.6871582922828119,-0.16294320828787684
sub-2020cg,cg,global,8,3.75,8.945800086162185,35.54501322237096,0.2516752499203452,-0.5991594914501682
sub-2020cg,cg,posterior,9,4.25,8.280884599866507,85.00486795649816,0.09741659270742363,-1.011367064604553
sub-2020cg,cg,central,9,4.25,5.901020968603006,16.06601384660889,0.3672983868272064,-0.4349809790698468
sub-2020cg,cg,frontal,9,4.25,12.213461523299534,12.901002179248085,0.946706415021424,-0.023784680029589684
sub-2020cg,cg,global,9,4.25,7.723037808422403,27.74570065205611,0.278350794066182,-0.5554075354202035
sub-2020cg,cg,posterior,10,4.75,13.1060220633245,87.33126213945849,0.15007251403736288,-0.8236988420337086
sub-2020cg,cg,central,10,4.75,6.930454511525781,16.897523885898412,0.41014615859247244,-0.3870613516734259
sub-2020cg,cg,frontal,10,4.75,22.572727490103983,13.617056364068489,1.6576804036492752,0.2195008034695455
sub-2020cg,cg,global,10,4.75,11.588067344757842,28.991087546984758,0.3997113708127541,-0.3982534969463195
sub-2020cg,cg,posterior,11,5.25,11.26178310530899,81.07104591078937,0.13891251776499175,-0.8572586171039216
sub-2020cg,cg,central,11,5.25,6.417189734714885,16.172891384544666,0.39678679477482653,-0.4014427897735417
sub-2020cg,cg,frontal,11,5.25,15.457938957914832,13.23661177337998,1.1678169022832672,0.06737475667929722
sub-2020cg,cg,global,11,5.25,9.464203089118204,28.516634306782617,0.331883594231426,-0.4790142152348462
sub-2020cg,cg,posterior,12,5.75,8.43335570511234,80.80965303489764,0.10436074637605977,-0.9814628235365059
sub-2020cg,cg,central,12,5.75,6.653024096756359,14.935191583032514,0.44545957510948087,-0.35119170151143003
sub-2020cg,cg,frontal,12,5.75,9.99212644810605,15.405238233661274,0.6486187552927755,-0.18801049753416268
sub-2020cg,cg,global,12,5.75,7.859950745578968,28.792164455726425,0.2729892279430807,-0.5638544897254656
sub-2020cg,cg,posterior,13,6.25,6.394959368699287,60.23883401600985,0.10616007884547833,-0.9740387675914031
sub-2020cg,cg,central,13,6.25,4.51082369647538,13.643137182215552,0.3306295052398537,-0.48065839277581657
sub-2020cg,cg,frontal,13,6.25,8.241427377842495,11.15462696002273,0.7388348716079073,-0.1314526148702821
sub-2020cg,cg,global,13,6.25,6.058216072261871,22.09484006991104,0.2741914425763147,-0.561946103521268
sub-2020cg,cg,posterior,14,6.75,9.905369891378369,55.47680648404785,0.1785497493304093,-0.7482407551855451
sub-2020cg,cg,central,14,6.75,6.5561909760023935,12.338837896566597,0.5313459039628617,-0.2746226629598347
sub-2020cg,cg,frontal,14,6.75,13.103925699290716,10.543264386105857,1.242871772859965,0.09442632477041953
sub-2020cg,cg,global,14,6.75,8.886503995162128,20.359827940010007,0.43647245061923445,-0.36004316300452593
sub-2020cg,cg,posterior,15,7.25,8.547615199752345,75.21017630629134,0.11364971629560368,-0.9444316440693016
sub-2020cg,cg,central,15,7.25,6.378849546295275,16.17557635272749,0.39435068075454927,-0.40411740512909566
sub-2020cg,cg,frontal,15,7.25,11.0151799980595,13.476226775513437,0.8173786462301371,-0.08757671228818378
sub-2020cg,cg,global,15,7.25,7.76790724726829,27.2889482904694,0.2846539619110647,-0.5456827671514362
sub-2021cg,cg,posterior,1,0.25,7.303618427409877,90.19203477996606,0.08097853036831802,-1.0916301092510028
sub-2021cg,cg,central,1,0.25,4.402606745474777,19.455322813737514,0.22629317373063945,-0.6453285466013008
sub-2021cg,cg,frontal,1,0.25,6.74261786508699,14.336279704410746,0.47031852085116155,-0.3276079186702857
sub-2021cg,cg,global,1,0.25,4.926879160500724,33.0175206008525,0.14922014345236795,-0.826172546838433
sub-2021cg,cg,posterior,2,0.75,7.78330592563616,74.23073728019281,0.10485287107222362,-0.9794196732219794
sub-2021cg,cg,central,2,0.75,3.4651969427464824,17.69230181905179,0.1958590226521581,-0.7080564169790902
sub-2021cg,cg,frontal,2,0.75,6.459488162440658,14.233839637006438,0.45381206527342693,-0.34312396192834965
sub-2021cg,cg,global,2,0.75,4.695198396391298,27.01469078348339,0.1738016708768665,-0.7599460526910639
sub-2021cg,cg,posterior,3,1.25,5.442972799144239,52.113026885889106,0.10444553165300899,-0.9811101350991954
sub-2021cg,cg,central,3,1.25,3.3468364179364514,13.356265536439757,0.2505817519729084,-0.6010505586651924
sub-2021cg,cg,frontal,3,1.25,5.37332974792493,10.485332901766157,0.5124615306224415,-0.2903387305950585
sub-2021cg,cg,global,3,1.25,3.882878824113062,18.582052995558666,0.2089585486082252,-0.679939856932719
sub-2021cg,cg,posterior,4,1.75,5.694726904181242,16.826546688330716,0.3384370548313731,-0.4705220929504462
sub-2021cg,cg,central,4,1.75,3.6410250056284124,4.529401081017437,0.8038645596849044,-0.09481711783919203
sub-2021cg,cg,frontal,4,1.75,5.48274344349461,4.117897004730152,1.3314425876112694,0.12432244421004014
sub-2021cg,cg,global,4,1.75,3.972091073641432,6.653040601749856,0.5970339445390892,-0.22400097622920545
sub-2021cg,cg,posterior,5,2.25,8.30448392407316,48.62142836313892,0.17079884741454843,-0.7675150643448503
sub-2021cg,cg,central,5,2.25,5.22670453009021,11.569855812758503,0.4517519158991188,-0.34509999690172727
sub-2021cg,cg,frontal,5,2.25,5.989522261977382,9.9708384943885,0.6007039694152334,-0.22133949825168497
sub-2021cg,cg,global,5,2.25,5.18364998267416,16.89413059535106,0.3068314142250445,-0.5131001782101443
sub-2021cg,cg,posterior,6,2.75,8.4633556554055,7.301115511573307,1.1591866533257662,0.06415337210050545
sub-2021cg,cg,central,6,2.75,5.125268502934534,3.941365305672141,1.3003789563881838,0.11406993283390263
sub-2021cg,cg,frontal,6,2.75,6.888823956904131,3.339671515625794,2.062725008933488,0.31444133409865577
sub-2021cg,cg,global,6,2.75,5.4091764353820215,3.759089824480187,1.4389590799762308,0.1580484439760744
sub-2021cg,cg,posterior,7,3.25,9.330680488174028,50.81619000888558,0.18361629406971464,-0.7360887822275033
sub-2021cg,cg,central,7,3.25,4.52853371926515,13.847857331535272,0.32702053544070453,-0.48542497471415835
sub-2021cg,cg,frontal,7,3.25,6.391832414915412,10.067106063722175,0.6349225263404168,-0.19727926437029694
sub-2021cg,cg,global,7,3.25,5.336197422547795,17.875675982251337,0.2985172380527638,-0.5250305852212557
sub-2021cg,cg,posterior,8,3.75,11.402918750184519,5.573874958248947,2.0457794327282124,0.3108588081089184
sub-2021cg,cg,central,8,3.75,5.672576868433681,3.9945711174606644,1.4200715675428301,0.15231023213355988
sub-2021cg,cg,frontal,8,3.75,7.054294066377012,3.0300215883607677,2.3281332692396304,0.3670078369910771
sub-2021cg,cg,global,8,3.75,6.116587566987646,3.1386217560627068,1.9488132187870562,0.2897702167793443
sub-2021cg,cg,posterior,9,4.25,16.138995129671606,8.53148674710731,1.8916978491637113,0.2768517700572771
sub-2021cg,cg,central,9,4.25,5.609290874170704,7.084754089167187,0.7917410828341224,-0.1014168192699036
sub-2021cg,cg,frontal,9,4.25,8.548936609850829,4.450221339078296,1.921013800994769,0.28353048494203875
sub-2021cg,cg,global,9,4.25,7.4658968686690415,4.798130060104422,1.5560013536828887,0.19200997047934693
sub-2021cg,cg,posterior,10,4.75,10.644799993257623,15.152452103183313,0.70251335696493,-0.15334541405488597
sub-2021cg,cg,central,10,4.75,4.211554197613885,5.7736049787814,0.7294496615358663,-0.13700467288843102
sub-2021cg,cg,frontal,10,4.75,6.904374383014201,5.495668803573054,1.256330144663242,0.09910378045593138
sub-2021cg,cg,global,10,4.75,5.698370567595516,6.957933478898412,0.8189745683653314,-0.08672958418596498
sub-2021cg,cg,posterior,11,5.25,13.243814240002028,39.74850710895934,0.33319023035752865,-0.47730774125090136
sub-2021cg,cg,central,11,5.25,5.213234462307251,9.31907055411186,0.5594157091135029,-0.2522653422449378
sub-2021cg,cg,frontal,11,5.25,7.018368071424215,8.284101395210245,0.8472093395044803,-0.07200926527910949
sub-2021cg,cg,global,11,5.25,6.430488985448313,13.171275688151473,0.48822066576535245,-0.31138384139178515
sub-2021cg,cg,posterior,12,5.75,6.569670776526898,28.83083640695765,0.2278695867089538,-0.6423136353544326
sub-2021cg,cg,central,12,5.75,3.805795163517409,12.840835279809754,0.29638221195014,-0.5281478650777217
sub-2021cg,cg,frontal,12,5.75,5.729042584237446,7.870988090770829,0.7278682826308767,-0.13794720489326723
sub-2021cg,cg,global,12,5.75,4.228914911501318,11.646499675227705,0.3631060858994646,-0.43996647196178423
sub-2021cg,cg,posterior,13,6.25,15.948833322160985,7.28537341879191,2.189157975214081,0.3402771024944907
sub-2021cg,cg,central,13,6.25,10.107121818439728,2.6961504173134734,3.7487232735741696,0.5738833824873206
sub-2021cg,cg,frontal,13,6.25,10.529965634459156,3.372396769059337,3.1223982098038485,0.4944882892748151
sub-2021cg,cg,global,13,6.25,9.276666954571168,3.2930673144710534,2.8170292522736435,0.4497913567603797
sub-2021cg,cg,posterior,14,6.75,11.347498255273688,20.41371625405703,0.5558761625786036,-0.2550219492435813
sub-2021cg,cg,central,14,6.75,5.220174635041829,9.921205200049434,0.5261633571509859,-0.27887940015234136
sub-2021cg,cg,frontal,14,6.75,6.757413878430559,5.829134167288074,1.1592483007771213,0.06417646798068602
sub-2021cg,cg,global,14,6.75,6.040421797088475,9.549061656576132,0.6325670536359591,-0.1988934314476629
sub-2021cg,cg,posterior,15,7.25,13.617601199983127,8.88260635380836,1.5330636817137202,0.18556019532563853
sub-2021cg,cg,central,15,7.25,7.930617797723816,5.517971256078041,1.4372343438701765,0.1575275864724228
sub-2021cg,cg,frontal,15,7.25,8.631680074339927,3.967461570169267,2.175617815491951,0.33758260646698346
sub-2021cg,cg,global,15,7.25,8.004359027766144,4.373573050181152,1.8301647042192666,0.2624901754762373
sub-2022cg,cg,posterior,1,0.25,20.487208239408197,24.342866696343258,0.8416103368173047,-0.07488893907062726
sub-2022cg,cg,central,1,0.25,8.021156053841072,4.902175125267089,1.6362442892947544,0.21384814381726666
sub-2022cg,cg,frontal,1,0.25,10.593260526845464,5.217982545642875,2.0301448757606635,0.30752703126215475
sub-2022cg,cg,global,1,0.25,11.115047441792013,9.131454737806003,1.2172263632620934,0.08537134994250707
sub-2022cg,cg,posterior,2,0.75,19.876885164546806,11.860617774736177,1.6758726688660144,0.2242410182861428
sub-2022cg,cg,central,2,0.75,8.354680963190033,3.997355081389808,2.090052245317487,0.32015714236440174
sub-2022cg,cg,frontal,2,0.75,15.433169920542353,5.207473822314286,2.9636577056634343,0.4718280423822102
sub-2022cg,cg,global,2,0.75,12.193852902272278,6.207090831797399,1.9645036995118825,0.29325285100279236
sub-2022cg,cg,posterior,3,1.25,18.06854559984363,13.097367766332697,1.3795554894846538,0.13973917367517022
sub-2022cg,cg,central,3,1.25,7.31994470163643,4.178944014010323,1.7516254530081263,0.24344124733343725
sub-2022cg,cg,frontal,3,1.25,16.798102381537266,5.363725097303154,3.1317977854575814,0.49579371267866346
sub-2022cg,cg,global,3,1.25,11.803378630371883,6.831045940679777,1.727902100625793,0.2375191326090525
sub-2022cg,cg,posterior,4,1.75,11.79061399878164,26.791267910773026,0.44009167606586175,-0.3564568456448516
sub-2022cg,cg,central,4,1.75,8.029274258376288,7.725673713550234,1.0392976141735786,0.01673993031479923
sub-2022cg,cg,frontal,4,1.75,16.517519688627726,9.146031296424391,1.805976729500717,0.2567121500115178
sub-2022cg,cg,global,4,1.75,10.431574957692192,12.466685753831449,0.8367560684271041,-0.07740112931395765
sub-2022cg,cg,posterior,5,2.25,14.79326895472105,15.710928272504919,0.9415910185657311,-0.026137692694300475
sub-2022cg,cg,central,5,2.25,6.502971431860378,4.696754519283776,1.3845670249872966,0.14131398418962357
sub-2022cg,cg,frontal,5,2.25,11.922080449559369,4.967932178624612,2.399807408977156,0.3801763898055176
sub-2022cg,cg,global,5,2.25,10.09329179726784,7.409151616622796,1.362273620453797,0.13426434687073985
sub-2022cg,cg,posterior,6,2.75,19.026927661263613,8.780444342628083,2.1669663765067093,0.3358521726899671
sub-2022cg,cg,central,6,2.75,7.477548636900701,2.891259150067487,2.586260258519601,0.41267222632613293
sub-2022cg,cg,frontal,6,2.75,15.34690817407925,4.09584183990052,3.746948435502089,0.5736777164909168
sub-2022cg,cg,global,6,2.75,11.98388452180316,4.585256971825546,2.6135687913325327,0.41723393558086774
sub-2022cg,cg,posterior,7,3.25,21.353130651603077,14.815521887789188,1.4412675309941072,0.1587446029169434
sub-2022cg,cg,central,7,3.25,10.735249014160779,5.0006627785129805,2.1467652368578753,0.3317845540255456
sub-2022cg,cg,frontal,7,3.25,23.90657199357977,6.309651518373171,3.7888894377075912,0.5785119324605116
sub-2022cg,cg,global,7,3.25,16.101375660419453,7.604949621597878,2.117223185107226,0.32576664118027227
sub-2022cg,cg,posterior,8,3.75,21.296380873590824,10.143525482653825,2.099504842769824,0.3221168807295127
sub-2022cg,cg,central,8,3.75,12.381855965152196,5.117482072554671,2.41952112183387,0.3837294177469192
sub-2022cg,cg,frontal,8,3.75,22.67776582188685,6.011664360973805,3.772294070358474,0.5766055409464914
sub-2022cg,cg,global,8,3.75,14.975920851459593,6.720644600020059,2.228345901733131,0.34798260640920914
sub-2022cg,cg,posterior,9,4.25,19.459107277332073,30.271926354750583,0.6428103401578984,-0.19191714585175637
sub-2022cg,cg,central,9,4.25,7.700417206027754,7.203049953612736,1.0690495353521128,0.028997829092467196
sub-2022cg,cg,frontal,9,4.25,19.25354493578683,10.571382154790935,1.8212892745591598,0.26037893007134183
sub-2022cg,cg,global,9,4.25,12.993759852760396,13.657661551692925,0.9513897971171913,-0.021641510346706718
sub-2022cg,cg,posterior,10,4.75,20.649848954930825,12.622378913506966,1.6359712457081934,0.21377566612014112
sub-2022cg,cg,central,10,4.75,12.397067050651634,5.307106661100687,2.33593704485308,0.3684611340562257
sub-2022cg,cg,frontal,10,4.75,20.790506019667323,7.095968979291594,2.9299037355350563,0.4668533514760463
sub-2022cg,cg,global,10,4.75,14.896173422064042,7.678548210900772,1.9399726371343013,0.2877956043501287
sub-2022cg,cg,posterior,11,5.25,20.636551817857423,11.606989358905546,1.7779418227883428,0.24991754602937813
sub-2022cg,cg,central,11,5.25,9.243417791748234,6.541449903807391,1.4130533639596,0.15015856328915775
sub-2022cg,cg,frontal,11,5.25,18.57036938178127,6.336324152514356,2.930779571056548,0.4669831556360638
sub-2022cg,cg,global,11,5.25,12.674849851795138,7.305576744185102,1.7349554040184063,0.23928831599280737
sub-2022cg,cg,posterior,12,5.75,22.02564176866606,11.925161996820387,1.8469888941163877,0.26646428404962397
sub-2022cg,cg,central,12,5.75,16.24632853234652,5.99220087104973,2.711245647794922,0.4331688678751159
sub-2022cg,cg,frontal,12,5.75,20.33727454087137,7.050670902908534,2.884445299025638,0.4600623073584434
sub-2022cg,cg,global,12,5.75,15.786753650504767,7.37004055821173,2.142017201372807,0.3308229540921466
sub-2022cg,cg,posterior,13,6.25,19.792354088164082,11.248313318707144,1.7595841729663848,0.2454100469486779
sub-2022cg,cg,central,13,6.25,11.978950990683067,4.509055091643697,2.6566432982561654,0.42433324654481874
sub-2022cg,cg,frontal,13,6.25,18.7757091019731,6.576798940800017,2.8548400629211237,0.4555817827267184
sub-2022cg,cg,global,13,6.25,14.165741479881511,6.748474480176436,2.0991027707807457,0.3220337018936744
sub-2022cg,cg,posterior,14,6.75,19.92912005702457,12.064266161854471,1.6519131615346543,0.21798721340956445
sub-2022cg,cg,central,14,6.75,8.856148739046313,4.970470784072796,1.7817524986616256,0.2508473765074059
sub-2022cg,cg,frontal,14,6.75,17.424626752838503,5.805597190792334,3.001349590783516,0.4773165840638783
sub-2022cg,cg,global,14,6.75,12.16348434556219,6.731867781262575,1.8068513436074802,0.2569224230054693
sub-2022cg,cg,posterior,15,7.25,27.762020911649966,13.317987930980237,2.0845506885518414,0.3190124600239433
sub-2022cg,cg,central,15,7.25,21.830832216269652,8.01146748748996,2.7249479886623598,0.4353582172722928
sub-2022cg,cg,frontal,15,7.25,24.02145869353561,8.540620762534555,2.8126127317245366,0.4491099383317694
sub-2022cg,cg,global,15,7.25,18.991540672638905,8.469583671654327,2.2423228117102205,0.3506981351333884
sub-2023cg,cg,posterior,1,0.25,14.909723022561955,187.06440596735675,0.07970368785798695,-1.098521583505768
sub-2023cg,cg,central,1,0.25,3.880201377236112,29.448773925989475,0.1317610501200429,-0.8802129525486649
sub-2023cg,cg,frontal,1,0.25,5.654034804514227,54.44825925574004,0.10384234283703327,-0.9836255221065188
sub-2023cg,cg,global,1,0.25,7.403467223373938,78.4268180892466,0.09439968882773093,-1.0250294372763178
sub-2023cg,cg,posterior,2,0.75,15.520324231127452,164.69533925470267,0.09423657221486484,-1.0257805194080307
sub-2023cg,cg,central,2,0.75,3.7398867521277954,27.35632436170521,0.1367101333746094,-0.8641992929993397
sub-2023cg,cg,frontal,2,0.75,5.975354423643312,46.79241278335095,0.12769921592436848,-0.893811769304835
sub-2023cg,cg,global,2,0.75,7.475098810537358,71.28027400846777,0.10486910880350082,-0.9793524226923918
sub-2023cg,cg,posterior,3,1.25,15.301919521413716,148.87186829821113,0.10278583654745191,-0.988066725156553
sub-2023cg,cg,central,3,1.25,4.075794677603279,29.991919215858925,0.135896427576669,-0.8667919597806188
sub-2023cg,cg,frontal,3,1.25,6.107557847511555,37.80413433386638,0.1615579342082745,-0.7916717086568091
sub-2023cg,cg,global,3,1.25,7.512247466693102,63.68030833651564,0.11796813902022865,-0.9282352716438572
sub-2023cg,cg,posterior,4,1.75,10.845726629121422,121.27073927922362,0.08943399449515467,-1.0484973714118389
sub-2023cg,cg,central,4,1.75,2.8183343512705306,18.942550957153415,0.14878325298664286,-0.8274459501396384
sub-2023cg,cg,frontal,4,1.75,5.685008733589604,38.75787116967303,0.14668010811795998,-0.8336287785926995
sub-2023cg,cg,global,4,1.75,5.812298628594694,52.73542023511039,0.1102162190550813,-0.9577544914386485
sub-2023cg,cg,posterior,5,2.25,13.686734669804922,141.65992542508855,0.09661684226314682,-1.0149471607027487
sub-2023cg,cg,central,5,2.25,3.8029774464665564,22.836581841089096,0.16653006447856336,-0.7785073497945176
sub-2023cg,cg,frontal,5,2.25,7.0945829824593485,42.89318383491741,0.16540117445616076,-0.7814614109985932
sub-2023cg,cg,global,5,2.25,6.991561842785648,61.62198032704366,0.11345889576543364,-0.9451614475059593
sub-2023cg,cg,posterior,6,2.75,11.299007895512279,142.5977423495817,0.07923693397482057,-1.1010723375703706
sub-2023cg,cg,central,6,2.75,3.1653578239471294,24.791440458420933,0.12767946377524622,-0.893878949927718
sub-2023cg,cg,frontal,6,2.75,6.95540415279345,43.124447661009256,0.16128679971667537,-0.7924011753562201
sub-2023cg,cg,global,6,2.75,6.151022981331256,60.8192386258165,0.10113613916107582,-0.9950936294363634
sub-2023cg,cg,posterior,7,3.25,10.080610133056593,139.00583027024683,0.0725193332787443,-1.1395461973329182
sub-2023cg,cg,central,7,3.25,3.043992007343061,18.478912567269578,0.164727875423507,-0.7832329028445446
sub-2023cg,cg,frontal,7,3.25,5.513350387637219,36.73760714060863,0.15007374776848026,-0.8236952717569161
sub-2023cg,cg,global,7,3.25,5.370247773680858,56.974120122687076,0.09425766930874334,-1.025683303159727
sub-2023cg,cg,posterior,8,3.75,10.817230700643123,134.1128749945767,0.08065766020660248,-1.0933543805691646
sub-2023cg,cg,central,8,3.75,3.1496330178958836,19.216681656837693,0.16390098322595562,-0.7854184411315986
sub-2023cg,cg,frontal,8,3.75,6.377305789310361,35.27997673445805,0.180762754956174,-0.7428910483258617
sub-2023cg,cg,global,8,3.75,5.805905632106337,53.55014580598515,0.10841997803594079,-0.9648906850361539
sub-2023cg,cg,posterior,9,4.25,10.894850226736716,133.31145825743317,0.08172478471954035,-1.0876462147700936
sub-2023cg,cg,central,9,4.25,3.822852598134066,20.625749928341307,0.18534368987384955,-0.7320221951732189
sub-2023cg,cg,frontal,9,4.25,5.936055760500347,41.20708646889236,0.14405424574196804,-0.8414739371396587
sub-2023cg,cg,global,9,4.25,6.085432929441814,56.54369785891757,0.10762354002077482,-0.9680927269689219
sub-2023cg,cg,posterior,10,4.75,9.644996133572,93.08524857003239,0.10361465733548123,-0.9845788049222665
sub-2023cg,cg,central,10,4.75,3.2521544098996986,17.734946485548765,0.1833754848118488,-0.7366587249505294
sub-2023cg,cg,frontal,10,4.75,7.064557910164987,25.76703056778592,0.27417043231194577,-0.561979383157585
sub-2023cg,cg,global,10,4.75,5.777602508367506,40.43213877283782,0.1428962870559022,-0.844979055548305
sub-2023cg,cg,posterior,11,5.25,12.291470765074695,90.02060434899069,0.13654063815683,-0.864738071695692
sub-2023cg,cg,central,11,5.25,3.5498173954522567,15.992201741739763,0.22197177429216688,-0.6537022464885565
sub-2023cg,cg,frontal,11,5.25,8.19828590163164,30.7255726068536,0.26682288419916844,-0.5737769256729549
sub-2023cg,cg,global,11,5.25,6.687334215375627,41.260729890865136,0.16207503437442003,-0.7902838776157305
sub-2023cg,cg,posterior,12,5.75,11.478760537366345,87.16322253302047,0.13169270483336926,-0.880438282277122
sub-2023cg,cg,central,12,5.75,3.308899095897614,12.738411210542585,0.259757597804591,-0.5854317406472017
sub-2023cg,cg,frontal,12,5.75,6.079237525566201,28.63531773800409,0.21229858809975719,-0.6730528941172016
sub-2023cg,cg,global,12,5.75,5.93373642451483,38.353989409830376,0.15470975811955495,-0.8104822928693223
sub-2023cg,cg,posterior,13,6.25,13.07589571045405,44.90785295018874,0.2911716960719026,-0.535850843772515
sub-2023cg,cg,central,13,6.25,4.572895155479725,10.563614329225908,0.43289115003262546,-0.36362129275298666
sub-2023cg,cg,frontal,13,6.25,9.712436817857656,13.906371992400112,0.6984162960091633,-0.15588563587710036
sub-2023cg,cg,global,13,6.25,7.5997882314135214,20.97552631456981,0.3623169267573817,-0.44091137607971176
sub-2023cg,cg,posterior,14,6.75,20.77054278102994,11.06769944915288,1.8766811365319207,0.27339048870632343
sub-2023cg,cg,central,14,6.75,5.859112491938021,4.509588584169792,1.299256546928809,0.11369491390197162
sub-2023cg,cg,frontal,14,6.75,12.5124739512439,6.093112550365982,2.0535438739749425,0.312503985992529
sub-2023cg,cg,global,14,6.75,10.869200215291025,6.502105680206304,1.671643118379177,0.22314356481223965
sub-2023cg,cg,posterior,15,7.25,24.622661741605224,15.209128611710895,1.6189396756528176,0.2092306665302732
sub-2023cg,cg,central,15,7.25,7.436505071798422,8.850308597004803,0.840253759548582,-0.07558953568972461
sub-2023cg,cg,frontal,15,7.25,17.063548344169813,8.05578377322397,2.1181735787008202,0.3259615465094678
sub-2023cg,cg,global,15,7.25,13.468100554034937,9.97562913003338,1.3501003674532026,0.13036605546598992
sub-2026cg,cg,posterior,1,0.25,3.029425864030264,56.81221362742913,0.05332349631537059,-1.2730813825010305
sub-2026cg,cg,central,1,0.25,1.0470520194931427,8.139841984493245,0.12863296627721063,-0.890647715412397
sub-2026cg,cg,frontal,1,0.25,2.2924517811589484,21.447513817749222,0.10688659770261084,-0.9710767466967306
sub-2026cg,cg,global,1,0.25,2.065045331039788,24.845044479207747,0.0831169907048457,-1.0803101890305051
sub-2026cg,cg,posterior,2,0.75,2.8260404137863793,50.12852783888381,0.056375890847412236,-1.2489065823723684
sub-2026cg,cg,central,2,0.75,1.0210704847594856,6.384025308518958,0.15994148447327594,-0.7960388774599312
sub-2026cg,cg,frontal,2,0.75,3.4360455152756613,17.824542368014107,0.19277047591648674,-0.7149594804352707
sub-2026cg,cg,global,2,0.75,2.2265105747217286,20.884615406211058,0.10661008265728308,-0.9722017199309311
sub-2026cg,cg,posterior,3,1.25,2.483469721063702,34.295040324324894,0.07241483601062335,-1.1401724484785973
sub-2026cg,cg,central,3,1.25,1.1035420019943543,5.486052638037518,0.20115410383468643,-0.6964711027667027
sub-2026cg,cg,frontal,3,1.25,2.3795625923972845,12.363476363227829,0.19246711220112153,-0.7156434698427926
sub-2026cg,cg,global,3,1.25,1.9731635466414381,14.751953464825442,0.133756085344646,-0.873686450267628
sub-2026cg,cg,posterior,4,1.75,2.222775122732448,43.16468042819892,0.05149522944875872,-1.2882330024159803
sub-2026cg,cg,central,4,1.75,0.9605243278416854,5.832072427011006,0.16469691346648166,-0.783314539731495
sub-2026cg,cg,frontal,4,1.75,2.1361416371333486,15.449402157463973,0.13826694491872799,-0.859281633016064
sub-2026cg,cg,global,4,1.75,1.8193793908488305,18.257678368596743,0.09965009538004395,-1.0015222812785267
sub-2026cg,cg,posterior,5,2.25,2.230915570828345,43.38878927299524,0.051416866158485904,-1.2888943969960063
sub-2026cg,cg,central,5,2.25,1.051809390920379,6.6140455684503765,0.15902663204160694,-0.7985301386973374
sub-2026cg,cg,frontal,5,2.25,2.1351329876409024,14.198962866978373,0.15037246083701267,-0.8228316930105984
sub-2026cg,cg,global,5,2.25,1.7291802638736233,18.30121331894241,0.09448446033268516,-1.0246396131490976
sub-2026cg,cg,posterior,6,2.75,2.617965885885652,44.940702522686095,0.0582537819599972,-1.23467587406092
sub-2026cg,cg,central,6,2.75,1.059107204844336,6.158272880641608,0.1719812072916768,-0.7645190066704949
sub-2026cg,cg,frontal,6,2.75,2.3021308495248705,14.6371005369775,0.15728052449383878,-0.803325051238795
sub-2026cg,cg,global,6,2.75,1.9988886813865447,18.16909751396073,0.1100158486050638,-0.958544746969682
sub-2026cg,cg,posterior,7,3.25,4.052629676373713,34.93691164430391,0.1159985094742755,-0.9355475912149452
sub-2026cg,cg,central,7,3.25,1.1011239825152352,5.462248849981608,0.20158802953822633,-0.6955352602217642
sub-2026cg,cg,frontal,7,3.25,2.416416425715094,11.62327486423011,0.20789462986472618,-0.6821567288033941
sub-2026cg,cg,global,7,3.25,2.3457276477433258,14.78928892109227,0.15860990073686929,-0.7996697066704687
sub-2026cg,cg,posterior,8,3.75,2.3845696783787433,38.2361760657794,0.062364229997174975,-1.2050644354631737
sub-2026cg,cg,central,8,3.75,1.041893225278869,4.848649439861039,0.2148831830805094,-0.6677975713913786
sub-2026cg,cg,frontal,8,3.75,2.3696584572006705,11.837872631170667,0.20017603931309835,-0.6985879079599364
sub-2026cg,cg,global,8,3.75,1.940667230358476,15.60687187705711,0.12434697008125983,-0.9053647925655055
sub-2026cg,cg,posterior,9,4.25,4.255477743546408,27.163747879405044,0.15666018409679094,-0.8050413674386726
sub-2026cg,cg,central,9,4.25,1.387909320186383,3.4482921346126165,0.4024918034800731,-0.395242959369704
sub-2026cg,cg,frontal,9,4.25,2.8726301144786683,8.716480426640086,0.3295630775122353,-0.48206145028472686
sub-2026cg,cg,global,9,4.25,2.70611874016248,11.389204136829932,0.2376038490179965,-0.6241465283636677
sub-2026cg,cg,posterior,10,4.75,3.760760733523562,21.82957308223962,0.1722782538786015,-0.7637695386666415
sub-2026cg,cg,central,10,4.75,1.4422977777507817,3.4159481187552,0.42222473164386554,-0.37445633165867137
sub-2026cg,cg,frontal,10,4.75,3.8241235986467026,8.226041979037419,0.4648801462953618,-0.3326590008990492
sub-2026cg,cg,global,10,4.75,2.7860424371879358,9.548702654838335,0.29177182889617426,-0.5349566423450893
sub-2026cg,cg,posterior,11,5.25,5.9634735118709274,14.09176878708679,0.4231884302086796,-0.3734662142366068
sub-2026cg,cg,central,11,5.25,2.0334625180280512,2.624255515295748,0.7748721518067894,-0.11076994697122099
sub-2026cg,cg,frontal,11,5.25,3.7110190229669446,4.430583413254047,0.8375915036077342,-0.07696773671960584
sub-2026cg,cg,global,11,5.25,3.7096244409536387,6.362685851561047,0.5830280682557201,-0.23431053684450714
sub-2026cg,cg,posterior,12,5.75,6.527250240262467,15.765536935882402,0.4140201673313409,-0.3829785034506143
sub-2026cg,cg,central,12,5.75,1.9034112205068061,2.9228702319809376,0.6512130438362957,-0.1862769090872337
sub-2026cg,cg,frontal,12,5.75,3.844032480454626,6.225306870767517,0.6174848180585668,-0.20937371582448108
sub-2026cg,cg,global,12,5.75,3.8957855482687442,6.975011918696853,0.5585346080665331,-0.2529499118470905
sub-2026cg,cg,posterior,13,6.25,9.089693730033629,16.0542620314056,0.56618570895705,-0.24704109682083153
sub-2026cg,cg,central,13,6.25,2.195365028106321,2.154037589442552,1.0191860341093046,0.008253463901381089
sub-2026cg,cg,frontal,13,6.25,4.177718968458732,5.728059450719407,0.7293428087472169,-0.13706829479149774
sub-2026cg,cg,global,13,6.25,4.572637141727877,6.748902717272061,0.6775378655296663,-0.1690664283781984
sub-2026cg,cg,posterior,14,6.75,8.950223857127122,6.893476003830218,1.2983615018249306,0.11339562959014704
sub-2026cg,cg,central,14,6.75,2.4646447160100284,1.4392127635687748,1.712495037841743,0.23362932174631917
sub-2026cg,cg,frontal,14,6.75,5.259372908226924,2.8254201036908944,1.8614481086747119,0.26985093395739446
sub-2026cg,cg,global,14,6.75,5.218591137291803,3.371815586548873,1.5477095361057824,0.18968945847677343
sub-2026cg,cg,posterior,15,7.25,15.219511215490696,5.061813933356707,3.006730673207101,0.4780945280744209
sub-2026cg,cg,central,15,7.25,3.8996415794614965,1.2294457823200746,3.1718695005016997,0.501315310935013
sub-2026cg,cg,frontal,15,7.25,6.8716893165764645,2.179995611106392,3.152157408743104,0.4986078966479811
sub-2026cg,cg,global,15,7.25,7.505617228922804,2.597634717502592,2.88940441793095,0.46080833249274905
sub-2028cg,cg,posterior,1,0.25,8.479990112003094,88.28560864529953,0.09605178286840278,-1.0174945695558197
sub-2028cg,cg,central,1,0.25,8.637668395878327,29.755683213210798,0.29028634072980763,-0.537173399184641
sub-2028cg,cg,frontal,1,0.25,13.164578592454038,22.9829919691123,0.5727965536491683,-0.24199960371635243
sub-2028cg,cg,global,1,0.25,9.781163373084489,35.51607765927543,0.275401001960869,-0.5600344840308565
sub-2028cg,cg,posterior,2,0.75,13.996788760497651,71.72317501370276,0.19515015555046963,-0.7096310982147402
sub-2028cg,cg,central,2,0.75,8.433233566311904,24.67390101667712,0.34178760628940963,-0.4662436894728229
sub-2028cg,cg,frontal,2,0.75,18.11387845623366,23.646703281852407,0.7660213028568386,-0.1157591525808051
sub-2028cg,cg,global,2,0.75,12.824313225504815,32.07722579661911,0.39979496066198084,-0.3981626843812017
sub-2028cg,cg,posterior,3,1.25,11.869883463588874,63.24109912762103,0.18769255479945657,-0.7265529541961372
sub-2028cg,cg,central,3,1.25,9.487553913685247,29.48739504193378,0.32174947635059237,-0.49248215124015143
sub-2028cg,cg,frontal,3,1.25,14.109396722376811,19.237315380167328,0.733438967108834,-0.134636019994757
sub-2028cg,cg,global,3,1.25,14.119304432603142,31.12476322459978,0.45363572184362205,-0.34329275396362813
sub-2028cg,cg,posterior,4,1.75,13.064669937355296,67.35328530853934,0.19397227436653192,-0.7122603419776834
sub-2028cg,cg,central,4,1.75,11.84438670804863,27.504137209286515,0.43064018398110243,-0.36588544765001185
sub-2028cg,cg,frontal,4,1.75,18.39175271015364,22.817198315521317,0.8060478090179335,-0.09363919817394264
sub-2028cg,cg,global,4,1.75,12.825728394802288,30.0757680436469,0.42644724404674184,-0.37013468791153853
sub-2028cg,cg,posterior,5,2.25,10.899220050529287,67.47926122214953,0.16151955212799077,-0.7917748983029751
sub-2028cg,cg,central,5,2.25,11.58410302401157,39.113738008289,0.29616456043031897,-0.528466911143596
sub-2028cg,cg,frontal,5,2.25,15.413742469982292,22.826118671976847,0.6752677794891789,-0.17052397221657464
sub-2028cg,cg,global,5,2.25,12.926048445681994,34.109552780075475,0.3789568432346181,-0.42141024600095733
sub-2028cg,cg,posterior,6,2.75,10.73284054378061,51.990765831104945,0.20643743888379856,-0.6852115375382095
sub-2028cg,cg,central,6,2.75,11.835973007708768,26.453065303045218,0.4474329485871052,-0.34927203798036444
sub-2028cg,cg,frontal,6,2.75,15.934570729826833,20.8751243592882,0.7633281821737693,-0.11728870311478197
sub-2028cg,cg,global,6,2.75,12.3175186946892,25.0603138239324,0.4915149419607853,-0.30846327516148647
sub-2028cg,cg,posterior,7,3.25,15.892506270093925,52.68618192143658,0.30164467589988136,-0.5205043356806057
sub-2028cg,cg,central,7,3.25,9.536121490986636,33.870019366686336,0.2815505178118119,-0.5504436695923535
sub-2028cg,cg,frontal,7,3.25,21.645673869693518,20.6833275692837,1.046527634259343,0.019750700661222437
sub-2028cg,cg,global,7,3.25,22.4739681998135,30.034503735855154,0.7482716677280771,-0.12594069842563593
sub-2028cg,cg,posterior,8,3.75,15.386215518341082,90.4227721658279,0.17015863537255896,-0.7691460060187263
sub-2028cg,cg,central,8,3.75,8.998824218074706,44.14841245804889,0.2038312074443368,-0.6907293228649786
sub-2028cg,cg,frontal,8,3.75,13.736734547097532,21.043972663968166,0.6527633715575859,-0.18524422309108496
sub-2028cg,cg,global,8,3.75,17.08446917507965,39.7109511496057,0.430220598613118,-0.3663087997834046
sub-2028cg,cg,posterior,9,4.25,18.76062121917884,40.00462639867181,0.46896129043219137,-0.32886300386382605
sub-2028cg,cg,central,9,4.25,13.196537152758204,29.038912614666106,0.454443226847733,-0.34252036504229416
sub-2028cg,cg,frontal,9,4.25,19.221116413713226,17.20236125419078,1.1173533754867893,0.04819054532084369
sub-2028cg,cg,global,9,4.25,19.195399735274247,25.134662233424724,0.7637023150344033,-0.1170758929051361
sub-2028cg,cg,posterior,10,4.75,17.94321402970317,81.796887614705,0.21936304122257871,-0.6588365415068396
sub-2028cg,cg,central,10,4.75,9.795907067648805,26.409521978623573,0.3709233009055529,-0.4307158840160838
sub-2028cg,cg,frontal,10,4.75,19.465723317769818,28.356426003412732,0.6864660347332592,-0.16338094610798692
sub-2028cg,cg,global,10,4.75,20.304656563377005,38.81533920971163,0.5231090846243787,-0.2814077376900587
sub-2028cg,cg,posterior,11,5.25,10.543816306662421,67.52363705230974,0.15615000564164302,-0.8064579957428804
sub-2028cg,cg,central,11,5.25,9.173010624850752,33.72906766578345,0.2719615826842537,-0.5654924401077297
sub-2028cg,cg,frontal,11,5.25,15.2342112134464,21.30502189388564,0.7150525960181476,-0.1456620122963344
sub-2028cg,cg,global,11,5.25,10.79728906181261,32.36741434944464,0.3335851589886997,-0.4767932791154944
sub-2028cg,cg,posterior,12,5.75,13.089356900860107,35.62508404985286,0.3674196777344633,-0.43483758808833695
sub-2028cg,cg,central,12,5.75,14.23928707822617,22.598544113004195,0.6300975411080689,-0.20059221517186082
sub-2028cg,cg,frontal,12,5.75,21.865179075080693,19.636727940963972,1.1134838319712101,0.04668391536496975
sub-2028cg,cg,global,12,5.75,15.038149706276863,20.95044285437571,0.7177962685946754,-0.1439988036413333
sub-2028cg,cg,posterior,13,6.25,14.414812666619058,48.96975066368756,0.29436156956600645,-0.5311188900372035
sub-2028cg,cg,central,13,6.25,12.595725244259734,28.284560665496887,0.445321579967997,-0.3513262587561892
sub-2028cg,cg,frontal,13,6.25,23.36395636697501,21.337876289036522,1.094952283465037,0.0393951936242064
sub-2028cg,cg,global,13,6.25,17.396796047657144,27.786837355968792,0.6260804648183612,-0.2033698470117978
sub-2028cg,cg,posterior,14,6.75,11.22838848599604,49.62621410052142,0.226259219839985,-0.6453937146905101
sub-2028cg,cg,central,14,6.75,7.749902031820464,21.09291714980621,0.3674172698247035,-0.4348404342759846
sub-2028cg,cg,frontal,14,6.75,17.242068201304402,21.681965950402144,0.7952262373599294,-0.09950929944492529
sub-2028cg,cg,global,14,6.75,10.83021617747236,25.14069376042897,0.43078430057164685,-0.3657401324384513
sub-2028cg,cg,posterior,15,7.25,11.30836905947374,47.05039159959058,0.24034590733506545,-0.6191632687378741
sub-2028cg,cg,central,15,7.25,8.709985068724066,12.686450703079567,0.6865580667577705,-0.16332272571634177
sub-2028cg,cg,frontal,15,7.25,14.695278697995954,14.416377577461512,1.0193461304017506,0.008321678607762305
sub-2028cg,cg,global,15,7.25,11.500990706008269,19.83329078231686,0.5798831284348649,-0.23665952676520102
sub-2029cg,cg,posterior,1,0.25,4.186484933094808,27.271274822441427,0.15351262309343036,-0.8138559073892608
sub-2029cg,cg,central,1,0.25,2.732337529249229,8.214800142372114,0.3326115647239881,-0.47806265467002623
sub-2029cg,cg,frontal,1,0.25,7.295047922155342,12.897701375226289,0.5656083754712727,-0.2474841681750437
sub-2029cg,cg,global,1,0.25,4.372454568666004,13.881513042118899,0.31498400465419185,-0.5017114997557937
sub-2029cg,cg,posterior,2,0.75,4.826582762976999,32.594517897830144,0.14807958743572366,-0.8295048042405537
sub-2029cg,cg,central,2,0.75,3.3057242474413906,10.794283664505883,0.3062476723963982,-0.5139272034249354
sub-2029cg,cg,frontal,2,0.75,8.447293440895928,15.340926814745956,0.5506377510892138,-0.2591340171931348
sub-2029cg,cg,global,2,0.75,4.9666305871818555,16.56150110652659,0.2998901219904877,-0.5230378391276875
sub-2029cg,cg,posterior,3,1.25,4.2098528912398185,22.394574706390845,0.1879853913920693,-0.7258758990571913
sub-2029cg,cg,central,3,1.25,2.9444026584394742,9.627086476906635,0.3058456642622334,-0.5144976717799887
sub-2029cg,cg,frontal,3,1.25,7.436224951557581,10.317093532081705,0.720767426255673,-0.14220484871750053
sub-2029cg,cg,global,3,1.25,4.392388585054755,12.380240384709404,0.35479025031530964,-0.45002832314820146
sub-2029cg,cg,posterior,4,1.75,5.581506014466505,19.88163894534971,0.280736715409069,-0.5517007855955853
sub-2029cg,cg,central,4,1.75,2.504345433244226,6.246331886725196,0.40093057472122173,-0.3969308234541507
sub-2029cg,cg,frontal,4,1.75,12.057878353889478,9.5324991769326,1.2649230941522625,0.1020641217168866
sub-2029cg,cg,global,4,1.75,5.692022738082343,10.446494594114537,0.544873946643229,-0.26370395755668735
sub-2029cg,cg,posterior,5,2.25,5.916794354362498,27.63401834781142,0.21411270268014065,-0.6693575665204039
sub-2029cg,cg,central,5,2.25,3.6511536497865413,8.427332396346747,0.43325141077493495,-0.36326001444030753
sub-2029cg,cg,frontal,5,2.25,10.919059019513307,14.532503057628631,0.7513543245932092,-0.12415520956549565
sub-2029cg,cg,global,5,2.25,6.177751523219698,14.65929025067085,0.4214222801773767,-0.37528250740304536
sub-2029cg,cg,posterior,6,2.75,4.930674736836806,22.59661506959749,0.21820413020491547,-0.6611370332700058
sub-2029cg,cg,central,6,2.75,2.6446862732923266,6.056718121755386,0.4366533525462848,-0.3598632010574091
sub-2029cg,cg,frontal,6,2.75,9.22726267164588,10.799060443476787,0.854450507054958,-0.06831308816317867
sub-2029cg,cg,global,6,2.75,5.102642521672188,11.90788569770296,0.4285095315162868,-0.3680395134399918
sub-2029cg,cg,posterior,7,3.25,4.218442277290443,22.99456114033526,0.18345391553878282,-0.7364730144681876
sub-2029cg,cg,central,7,3.25,3.0359052553484234,6.800542934800629,0.4464210114478789,-0.350255372894127
sub-2029cg,cg,frontal,7,3.25,7.504165237301291,11.292032595229115,0.6645539829978707,-0.17746973471245397
sub-2029cg,cg,global,7,3.25,4.529867904687616,11.936867231026273,0.37948548953561245,-0.42080482565807587
sub-2029cg,cg,posterior,8,3.75,4.086438124326214,21.19139460090478,0.19283478984208716,-0.7148146111311556
sub-2029cg,cg,central,8,3.75,2.970049436826428,7.3246829183594695,0.4054850523811669,-0.3920251507944486
sub-2029cg,cg,frontal,8,3.75,6.494538004989514,10.202657267795427,0.6365535795747497,-0.19616503531853594
sub-2029cg,cg,global,8,3.75,4.145552508565225,11.278778178096472,0.36755333273740054,-0.43467963499327844
sub-2029cg,cg,posterior,9,4.25,2.8577062466367775,12.892619785963772,0.22165442664709384,-0.6543235910093148
sub-2029cg,cg,central,9,4.25,2.575279113990084,4.087054780633727,0.6301063362773838,-0.2005861531471846
sub-2029cg,cg,frontal,9,4.25,6.309507427416506,7.5912782828539545,0.8311521712578339,-0.08031945625507077
sub-2029cg,cg,global,9,4.25,3.5073722769317035,7.192263800404071,0.48765901450036564,-0.3118837433305231
sub-2029cg,cg,posterior,10,4.75,4.1911773939394585,24.536430226734595,0.1708144728149086,-0.7674753350675837
sub-2029cg,cg,central,10,4.75,2.624173210490775,5.953528724147707,0.44077610642022147,-0.35578195574225063
sub-2029cg,cg,frontal,10,4.75,8.539970404652792,11.348911406158027,0.752492472539606,-0.12349784012064789
sub-2029cg,cg,global,10,4.75,4.482785041516362,12.048637281649398,0.37205743161874744,-0.42939001627417756
sub-2029cg,cg,posterior,11,5.25,3.9554243772583586,20.85295748757813,0.18968169764958087,-0.7219745720805545
sub-2029cg,cg,central,11,5.25,2.8451251725555275,5.7836203191942746,0.49192806849946996,-0.3080983966993406
sub-2029cg,cg,frontal,11,5.25,6.8316281414519135,9.82863441928205,0.6950739899379574,-0.1579689627315766
sub-2029cg,cg,global,11,5.25,4.2215603047463475,10.75331024405565,0.3925823963909155,-0.4060691783011954
sub-2029cg,cg,posterior,12,5.75,3.997716767721821,16.87816271430073,0.23685734255509863,-0.625513147639697
sub-2029cg,cg,central,12,5.75,2.730463510447835,5.361613666063309,0.5092615172425581,-0.29305914039686226
sub-2029cg,cg,frontal,12,5.75,6.887811927725309,7.555616678797729,0.9116147920862122,-0.040188636465227384
sub-2029cg,cg,global,12,5.75,4.108807012588708,8.74374893384953,0.4699136541629589,-0.32798193560808664
sub-2029cg,cg,posterior,13,6.25,3.5359459141287815,14.920249999224207,0.23698972298135998,-0.6252704866871892
sub-2029cg,cg,central,13,6.25,2.742419283925424,5.991693257403209,0.4577035515856806,-0.33941571761841
sub-2029cg,cg,frontal,13,6.25,6.946909137698756,7.923462824947407,0.8767516540654517,-0.05712340611276063
sub-2029cg,cg,global,13,6.25,3.878175566075105,8.520586904891875,0.4551535720912078,-0.34184204453245387
sub-2029cg,cg,posterior,14,6.75,3.5937971682482535,11.587901248683764,0.31013356872164083,-0.5084512233739342
sub-2029cg,cg,central,14,6.75,2.750195221520364,4.227043676301642,0.6506190690526732,-0.18667321209168897
sub-2029cg,cg,frontal,14,6.75,7.1208659555995615,7.166873437365892,0.9935805365940381,-0.0027969245473258007
sub-2029cg,cg,global,14,6.75,4.128309317112295,6.728587790113358,0.6135476634752721,-0.21215169344188547
sub-2029cg,cg,posterior,15,7.25,3.6946656247163565,13.466244969533353,0.2743649497744424,-0.5616713707051674
sub-2029cg,cg,central,15,7.25,2.528041929831294,4.803221418162897,0.5263221720888732,-0.2787483343091054
sub-2029cg,cg,frontal,15,7.25,7.929598339715541,8.889297103948063,0.8920388470527907,-0.049616232290576226
sub-2029cg,cg,global,15,7.25,4.353573020596951,7.956273804444159,0.5471874306494031,-0.26186388727898813
sub-2030cg,cg,posterior,1,0.25,6.195282192140332,70.40703510380543,0.0879923743842678,-1.0555549631490568
sub-2030cg,cg,central,1,0.25,3.2130148755385015,11.609340422109929,0.2767611904479372,-0.557894810010088
sub-2030cg,cg,frontal,1,0.25,4.983715324740612,21.83869655294952,0.228205713315226,-0.6416734868669034
sub-2030cg,cg,global,1,0.25,5.188135330472961,30.691426496517,0.1690418440166583,-0.7720057783676506
sub-2030cg,cg,posterior,2,0.75,6.173950439278789,66.86662827421985,0.092332312823662,-1.0346462857003573
sub-2030cg,cg,central,2,0.75,2.380877462065985,9.630500344942835,0.24722261323797476,-0.606911807226804
sub-2030cg,cg,frontal,2,0.75,4.498022854290752,20.221253306646755,0.22244035946141108,-0.6527864117790019
sub-2030cg,cg,global,2,0.75,4.727360184930262,28.82206074957473,0.16401881274225036,-0.7851063360890628
sub-2030cg,cg,posterior,3,1.25,6.823403663067652,73.11504413415325,0.09332420904441918,-1.0300056821849404
sub-2030cg,cg,central,3,1.25,2.5506799116931878,10.528410264026848,0.2422663866365726,-0.6157068380742886
sub-2030cg,cg,frontal,3,1.25,5.034706193923206,21.14495413500907,0.23810437997533385,-0.6232326155920853
sub-2030cg,cg,global,3,1.25,5.04196458992825,31.11437115094372,0.16204616720255727,-0.7903612366617929
sub-2030cg,cg,posterior,4,1.75,5.518581495610358,64.90699656307548,0.08502290643270634,-1.070464053143164
sub-2030cg,cg,central,4,1.75,2.3708311077697872,9.04278977369163,0.2621791689404628,-0.5814018175032967
sub-2030cg,cg,frontal,4,1.75,4.315529756826586,20.22631935283749,0.21336208934232878,-0.6708827444807159
sub-2030cg,cg,global,4,1.75,4.4704623421067105,27.630363380583326,0.16179527864075202,-0.7910341557162404
sub-2030cg,cg,posterior,5,2.25,4.497950075955542,42.42614874542091,0.10601834502927888,-0.97461897949331
sub-2030cg,cg,central,5,2.25,2.2945614519524327,6.9506167043476,0.3301234335821148,-0.481323646484021
sub-2030cg,cg,frontal,5,2.25,4.522001096119278,12.519414311673811,0.36119909314788856,-0.4422533487277519
sub-2030cg,cg,global,5,2.25,4.242933421639433,19.345878753488346,0.21931975671430123,-0.6589222445398566
sub-2030cg,cg,posterior,6,2.75,4.758428235581366,64.00898458178395,0.07434000502697473,-1.1287774138726938
sub-2030cg,cg,central,6,2.75,2.1990297350209373,9.390810531492734,0.23416825711117678,-0.630471976453169
sub-2030cg,cg,frontal,6,2.75,4.56363151522193,19.1949297233895,0.23775192621106767,-0.62387595582294
sub-2030cg,cg,global,6,2.75,4.249327304912159,28.38292417172823,0.14971421828145687,-0.8247369529772212
sub-2030cg,cg,posterior,7,3.25,5.2850579869427285,50.99785327226057,0.10363295017003094,-0.9845021383955012
sub-2030cg,cg,central,7,3.25,2.4719259936116766,7.013425305918344,0.35245630854950705,-0.45289471167088213
sub-2030cg,cg,frontal,7,3.25,5.049862463351063,14.76984939873863,0.3419034498606553,-0.4660965170803077
sub-2030cg,cg,global,7,3.25,4.713567505399607,21.930167530979332,0.2149353167841082,-0.6676922181787445
sub-2030cg,cg,posterior,8,3.75,5.325365615865453,56.00924745506552,0.09508011369261529,-1.0219103076333196
sub-2030cg,cg,central,8,3.75,2.1161186831923127,7.423241807107036,0.2850666512259285,-0.5450535860426577
sub-2030cg,cg,frontal,8,3.75,4.520380235063201,13.504504958258726,0.3347312803420274,-0.47530370131068034
sub-2030cg,cg,global,8,3.75,4.459379631324307,23.59141490969396,0.1890255268026294,-0.723479542911789
sub-2030cg,cg,posterior,9,4.25,5.2372650083555,36.92861125923046,0.14182133662138255,-0.848258425853631
sub-2030cg,cg,central,9,4.25,2.9361898160408426,6.774976030423154,0.43338748400818367,-0.3631236350205146
sub-2030cg,cg,frontal,9,4.25,4.913520472510653,10.579913753987393,0.46441970953296563,-0.33308935749554036
sub-2030cg,cg,global,9,4.25,5.250851292843369,17.766262599846556,0.2955518226376278,-0.5293663580575282
sub-2030cg,cg,posterior,10,4.75,5.575234542639563,53.39106216016931,0.10442261901279026,-0.9812054184942083
sub-2030cg,cg,central,10,4.75,2.298913490985138,7.1645106125520135,0.32087516025972646,-0.49366390141392447
sub-2030cg,cg,frontal,10,4.75,5.247877101779437,16.58446287738195,0.3164333473191069,-0.4997177546512079
sub-2030cg,cg,global,10,4.75,4.898031159193718,23.49932124008668,0.20843287808833968,-0.6810337745945891
sub-2030cg,cg,posterior,11,5.25,5.002314443506002,39.86272410988517,0.12548852481121645,-0.9013959860476565
sub-2030cg,cg,central,11,5.25,2.3343794400517566,5.056297138050002,0.4616776617981804,-0.33566113821143506
sub-2030cg,cg,frontal,11,5.25,4.732859821685521,9.829103801027747,0.4815148885893997,-0.31739027981202667
sub-2030cg,cg,global,11,5.25,4.549874545081991,17.096397160690422,0.2661306064849425,-0.5749051763198926
sub-2030cg,cg,posterior,12,5.75,4.7964291456344466,39.22713765449922,0.1222732381821979,-0.9126685861493871
sub-2030cg,cg,central,12,5.75,2.260275666264139,5.766987168534793,0.39193353482671317,-0.4067875755953616
sub-2030cg,cg,frontal,12,5.75,5.0750048974786495,11.650586933705679,0.4356007921623613,-0.3609113391287754
sub-2030cg,cg,global,12,5.75,4.34277633848517,16.40681211322875,0.2646934888090543,-0.5772567417703489
sub-2030cg,cg,posterior,13,6.25,3.8541748035276577,26.64786437369152,0.14463353421044675,-0.8397310014116445
sub-2030cg,cg,central,13,6.25,1.9901519714715814,3.5177255219144494,0.5657496467741697,-0.24737570852493834
sub-2030cg,cg,frontal,13,6.25,4.310606911837634,8.2476306816247,0.5226479068032769,-0.28179078460728024
sub-2030cg,cg,global,13,6.25,3.7119465678806662,11.948409378247014,0.3106644951953644,-0.5077083779707242
sub-2030cg,cg,posterior,14,6.75,4.580264824597658,40.19308938587838,0.11395652572571117,-0.9432607998779173
sub-2030cg,cg,central,14,6.75,2.1331368909878954,5.701127080935539,0.37416055820279204,-0.4269419951836566
sub-2030cg,cg,frontal,14,6.75,4.116723467020521,11.842520518177873,0.34762223638975237,-0.4588924507720173
sub-2030cg,cg,global,14,6.75,4.0826557319968195,16.819885719856224,0.242727911473094,-0.6148802809331159
sub-2030cg,cg,posterior,15,7.25,5.657484694019746,40.18065238733018,0.14080121545770802,-0.851393596157705
sub-2030cg,cg,central,15,7.25,2.6279382111277885,6.696749298620485,0.39241997780462495,-0.40624889112528295
sub-2030cg,cg,frontal,15,7.25,5.930261980081048,13.741429284962773,0.4315607828779882,-0.3649580277368676
sub-2030cg,cg,global,15,7.25,5.042139134130487,18.703451244191267,0.26958335487395274,-0.5693069263413102
sub-2031cg,cg,posterior,1,0.25,12.810864777961513,62.75640398170198,0.20413637438016372,-0.6900796029023538
sub-2031cg,cg,central,1,0.25,8.389416588640577,33.8494655185799,0.24784487613358752,-0.6058200551324878
sub-2031cg,cg,frontal,1,0.25,13.782905523174609,40.295538942135764,0.342045444359655,-0.4659161894892163
sub-2031cg,cg,global,1,0.25,11.135392663196356,44.76045076044566,0.24877749160284565,-0.6041889154397445
sub-2031cg,cg,posterior,2,0.75,29.80371796068509,76.39504328916027,0.39012633120549534,-0.40879473640616354
sub-2031cg,cg,central,2,0.75,16.159853598217413,44.891159594025034,0.3599785290547111,-0.44372340198588295
sub-2031cg,cg,frontal,2,0.75,24.668771802013275,37.035590245133385,0.6660828581030875,-0.1764717429337923
sub-2031cg,cg,global,2,0.75,22.10038654000197,51.83595433254895,0.4263524579526193,-0.3702312289345046
sub-2031cg,cg,posterior,3,1.25,17.588600738218005,56.65388031840426,0.3104571238433649,-0.5079983702507025
sub-2031cg,cg,central,3,1.25,11.469637545446766,38.3167843074834,0.2993371639280989,-0.5238393603835679
sub-2031cg,cg,frontal,3,1.25,19.442318002494982,33.448918028106355,0.5812540180270719,-0.23563403194981056
sub-2031cg,cg,global,3,1.25,15.979421496380127,41.28865920939869,0.38701720526547573,-0.4122697275243391
sub-2031cg,cg,posterior,4,1.75,14.335327370731196,37.54986481744026,0.38176774910979355,-0.4182007626245169
sub-2031cg,cg,central,4,1.75,10.759907929925129,29.807840304424385,0.36097576409546295,-0.4425219556371067
sub-2031cg,cg,frontal,4,1.75,16.758934489220856,26.15091048211453,0.6408547228473305,-0.19324041075666243
sub-2031cg,cg,global,4,1.75,13.670315502828432,29.95533262662464,0.45635665853625346,-0.3406956084526592
sub-2031cg,cg,posterior,5,2.25,28.46217466715052,43.15540522655193,0.659527457052791,-0.1807671194530256
sub-2031cg,cg,central,5,2.25,16.94476502909002,31.55752512036244,0.5369484762972253,-0.2700673856847115
sub-2031cg,cg,frontal,5,2.25,27.890961100029738,31.568364982937968,0.8835098401549846,-0.053788609143960255
sub-2031cg,cg,global,5,2.25,23.50672996264733,34.939723085766126,0.6727795153082822,-0.17212724034333854
sub-2031cg,cg,posterior,6,2.75,28.860819345321868,46.02980890908959,0.627002805993024,-0.2027305155894434
sub-2031cg,cg,central,6,2.75,18.201145993662635,42.256139795718866,0.4307337603873287,-0.3657910874310013
sub-2031cg,cg,frontal,6,2.75,24.803640573410636,31.421022745850355,0.789396346962842,-0.10270488769164454
sub-2031cg,cg,global,6,2.75,24.110179350416978,38.66350665896434,0.6235900836176975,-0.20510079961590347
sub-2031cg,cg,posterior,7,3.25,13.708417939596293,40.14432525728701,0.34147834972286495,-0.46663682607894935
sub-2031cg,cg,central,7,3.25,9.211904164142792,16.975168435303228,0.5426693820006411,-0.2654646810984002
sub-2031cg,cg,frontal,7,3.25,17.32224744732394,23.927154753993936,0.7239576801095625,-0.14028682031124276
sub-2031cg,cg,global,7,3.25,12.93633639605242,26.664536089272087,0.48515137682283105,-0.31412273178669275
sub-2031cg,cg,posterior,8,3.75,34.56203515575668,40.74339262808154,0.8482856464911936,-0.07145788146280489
sub-2031cg,cg,central,8,3.75,19.249073855461365,32.181598312655844,0.598139149847365,-0.22319777089296955
sub-2031cg,cg,frontal,8,3.75,27.999086992814792,30.34520274670219,0.9226857776014575,-0.0349461736088193
sub-2031cg,cg,global,8,3.75,26.542220173855405,35.76816599942006,0.7420626535418605,-0.1295594249921674
sub-2031cg,cg,posterior,9,4.25,21.338215517926553,33.239307656899754,0.6419572795613632,-0.19249387203719642
sub-2031cg,cg,central,9,4.25,14.377449962241434,30.315596385767293,0.4742591826097614,-0.3239842515449589
sub-2031cg,cg,frontal,9,4.25,22.947381825175256,24.496668798431948,0.9367551977779174,-0.028373888455669714
sub-2031cg,cg,global,9,4.25,19.4846731873065,28.28483519568612,0.6888734918377116,-0.16186052677362456
sub-2031cg,cg,posterior,10,4.75,35.94392162749645,47.82276978459322,0.7516068556756053,-0.12400926719776778
sub-2031cg,cg,central,10,4.75,23.662510179706548,37.07569849481573,0.6382215613015425,-0.19502852794553624
sub-2031cg,cg,frontal,10,4.75,33.33314371987418,30.992992223493193,1.0755058265915711,0.03161276753585999
sub-2031cg,cg,global,10,4.75,30.531619574265545,37.83135177151721,0.8070454304319215,-0.09310201716076116
sub-2031cg,cg,posterior,11,5.25,29.074562880176547,35.09622236397057,0.8284242839202034,-0.08174717895052265
sub-2031cg,cg,central,11,5.25,16.293840060928215,30.613226193998795,0.5322483804115473,-0.2738856514103502
sub-2031cg,cg,frontal,11,5.25,30.242958877416893,30.1198419296579,1.0040875695180116,0.0017715905978547255
sub-2031cg,cg,global,11,5.25,23.56714102817387,30.81504993624592,0.76479321230803,-0.11645597516481304
sub-2031cg,cg,posterior,12,5.75,20.763429432607,38.052661730496006,0.5456498570234539,-0.26308595425898246
sub-2031cg,cg,central,12,5.75,15.672531023056266,30.047251470313487,0.5215961612509097,-0.282665613506355
sub-2031cg,cg,frontal,12,5.75,21.471393652570075,27.46873838164243,0.7816665386758197,-0.10697847878035967
sub-2031cg,cg,global,12,5.75,19.849575765201905,30.546128555916166,0.6498229629612897,-0.18720494594399
sub-2031cg,cg,posterior,13,6.25,24.26518341345413,51.87763362148226,0.4677388253770705,-0.32999657931709614
sub-2031cg,cg,central,13,6.25,16.80963400706865,34.1856508991766,0.4917160728238036,-0.3082855956053004
sub-2031cg,cg,frontal,13,6.25,23.350548341417497,33.40338870805026,0.6990472896478909,-0.15549344379875024
sub-2031cg,cg,global,13,6.25,20.847336254150548,36.987170375710505,0.5636369595831804,-0.24900053646980194
sub-2031cg,cg,posterior,14,6.75,18.682901969886917,49.66544574375162,0.37617505873764157,-0.42461000254346626
sub-2031cg,cg,central,14,6.75,11.630703359960757,30.228868794029115,0.38475483284568307,-0.41481591635670423
sub-2031cg,cg,frontal,14,6.75,16.57298047576729,29.216104091179517,0.5672549777357466,-0.24622168443609463
sub-2031cg,cg,global,14,6.75,15.931462392408253,35.44958641059456,0.44941179871274695,-0.3473555299396413
sub-2031cg,cg,posterior,15,7.25,12.632650146810569,50.17242176161049,0.2517847395693477,-0.5989705956009264
sub-2031cg,cg,central,15,7.25,8.17957786505162,34.76268285816016,0.23529765807852637,-0.6283823953426126
sub-2031cg,cg,frontal,15,7.25,12.694825646594207,22.956545304144765,0.5529937313478165,-0.2572797917630826
sub-2031cg,cg,global,15,7.25,10.861013759128017,32.776968585222626,0.33136114253179183,-0.4796984210025385
sub-2033cg,cg,posterior,1,0.25,5.475062064836355,35.22183861904479,0.1554450954152046,-0.8084229762114333
sub-2033cg,cg,central,1,0.25,3.4064549892858267,8.17276524197952,0.4168056818503148,-0.38006636941241956
sub-2033cg,cg,frontal,1,0.25,4.88382460152,11.722234781215523,0.4166291404900165,-0.3802503572605315
sub-2033cg,cg,global,1,0.25,4.790099522280502,17.476372699744054,0.2740900302698771,-0.562106761167993
sub-2033cg,cg,posterior,2,0.75,8.41698671469934,50.41388015552456,0.1669577245142273,-0.7773934829510418
sub-2033cg,cg,central,2,0.75,4.503332880738399,11.592943384748677,0.3884546599841802,-0.41065966429623757
sub-2033cg,cg,frontal,2,0.75,6.164044547299186,19.937537441988976,0.30916779794065974,-0.5098057473053967
sub-2033cg,cg,global,2,0.75,6.5758578552228455,26.03603204512389,0.25256758955535213,-0.5976223805437542
sub-2033cg,cg,posterior,3,1.25,4.973113254131805,62.096954496580615,0.08008626662046124,-1.0964419513603443
sub-2033cg,cg,central,3,1.25,2.957986409166525,10.8475238993965,0.27268770611614807,-0.5643344413993017
sub-2033cg,cg,frontal,3,1.25,5.013768367739538,22.376170841319524,0.22406730817773268,-0.6496215031869897
sub-2033cg,cg,global,3,1.25,4.499367419190751,28.94051205234192,0.15546951660886918,-0.8083547517584057
sub-2033cg,cg,posterior,4,1.75,6.76928637649704,60.236470930379284,0.1123785353282219,-0.9493166325277916
sub-2033cg,cg,central,4,1.75,3.2309400101008072,10.601483248315924,0.30476301611984824,-0.5160377370358779
sub-2033cg,cg,frontal,4,1.75,5.897370897847322,20.870696841129313,0.28256703370946074,-0.5488785074315645
sub-2033cg,cg,global,4,1.75,5.400930480893992,28.442499624917286,0.18988944544671674,-0.7214991738182057
sub-2033cg,cg,posterior,5,2.25,6.112671486508504,35.21276422357958,0.17359249185030654,-0.7604690626762113
sub-2033cg,cg,central,5,2.25,3.1633447631440816,8.19380812342231,0.3860652721536817,-0.413339262842014
sub-2033cg,cg,frontal,5,2.25,4.930568719494228,13.175889104523481,0.37421146158565416,-0.4268829147858417
sub-2033cg,cg,global,5,2.25,4.724888045125539,17.267402404493616,0.2736305052980029,-0.5628354875656593
sub-2033cg,cg,posterior,6,2.75,10.204330390101088,15.070331931724404,0.6771138443619849,-0.16933830646760498
sub-2033cg,cg,central,6,2.75,4.388134595795051,5.469801283118251,0.8022475349037619,-0.09569160870343169
sub-2033cg,cg,frontal,6,2.75,8.247551757968344,8.223048498220162,1.002979826733782,0.0012921979991741333
sub-2033cg,cg,global,6,2.75,7.624161075726619,9.369570034069746,0.8137151489346417,-0.08952759866890685
sub-2033cg,cg,posterior,7,3.25,8.290520138811019,58.94189270059793,0.14065581811095992,-0.851842298897107
sub-2033cg,cg,central,7,3.25,3.772908207928037,10.744346473222508,0.3511528800128542,-0.4545037653266885
sub-2033cg,cg,frontal,7,3.25,5.704048468666775,21.142025058377886,0.2697966941632419,-0.5689633760705562
sub-2033cg,cg,global,7,3.25,5.989693667398328,27.435645039439045,0.21831794582515104,-0.6609105636380809
sub-2033cg,cg,posterior,8,3.75,9.923320525353125,21.83573213254884,0.45445329999085293,-0.34251073862092846
sub-2033cg,cg,central,8,3.75,3.8292704722709776,6.434208269197974,0.5951424498648219,-0.2253790716062376
sub-2033cg,cg,frontal,8,3.75,7.484249200413598,9.089332965477125,0.8234101697935464,-0.08438377341098315
sub-2033cg,cg,global,8,3.75,6.846550963806825,12.367276344780711,0.5536021653382263,-0.25680221986523644
sub-2033cg,cg,posterior,9,4.25,14.318397767357036,5.456809221222552,2.623950588499614,0.4189556525999615
sub-2033cg,cg,central,9,4.25,4.8231920664922345,2.496148431025435,1.9322537099730217,0.286064149826468
sub-2033cg,cg,frontal,9,4.25,8.726693638781649,3.4095238352498067,2.5595050982074357,0.4081559989462962
sub-2033cg,cg,global,9,4.25,9.076507464457062,3.910327962886552,2.3211627133589343,0.36570558553865584
sub-2033cg,cg,posterior,10,4.75,16.825525477143003,8.527740326852435,1.9730344537065962,0.29513466909608904
sub-2033cg,cg,central,10,4.75,5.795221933660436,3.5035988963551588,1.6540768806866801,0.2185556914813581
sub-2033cg,cg,frontal,10,4.75,10.461196091743275,4.887428759429831,2.1404293763994797,0.3305009028332595
sub-2033cg,cg,global,10,4.75,9.859493149972469,5.8123333898413945,1.6963055091100878,0.22950407255033684
sub-2033cg,cg,posterior,11,5.25,14.431768281098718,9.811796532196981,1.4708589027240324,0.16757101351107037
sub-2033cg,cg,central,11,5.25,5.22395815113187,5.762987182795453,0.9064670778250601,-0.042647964517783216
sub-2033cg,cg,frontal,11,5.25,7.830924328712709,6.49373808776172,1.205919336887191,0.08131825911725199
sub-2033cg,cg,global,11,5.25,8.429269128615278,7.96145251086403,1.0587602095362467,0.02479761122436105
sub-2033cg,cg,posterior,12,5.75,17.309379807384097,5.121577996783919,3.3796966126950476,0.5288777164474452
sub-2033cg,cg,central,12,5.75,4.871236089362808,3.1818642351118753,1.5309377551715477,0.18495753352317187
sub-2033cg,cg,frontal,12,5.75,9.448494280242057,3.2090092443240152,2.944364930376635,0.4689916363131634
sub-2033cg,cg,global,12,5.75,9.459600596098566,4.050064104873396,2.3356668811034216,0.3684109026463385
sub-2033cg,cg,posterior,13,6.25,14.402079106780986,23.18584925979744,0.6211581445823136,-0.20679781596561989
sub-2033cg,cg,central,13,6.25,4.4426751871599715,5.858670669115594,0.7583077182644614,-0.12015452362229065
sub-2033cg,cg,frontal,13,6.25,8.00298955155189,10.643339585209187,0.7519246649494739,-0.1238256690302521
sub-2033cg,cg,global,13,6.25,8.278234997381647,12.747559378828415,0.6493976416482063,-0.18748929289053803
sub-2033cg,cg,posterior,14,6.75,15.524148986728525,8.490562680658906,1.8284004924775823,0.26207132959403107
sub-2033cg,cg,central,14,6.75,5.121475325100598,3.9259130336792722,1.304531017667723,0.11545440972354164
sub-2033cg,cg,frontal,14,6.75,8.522773707471899,5.464789994901003,1.5595793645179759,0.1930074802122398
sub-2033cg,cg,global,14,6.75,8.69213301331297,6.108440316390073,1.4229709325292699,0.15319602870615665
sub-2033cg,cg,posterior,15,7.25,12.458577085552896,64.21683013350328,0.1940079736052402,-0.7121804204739267
sub-2033cg,cg,central,15,7.25,5.137496206304859,10.586974031770533,0.485265779521864,-0.31402033363593834
sub-2033cg,cg,frontal,15,7.25,8.005394482650292,23.435997795602905,0.3415853915190364,-0.4665007109289743
sub-2033cg,cg,global,15,7.25,7.9435192407917405,30.79082816067819,0.25798329292539496,-0.5884084181656388
sub-2034cg,cg,posterior,1,0.25,5.71047239087114,111.47512870643901,0.05122642563534706,-1.2905059463099022
sub-2034cg,cg,central,1,0.25,1.7560458941925539,16.58182051993635,0.10590187561620613,-0.9750963480836852
sub-2034cg,cg,frontal,1,0.25,3.8606481303035918,43.6360702195614,0.0884737812291108,-1.053185411274427
sub-2034cg,cg,global,1,0.25,3.5946307774748814,47.5571724993142,0.07558546037459897,-1.1215617373872662
sub-2034cg,cg,posterior,2,0.75,4.730381283614396,97.40422330998373,0.04856443717599606,-1.313681640033831
sub-2034cg,cg,central,2,0.75,1.81904086599723,15.614360645500113,0.11649794104899565,-0.9336817501655287
sub-2034cg,cg,frontal,2,0.75,3.4191469827077965,36.11421583017092,0.09467593035347971,-1.0237604184976328
sub-2034cg,cg,global,2,0.75,3.2048313239854345,40.592300840343064,0.07895170408276736,-1.10263849180191
sub-2034cg,cg,posterior,3,1.25,5.183797862600368,97.36371323494134,0.05324157933553458,-1.2737490702797334
sub-2034cg,cg,central,3,1.25,2.510800762134208,10.734396443707157,0.23390236938809159,-0.630965378845136
sub-2034cg,cg,frontal,3,1.25,3.9268832170762917,36.577652598133945,0.10735744199387542,-0.969167844987858
sub-2034cg,cg,global,3,1.25,3.809726422915718,39.431143586291284,0.09661719332533424,-1.0149455826746303
sub-2034cg,cg,posterior,4,1.75,5.086461136151092,74.25377986430449,0.06850103988573208,-1.1643028356140366
sub-2034cg,cg,central,4,1.75,2.3716542666200016,12.877049357762258,0.18417684057337044,-0.7347649813245014
sub-2034cg,cg,frontal,4,1.75,3.546194088479864,24.961351524479365,0.14206739106262514,-0.8475055948855988
sub-2034cg,cg,global,4,1.75,3.478080530002762,32.79089599745289,0.10606848102817715,-0.9744136504921969
sub-2034cg,cg,posterior,5,2.25,4.8342985129503315,76.77861773741068,0.06296412536995702,-1.2009068250150374
sub-2034cg,cg,central,5,2.25,1.98111883753944,12.770943220569313,0.15512705704842403,-0.8093124465320125
sub-2034cg,cg,frontal,5,2.25,3.760690783291607,25.52870585728987,0.14731223761653078,-0.8317611736694495
sub-2034cg,cg,global,5,2.25,3.384556095631846,32.965494503526344,0.10266965949107171,-0.988557878334347
sub-2034cg,cg,posterior,6,2.75,3.934491336936181,65.3846963254502,0.060174498897301275,-1.2205875176219902
sub-2034cg,cg,central,6,2.75,1.562443718514922,10.940595064712289,0.14281158467827915,-0.8452365617630286
sub-2034cg,cg,frontal,6,2.75,3.0216489576580075,21.032511249170764,0.14366562898080656,-0.8426471214234589
sub-2034cg,cg,global,6,2.75,2.8076208080247724,27.356374273086985,0.10263132021800457,-0.9887200844275708
sub-2034cg,cg,posterior,7,3.25,5.604610028089356,61.05259611055754,0.09179970034263911,-1.0371587364431007
sub-2034cg,cg,central,7,3.25,1.8357942938941936,11.275195888067609,0.16281706429925447,-0.7883000801431749
sub-2034cg,cg,frontal,7,3.25,5.242357009984635,18.823372068605376,0.27850254411791164,-0.5551708331964508
sub-2034cg,cg,global,7,3.25,4.096901688329421,26.9552686197824,0.15198890228542242,-0.81818812160889
sub-2034cg,cg,posterior,8,3.75,5.001968722650761,65.57118552703791,0.07628303015183746,-1.1175720640255467
sub-2034cg,cg,central,8,3.75,1.7412902212327392,11.063156488052085,0.1573954253574273,-0.8030078944095953
sub-2034cg,cg,frontal,8,3.75,4.158150448671802,19.97692474035899,0.2081476755164008,-0.6816284347221341
sub-2034cg,cg,global,8,3.75,3.572627472076692,28.12744457305884,0.12701571459138677,-0.8961425440982007
sub-2034cg,cg,posterior,9,4.25,5.569291210304456,64.43862424407051,0.08642784161887083,-1.063346332594264
sub-2034cg,cg,central,9,4.25,1.6645226287241845,8.169145615567105,0.20375724794919484,-0.6908869338107844
sub-2034cg,cg,frontal,9,4.25,4.198889029686824,20.329970696755687,0.2065368953215901,-0.68500235561391
sub-2034cg,cg,global,9,4.25,3.606685746339024,26.48876837078257,0.13615905790158375,-0.8659534621769305
sub-2034cg,cg,posterior,10,4.75,4.112247470410408,50.259753162756056,0.08181988990462659,-1.0871411092161016
sub-2034cg,cg,central,10,4.75,1.8000342903277373,8.045827351938298,0.22372270887643345,-0.6502899307930794
sub-2034cg,cg,frontal,10,4.75,3.401926629778864,16.57781834318782,0.20520954925150262,-0.6878024335663642
sub-2034cg,cg,global,10,4.75,3.106581938484284,20.998979745885965,0.14793966069198733,-0.8299153817120246
sub-2034cg,cg,posterior,11,5.25,4.565085412117295,56.20365375257872,0.0812239971481897,-1.0903156420721896
sub-2034cg,cg,central,11,5.25,2.160230259854297,8.487526151457159,0.2545182449285795,-0.5942810801728134
sub-2034cg,cg,frontal,11,5.25,4.246813570740039,17.422197528822448,0.243758777485694,-0.6130397368808395
sub-2034cg,cg,global,11,5.25,3.5462354442828823,22.408063862667486,0.15825711074445026,-0.8006367673283133
sub-2034cg,cg,posterior,12,5.75,4.271930243921748,64.91991127972902,0.0658030819776496,-1.1817537651316194
sub-2034cg,cg,central,12,5.75,1.6654467151671024,10.743215463570365,0.15502311396569657,-0.8096035436402489
sub-2034cg,cg,frontal,12,5.75,3.7090870577777673,19.86109411981457,0.18675139624243403,-0.7287361425079173
sub-2034cg,cg,global,12,5.75,3.1976280437547535,26.275451469934392,0.12169640728775412,-0.9147222427899406
sub-2034cg,cg,posterior,13,6.25,4.002634845316645,39.28325667015332,0.10189162469204778,-0.9918615127503508
sub-2034cg,cg,central,13,6.25,1.3568298508685495,6.429229953854766,0.2110408028033025,-0.6756335697299446
sub-2034cg,cg,frontal,13,6.25,3.9940583806333487,11.747284854941244,0.3399984277178172,-0.46852309129614145
sub-2034cg,cg,global,13,6.25,3.0213679203515396,16.796663369123614,0.1798790541879618,-0.7450194046377238
sub-2034cg,cg,posterior,14,6.75,3.612317233969071,60.74811557465469,0.059463856611812346,-1.2257469274399675
sub-2034cg,cg,central,14,6.75,1.7265663046475221,9.309549224240461,0.18546185889987468,-0.7317453915609663
sub-2034cg,cg,frontal,14,6.75,3.3554571117631284,18.70522495269268,0.17938608705585757,-0.7462112432828908
sub-2034cg,cg,global,14,6.75,2.8436328899134784,24.843085449814282,0.11446375675267567,-0.9413320044508454
sub-2034cg,cg,posterior,15,7.25,3.9125881097070314,49.70352722783769,0.07871852015193984,-1.103923078904555
sub-2034cg,cg,central,15,7.25,1.5760487284782752,8.67496421417286,0.18167783630777182,-0.740698050987742
sub-2034cg,cg,frontal,15,7.25,3.6786237476808368,14.145153734205138,0.26006247912211544,-0.5849223017282519
sub-2034cg,cg,global,15,7.25,2.980317406745844,20.41893312279158,0.14595852725621686,-0.8357705273827876
sub-2036cg,cg,posterior,1,0.25,3.352869059497761,39.39770697293332,0.08510315236877164,-1.0700543525945423
sub-2036cg,cg,central,1,0.25,1.4353492822854272,3.9147343081069814,0.36665305211466787,-0.4357446954739307
sub-2036cg,cg,frontal,1,0.25,2.487476250676869,8.482158943641496,0.2932598018033561,-0.5327474632773284
sub-2036cg,cg,global,1,0.25,2.318315532641585,14.140544571609462,0.16394810828545883,-0.7852935900707144
sub-2036cg,cg,posterior,2,0.75,4.285077057685158,24.678042149287982,0.17363926326743845,-0.7603520654938128
sub-2036cg,cg,central,2,0.75,1.4280256345302826,3.1659418200888294,0.4510587103872349,-0.34576692610932475
sub-2036cg,cg,frontal,2,0.75,2.651822292397678,5.146210082524456,0.5152961596734574,-0.28794309417552727
sub-2036cg,cg,global,2,0.75,2.6479668316585903,9.296812444372204,0.2848252395649359,-0.5454215286654661
sub-2036cg,cg,posterior,3,1.25,3.933903068602114,28.573548771027262,0.1376763908510719,-0.8611405274423249
sub-2036cg,cg,central,3,1.25,1.5173085750666564,2.9364623816284854,0.5167130982366601,-0.2867505293198224
sub-2036cg,cg,frontal,3,1.25,2.617640753492206,5.774288587101924,0.45332697076125567,-0.34358844175239045
sub-2036cg,cg,global,3,1.25,2.4994911683935332,9.984941763450609,0.25032606374759225,-0.6014939296468458
sub-2036cg,cg,posterior,4,1.75,3.515875124726155,21.50627249596876,0.1634813808569192,-0.7865317026462307
sub-2036cg,cg,central,4,1.75,1.2545003950154145,2.6597433654909257,0.47166219541781373,-0.3263689318513847
sub-2036cg,cg,frontal,4,1.75,2.762151752989475,5.027334668686014,0.5494266713919433,-0.2600902619937377
sub-2036cg,cg,global,4,1.75,2.2701342049296707,7.9114112414367215,0.2869442803124227,-0.5422024276638779
sub-2036cg,cg,posterior,5,2.25,4.055023040553015,27.08912435087241,0.14969192019757635,-0.8248016405942047
sub-2036cg,cg,central,5,2.25,1.4699943014713617,3.466055536152634,0.4241115833657628,-0.3725198658964939
sub-2036cg,cg,frontal,5,2.25,2.651434524294058,5.463526098453688,0.485297311024922,-0.31399211505247393
sub-2036cg,cg,global,5,2.25,2.4219525056604327,10.26505736702269,0.2359414486509493,-0.6271957583973421
sub-2036cg,cg,posterior,6,2.75,3.596981546606302,20.828608721868434,0.17269427807867688,-0.7627220517783669
sub-2036cg,cg,central,6,2.75,1.2458678948361224,2.8486105629629725,0.43735985221519263,-0.3591610858654868
sub-2036cg,cg,frontal,6,2.75,2.47202650294186,4.4519297913593805,0.5552707744267988,-0.2554951841524798
sub-2036cg,cg,global,6,2.75,2.1871627021694926,8.028672208470484,0.27241898104420953,-0.5647626358357123
sub-2036cg,cg,posterior,7,3.25,3.5772451168863273,18.030167643041136,0.1984033197975832,-0.7024510652579032
sub-2036cg,cg,central,7,3.25,1.1563566254636697,2.2929618836478594,0.5043069549957058,-0.29730504235954924
sub-2036cg,cg,frontal,7,3.25,2.0189758606090193,3.863112300064101,0.5226293474760023,-0.2818062067613375
sub-2036cg,cg,global,7,3.25,2.2031577200190338,7.00541955567735,0.31449332941573,-0.5023885617565909
sub-2036cg,cg,posterior,8,3.75,3.140470860080855,16.002081457596187,0.19625389786964706,-0.7071817088172684
sub-2036cg,cg,central,8,3.75,1.2747353767051068,2.2354662318363183,0.5702324457202731,-0.24394807535278512
sub-2036cg,cg,frontal,8,3.75,2.152979267840068,3.530424828953855,0.6098357484297562,-0.21478712098289648
sub-2036cg,cg,global,8,3.75,2.0027782577693487,6.403254608863183,0.3127750464579631,-0.5047679027282396
sub-2036cg,cg,posterior,9,4.25,3.172291045267853,13.498568342136865,0.23500944432494308,-0.6289146843844717
sub-2036cg,cg,central,9,4.25,1.1726830758526743,1.7322147022429384,0.6769848300757632,-0.1694210629074716
sub-2036cg,cg,frontal,9,4.25,2.2104627441944507,2.834592092918482,0.7798168737282298,-0.10800737175411784
sub-2036cg,cg,global,9,4.25,1.957420974899252,5.063690644851826,0.3865601420357957,-0.4127829278198802
sub-2036cg,cg,posterior,10,4.75,3.8210025532810934,20.330690056091196,0.18794259037638017,-0.7259747916425557
sub-2036cg,cg,central,10,4.75,1.1963051784468466,2.484871195730615,0.4814354886894259,-0.3174618991588053
sub-2036cg,cg,frontal,10,4.75,2.802699901451278,3.8711532706089478,0.7239961080152226,-0.1402637684327642
sub-2036cg,cg,global,10,4.75,2.305814290357311,7.532869285871363,0.3061003985137632,-0.514136104991964
sub-2036cg,cg,posterior,11,5.25,3.397082252019689,13.390532112725554,0.2536928498002934,-0.5956917729676158
sub-2036cg,cg,central,11,5.25,1.4269088310682632,2.1403282356785795,0.66667757182387,-0.17608415503938735
sub-2036cg,cg,frontal,11,5.25,2.4018395090910425,2.7741128584142323,0.8658045406501621,-0.06258014089045434
sub-2036cg,cg,global,11,5.25,2.128796568821063,5.341632178964225,0.39852923179631017,-0.3995398179511044
sub-2036cg,cg,posterior,12,5.75,4.011589224352475,11.12493164322134,0.3605945054769683,-0.44298089508231714
sub-2036cg,cg,central,12,5.75,1.5097584039781033,2.0064297172669536,0.7524601489827473,-0.12351649578087354
sub-2036cg,cg,frontal,12,5.75,2.187439546553778,2.4514165989606007,0.8923165273015005,-0.04948106302726138
sub-2036cg,cg,global,12,5.75,2.337720771616845,4.650374460682366,0.5026951681808915,-0.29869528911539245
sub-2036cg,cg,posterior,13,6.25,4.627028370633077,11.578219584210853,0.39963211415880623,-0.39833961944115087
sub-2036cg,cg,central,13,6.25,1.5250842623935794,2.07960957105051,0.7333512422830342,-0.13468796799328098
sub-2036cg,cg,frontal,13,6.25,2.644340721556542,3.7709822586182775,0.7012339332843885,-0.15413707620404363
sub-2036cg,cg,global,13,6.25,2.6613747294432932,5.154284205923197,0.5163422549313241,-0.2870623329566409
sub-2036cg,cg,posterior,14,6.75,3.3959024216330143,8.877392030441278,0.3825337903280825,-0.41733019631463003
sub-2036cg,cg,central,14,6.75,1.3360054767727974,1.3097642241923204,1.0200350964668154,0.008615114840004946
sub-2036cg,cg,frontal,14,6.75,3.0625648361760973,2.305833389365777,1.3281813206020319,0.12325736807530815
sub-2036cg,cg,global,14,6.75,2.418239642832374,3.626229282585457,0.6668744457074701,-0.1759559242080804
sub-2036cg,cg,posterior,15,7.25,2.906157115794764,9.904047401265467,0.2934312607816716,-0.5324936203435463
sub-2036cg,cg,central,15,7.25,1.287273002841413,1.5203906482192846,0.8466725340287352,-0.07228452846884988
sub-2036cg,cg,frontal,15,7.25,2.671539975389177,2.3934280974652427,1.1161981336387203,0.04774129201052638
sub-2036cg,cg,global,15,7.25,2.1606255089833657,3.9856741919142173,0.5420978747752767,-0.26592229531150924
sub-2037cg,cg,posterior,1,0.25,3.120158723313434,71.9971874197534,0.0433372307326741,-1.3631388437301726
sub-2037cg,cg,central,1,0.25,2.8611287828492125,25.74054641484017,0.11115260479473306,-0.9540803554146181
sub-2037cg,cg,frontal,1,0.25,5.421525740441764,34.30524332814686,0.15803781621900043,-0.8012389800700037
sub-2037cg,cg,global,1,0.25,3.875398545742149,39.96866196966913,0.09696092775592684,-1.013403237677047
sub-2037cg,cg,posterior,2,0.75,3.5084807590510865,41.463699172857396,0.08461571999219446,-1.0725489458066846
sub-2037cg,cg,central,2,0.75,2.85130144894217,12.507036178469058,0.2279757896479666,-0.6421112713353948
sub-2037cg,cg,frontal,2,0.75,5.489659492590013,22.431971187944267,0.24472479242218131,-0.6113220311928408
sub-2037cg,cg,global,2,0.75,4.302606533376468,24.131145233257634,0.17830096714376406,-0.7488463011092176
sub-2037cg,cg,posterior,3,1.25,3.4696067087098177,54.853727892233465,0.06325197652065259,-1.198925898948967
sub-2037cg,cg,central,3,1.25,3.1013703682380473,19.521765593310224,0.15886730907684057,-0.7989654605533529
sub-2037cg,cg,frontal,3,1.25,5.702445772349921,24.255936818945106,0.23509484770326514,-0.6287568886911409
sub-2037cg,cg,global,3,1.25,4.081015893809883,32.88511038529855,0.1240992000937397,-0.9062310178243522
sub-2037cg,cg,posterior,4,1.75,3.202529027112464,46.0054872498707,0.06961189237532671,-1.1573165599327735
sub-2037cg,cg,central,4,1.75,2.8666514662009583,20.061501894543508,0.14289316329704377,-0.8449885494693256
sub-2037cg,cg,frontal,4,1.75,5.424488187731029,23.104768253171528,0.23477786612235008,-0.6293428489662934
sub-2037cg,cg,global,4,1.75,3.740023108399897,31.48208233859127,0.11879846663812683,-0.9251891648674341
sub-2037cg,cg,posterior,5,2.25,3.328764856483557,65.58022041830547,0.05075867136845419,-1.2944897542861706
sub-2037cg,cg,central,5,2.25,2.7768660273434285,23.921701994290043,0.11608145724774302,-0.935237148548602
sub-2037cg,cg,frontal,5,2.25,5.650932631376548,32.25390518563858,0.17520150192208944,-0.7564621751446513
sub-2037cg,cg,global,5,2.25,3.90097735253262,40.601873940642704,0.09607875139545517,-1.0173726495017719
sub-2037cg,cg,posterior,6,2.75,2.887891546135005,43.32847635914847,0.06665112159027603,-1.1761925379775129
sub-2037cg,cg,central,6,2.75,2.875766287827306,14.616783739670149,0.19674412230800387,-0.7060982332374103
sub-2037cg,cg,frontal,6,2.75,6.134920167575059,19.7018656024221,0.3113877787705976,-0.5066984364584758
sub-2037cg,cg,global,6,2.75,3.755682006287127,26.101104709744728,0.14388977202504996,-0.8419700754932044
sub-2037cg,cg,posterior,7,3.25,2.7562648773075624,25.727719754569208,0.10713210900931294,-0.9700803454554143
sub-2037cg,cg,central,7,3.25,3.393506631633119,12.067737037458564,0.2812048871382918,-0.5509771358614991
sub-2037cg,cg,frontal,7,3.25,5.52929175093334,13.821365888086094,0.40005393068275147,-0.3978814581242271
sub-2037cg,cg,global,7,3.25,3.769408499268135,16.855779117763092,0.22362707015398814,-0.6504756260677573
sub-2037cg,cg,posterior,8,3.75,2.689429751307546,9.032411623644572,0.29775323173573026,-0.5261435161008429
sub-2037cg,cg,central,8,3.75,3.0130814110440176,9.261817268202039,0.32532291706818955,-0.4876853421725221
sub-2037cg,cg,frontal,8,3.75,5.552635135809709,9.016457666536366,0.6158333284719707,-0.21053681108110162
sub-2037cg,cg,global,8,3.75,3.8049528679100564,8.88092752099018,0.42844093242704706,-0.36810904419407287
sub-2037cg,cg,posterior,9,4.25,3.7413837610200997,14.073141502248212,0.26585277781953703,-0.5753587975074328
sub-2037cg,cg,central,9,4.25,2.5553235200211772,9.69101611944761,0.2636796274534348,-0.5789234235867093
sub-2037cg,cg,frontal,9,4.25,5.661483722130598,8.483590535367444,0.6673452353137863,-0.17564943594448387
sub-2037cg,cg,global,9,4.25,3.8386696468557706,10.356843886334003,0.37064087177377925,-0.4310466913120873
sub-2037cg,cg,posterior,10,4.75,3.4553969663232933,40.61036749950344,0.08508657220020341,-1.0701389719892704
sub-2037cg,cg,central,10,4.75,2.781165276059278,13.177937538074206,0.21104708290078233,-0.6756206462996645
sub-2037cg,cg,frontal,10,4.75,5.736155543104507,19.525048224168135,0.293784449454229,-0.5319711959349853
sub-2037cg,cg,global,10,4.75,3.8426050774286833,23.15881004268353,0.1659241157186598,-0.7800904882227877
sub-2037cg,cg,posterior,11,5.25,2.98068320389276,45.01229688886539,0.06621930916460489,-1.1790153543535822
sub-2037cg,cg,central,11,5.25,3.041026857682951,15.696390936542697,0.19374051461748126,-0.7127795510158584
sub-2037cg,cg,frontal,11,5.25,5.620309201293799,16.481510187177957,0.34100693064317644,-0.46723679429342524
sub-2037cg,cg,global,11,5.25,3.960820724245727,24.886987828273913,0.15915227473796043,-0.7981871496971787
sub-2037cg,cg,posterior,12,5.75,2.7729545519652503,36.55760416384418,0.07585164879890376,-1.1200349744489975
sub-2037cg,cg,central,12,5.75,2.825008703486285,13.892550080765725,0.203347023193209,-0.6917621808705356
sub-2037cg,cg,frontal,12,5.75,4.983841940051683,17.346322230681025,0.28731404119984544,-0.5416431492722258
sub-2037cg,cg,global,12,5.75,3.6358222279177124,23.519540658927177,0.154587297458026,-0.8108261952206203
sub-2037cg,cg,posterior,13,6.25,3.985985182169612,43.164836265444436,0.09234334071505765,-1.034594417982073
sub-2037cg,cg,central,13,6.25,2.990080045868068,14.168989259016294,0.21102987596418427,-0.6756560563236527
sub-2037cg,cg,frontal,13,6.25,5.979803419985716,18.90040431067075,0.31638494720505267,-0.4997841873149918
sub-2037cg,cg,global,13,6.25,4.388902899631862,25.992414386072568,0.1688532213453612,-0.7724906495730199
sub-2037cg,cg,posterior,14,6.75,2.9522867805085213,43.58949047636763,0.06772932530856551,-1.1692232506335092
sub-2037cg,cg,central,14,6.75,2.6943821285893033,20.58620576720631,0.13088289114847168,-0.8831171201828412
sub-2037cg,cg,frontal,14,6.75,5.7874672567389345,23.102221336192738,0.2505156180662198,-0.6011651934353013
sub-2037cg,cg,global,14,6.75,3.847308717104048,28.82203306469969,0.13348498728273647,-0.8745675755495388
sub-2037cg,cg,posterior,15,7.25,2.5438296324816503,19.890569466260725,0.12789124196753682,-0.8931591951257463
sub-2037cg,cg,central,15,7.25,2.796803249662112,10.942754122647848,0.25558494857100583,-0.5924647254159389
sub-2037cg,cg,frontal,15,7.25,5.024952059083479,10.165545975983877,0.49431206852587545,-0.3059987862007459
sub-2037cg,cg,global,15,7.25,3.267963116732874,13.490907546048565,0.24223449056917212,-0.6157640197502696
sub-2038cg,cg,posterior,1,0.25,5.264169172339441,52.86568163572122,0.0995763037467856,-1.001843998688877
sub-2038cg,cg,central,1,0.25,2.8909255560037272,11.880641691500122,0.24333075864681694,-0.6138029898515177
sub-2038cg,cg,frontal,1,0.25,6.448494601608737,16.686626579731023,0.38644686934156125,-0.41291020663025163
sub-2038cg,cg,global,1,0.25,5.786535858911187,24.76343540507575,0.23367258073268476,-0.6313922449681207
sub-2038cg,cg,posterior,2,0.75,4.384026501517082,52.70309974700023,0.0831834659168527,-1.0799629883086057
sub-2038cg,cg,central,2,0.75,2.823745794433421,11.402186043914226,0.24764951067787216,-0.6061625257881673
sub-2038cg,cg,frontal,2,0.75,5.268472449574818,16.041499248863126,0.32842768421088814,-0.48356024195065495
sub-2038cg,cg,global,2,0.75,5.6169429643401365,24.33600517052331,0.23080792944371947,-0.6367492750028895
sub-2038cg,cg,posterior,3,1.25,3.779987500307607,31.580856694142604,0.11969236733874584,-0.9219335432306329
sub-2038cg,cg,central,3,1.25,2.754894498649485,10.74722546872979,0.25633541481614464,-0.5911913883662331
sub-2038cg,cg,frontal,3,1.25,5.396911553920634,9.435323680525114,0.5719900807494369,-0.2426115025236485
sub-2038cg,cg,global,3,1.25,4.917447923936502,16.433295421442736,0.2992368723269007,-0.5239848932224518
sub-2038cg,cg,posterior,4,1.75,3.6279406762787048,33.43903480414929,0.10849418045488954,-0.9645935564155554
sub-2038cg,cg,central,4,1.75,2.59640717159528,10.276723043785303,0.25264932805262463,-0.5974818524759202
sub-2038cg,cg,frontal,4,1.75,4.911437439989389,9.774560248878876,0.5024714478129819,-0.2988886113394514
sub-2038cg,cg,global,4,1.75,4.964856046153351,16.91122434310994,0.2935834771878098,-0.5322683900641455
sub-2038cg,cg,posterior,5,2.25,5.150633030707979,51.98537920654823,0.09907849301711337,-1.0040206076506863
sub-2038cg,cg,central,5,2.25,2.840855392624936,12.558257264591356,0.22621414203982523,-0.645480248137912
sub-2038cg,cg,frontal,5,2.25,5.7865522301216314,16.068199651309758,0.36012449158546245,-0.44354734183692884
sub-2038cg,cg,global,5,2.25,5.2133659492585895,24.355926826912423,0.21404917112404886,-0.6694864495720159
sub-2038cg,cg,posterior,6,2.75,4.83936563826641,59.58865534896822,0.08121286862282259,-1.0903751489722184
sub-2038cg,cg,central,6,2.75,2.830768360151714,16.898952555700358,0.16751146858488805,-0.7759554538651883
sub-2038cg,cg,frontal,6,2.75,5.548663934335545,17.061014488744217,0.32522473607863145,-0.4878164300708808
sub-2038cg,cg,global,6,2.75,5.232390884288945,26.50610228513193,0.19740325559763458,-0.7046456891718079
sub-2038cg,cg,posterior,7,3.25,4.193470306079551,43.34383184005717,0.09674895199745726,-1.0143537306417272
sub-2038cg,cg,central,7,3.25,2.9300674170839383,12.03155689853826,0.24353185891012313,-0.6134442161996471
sub-2038cg,cg,frontal,7,3.25,6.653245951002281,12.96685537089186,0.5130963337446919,-0.28980108852165304
sub-2038cg,cg,global,7,3.25,5.226056769662852,20.331235481406324,0.25704570558155587,-0.589989647419638
sub-2038cg,cg,posterior,8,3.75,4.150055887597915,41.66044150694757,0.0996162243481223,-1.0016699229113093
sub-2038cg,cg,central,8,3.75,2.794189410639326,9.290059889837954,0.30077194805770674,-0.5217626713112817
sub-2038cg,cg,frontal,8,3.75,5.320071916806127,12.226106317470279,0.435140328299297,-0.36137066493477327
sub-2038cg,cg,global,8,3.75,4.688188919695518,18.02588974284025,0.26008086072742304,-0.5848916062289718
sub-2038cg,cg,posterior,9,4.25,3.8474273814748705,43.20622362741054,0.08904799027689189,-1.0503758776774943
sub-2038cg,cg,central,9,4.25,2.510452390628966,12.930847691144903,0.19414445600098854,-0.7118750066762938
sub-2038cg,cg,frontal,9,4.25,5.062415090088392,14.095968642533496,0.3591392133785646,-0.44473717291860315
sub-2038cg,cg,global,9,4.25,4.483076238660777,20.266246362607404,0.22120900725515485,-0.6551971932734478
sub-2038cg,cg,posterior,10,4.75,3.590214337769056,22.008566267429305,0.16312804269682254,-0.7874713746947086
sub-2038cg,cg,central,10,4.75,2.7264032640243285,8.566067050071462,0.318279468055481,-0.4971913764522372
sub-2038cg,cg,frontal,10,4.75,5.561382899902389,7.2389398872052055,0.7682593013007484,-0.11449217304472269
sub-2038cg,cg,global,10,4.75,4.510597601159488,11.556290598753012,0.3903153492562922,-0.40858436963539424
sub-2038cg,cg,posterior,11,5.25,4.586247632216637,27.321584381286737,0.16786170114489687,-0.7750483799712866
sub-2038cg,cg,central,11,5.25,3.1705254009721604,5.826931935222574,0.5441157432794097,-0.26430870816786733
sub-2038cg,cg,frontal,11,5.25,6.535553425008075,9.610173586344171,0.6800661160059525,-0.1674488631456354
sub-2038cg,cg,global,11,5.25,5.259593663801288,12.829208759438739,0.40997022984224857,-0.38724767860867515
sub-2038cg,cg,posterior,12,5.75,3.641387737375941,29.647213111279637,0.12282394718546182,-0.9107169498351437
sub-2038cg,cg,central,12,5.75,2.9286189636147237,7.403992567266774,0.3955459081039894,-0.4028031038750655
sub-2038cg,cg,frontal,12,5.75,6.0046314380555526,9.25733729094195,0.6486348341148723,-0.18799973179989216
sub-2038cg,cg,global,12,5.75,4.5888747644937755,13.792833140930526,0.3326999404405315,-0.4779472768779488
sub-2038cg,cg,posterior,13,6.25,4.230593766173786,33.648627224476286,0.1257285694881608,-0.9005660257248862
sub-2038cg,cg,central,13,6.25,2.76067466990474,10.3214685728893,0.2674691736363967,-0.5727262640766267
sub-2038cg,cg,frontal,13,6.25,5.847491231365896,9.493561055905243,0.6159428687435052,-0.2104595685824942
sub-2038cg,cg,global,13,6.25,4.46790158884518,15.907299283205443,0.2808711591641635,-0.5514928533897785
sub-2038cg,cg,posterior,14,6.75,3.893459796361098,43.159401150565365,0.09021116356036593,-1.0447397155326925
sub-2038cg,cg,central,14,6.75,2.882869098436036,9.908706033124403,0.2909430443085829,-0.5361920211978772
sub-2038cg,cg,frontal,14,6.75,4.626786833368237,13.338671219611156,0.3468701459981795,-0.4598330768837511
sub-2038cg,cg,global,14,6.75,4.272258869200055,18.70060465790575,0.22845565410067858,-0.6411980890228607
sub-2038cg,cg,posterior,15,7.25,4.8431722808824675,46.608921008100886,0.10391084316327978,-0.9833391311697708
sub-2038cg,cg,central,15,7.25,3.341558105473945,9.278749036528017,0.3601302387120399,-0.44354041110741205
sub-2038cg,cg,frontal,15,7.25,6.869678362242387,11.813351764589262,0.5815181414333546,-0.23543673217972294
sub-2038cg,cg,global,15,7.25,4.926903740533925,20.347046438838362,0.24214343616621775,-0.6159272989710566
sub-2040cg,cg,posterior,1,0.25,5.905767031808354,107.57959100932536,0.05489672322045194,-1.2604535777675265
sub-2040cg,cg,central,1,0.25,17.840242577572564,34.8418476835631,0.5120349167357399,-0.2907004225620429
sub-2040cg,cg,frontal,1,0.25,5.369493747620073,37.21513452270252,0.14428252958066015,-0.8407862521778225
sub-2040cg,cg,global,1,0.25,43.637449241789355,60.07656410974977,0.7263639305681844,-0.13884572993869615
sub-2040cg,cg,posterior,2,0.75,5.618159136056878,82.85045565018751,0.06781084173849275,-1.1687008646760249
sub-2040cg,cg,central,2,0.75,9.554356627850018,28.216191898414305,0.3386125477969603,-0.47029695249403547
sub-2040cg,cg,frontal,2,0.75,5.213484893246441,30.336647189421864,0.17185435360385967,-0.7648394613610112
sub-2040cg,cg,global,2,0.75,11.022563386066755,48.63399799064186,0.2266431681842754,-0.6446573675586942
sub-2040cg,cg,posterior,3,1.25,4.586413790507067,74.37933371762962,0.06166247479331723,-1.2099790490627513
sub-2040cg,cg,central,3,1.25,9.575739134084609,28.36005534876854,0.3376488168419745,-0.4715347677560362
sub-2040cg,cg,frontal,3,1.25,4.18468304116137,31.949629810622564,0.13097751260235424,-0.8828032615276893
sub-2040cg,cg,global,3,1.25,8.701629675348713,43.92433287633973,0.19810499341780397,-0.7031045775333009
sub-2040cg,cg,posterior,4,1.75,3.7474240143624593,52.976702234457846,0.07073720817459656,-1.1503520847289792
sub-2040cg,cg,central,4,1.75,8.35971610460178,24.890409821004003,0.33586092654639044,-0.4738405182552309
sub-2040cg,cg,frontal,4,1.75,3.7807848124309387,20.90606038058873,0.1808463547699975,-0.7426902406719504
sub-2040cg,cg,global,4,1.75,8.767179620904702,32.67388672852373,0.268323744088,-0.5713408947148322
sub-2040cg,cg,posterior,5,2.25,3.674022272124741,49.16138089229057,0.07473391116035344,-1.1264822885733372
sub-2040cg,cg,central,5,2.25,7.156199456887251,22.093191336647806,0.3239097216804831,-0.4895760170752559
sub-2040cg,cg,frontal,5,2.25,3.436666620055164,20.869689249339086,0.16467263019567951,-0.7833785777746837
sub-2040cg,cg,global,5,2.25,8.261704193650585,29.8410824872165,0.2768567191619065,-0.5577449319334152
sub-2040cg,cg,posterior,6,2.75,3.538981345635955,34.390411386394604,0.10290604860388593,-0.987559097559353
sub-2040cg,cg,central,6,2.75,7.899741533352014,20.327975464566336,0.3886142792292347,-0.4104812457420797
sub-2040cg,cg,frontal,6,2.75,3.3248838296701426,15.273202014820079,0.21769396007752015,-0.6621536202992494
sub-2040cg,cg,global,6,2.75,8.774076447661004,25.609794269187738,0.3426062839644705,-0.46520467562017015
sub-2040cg,cg,posterior,7,3.25,3.0869430176158184,29.33268734326494,0.10523901139677233,-0.9778232402798274
sub-2040cg,cg,central,7,3.25,8.187790394287923,17.418199890412293,0.4700709858539875,-0.3278365539008301
sub-2040cg,cg,frontal,7,3.25,3.7783918334948106,12.621817508479067,0.29935402179254833,-0.5238149027744244
sub-2040cg,cg,global,7,3.25,8.239352661282377,22.328108565285675,0.3690125671501078,-0.43295884318780303
sub-2040cg,cg,posterior,8,3.75,2.9262225569212497,17.32691135724507,0.16888310308678758,-0.7724137998265983
sub-2040cg,cg,central,8,3.75,8.846482857640947,13.59909931630962,0.6505197625133319,-0.1867395052205854
sub-2040cg,cg,frontal,8,3.75,3.4617330380117113,7.800410578289451,0.4437885677000906,-0.3528238896856154
sub-2040cg,cg,global,8,3.75,8.897411845887488,15.674983664962419,0.5676185721185452,-0.24594340314295232
sub-2040cg,cg,posterior,9,4.25,3.1580687896526194,19.502552974729852,0.16193104532235553,-0.7906698805879049
sub-2040cg,cg,central,9,4.25,9.21683534294495,13.710650924584769,0.6722390784829995,-0.17247624480283397
sub-2040cg,cg,frontal,9,4.25,3.5432348499983584,8.59150968350099,0.4124112036796903,-0.38466954506123086
sub-2040cg,cg,global,9,4.25,8.053646196485305,15.978464422171522,0.5040313001110522,-0.29754249323020837
sub-2040cg,cg,posterior,10,4.75,3.0755275957841257,22.534581097991115,0.13648035356904412,-0.8649298610821359
sub-2040cg,cg,central,10,4.75,7.847216724637664,14.002134954497171,0.5604300165752448,-0.2514786119946072
sub-2040cg,cg,frontal,10,4.75,3.6104413831228452,12.782223064010152,0.2824580172824918,-0.5490460937471582
sub-2040cg,cg,global,10,4.75,8.681672101068052,18.29374163837565,0.47457060850012756,-0.3236991623712591
sub-2040cg,cg,posterior,11,5.25,2.8470598067831583,15.461855290058985,0.18413442328707094,-0.734865014069987
sub-2040cg,cg,central,11,5.25,9.000206373863092,9.75615653222099,0.9225155771269892,-0.03502629183212229
sub-2040cg,cg,frontal,11,5.25,3.928740311992831,7.015114004778025,0.5600394105237562,-0.25178141018887956
sub-2040cg,cg,global,11,5.25,9.084741920833522,12.840182248061545,0.7075243750691332,-0.15025859357657823
sub-2040cg,cg,posterior,12,5.75,2.9471764427748255,15.139021142844475,0.19467417443748147,-0.7106916583578011
sub-2040cg,cg,central,12,5.75,8.911274762219783,8.422753315051784,1.0580002083517028,0.024485753224673498
sub-2040cg,cg,frontal,12,5.75,3.6989075535375555,7.463648873705782,0.4955897063390401,-0.3048777227289448
sub-2040cg,cg,global,12,5.75,7.921927028026618,13.193219177896706,0.6004544396032349,-0.22151993976741946
sub-2040cg,cg,posterior,13,6.25,3.017306593529395,25.31389387899835,0.11919567206658399,-0.9237395133182976
sub-2040cg,cg,central,13,6.25,7.880957454901882,15.989226455473982,0.4928917278674104,-0.30724847048736065
sub-2040cg,cg,frontal,13,6.25,3.7025046253644986,11.21001130513706,0.33028553893320356,-0.4811104408377966
sub-2040cg,cg,global,13,6.25,8.122790135798901,20.14414313458424,0.40323334090360896,-0.39444356591813473
sub-2040cg,cg,posterior,14,6.75,3.314037105647015,55.345155119860664,0.05987944380081373,-1.2227222423196213
sub-2040cg,cg,central,14,6.75,8.067548390706202,19.045957481621233,0.42358324061634284,-0.373061231406456
sub-2040cg,cg,frontal,14,6.75,4.148831178028188,20.2735459381521,0.2046426012837075,-0.6890039523612195
sub-2040cg,cg,global,14,6.75,8.06318932137151,30.68861080969125,0.26274207625016416,-0.5804703725127344
sub-2040cg,cg,posterior,15,7.25,3.970529302075887,50.122818574533994,0.0792160021123234,-1.1011870794319714
sub-2040cg,cg,central,15,7.25,10.194173994080264,18.569099065719847,0.5489859232265923,-0.2604387913302218
sub-2040cg,cg,frontal,15,7.25,4.159907673829145,16.504866779073378,0.2520412754317725,-0.5985283313439314
sub-2040cg,cg,global,15,7.25,17.500636180615313,29.951745592618593,0.5842943652983026,-0.23336830183221724
sub-2043cg,cg,posterior,1,0.25,8.320057770982352,65.24994865481162,0.12751056426109264,-0.8944538324046569
sub-2043cg,cg,central,1,0.25,5.706731100479835,13.232331706943333,0.4312717687907847,-0.36524897000073164
sub-2043cg,cg,frontal,1,0.25,5.571208749064126,22.109687893724043,0.2519804339094965,-0.5986331805479783
sub-2043cg,cg,global,1,0.25,5.917531738358907,27.28440530134081,0.2168832955310229,-0.6637738962941128
sub-2043cg,cg,posterior,2,0.75,8.236087728935486,51.75856395444541,0.15912512055366076,-0.7982612543153829
sub-2043cg,cg,central,2,0.75,6.707486955909029,13.28158948856978,0.5050214028736195,-0.2966902160339283
sub-2043cg,cg,frontal,2,0.75,6.0971952237041,16.44589150921392,0.3707427609070695,-0.4309273202154462
sub-2043cg,cg,global,2,0.75,6.338759430767402,23.07624841555137,0.27468760591499064,-0.5611609357893437
sub-2043cg,cg,posterior,3,1.25,7.954622263523652,46.91841372224295,0.1695415857538369,-0.7707237591230278
sub-2043cg,cg,central,3,1.25,7.850942834221381,12.022719538831389,0.653008897767609,-0.1850809010755433
sub-2043cg,cg,frontal,3,1.25,6.5428852728683315,15.641412151398754,0.41830527893117536,-0.37850665467298295
sub-2043cg,cg,global,3,1.25,6.7299363839779325,20.544143962257337,0.32758417173973425,-0.48467709070942555
sub-2043cg,cg,posterior,4,1.75,7.487731548462727,45.274313035533524,0.16538586775653524,-0.7815016037168073
sub-2043cg,cg,central,4,1.75,8.56316848387353,10.059399327878793,0.8512604187152027,-0.06993755964558293
sub-2043cg,cg,frontal,4,1.75,6.802792076819542,16.182837917742294,0.4203707725059274,-0.3763674871743756
sub-2043cg,cg,global,4,1.75,6.629330127933976,19.294710695282426,0.3435827690101025,-0.4639686245598723
sub-2043cg,cg,posterior,5,2.25,11.527918547174359,28.33089700501682,0.4069027022029342,-0.3905094260279471
sub-2043cg,cg,central,5,2.25,13.333630255596903,8.322383269777879,1.602140855975355,0.20470069544589561
sub-2043cg,cg,frontal,5,2.25,11.006826922887353,11.645373980665957,0.9451673206168612,-0.024491302614277653
sub-2043cg,cg,global,5,2.25,10.137801109454537,13.368901814482818,0.758312182267061,-0.12015196702693605
sub-2043cg,cg,posterior,6,2.75,9.773227393048238,62.40230540333903,0.15661644757960003,-0.8051626310522109
sub-2043cg,cg,central,6,2.75,6.689638427758093,14.151937864411154,0.47270122946066523,-0.32541326812803967
sub-2043cg,cg,frontal,6,2.75,8.40157615341911,21.465462644462026,0.391399723946163,-0.40737948498537685
sub-2043cg,cg,global,6,2.75,7.286146915884807,27.462484514762572,0.2653127364338834,-0.5762419010535358
sub-2043cg,cg,posterior,7,3.25,10.082421494550331,26.726599531815584,0.37724295911824196,-0.42337885717100926
sub-2043cg,cg,central,7,3.25,11.499879378993683,7.852810627981153,1.4644284605587312,0.16566816062433898
sub-2043cg,cg,frontal,7,3.25,10.154673571548825,12.156270030852792,0.8353445214507504,-0.07813437133553192
sub-2043cg,cg,global,7,3.25,8.744331473408884,12.907141466365696,0.677480098610173,-0.1691034579306496
sub-2043cg,cg,posterior,8,3.75,9.366778018884215,30.321045260820565,0.30892002364402416,-0.5101539405937696
sub-2043cg,cg,central,8,3.75,10.19898410371878,9.26077335377803,1.1013101945268964,0.04190965938735112
sub-2043cg,cg,frontal,8,3.75,10.128809850140978,11.579748257351058,0.8747003496998309,-0.05814069984632359
sub-2043cg,cg,global,8,3.75,8.43574626806775,14.092846839482167,0.598583548388135,-0.222875223584093
sub-2043cg,cg,posterior,9,4.25,9.660836703095267,10.620316043016945,0.909656234707577,-0.041122699520538555
sub-2043cg,cg,central,9,4.25,11.11095707371102,5.058652912147184,2.1964260578207746,0.34171658742335403
sub-2043cg,cg,frontal,9,4.25,11.843357219825231,5.066616351994966,2.3375279273241087,0.3687568082548448
sub-2043cg,cg,global,9,4.25,9.18100200199526,6.528109550818199,1.4063798915330032,0.1481026482169775
sub-2043cg,cg,posterior,10,4.75,11.704204119488514,26.474371991386207,0.4420956283041061,-0.3544837796265632
sub-2043cg,cg,central,10,4.75,14.523184383247708,8.49069357169446,1.710482690326247,0.23311868358753443
sub-2043cg,cg,frontal,10,4.75,13.869880206755287,11.697280913179252,1.1857354123322952,0.07398779039111669
sub-2043cg,cg,global,10,4.75,11.026876694773492,12.975481424190818,0.8498240900885228,-0.07067096206243055
sub-2043cg,cg,posterior,11,5.25,7.7695867469342845,33.31634964743055,0.2332064235474698,-0.6322594913366965
sub-2043cg,cg,central,11,5.25,6.1248374555152765,8.649087780142613,0.7081483748583582,-0.14987573718164707
sub-2043cg,cg,frontal,11,5.25,7.881490633971437,11.655445902814908,0.6762067019733649,-0.16992052919931466
sub-2043cg,cg,global,11,5.25,6.390091902962225,14.639454495222916,0.43649795182241335,-0.360017789791884
sub-2043cg,cg,posterior,12,5.75,6.916308805138069,7.13491732091335,0.9693607499648929,-0.013514569117860416
sub-2043cg,cg,central,12,5.75,8.232157489281526,5.858378260910335,1.4051939159016218,0.14773626074988178
sub-2043cg,cg,frontal,12,5.75,9.299510559134884,5.302924628614478,1.753656936580789,0.24394463742097042
sub-2043cg,cg,global,12,5.75,7.318025204570832,5.802696348063699,1.2611421941823275,0.10076405617436061
sub-2043cg,cg,posterior,13,6.25,8.852612400888594,33.852030888957685,0.2615090488936148,-0.5825132788174666
sub-2043cg,cg,central,13,6.25,8.045292695744662,8.36436552567435,0.9618533134461548,-0.016891154592442673
sub-2043cg,cg,frontal,13,6.25,7.652124384087559,10.141794393287666,0.7545138549793622,-0.12233278095686347
sub-2043cg,cg,global,13,6.25,7.1066572889381785,15.110507130276321,0.47031229512468525,-0.32761366757540045
sub-2043cg,cg,posterior,14,6.75,11.426240653242315,15.403242163866752,0.7418075059578191,-0.12970877658900734
sub-2043cg,cg,central,14,6.75,11.387564672886194,4.645299078539634,2.45141690133462,0.38941717602253867
sub-2043cg,cg,frontal,14,6.75,12.868557216341843,5.92113220536217,2.173327122250048,0.33712509985747924
sub-2043cg,cg,global,14,6.75,9.87011154283031,8.471462709475045,1.1651012205709086,0.06636365722968392
sub-2043cg,cg,posterior,15,7.25,11.695729044894371,16.84959112021296,0.6941253922099061,-0.15856206812474372
sub-2043cg,cg,central,15,7.25,12.445528334135213,6.356705279645602,1.9578583222957089,0.29178126148581685
sub-2043cg,cg,frontal,15,7.25,10.792842685947084,6.087032683176267,1.773087684542427,0.24873021330610712
sub-2043cg,cg,global,15,7.25,9.477408526408396,8.810235397690745,1.0757270491197686,0.03170208908230181
sub-2044cg,cg,posterior,1,0.25,27.98559549804359,170.64691495010277,0.1639970784483657,-0.7851638886904426
sub-2044cg,cg,central,1,0.25,9.342567172684584,25.09060698560826,0.3723531749568033,-0.4290449386909185
sub-2044cg,cg,frontal,1,0.25,51.88985370682294,49.13033480446717,1.0561673131953675,0.023732722593350318
sub-2044cg,cg,global,1,0.25,25.81912427241804,65.84082066715892,0.3921446301974254,-0.4065537275915268
sub-2044cg,cg,posterior,2,0.75,26.837728774962027,215.95379653448597,0.12427532743410821,-0.9056150839311555
sub-2044cg,cg,central,2,0.75,10.807184013020672,27.64617824152846,0.39091059598200656,-0.4079225574670939
sub-2044cg,cg,frontal,2,0.75,24.188761666609107,66.95927079414803,0.36124589440306615,-0.44219708000903024
sub-2044cg,cg,global,2,0.75,19.523665000387712,87.88719544414583,0.2221445900250101,-0.653364258839471
sub-2044cg,cg,posterior,3,1.25,19.954860858369408,203.79570254393363,0.09791600416141062,-1.0091463178911069
sub-2044cg,cg,central,3,1.25,11.179358771140066,28.729269990785216,0.3891278398207053,-0.4099076968549816
sub-2044cg,cg,frontal,3,1.25,17.865410393368606,65.55788827998624,0.27251351228807996,-0.5646119588307822
sub-2044cg,cg,global,3,1.25,15.501514980816076,84.32066130767322,0.18384005462496805,-0.7355598596124987
sub-2044cg,cg,posterior,4,1.75,20.72670758680765,170.0734128744232,0.1218691812935605,-0.9141061064107381
sub-2044cg,cg,central,4,1.75,9.859912252473501,26.65449014083998,0.36991562023413666,-0.4318973295706239
sub-2044cg,cg,frontal,4,1.75,18.658232929161727,47.70162136456796,0.3911446276964661,-0.4076626303362807
sub-2044cg,cg,global,4,1.75,15.51671333182895,70.02435513570882,0.2215902353082324,-0.6544493813316412
sub-2044cg,cg,posterior,5,2.25,18.646385859826815,110.95050103991063,0.16806040247731208,-0.7745346007269401
sub-2044cg,cg,central,5,2.25,9.528886511594505,20.811384169600764,0.45786894489763785,-0.3392588116305522
sub-2044cg,cg,frontal,5,2.25,22.99512340606523,36.289582912650886,0.6336563156819561,-0.19814623213974045
sub-2044cg,cg,global,5,2.25,15.726742786347984,48.05330305534202,0.32727704000359376,-0.4850844613877044
sub-2044cg,cg,posterior,6,2.75,16.336409028589614,40.31825649665786,0.40518639564545167,-0.3923451447414122
sub-2044cg,cg,central,6,2.75,10.304555671593635,13.183071695590698,0.781650582621057,-0.10698734406615769
sub-2044cg,cg,frontal,6,2.75,22.93904544277779,13.45563045683522,1.7047915752713887,0.2316712905176261
sub-2044cg,cg,global,6,2.75,16.60949314071363,20.78928899494737,0.7989447423983765,-0.09748325685790003
sub-2044cg,cg,posterior,7,3.25,18.41468402294595,153.28177872097115,0.12013615823487672,-0.9203262602201172
sub-2044cg,cg,central,7,3.25,8.346404976967783,25.96251077335727,0.3214791146291161,-0.4928472364130315
sub-2044cg,cg,frontal,7,3.25,16.14891288036276,46.34673858736996,0.3484368776007797,-0.4578758866983477
sub-2044cg,cg,global,7,3.25,16.8883410076092,66.42961517213854,0.254229095921248,-0.5947747469569723
sub-2044cg,cg,posterior,8,3.75,14.470555557565262,14.411854333917054,1.0040731207995948,0.0017653410992868421
sub-2044cg,cg,central,8,3.75,10.923001930937973,5.969376609110294,1.8298396375707968,0.26241303094914453
sub-2044cg,cg,frontal,8,3.75,16.579173785147937,7.990346123721623,2.0749005773264226,0.31699729152859923
sub-2044cg,cg,global,8,3.75,13.212124031081764,8.847235240734916,1.4933619002521592,0.17416506709313365
sub-2044cg,cg,posterior,9,4.25,48.38822909133157,181.99322725769986,0.2658792847429125,-0.5753154982167779
sub-2044cg,cg,central,9,4.25,11.42129345446,34.32508277418946,0.3327389923455093,-0.47789630292369545
sub-2044cg,cg,frontal,9,4.25,81.71393608415447,62.74574788329994,1.3023023685387132,0.11471183042425952
sub-2044cg,cg,global,9,4.25,39.843107256989285,78.70631500069977,0.5062250374272388,-0.2956563788387941
sub-2044cg,cg,posterior,10,4.75,36.90331890220617,208.69459580561667,0.17682929814137996,-0.7524457768400444
sub-2044cg,cg,central,10,4.75,12.072939191518847,29.239569828699512,0.4128972916581316,-0.3841579658096916
sub-2044cg,cg,frontal,10,4.75,71.13116605731896,64.02913064892819,1.110918816738763,0.045682322909714496
sub-2044cg,cg,global,10,4.75,37.69415895678914,87.79832238685913,0.42932664237820184,-0.3672121600208744
sub-2044cg,cg,posterior,11,5.25,13.853394448639287,32.666691743637756,0.42408317797707223,-0.3725489542713141
sub-2044cg,cg,central,11,5.25,9.440511706671602,8.00832926122429,1.1788366085772508,0.07145361433111021
sub-2044cg,cg,frontal,11,5.25,17.670692074116566,10.633105493935531,1.661856179664054,0.220593436366906
sub-2044cg,cg,global,11,5.25,12.824717284833557,15.243319741034213,0.8413336138525058,-0.07503175934418811
sub-2044cg,cg,posterior,12,5.75,13.975126492014981,41.05677484037972,0.3403853942826097,-0.46802908348332467
sub-2044cg,cg,central,12,5.75,8.2202284492082,8.959751655043435,0.9174616401985921,-0.03741208489423374
sub-2044cg,cg,frontal,12,5.75,16.929352074205152,14.804491487279545,1.1435281035320497,0.05824684236551443
sub-2044cg,cg,global,12,5.75,12.757801244608252,18.336768698541455,0.6957496958350702,-0.15754697485691546
sub-2044cg,cg,posterior,13,6.25,46.874706257735525,230.07700915808704,0.20373485568706992,-0.6909346639915717
sub-2044cg,cg,central,13,6.25,13.078599898902938,34.89351228269367,0.3748146587521831,-0.426183432483582
sub-2044cg,cg,frontal,13,6.25,68.8402729190217,74.85270187055907,0.9196765273492129,-0.0363648977521918
sub-2044cg,cg,global,13,6.25,44.446756850848786,104.00972654098034,0.4273326959795106,-0.36923387727349716
sub-2044cg,cg,posterior,14,6.75,21.067795236913806,127.97350808183913,0.1646262226666549,-0.7835009865455154
sub-2044cg,cg,central,14,6.75,9.070520875046968,18.86320762203143,0.48085781892433727,-0.31798331777304994
sub-2044cg,cg,frontal,14,6.75,39.241100374784835,39.924104216263565,0.9828924441791107,-0.007494003485415305
sub-2044cg,cg,global,14,6.75,20.870152949770485,52.62677843964279,0.3965690769710764,-0.40168115353064426
sub-2044cg,cg,posterior,15,7.25,15.993275411128613,82.81591558275535,0.19311837946351065,-0.7141763915767174
sub-2044cg,cg,central,15,7.25,7.651095514408585,15.35618430295492,0.4982419697148542,-0.30255969219923856
sub-2044cg,cg,frontal,15,7.25,14.97436205229127,29.52160764442442,0.5072339634294745,-0.2947916746133588
sub-2044cg,cg,global,15,7.25,12.555834597477759,38.2116611190235,0.3285864636548578,-0.48335033159203594
sub-2045cg,cg,posterior,1,0.25,7.990612243921323,3.7857282737991858,2.1107199635071288,0.3244306177837395
sub-2045cg,cg,central,1,0.25,8.51481977833352,4.261120834840346,1.9982582302556433,0.30065161038068594
sub-2045cg,cg,frontal,1,0.25,8.136811506159685,2.4058272632664965,3.3821262359093813,0.5291898133550762
sub-2045cg,cg,global,1,0.25,6.534900313849129,2.9360024815515686,2.2257816043791885,0.3474825487380773
sub-2045cg,cg,posterior,2,0.75,13.827543933217173,4.841557740016252,2.8560113657078388,0.4557599314144924
sub-2045cg,cg,central,2,0.75,9.351617817738514,4.431247018319493,2.110380617256815,0.3243607894527327
sub-2045cg,cg,frontal,2,0.75,9.414404182558656,3.0898783678653907,3.046852678884734,0.4838514557670785
sub-2045cg,cg,global,2,0.75,8.776710006526796,3.490415434177688,2.5145173037531316,0.40045462858237607
sub-2045cg,cg,posterior,3,1.25,16.722787505359708,8.178730346995458,2.0446679124838734,0.3106227815427352
sub-2045cg,cg,central,3,1.25,12.474775564684236,6.27237239029484,1.9888448562120282,0.2986009064432238
sub-2045cg,cg,frontal,3,1.25,11.455831190742689,5.610856178186915,2.0417260444634158,0.3099974687207418
sub-2045cg,cg,global,3,1.25,10.751714547303006,5.797907706531751,1.8544128488265592,0.26820642776271625
sub-2045cg,cg,posterior,4,1.75,22.391693910879482,7.09125216481825,3.1576502133108653,0.49936401964234695
sub-2045cg,cg,central,4,1.75,13.147011743341032,5.061288172459128,2.5975623784632864,0.4145659856025017
sub-2045cg,cg,frontal,4,1.75,20.75110080839853,4.722557412469732,4.394038864113338,0.6428638938214792
sub-2045cg,cg,global,4,1.75,14.617571669832774,4.744577859055144,3.08090036755004,0.4886776540057188
sub-2045cg,cg,posterior,5,2.25,26.45008921341861,8.045095028646175,3.28772862461385,0.5168959628532137
sub-2045cg,cg,central,5,2.25,22.721948389068743,5.465908991072297,4.157030134636613,0.618783172752296
sub-2045cg,cg,frontal,5,2.25,21.689946363131888,4.992755664007295,4.344283562581363,0.6379181650258008
sub-2045cg,cg,global,5,2.25,18.42720640889328,5.0055395072288915,3.681362694726734,0.5660086070578539
sub-2045cg,cg,posterior,6,2.75,36.11635590488439,7.676441068073627,4.704830739220101,0.6725440038854914
sub-2045cg,cg,central,6,2.75,41.50156455776539,7.1445674337135925,5.808828168088795,0.7640885297290094
sub-2045cg,cg,frontal,6,2.75,36.2700449248083,5.9211842576514195,6.125471416961861,0.7871395176744218
sub-2045cg,cg,global,6,2.75,28.638792820980687,5.699117089746968,5.0251279926330135,0.7011471279405519
sub-2045cg,cg,posterior,7,3.25,27.794023155409118,9.531799857091933,2.9159260131474083,0.4647765002736942
sub-2045cg,cg,central,7,3.25,14.265725550840573,5.327010343117819,2.677998470431176,0.4278103246239029
sub-2045cg,cg,frontal,7,3.25,18.18523212353528,4.94675062263228,3.6761974699784843,0.5653988318268642
sub-2045cg,cg,global,7,3.25,15.456656027166066,5.54235152555914,2.7888263593325076,0.44542147463487736
sub-2045cg,cg,posterior,8,3.75,17.293881625273173,7.836566139377272,2.2068188180502513,0.3437666786301556
sub-2045cg,cg,central,8,3.75,13.0731570747692,6.121447517347811,2.135631652108536,0.32952634889415483
sub-2045cg,cg,frontal,8,3.75,14.25675729211068,5.991750380226916,2.3793977364542274,0.3764670441009406
sub-2045cg,cg,global,8,3.75,11.918736160784366,5.583733678690321,2.1345459591439426,0.32930551008291586
sub-2045cg,cg,posterior,9,4.25,37.98816488722718,12.967272814842215,2.9295415797642734,0.46679966644458776
sub-2045cg,cg,central,9,4.25,47.102332647038054,11.326589599765512,4.158562666383991,0.6189432503570295
sub-2045cg,cg,frontal,9,4.25,39.184577312962794,11.879334916493343,3.2985497579126823,0.5183230397046087
sub-2045cg,cg,global,9,4.25,32.04260893169397,10.234968669397453,3.1306992690169477,0.49564135184585495
sub-2045cg,cg,posterior,10,4.75,34.08462494601907,9.072398469731143,3.7569585440650464,0.574836402893269
sub-2045cg,cg,central,10,4.75,27.050109001189536,6.976716714594804,3.8771975569256805,0.5885179304105618
sub-2045cg,cg,frontal,10,4.75,24.333111408502965,7.110993125697397,3.4219005669642724,0.5342673857292969
sub-2045cg,cg,global,10,4.75,21.385086551105864,6.359653023086533,3.3626184437224267,0.5266775907202376
sub-2045cg,cg,posterior,11,5.25,42.516846237933,13.754711564373165,3.0910750864495204,0.49010955479951424
sub-2045cg,cg,central,11,5.25,37.01705352874754,10.51237652388509,3.5212830747301886,0.5467009392569753
sub-2045cg,cg,frontal,11,5.25,31.849555331258415,11.155656744259698,2.8550139235547074,0.4556082305882531
sub-2045cg,cg,global,11,5.25,28.527814097889408,9.628547827465228,2.962836619714805,0.4717077037538874
sub-2045cg,cg,posterior,12,5.75,40.823045677184126,17.462332387035374,2.337777381187208,0.36880315236680644
sub-2045cg,cg,central,12,5.75,40.28940172915107,12.118815664303282,3.3245329283971197,0.5217306388516583
sub-2045cg,cg,frontal,12,5.75,30.473802557376178,16.339073205715057,1.865087583224555,0.27069923079244046
sub-2045cg,cg,global,12,5.75,28.515997573104237,12.696129063776972,2.246038728013766,0.35141724044621653
sub-2045cg,cg,posterior,13,6.25,37.39087638478804,17.261209722882175,2.166179368947771,0.3356944152251138
sub-2045cg,cg,central,13,6.25,30.157613254972432,10.688421975977972,2.8215215794016273,0.45048337616523465
sub-2045cg,cg,frontal,13,6.25,25.80399072840439,14.499192805836428,1.7796846399626736,0.2503430521640163
sub-2045cg,cg,global,13,6.25,23.89863096785314,12.061575205290143,1.9813855620923648,0.29696899406257743
sub-2045cg,cg,posterior,14,6.75,60.16985384530968,18.408217755602752,3.268640921362216,0.5143672135028493
sub-2045cg,cg,central,14,6.75,74.92924679306539,13.894745605993116,5.392631784546435,0.7318007671453718
sub-2045cg,cg,frontal,14,6.75,56.41026957847317,22.372931954291424,2.521362407650506,0.4016352734158113
sub-2045cg,cg,global,14,6.75,47.15943975413418,15.582216370885071,3.026491137823645,0.48093940654861256
sub-2045cg,cg,posterior,15,7.25,66.21426412944987,24.725855845518325,2.6779361872503804,0.4278002239623135
sub-2045cg,cg,central,15,7.25,64.41791808556445,19.710094398015553,3.2682703991539563,0.5143179805416687
sub-2045cg,cg,frontal,15,7.25,60.52797791142159,27.07341135779249,2.235698232169768,0.34941318340585825
sub-2045cg,cg,global,15,7.25,48.549903937377024,19.463126722062448,2.4944555225211182,0.3969757646408623
sub-2046cg,cg,posterior,1,0.25,7.916723638495632,92.4665469643349,0.08561716532519785,-1.067439155198324
sub-2046cg,cg,central,1,0.25,7.427625154828848,22.74328565335561,0.3265854049427091,-0.4860032277269591
sub-2046cg,cg,frontal,1,0.25,5.5743495923907505,23.98794418605659,0.23238129741984884,-0.6337988278918791
sub-2046cg,cg,global,1,0.25,6.683978741627045,37.48793718491055,0.17829678674124128,-0.7488564835948226
sub-2046cg,cg,posterior,2,0.75,8.544227763867028,65.68503818182134,0.13007875157529686,-0.8857936398508791
sub-2046cg,cg,central,2,0.75,8.654975430296949,24.74893441168201,0.34971103346621746,-0.45629066538048096
sub-2046cg,cg,frontal,2,0.75,5.604150895998781,18.313971951375372,0.30600412138219485,-0.5142727242325001
sub-2046cg,cg,global,2,0.75,7.250693189962415,30.072230932096723,0.24110925479172207,-0.6177861192457893
sub-2046cg,cg,posterior,3,1.25,7.879443673319609,55.199773468116724,0.1427441306053685,-0.8454417401616664
sub-2046cg,cg,central,3,1.25,8.958873949477272,19.391429067006406,0.46200173893941476,-0.335356389789392
sub-2046cg,cg,frontal,3,1.25,5.5878946618210295,16.90217583122168,0.33060209038288885,-0.4806944047304408
sub-2046cg,cg,global,3,1.25,7.050907935888993,26.01406441573228,0.2710421494776065,-0.5669631671988488
sub-2046cg,cg,posterior,4,1.75,8.192349189750074,62.326475701384425,0.13144252258062622,-0.8812641147256614
sub-2046cg,cg,central,4,1.75,8.904184417718334,20.818588637537534,0.4277035572749344,-0.36885713763551997
sub-2046cg,cg,frontal,4,1.75,5.4338009296369165,22.484462862830334,0.2416691456134217,-0.6167787933043585
sub-2046cg,cg,global,4,1.75,7.393165263228302,29.226026804951587,0.2529651160785127,-0.5969393639591515
sub-2046cg,cg,posterior,5,2.25,6.834967329078108,50.22224587621751,0.13609441811750542,-0.8661596869236232
sub-2046cg,cg,central,5,2.25,7.456864906933258,15.016233475808974,0.49658690502822855,-0.3040047369541575
sub-2046cg,cg,frontal,5,2.25,5.50557583766618,15.64091740889061,0.3519982679875735,-0.4534594734687157
sub-2046cg,cg,global,5,2.25,6.900581227708898,22.6183938825232,0.3050871456014764,-0.515576090331872
sub-2046cg,cg,posterior,6,2.75,7.068086814631008,49.341835318373654,0.14324734313235063,-0.8439134243250387
sub-2046cg,cg,central,6,2.75,7.7275093020851955,15.716010876813366,0.4916966119873323,-0.3083027841854852
sub-2046cg,cg,frontal,6,2.75,4.741924826642626,15.936759338419611,0.29754636597987716,-0.5264453495313466
sub-2046cg,cg,global,6,2.75,6.721789236572299,22.600440199739406,0.2974185094257502,-0.5266320072621896
sub-2046cg,cg,posterior,7,3.25,8.218551458799604,67.84723197047683,0.12113318731080791,-0.9167368552766666
sub-2046cg,cg,central,7,3.25,8.181446549732994,22.074707180378,0.37062537151140135,-0.4310648539587227
sub-2046cg,cg,frontal,7,3.25,5.412925584746611,20.683662265443733,0.2617005400339574,-0.5821953811678159
sub-2046cg,cg,global,7,3.25,7.063946678334329,31.011257802773347,0.22778652588875636,-0.6424719690419498
sub-2046cg,cg,posterior,8,3.75,6.833316897878961,47.64162888367379,0.14343163863191621,-0.8433550399674948
sub-2046cg,cg,central,8,3.75,8.529787852156037,19.440747235179693,0.43875823027628574,-0.3577747239049205
sub-2046cg,cg,frontal,8,3.75,5.517874788795644,14.755088524604599,0.37396419408764675,-0.4271699781593534
sub-2046cg,cg,global,8,3.75,7.266663647741584,22.72441798557492,0.3197733667966476,-0.49515771049259283
sub-2046cg,cg,posterior,9,4.25,7.945665043339143,82.12984336242155,0.09674516251390632,-1.014370741513606
sub-2046cg,cg,central,9,4.25,7.895063063451396,22.264303876070144,0.3546063289199477,-0.45025351749290904
sub-2046cg,cg,frontal,9,4.25,5.70472407406781,24.791790932933786,0.2301053638883978,-0.6380732575591644
sub-2046cg,cg,global,9,4.25,6.961139855988348,35.39304547707993,0.19668100786908238,-0.7062375748843194
sub-2046cg,cg,posterior,10,4.75,8.04640516476763,76.41230362607587,0.10530248118343309,-0.9775613956561235
sub-2046cg,cg,central,10,4.75,7.134086163068399,16.36344504927116,0.4359770293839289,-0.36053639209519245
sub-2046cg,cg,frontal,10,4.75,5.839849524827878,21.548497334789317,0.27100959450196277,-0.5670153336071468
sub-2046cg,cg,global,10,4.75,7.323459878845596,31.118994041153716,0.23533729493828084,-0.6283092428094159
sub-2046cg,cg,posterior,11,5.25,9.418648144573146,68.38800917997993,0.13772367784220255,-0.8609913881947342
sub-2046cg,cg,central,11,5.25,9.073841187406725,18.32279597474175,0.4952214279914021,-0.30520057186942673
sub-2046cg,cg,frontal,11,5.25,7.384079986119486,19.880501111721276,0.3714232324740513,-0.4301309346842323
sub-2046cg,cg,global,11,5.25,8.03481240891438,30.32550313040197,0.2649523199784708,-0.5768322733587974
sub-2046cg,cg,posterior,12,5.75,8.18837056420768,44.9674501119978,0.1820955056115787,-0.7397007731077624
sub-2046cg,cg,central,12,5.75,7.958511784095006,14.214790942316498,0.5598754013612005,-0.2519086132118824
sub-2046cg,cg,frontal,12,5.75,6.411719949203273,13.643813408440739,0.4699360623941592,-0.32796122640109343
sub-2046cg,cg,global,12,5.75,8.0215116179544,20.45485906932126,0.39215677755439915,-0.40654027477848403
sub-2046cg,cg,posterior,13,6.25,9.141751361365088,68.80500110926927,0.13286463504080273,-0.8765906010775801
sub-2046cg,cg,central,13,6.25,8.5969101947491,19.951334362036807,0.43089399629867425,-0.36562955695020527
sub-2046cg,cg,frontal,13,6.25,6.301191586643747,19.85759243059406,0.31731901078479535,-0.49850390826010194
sub-2046cg,cg,global,13,6.25,7.476591000484083,29.095677094658722,0.25696569893046445,-0.5901248446042148
sub-2046cg,cg,posterior,14,6.75,8.306600117935865,78.08467861679263,0.10637938536830291,-0.9731425232457974
sub-2046cg,cg,central,14,6.75,8.442927805394755,16.1085682313496,0.5241265197588199,-0.2805638653049747
sub-2046cg,cg,frontal,14,6.75,6.990717385693649,20.504257837288623,0.34093979119695195,-0.4673223091589528
sub-2046cg,cg,global,14,6.75,8.204295881705965,30.022984150890785,0.273267168928727,-0.5634125425099499
sub-2046cg,cg,posterior,15,7.25,6.978544222095811,51.446363309483885,0.13564698791468027,-0.8675898454450096
sub-2046cg,cg,central,15,7.25,6.989895439776178,12.96396302282294,0.5391789090628021,-0.26826710433770207
sub-2046cg,cg,frontal,15,7.25,5.911188187015163,13.778108960411789,0.42902753955565276,-0.3675148292764019
sub-2046cg,cg,global,15,7.25,6.698048951260715,21.468943118329193,0.31198782885321585,-0.5058623481770393
sub-2047cg,cg,posterior,1,0.25,6.066637363055258,40.34247154239062,0.15037842579081015,-0.8228144658193609
sub-2047cg,cg,central,1,0.25,3.1553730872395604,33.348005667016245,0.09461954393154216,-1.0240191495921667
sub-2047cg,cg,frontal,1,0.25,4.2551335996859425,20.826406495989506,0.20431434489216102,-0.6897011405197635
sub-2047cg,cg,global,1,0.25,6.6238407117333935,34.89881746256611,0.18980129395038656,-0.7217008311416176
sub-2047cg,cg,posterior,2,0.75,5.925362466018591,33.70676387980078,0.17579149654201723,-0.7550021366240065
sub-2047cg,cg,central,2,0.75,3.0141212611596537,31.25928072524091,0.09642324427272708,-1.0158182602618515
sub-2047cg,cg,frontal,2,0.75,4.562776967213728,17.161466923572444,0.2658733654607604,-0.5753251670414639
sub-2047cg,cg,global,2,0.75,5.346621800395833,29.48170434997529,0.181353891109091,-0.7414731218090636
sub-2047cg,cg,posterior,3,1.25,6.651997088457907,24.776739324513144,0.26847750227878775,-0.5710921011955
sub-2047cg,cg,central,3,1.25,2.8221690052376727,18.16187047265929,0.1553897771425107,-0.808577556169823
sub-2047cg,cg,frontal,3,1.25,5.092866681718151,12.002091507833027,0.4243315990712411,-0.3722946260432167
sub-2047cg,cg,global,3,1.25,8.288461180592046,22.365485000271747,0.3705916138412084,-0.4311044126039954
sub-2047cg,cg,posterior,4,1.75,5.308250901721645,41.25090894997549,0.12868203481670915,-0.8904820803261644
sub-2047cg,cg,central,4,1.75,2.673109729492167,22.112107258029642,0.12088896360257441,-0.9176133456676216
sub-2047cg,cg,frontal,4,1.75,4.337174129473418,19.08488512009268,0.2272570205260086,-0.6434826914784484
sub-2047cg,cg,global,4,1.75,6.745578200951066,30.452351373190243,0.22151255639621192,-0.6546016508448463
sub-2047cg,cg,posterior,5,2.25,5.7369727712844485,10.538758741468564,0.5443689254134124,-0.2641066738924027
sub-2047cg,cg,central,5,2.25,2.693615846344826,7.033889708086014,0.3829482630710432,-0.4168598959543317
sub-2047cg,cg,frontal,5,2.25,4.22034891616146,5.556931622379821,0.7594746890828299,-0.1194866952374396
sub-2047cg,cg,global,5,2.25,4.814481354006069,8.195703837569189,0.5874396451390103,-0.231036747149105
sub-2047cg,cg,posterior,6,2.75,5.480997281840515,27.327812295057534,0.200564802724139,-0.6977452793110174
sub-2047cg,cg,central,6,2.75,2.5725692823066972,18.510369475100042,0.13897989911910139,-0.8570480078964118
sub-2047cg,cg,frontal,6,2.75,3.9672113492632635,15.034574991476997,0.26387253058448606,-0.5786058179516465
sub-2047cg,cg,global,6,2.75,7.368456420344039,23.15829679270838,0.31817782137864603,-0.4973300961808393
sub-2047cg,cg,posterior,7,3.25,8.372820867218936,40.0114548729376,0.20926059534221111,-0.679312543455792
sub-2047cg,cg,central,7,3.25,3.5752895984452806,20.954594968231024,0.17062079242599193,-0.7679680453511687
sub-2047cg,cg,frontal,7,3.25,4.8698865907621345,19.342502400064717,0.25177128015999833,-0.5989938118747171
sub-2047cg,cg,global,7,3.25,16.030395242194135,34.50128440229322,0.46463183965199367,-0.33289103278078974
sub-2047cg,cg,posterior,8,3.75,5.581340106747557,15.882325934300717,0.351418307988105,-0.4541756166281731
sub-2047cg,cg,central,8,3.75,2.881125884089151,9.845401504349052,0.292636707890121,-0.5336711975743165
sub-2047cg,cg,frontal,8,3.75,4.503929845332091,8.877161344728458,0.5073614943370008,-0.2946824961831213
sub-2047cg,cg,global,8,3.75,7.514744625306918,13.307882636288861,0.5646837164625415,-0.24819473564266228
sub-2047cg,cg,posterior,9,4.25,7.002371737576717,15.96591414750507,0.43858257490824293,-0.35794862703954317
sub-2047cg,cg,central,9,4.25,2.656548453115543,11.644674434547179,0.22813419714287161,-0.6418096094306451
sub-2047cg,cg,frontal,9,4.25,5.139062589798329,9.626901437653393,0.5338231229519061,-0.2726026183474566
sub-2047cg,cg,global,9,4.25,11.448568772537628,15.930201094825343,0.7186707000363293,-0.14347006082285674
sub-2047cg,cg,posterior,10,4.75,5.797650493689561,14.337148548766796,0.4043796068631962,-0.3932107542929596
sub-2047cg,cg,central,10,4.75,2.665098301600771,11.80058807889336,0.2258445328133765,-0.6461904182649556
sub-2047cg,cg,frontal,10,4.75,4.037048864804061,7.409670530637827,0.5448351378258313,-0.2637348914187472
sub-2047cg,cg,global,10,4.75,6.612265598868887,13.601043337189655,0.4861587037803793,-0.31322193459594466
sub-2047cg,cg,posterior,11,5.25,7.178713474501295,18.78477944447032,0.38215585632625004,-0.41775948070628277
sub-2047cg,cg,central,11,5.25,2.773221940319394,17.112022177570065,0.16206278320246986,-0.7903167069623159
sub-2047cg,cg,frontal,11,5.25,4.681932583240817,10.681066740095366,0.43833941844642144,-0.35818947289154573
sub-2047cg,cg,global,11,5.25,7.588061512644686,17.604249044038106,0.43103579673649733,-0.3654866609771661
sub-2047cg,cg,posterior,12,5.75,12.484882744296963,6.065295231076693,2.0584130316242963,0.3135325226895652
sub-2047cg,cg,central,12,5.75,3.4950550134210903,5.599379672085987,0.6241861095514972,-0.20468590022092423
sub-2047cg,cg,frontal,12,5.75,6.541108417617326,3.980668695896841,1.6432184935058054,0.21569531402238898
sub-2047cg,cg,global,12,5.75,11.279836413315872,8.22230530855536,1.3718581334579163,0.13730920244800304
sub-2047cg,cg,posterior,13,6.25,9.16329148373665,44.11070825672764,0.20773394592545655,-0.6824925293507906
sub-2047cg,cg,central,13,6.25,3.3335495019109,19.763534225070824,0.16867172965866403,-0.7729577015370663
sub-2047cg,cg,frontal,13,6.25,6.283659037607085,22.314124315845124,0.2816000730597838,-0.5503672368542974
sub-2047cg,cg,global,13,6.25,33.288819034354624,43.1127362807368,0.7721342207923927,-0.11230719929796833
sub-2047cg,cg,posterior,14,6.75,5.503216316581437,6.961340395786274,0.7905397529350173,-0.10207628633110044
sub-2047cg,cg,central,14,6.75,3.098503068704036,7.361386036758414,0.4209129983445973,-0.3758076624625564
sub-2047cg,cg,frontal,14,6.75,4.114918083557527,4.209047567311278,0.9776363934480597,-0.009822639773903139
sub-2047cg,cg,global,14,6.75,6.5710782842037645,7.279410971044425,0.9026936808955806,-0.04445959771061873
sub-2047cg,cg,posterior,15,7.25,9.861097715013988,31.898305692222223,0.30914173969492126,-0.5098423534117242
sub-2047cg,cg,central,15,7.25,3.112820059427058,14.112288760020158,0.22057513932436085,-0.6564434377828264
sub-2047cg,cg,frontal,15,7.25,5.593652278970324,15.027795563666148,0.37222041351790314,-0.4291998127337999
sub-2047cg,cg,global,15,7.25,17.865489585585607,27.657341168940917,0.6459583181353846,-0.18979550489628955
sub-2048cg,cg,posterior,1,0.25,10.48273100738238,136.09273136202677,0.07702638416078789,-1.1133604886878663
sub-2048cg,cg,central,1,0.25,7.823947765441628,19.96697180866167,0.3918444840017053,-0.4068862624203228
sub-2048cg,cg,frontal,1,0.25,5.457690602831285,42.51622626459666,0.12836723957732613,-0.8915457978103866
sub-2048cg,cg,global,1,0.25,8.083672782496533,57.7880884472011,0.1398847582557138,-0.8542296033498296
sub-2048cg,cg,posterior,2,0.75,14.137436782615696,212.88346674962636,0.06640927545229629,-1.1777712580353037
sub-2048cg,cg,central,2,0.75,8.108072612691355,30.547402020149367,0.26542593073359205,-0.5760566510857725
sub-2048cg,cg,frontal,2,0.75,6.018991605763338,59.92470828132742,0.10044256832267066,-0.9980821908804317
sub-2048cg,cg,global,2,0.75,9.503184949282756,83.76993937554228,0.11344385611501749,-0.9452190196344674
sub-2048cg,cg,posterior,3,1.25,13.981871536586063,193.51102885222218,0.07225361582498507,-1.1411404144046962
sub-2048cg,cg,central,3,1.25,8.758207519209861,26.957335688900216,0.32489143661241293,-0.48826173550324
sub-2048cg,cg,frontal,3,1.25,6.1966933333721546,53.786449074573106,0.11520919190595102,-0.9385128695692401
sub-2048cg,cg,global,3,1.25,9.424216054651442,75.17520904128945,0.12536335016341968,-0.9018294104606086
sub-2048cg,cg,posterior,4,1.75,15.222175254023881,151.26661855075,0.10063142416921839,-0.9972663809874419
sub-2048cg,cg,central,4,1.75,8.11054534270052,24.55674596599773,0.33027769045339767,-0.4811207609746723
sub-2048cg,cg,frontal,4,1.75,6.357315882623015,40.00929713258798,0.15889596514418436,-0.7988871307212809
sub-2048cg,cg,global,4,1.75,9.989403308153443,59.03795257604409,0.1692030782281372,-0.7715917403198466
sub-2048cg,cg,posterior,5,2.25,10.547222303529784,134.41807491616257,0.07846580387427923,-1.1053195715907467
sub-2048cg,cg,central,5,2.25,8.963556151244417,23.1375811037398,0.38740247353668306,-0.4118376106693015
sub-2048cg,cg,frontal,5,2.25,5.282739877808508,34.163082062404946,0.1546330002708375,-0.8106978176225013
sub-2048cg,cg,global,5,2.25,8.09708558685487,50.679099177684684,0.15977169520053794,-0.7965001568556942
sub-2048cg,cg,posterior,6,2.75,13.071003133794969,219.5455233229137,0.05953664158558028,-1.2252156672033554
sub-2048cg,cg,central,6,2.75,7.771286878439419,31.4753678435998,0.24690058959929304,-0.6074778729704016
sub-2048cg,cg,frontal,6,2.75,5.682603857093662,64.11213656192821,0.08863538421628846,-1.0523928683826895
sub-2048cg,cg,global,6,2.75,9.345636937090228,85.55441580654934,0.10923617266257814,-0.9616335247593428
sub-2048cg,cg,posterior,7,3.25,15.558693031160784,160.70502704508758,0.09681522300354438,-1.0140563498544173
sub-2048cg,cg,central,7,3.25,8.072610939996578,17.94439180731041,0.44986818314499,-0.34691472115580385
sub-2048cg,cg,frontal,7,3.25,7.197327102013304,47.002196379704166,0.15312746331831323,-0.814946911862359
sub-2048cg,cg,global,7,3.25,10.206945896537173,61.33724659751875,0.16640697883804373,-0.7788284640591367
sub-2048cg,cg,posterior,8,3.75,12.060644814108306,177.14439305064667,0.06808369492485203,-1.1669568829773744
sub-2048cg,cg,central,8,3.75,7.159311511891118,24.911225611296114,0.28739298594143414,-0.5415238353809952
sub-2048cg,cg,frontal,8,3.75,5.999562288182838,47.2661697265969,0.12693142522201994,-0.8964308435401264
sub-2048cg,cg,global,8,3.75,9.142413759100782,66.88787066196713,0.1366826850462025,-0.864286498344919
sub-2048cg,cg,posterior,9,4.25,12.330420075074455,194.8585119050673,0.06327883731905787,-1.1987415091335827
sub-2048cg,cg,central,9,4.25,8.105757125392161,25.65832319237656,0.315911412628885,-0.500434684470858
sub-2048cg,cg,frontal,9,4.25,6.344932456573496,58.56371324181981,0.10834238652822714,-0.9652016021563801
sub-2048cg,cg,global,9,4.25,9.36852195182912,76.13549296884783,0.12305065070849958,-0.909916085347091
sub-2048cg,cg,posterior,10,4.75,15.63569623902116,192.3670620061012,0.08128052732086354,-1.0900134874937393
sub-2048cg,cg,central,10,4.75,7.3065482213534,23.11239168606971,0.3161312044463663,-0.5001326340243579
sub-2048cg,cg,frontal,10,4.75,7.331149431382891,55.7796583772199,0.13143051866335723,-0.8813037782454357
sub-2048cg,cg,global,10,4.75,10.816013948338297,77.47721329079269,0.13960251651983022,-0.8551067529103847
sub-2048cg,cg,posterior,11,5.25,12.704428757177507,191.0416680786238,0.06650082615457985,-1.177172959326271
sub-2048cg,cg,central,11,5.25,7.461737646753758,22.13307816433667,0.3371305875916057,-0.47220184249651126
sub-2048cg,cg,frontal,11,5.25,6.446783358858895,55.147439008626925,0.11690086565670621,-0.9321822728540815
sub-2048cg,cg,global,11,5.25,9.678765937090217,74.10156983133862,0.13061485686632415,-0.8840074211613186
sub-2048cg,cg,posterior,12,5.75,15.102034469276866,226.66196045480567,0.06662800603583446,-1.1763431835890137
sub-2048cg,cg,central,12,5.75,8.321217052624226,26.022927310777103,0.31976483480311946,-0.49516929822167566
sub-2048cg,cg,frontal,12,5.75,6.779191209911337,65.43925930803661,0.10359517026316316,-0.9846604914725543
sub-2048cg,cg,global,12,5.75,10.58373530823187,87.04240170158081,0.12159286854833709,-0.9150918957945972
sub-2048cg,cg,posterior,13,6.25,8.992130059923031,100.4238985275946,0.08954173450508061,-1.0479744971907983
sub-2048cg,cg,central,13,6.25,7.178024529681096,15.026710700244918,0.4776843497468879,-0.3208589871652687
sub-2048cg,cg,frontal,13,6.25,5.147612493811677,26.066818253507794,0.19747759177010285,-0.7044821776208916
sub-2048cg,cg,global,13,6.25,7.519694682837246,37.48738543946236,0.20059266856528718,-0.6976849439966841
sub-2048cg,cg,posterior,14,6.75,12.28581890479704,221.726941161352,0.05540968021498379,-1.2564143562697785
sub-2048cg,cg,central,14,6.75,7.436524760587079,31.00499525186304,0.23984924687708928,-0.6200616408738724
sub-2048cg,cg,frontal,14,6.75,5.550229884496929,63.33084994484368,0.08763864513630805,-1.0573043451046393
sub-2048cg,cg,global,14,6.75,9.12705274804742,85.8356882754401,0.10633167778371407,-0.9733373334335916
sub-2048cg,cg,posterior,15,7.25,14.965606164517206,244.81383736146194,0.061130556694885006,-1.2137416492222302
sub-2048cg,cg,central,15,7.25,7.721904426939203,32.014003351654004,0.2412039613452546,-0.6176155639603368
sub-2048cg,cg,frontal,15,7.25,5.681007488989032,82.32329582553696,0.06900850399659005,-1.1610973873609647
sub-2048cg,cg,global,15,7.25,9.522609240472509,100.21151462528728,0.09502510041964361,-1.0221616627753816
sub-2050cg,cg,posterior,1,0.25,3.5198308221621946,31.890768863708143,0.11037146320318982,-0.9571431999348584
sub-2050cg,cg,central,1,0.25,2.120769079756979,8.418082179910108,0.25193019436401193,-0.5987197782747392
sub-2050cg,cg,frontal,1,0.25,3.628772461998768,12.217012859941077,0.2970261637275767,-0.5272052939082085
sub-2050cg,cg,global,1,0.25,2.921178702057358,16.34154330191181,0.17875782281319824,-0.7477349434834405
sub-2050cg,cg,posterior,2,0.75,3.178682681280865,32.52366634230951,0.09773445120932654,-1.0099523213092472
sub-2050cg,cg,central,2,0.75,2.274637331680181,7.13348760152387,0.3188674963413784,-0.4963897481732206
sub-2050cg,cg,frontal,2,0.75,3.6208634963637563,16.255465833631874,0.22274744590046397,-0.6521872670338221
sub-2050cg,cg,global,2,0.75,2.9121572878664885,17.5109314736284,0.16630510445730545,-0.7790944206324383
sub-2050cg,cg,posterior,3,1.25,3.748433895923908,35.664570564475646,0.10510245424509905,-0.9783871426524509
sub-2050cg,cg,central,3,1.25,2.4582637240925753,8.58862371411147,0.2862232420374343,-0.5432951033548223
sub-2050cg,cg,frontal,3,1.25,4.059476152247297,14.718044847327786,0.27581626461644715,-0.559380127482499
sub-2050cg,cg,global,3,1.25,3.265636209508053,17.71537981001398,0.18433904576305415,-0.7343826649795246
sub-2050cg,cg,posterior,4,1.75,4.110334758760043,38.82930081592305,0.10585652258447271,-0.9752823768021487
sub-2050cg,cg,central,4,1.75,2.4093472279563506,9.212426195595166,0.2615323234945814,-0.5824746278376071
sub-2050cg,cg,frontal,4,1.75,3.6371814740748545,13.817543527044952,0.26322923947775756,-0.5796658709906762
sub-2050cg,cg,global,4,1.75,3.200803533847571,18.341454675976134,0.1745119779425142,-0.7581747591012962
sub-2050cg,cg,posterior,5,2.25,3.164642087252383,40.058788839383546,0.07899994430538261,-1.1023732148851728
sub-2050cg,cg,central,5,2.25,1.8202495627404733,8.547480390093657,0.21295744238853156,-0.6717071776996858
sub-2050cg,cg,frontal,5,2.25,3.1122915817621264,12.421560609713662,0.25055560082589895,-0.6010958847570852
sub-2050cg,cg,global,5,2.25,2.6157222400185804,17.837065429796862,0.14664532404803596,-0.8337317804332518
sub-2050cg,cg,posterior,6,2.75,4.626353621818185,39.43873036676879,0.11730483153981973,-0.9306840998378407
sub-2050cg,cg,central,6,2.75,2.8983621347736066,9.234602576192081,0.31385889223277824,-0.5032655624317186
sub-2050cg,cg,frontal,6,2.75,4.414617680986978,18.26775373428682,0.24166176888520038,-0.6167920499459891
sub-2050cg,cg,global,6,2.75,4.110172168127272,20.69821845813016,0.19857613235852267,-0.7020729522550625
sub-2050cg,cg,posterior,7,3.25,4.142357087714156,30.955637207707323,0.13381592050325467,-0.8734922141063498
sub-2050cg,cg,central,7,3.25,2.5609108771698916,7.310634381309154,0.3502994054411042,-0.4555605998043936
sub-2050cg,cg,frontal,7,3.25,4.183748004631625,12.318936206540952,0.3396192605015839,-0.4690076880029917
sub-2050cg,cg,global,7,3.25,3.6325468754556898,15.654679428709517,0.2320422396381921,-0.6344329514365804
sub-2050cg,cg,posterior,8,3.75,3.942693039250087,35.88239266148984,0.10987820897131853,-0.9590884282486786
sub-2050cg,cg,central,8,3.75,2.5972774773572964,9.06978283687694,0.28636600501579756,-0.5430785391237367
sub-2050cg,cg,frontal,8,3.75,4.575814435249342,13.832773497500089,0.33079515370336254,-0.4804408616808718
sub-2050cg,cg,global,8,3.75,3.590149971734206,17.722372027425273,0.20257728289297103,-0.6934092582224848
sub-2050cg,cg,posterior,9,4.25,4.157528957581218,33.45916502656847,0.1242568054008492,-0.9056798161391091
sub-2050cg,cg,central,9,4.25,2.619848546862127,9.324426276353682,0.2809661923657376,-0.5513459340177487
sub-2050cg,cg,frontal,9,4.25,3.929951381617952,11.951887476616102,0.3288142888984616,-0.4830493180939159
sub-2050cg,cg,global,9,4.25,3.5129941913805744,16.4374026398501,0.21371954367436552,-0.6701557617767817
sub-2050cg,cg,posterior,10,4.75,4.8220416416166865,34.39381543136552,0.14020083497974506,-0.8532493998785189
sub-2050cg,cg,central,10,4.75,4.399579672513219,8.322446755931256,0.5286401705577412,-0.2768398385771738
sub-2050cg,cg,frontal,10,4.75,5.880349895588259,14.693160895865548,0.4002099981933029,-0.3977120658598742
sub-2050cg,cg,global,10,4.75,4.630677469347799,17.056113166045062,0.27149664312537813,-0.5662355358030808
sub-2050cg,cg,posterior,11,5.25,5.173267725390136,34.219544944357004,0.15117874109086413,-0.8205092754753499
sub-2050cg,cg,central,11,5.25,3.162386357570981,8.987952877843187,0.35184723379745286,-0.45364585902119425
sub-2050cg,cg,frontal,11,5.25,5.009649510319776,14.395854423705789,0.3479925097096244,-0.4584301038315423
sub-2050cg,cg,global,11,5.25,4.121736741312672,18.260401269901497,0.22571994341145749,-0.6464300672806726
sub-2050cg,cg,posterior,12,5.75,5.174303794504132,28.43856216324931,0.18194674417087095,-0.7400557114505182
sub-2050cg,cg,central,12,5.75,3.4733778621302633,8.31386051319803,0.4177815897459874,-0.37905070185664974
sub-2050cg,cg,frontal,12,5.75,6.240508761035753,10.317124708784965,0.6048689859997525,-0.21833868289961383
sub-2050cg,cg,global,12,5.75,4.581176697089481,15.267109589949404,0.3000683705123429,-0.5227797801029577
sub-2050cg,cg,posterior,13,6.25,3.859923943463795,31.161300641433588,0.12386915385461965,-0.9070368290442459
sub-2050cg,cg,central,13,6.25,2.281402309568925,7.039582572982358,0.3240820440582454,-0.48934503062298357
sub-2050cg,cg,frontal,13,6.25,4.210911679681083,12.060048612196033,0.3491620817699434,-0.45697292582620863
sub-2050cg,cg,global,13,6.25,3.2682196287311305,16.40090130449694,0.19927073323921665,-0.7005564811592675
sub-2050cg,cg,posterior,14,6.75,3.0838253542615566,30.782299915388112,0.10018177208129754,-0.9992112904911609
sub-2050cg,cg,central,14,6.75,2.4379638085006827,6.639253896094455,0.3672044851206574,-0.43509202286497733
sub-2050cg,cg,frontal,14,6.75,3.580332884101626,10.835382540736827,0.3304297629217027,-0.4809208412230087
sub-2050cg,cg,global,14,6.75,2.8633921313609156,15.28098051998935,0.1873827486145445,-0.7272703949123901
sub-2050cg,cg,posterior,15,7.25,3.4628267266776414,39.72526702488867,0.08716937571516162,-1.0596360643095202
sub-2050cg,cg,central,15,7.25,2.2979697405528157,9.099302981183914,0.25254349100196966,-0.5976638204137814
sub-2050cg,cg,frontal,15,7.25,3.737013254076792,15.861722482194105,0.2355994601640428,-0.6278257089954875
sub-2050cg,cg,global,15,7.25,3.018265171157456,20.520412858822237,0.1470859866184334,-0.832428702012047
sub-2051cg,cg,posterior,1,0.25,42.74730220606562,163.47278155631946,0.26149492165665733,-0.5825367408996004
sub-2051cg,cg,central,1,0.25,21.797721065159546,82.27926703800601,0.264923617453846,-0.5768793234216247
sub-2051cg,cg,frontal,1,0.25,22.453760414649498,101.02458216285888,0.22226036410081285,-0.6531379785384112
sub-2051cg,cg,global,1,0.25,31.963168093856392,129.90698464291134,0.2460465707961495,-0.6089826834431001
sub-2051cg,cg,posterior,2,0.75,20.35250666906763,88.31058499640895,0.23046508716814912,-0.6373948559516935
sub-2051cg,cg,central,2,0.75,18.884506555753777,63.69225421904787,0.2964961248004653,-0.5279809784844485
sub-2051cg,cg,frontal,2,0.75,14.71714592538981,50.67324632271076,0.2904322693609206,-0.5369551316813208
sub-2051cg,cg,global,2,0.75,18.010028807657736,72.41084746151917,0.2487200390415081,-0.6042892227937878
sub-2051cg,cg,posterior,3,1.25,19.285494860655756,48.598577533537764,0.3968324967401954,-0.4013927705474317
sub-2051cg,cg,central,3,1.25,17.090592149173126,35.39280746258662,0.48288320069662233,-0.31615790325913784
sub-2051cg,cg,frontal,3,1.25,25.35522202949802,35.555203687695474,0.7131226768438583,-0.14683575304652535
sub-2051cg,cg,global,3,1.25,21.571639909780114,45.12778170303297,0.4780124148741465,-0.3205608238035331
sub-2051cg,cg,posterior,4,1.75,23.323587356689103,92.39250492540003,0.2524402534114768,-0.5978413925316829
sub-2051cg,cg,central,4,1.75,19.1647040802701,60.34542127864592,0.3175834002678808,-0.49814220574262674
sub-2051cg,cg,frontal,4,1.75,18.747683102995808,62.59992594271296,0.2994841099357269,-0.5236262155127461
sub-2051cg,cg,global,4,1.75,21.590245561034415,73.1826381125493,0.29501868363682476,-0.5301504791288476
sub-2051cg,cg,posterior,5,2.25,29.2948731547828,99.42999134307466,0.29462813743695654,-0.530725779726669
sub-2051cg,cg,central,5,2.25,20.010858584465133,55.78278870209408,0.35872818570137077,-0.44523449894803546
sub-2051cg,cg,frontal,5,2.25,36.96509586046886,73.18334241566505,0.5051025908398029,-0.29662040384056243
sub-2051cg,cg,global,5,2.25,29.13503425968811,75.71666481408484,0.38479024837169534,-0.41477594269458334
sub-2051cg,cg,posterior,6,2.75,20.918872410897098,28.97115658236086,0.7220585878726564,-0.14142756232302897
sub-2051cg,cg,central,6,2.75,15.675029600721784,20.40618244739549,0.7681510072317539,-0.11455339564444601
sub-2051cg,cg,frontal,6,2.75,29.45671407871155,28.364761540156994,1.0384967995238965,0.016405162449112137
sub-2051cg,cg,global,6,2.75,20.849413932974883,26.80703975510986,0.777758906743914,-0.10915500673473974
sub-2051cg,cg,posterior,7,3.25,29.033549476066355,13.214991699669447,2.1970160962562377,0.3418332387546731
sub-2051cg,cg,central,7,3.25,26.335635051667293,12.584685698062401,2.0926732445707446,0.3207014217652374
sub-2051cg,cg,frontal,7,3.25,52.782464743652405,13.322884785717843,3.961789476723187,0.597891394088296
sub-2051cg,cg,global,7,3.25,30.112097669109197,12.213856791306233,2.4654045142024956,0.3918881868476887
sub-2051cg,cg,posterior,8,3.75,37.42354941964635,12.757826234182799,2.933379772752761,0.46736829296139915
sub-2051cg,cg,central,8,3.75,29.88875154197055,12.784414585796265,2.337905372309933,0.36882692893218794
sub-2051cg,cg,frontal,8,3.75,77.31885364118364,14.470053160745882,5.343370392787009,0.7278152797356215
sub-2051cg,cg,global,8,3.75,39.895334575120415,12.140914033190432,3.2860239736527133,0.5166707275674254
sub-2051cg,cg,posterior,9,4.25,27.601901287217856,11.29242578987675,2.4442844966014263,0.38815175317173584
sub-2051cg,cg,central,9,4.25,31.032863732467167,14.504483538296684,2.1395359338738285,0.3303195849316901
sub-2051cg,cg,frontal,9,4.25,65.72657569202715,14.545641920282021,4.518643869568927,0.6550081143836998
sub-2051cg,cg,global,9,4.25,33.54426192019984,12.56084678545167,2.67054144463029,0.4265993222544437
sub-2051cg,cg,posterior,10,4.75,21.506483628653914,12.135273777973012,1.7722289601484542,0.24851982912300194
sub-2051cg,cg,central,10,4.75,19.192495176368237,10.192973952240497,1.882914178560181,0.2748305257377824
sub-2051cg,cg,frontal,10,4.75,32.34079966112811,8.671340425166354,3.7296194216141236,0.5716645177267702
sub-2051cg,cg,global,10,4.75,20.803476854020857,10.07352789609261,2.0651629765268487,0.3149543305751562
sub-2051cg,cg,posterior,11,5.25,26.252239824450292,13.935369627966018,1.8838567275435825,0.2750478704296483
sub-2051cg,cg,central,11,5.25,17.025229440389197,11.883673689642912,1.4326570961997511,0.15614225526206257
sub-2051cg,cg,frontal,11,5.25,33.39449862886209,11.412809742115725,2.926054090398896,0.4662823501367414
sub-2051cg,cg,global,11,5.25,22.107316784804816,11.392134988035979,1.9405771444967885,0.2879309120919154
sub-2051cg,cg,posterior,12,5.75,37.10919238491342,26.27381291119897,1.4124022466908854,0.14995839971850078
sub-2051cg,cg,central,12,5.75,28.129749460138978,25.416057003614203,1.106770788881174,0.044057688239849166
sub-2051cg,cg,frontal,12,5.75,40.68022834472134,20.258053195133623,2.008101565973453,0.30278567482074686
sub-2051cg,cg,global,12,5.75,30.30478009992666,21.995727014156287,1.377757601757047,0.1391728159174543
sub-2051cg,cg,posterior,13,6.25,34.36512388812381,46.923779416016814,0.7323605284103294,-0.13527507064496086
sub-2051cg,cg,central,13,6.25,25.20080711891434,67.50807106968286,0.37330065456768396,-0.4279412485551207
sub-2051cg,cg,frontal,13,6.25,41.58642621061333,47.64637629120313,0.8728140405987467,-0.0590782760476797
sub-2051cg,cg,global,13,6.25,35.44310053552329,50.96206326762206,0.6954800936806165,-0.15771529605063414
sub-2051cg,cg,posterior,14,6.75,27.467351917131943,67.18782063862108,0.40881444964361724,-0.3884737623606618
sub-2051cg,cg,central,14,6.75,22.052827160468738,86.16241577007015,0.2559448567379784,-0.5918535932587173
sub-2051cg,cg,frontal,14,6.75,24.069003634907148,42.9743249772255,0.5600786899541217,-0.25175095118663726
sub-2051cg,cg,global,14,6.75,25.518574002056077,63.894036961440996,0.39938897611769497,-0.39860392663939515
sub-2051cg,cg,posterior,15,7.25,25.527840697536718,26.03277525165252,0.9806038907018279,-0.00850638795402323
sub-2051cg,cg,central,15,7.25,13.881030767123208,20.739177287313485,0.6693144368660408,-0.17436980732335208
sub-2051cg,cg,frontal,15,7.25,25.157405690582873,20.786398502282857,1.2102820836336787,0.0828866042733719
sub-2051cg,cg,global,15,7.25,22.20176881166697,22.62634603492002,0.9812352722530724,-0.008226848694816064
sub-2052cg,cg,posterior,1,0.25,47.85997514643178,316.67394105240743,0.15113329182495402,-0.820639858207037
sub-2052cg,cg,central,1,0.25,18.961905087881288,81.94876250637664,0.23138732676293697,-0.635660431329162
sub-2052cg,cg,frontal,1,0.25,34.97734019853654,115.30985664427969,0.3033334809047454,-0.5180796511147193
sub-2052cg,cg,global,1,0.25,31.92448331049624,141.16754300719248,0.22614605758824952,-0.645610978922231
sub-2052cg,cg,posterior,2,0.75,44.85208372286971,275.09212602882565,0.16304386595990705,-0.7876955355877124
sub-2052cg,cg,central,2,0.75,16.414500639789786,70.56926975016782,0.23260125402885795,-0.6333879481787439
sub-2052cg,cg,frontal,2,0.75,29.72987850445085,104.9651374524512,0.28323574118043116,-0.5478519444214177
sub-2052cg,cg,global,2,0.75,28.100925053833357,125.75284686697404,0.22346154185725547,-0.6507972089809572
sub-2052cg,cg,posterior,3,1.25,50.466113091417846,242.35791429103398,0.2082296888840854,-0.6814573497567463
sub-2052cg,cg,central,3,1.25,19.496976606552398,61.22197073230491,0.318463721003095,-0.4969400348060865
sub-2052cg,cg,frontal,3,1.25,40.60638763301849,106.53972390474557,0.3811384725318382,-0.4189172108579263
sub-2052cg,cg,global,3,1.25,33.92238935000078,118.25517938320169,0.28685753577081374,-0.5423337366802912
sub-2052cg,cg,posterior,4,1.75,31.707990541535803,229.75214410237874,0.1380095522738911,-0.8600908530460905
sub-2052cg,cg,central,4,1.75,12.289089256973934,57.40414542767762,0.21408017078586636,-0.6694235574467918
sub-2052cg,cg,frontal,4,1.75,17.434574836579635,94.17095837764586,0.18513748969892851,-0.7325056292169448
sub-2052cg,cg,global,4,1.75,19.577415720287892,108.74018222187927,0.18003846710814855,-0.7446346934080006
sub-2052cg,cg,posterior,5,2.25,31.576455948884288,238.1106256698862,0.13261254452651566,-0.8774153917611313
sub-2052cg,cg,central,5,2.25,10.774853072501312,54.81658478091363,0.196561918542816,-0.7065006175755336
sub-2052cg,cg,frontal,5,2.25,15.355451877382546,85.66373465526661,0.1792526550374779,-0.7465344029706984
sub-2052cg,cg,global,5,2.25,18.541035013717032,104.16597349992783,0.17799512058253722,-0.7495919029333782
sub-2052cg,cg,posterior,6,2.75,41.70357918022302,254.09390804236642,0.1641266392473666,-0.7848209232785156
sub-2052cg,cg,central,6,2.75,16.18699081831938,60.88592654348141,0.2658576741336032,-0.5753507990106087
sub-2052cg,cg,frontal,6,2.75,26.480264656406113,105.16422808353862,0.25179916345100883,-0.5989457170765049
sub-2052cg,cg,global,6,2.75,25.992234665450603,120.80176237945103,0.2151643664254356,-0.667229650971198
sub-2052cg,cg,posterior,7,3.25,34.705712407277275,246.42233134921264,0.1408383413031457,-0.8512790983926296
sub-2052cg,cg,central,7,3.25,14.733680269252398,59.55052796261962,0.24741477151136018,-0.6065743750611222
sub-2052cg,cg,frontal,7,3.25,22.97701952685689,90.91996166785752,0.2527169953150106,-0.5973655506272354
sub-2052cg,cg,global,7,3.25,22.71315642949473,112.3420536740652,0.20217857593552424,-0.6942648667763585
sub-2052cg,cg,posterior,8,3.75,35.3094771193179,231.93938271883982,0.15223579844618515,-0.8174832106433761
sub-2052cg,cg,central,8,3.75,13.434601381559602,49.98195578821109,0.2687890293546363,-0.5705884610199036
sub-2052cg,cg,frontal,8,3.75,20.38729422090692,92.0076437027634,0.22158261423115433,-0.6544643181298901
sub-2052cg,cg,global,8,3.75,21.866940027421386,105.55502821780011,0.20716151941432465,-0.6836909123344052
sub-2052cg,cg,posterior,9,4.25,48.40636882935688,266.5887517594345,0.1815769364231767,-0.7409393156180832
sub-2052cg,cg,central,9,4.25,14.641601117213174,63.308316469230455,0.23127452969515286,-0.6358721935239497
sub-2052cg,cg,frontal,9,4.25,40.00306443098142,111.15729339364961,0.3598779999915578,-0.4438447017613814
sub-2052cg,cg,global,9,4.25,30.455495414921057,121.96008269421856,0.24971691345339486,-0.6025520416665969
sub-2052cg,cg,posterior,10,4.75,37.15861411036786,257.4528126022446,0.14433174660156692,-0.8406381328187564
sub-2052cg,cg,central,10,4.75,13.13721935424212,66.75698631184834,0.1967916779956627,-0.7059932711332361
sub-2052cg,cg,frontal,10,4.75,30.249436857679036,106.70749037468099,0.2834799764427453,-0.5474776120004962
sub-2052cg,cg,global,10,4.75,25.665647363872715,119.24406200520174,0.21523627199778814,-0.6670845387627415
sub-2052cg,cg,posterior,11,5.25,41.80587637030883,265.4249744311622,0.1575054361779779,-0.802704452278472
sub-2052cg,cg,central,11,5.25,19.86152335220715,65.70652515416592,0.3022762702122271,-0.5195959451820705
sub-2052cg,cg,frontal,11,5.25,46.958991871403725,107.33356498465821,0.43750519120571313,-0.35901678950196475
sub-2052cg,cg,global,11,5.25,34.124578868605894,122.20075301665143,0.27925015211613285,-0.5540065816387486
sub-2052cg,cg,posterior,12,5.75,38.227493452177015,226.25149876470786,0.16896017777072062,-0.7722156422049797
sub-2052cg,cg,central,12,5.75,13.0759522929967,57.41476975090503,0.2277454451132861,-0.6425503001154337
sub-2052cg,cg,frontal,12,5.75,24.57367021454004,94.08855189161945,0.2611759849683566,-0.5830667587721913
sub-2052cg,cg,global,12,5.75,24.69215986459094,110.20043391701796,0.224065904161361,-0.6496242245053208
sub-2052cg,cg,posterior,13,6.25,42.64097023321985,246.6394150761918,0.1728878987977133,-0.7622354038880251
sub-2052cg,cg,central,13,6.25,17.063535885845003,69.24598034137814,0.24641915388767535,-0.6083255379669266
sub-2052cg,cg,frontal,13,6.25,30.61310176254081,107.76281373440655,0.2840785304473416,-0.5465615873280305
sub-2052cg,cg,global,13,6.25,28.291914775114336,121.43603906256432,0.23297791161105175,-0.6326852520218982
sub-2052cg,cg,posterior,14,6.75,43.93680742828564,258.65418397408996,0.16986698901683686,-0.7698910112473488
sub-2052cg,cg,central,14,6.75,17.73187802329571,71.14947485230914,0.24922008293249162,-0.6034169637972465
sub-2052cg,cg,frontal,14,6.75,30.765493381632805,115.71109949346784,0.2658819552861442,-0.5753111361004672
sub-2052cg,cg,global,14,6.75,29.89059938927605,126.50697872437196,0.23627628839670908,-0.6265798599807073
sub-2052cg,cg,posterior,15,7.25,55.634527896535104,210.48701724536508,0.26431334637462145,-0.5778809068247427
sub-2052cg,cg,central,15,7.25,14.687440371161731,47.08946936738179,0.31190498785563964,-0.5059776801294857
sub-2052cg,cg,frontal,15,7.25,96.62229426457823,74.06598853748541,1.30454336966929,0.11545852183789694
sub-2052cg,cg,global,15,7.25,47.48936452141225,95.33736040304174,0.4981191457435935,-0.30266676537262227
sub-2054cg,cg,posterior,1,0.25,15.853543612594812,278.0528820092424,0.057016289484342925,-1.244001049196132
sub-2054cg,cg,central,1,0.25,10.032784900961401,61.191859071293585,0.16395620354126478,-0.7852721464678093
sub-2054cg,cg,frontal,1,0.25,15.650674295003167,54.67454256759759,0.28625158181530735,-0.5432521047507062
sub-2054cg,cg,global,1,0.25,12.669590024691603,99.55310677989998,0.12726463728251647,-0.8952922559425158
sub-2054cg,cg,posterior,2,0.75,15.54043767283635,285.7839133344126,0.054378280049134774,-1.2645745329931455
sub-2054cg,cg,central,2,0.75,8.769080551921052,53.311330769279984,0.164488119605788,-0.7838654641333022
sub-2054cg,cg,frontal,2,0.75,12.01127172438807,49.31889666921882,0.24354299336717747,-0.613424360388016
sub-2054cg,cg,global,2,0.75,11.26402315085555,98.28989233323578,0.11460001515381382,-0.9408153249409038
sub-2054cg,cg,posterior,3,1.25,14.883045756885817,237.07258026260985,0.06277843578704707,-1.2021895095585173
sub-2054cg,cg,central,3,1.25,10.233902410726524,46.17547286822116,0.22163070078205283,-0.6543700803302415
sub-2054cg,cg,frontal,3,1.25,14.059547966826248,42.35476494827286,0.3319472551434751,-0.4789309181632303
sub-2054cg,cg,global,3,1.25,12.014476773391289,84.25752213916321,0.1425923344095935,-0.845903820999562
sub-2054cg,cg,posterior,4,1.75,14.985905468824349,204.27169729041924,0.07336261296893438,-1.13452520872053
sub-2054cg,cg,central,4,1.75,9.58791501617538,36.42399450100007,0.26323073972329236,-0.5796633957850271
sub-2054cg,cg,frontal,4,1.75,17.805892561316906,34.340664913267624,0.5185075072450779,-0.2852449512681729
sub-2054cg,cg,global,4,1.75,12.669422378012792,70.45552868520879,0.17982155005349595,-0.7451582630561051
sub-2054cg,cg,posterior,5,2.25,14.725617178415453,167.81145651670434,0.08775096458893812,-1.05674810092082
sub-2054cg,cg,central,5,2.25,9.004961388635637,34.85507899366048,0.2583543531854706,-0.5877842163381731
sub-2054cg,cg,frontal,5,2.25,18.80587401431314,30.129321230997476,0.6241718447664658,-0.20469582544694379
sub-2054cg,cg,global,5,2.25,12.638135231208695,64.19011686325612,0.19688599816902733,-0.7057851682404976
sub-2054cg,cg,posterior,6,2.75,14.406668669513992,100.97897649031414,0.14266998112122747,-0.8456673962256088
sub-2054cg,cg,central,6,2.75,11.589890171936531,30.043343428062553,0.38577231591044475,-0.41366894174844226
sub-2054cg,cg,frontal,6,2.75,17.63783661137369,33.22396850383666,0.5308768761124035,-0.2750061912071515
sub-2054cg,cg,global,6,2.75,13.682581341998468,47.12795246902409,0.29032836406359164,-0.5371105330468916
sub-2054cg,cg,posterior,7,3.25,13.174530032408237,184.73312586787017,0.0713165544647974,-1.1468096471718447
sub-2054cg,cg,central,7,3.25,7.866285737597376,37.24405248620763,0.21120917871411687,-0.6752872121880679
sub-2054cg,cg,frontal,7,3.25,26.548311072431375,38.58445266090479,0.6880572158363443,-0.16237544622840466
sub-2054cg,cg,global,7,3.25,13.86610775382403,69.10769190823916,0.20064492635979475,-0.6975718176485729
sub-2054cg,cg,posterior,8,3.75,17.12739898318554,201.03647396483552,0.08519548042899615,-1.069583443693511
sub-2054cg,cg,central,8,3.75,10.94656820115524,49.073569710138194,0.22306443704448442,-0.6515696633622844
sub-2054cg,cg,frontal,8,3.75,15.689175233458231,43.61472988564814,0.3597219396885663,-0.4440330734544809
sub-2054cg,cg,global,8,3.75,14.248358099779567,78.756237846594,0.18091720083853358,-0.7425201403036513
sub-2054cg,cg,posterior,9,4.25,13.478784968956843,185.22819785746117,0.07276853699850379,-1.1380563564220116
sub-2054cg,cg,central,9,4.25,8.200571915077546,37.61245958815177,0.2180280684877304,-0.661487592612616
sub-2054cg,cg,frontal,9,4.25,16.976901992555867,34.64278052653426,0.4900559866882681,-0.3097543009494476
sub-2054cg,cg,global,9,4.25,11.699517330968874,67.48089014544823,0.17337526677184828,-0.7610128576709154
sub-2054cg,cg,posterior,10,4.75,13.47969030080935,169.9789829169301,0.07930209999783895,-1.1007153119838111
sub-2054cg,cg,central,10,4.75,9.351136437043237,45.79332089313579,0.20420306399846466,-0.6899377457572254
sub-2054cg,cg,frontal,10,4.75,17.42265771539348,34.419542755011534,0.5061850425905706,-0.2956906920824519
sub-2054cg,cg,global,10,4.75,12.0704241648612,66.77619995400755,0.18075937494458752,-0.7428991691033158
sub-2054cg,cg,posterior,11,5.25,15.66994075079796,62.18243719477097,0.25199946251247407,-0.5986003855205017
sub-2054cg,cg,central,11,5.25,13.321320548574725,27.313929947559377,0.48771160262000474,-0.31183691245455825
sub-2054cg,cg,frontal,11,5.25,21.51268371947972,25.237573573632975,0.8524069739396484,-0.06935300577726712
sub-2054cg,cg,global,11,5.25,14.716859079305223,33.79988360069835,0.43541153138767474,-0.3611000733387477
sub-2054cg,cg,posterior,12,5.75,14.192463362019659,283.42232912901915,0.05007531836194524,-1.3003762809281145
sub-2054cg,cg,central,12,5.75,7.124759878208555,48.29227611009697,0.14753414939410792,-0.8311074428935987
sub-2054cg,cg,frontal,12,5.75,16.287048550491956,48.397515488279296,0.3365265424510538,-0.47298067650559167
sub-2054cg,cg,global,12,5.75,11.349135723655243,95.03405633949517,0.11942177531717817,-0.9229164769096971
sub-2054cg,cg,posterior,13,6.25,14.792105710314107,167.91502451988225,0.08809280618341943,-1.0550595554064153
sub-2054cg,cg,central,13,6.25,9.24957168912034,33.11251685461565,0.2793376211700143,-0.5538705696113997
sub-2054cg,cg,frontal,13,6.25,17.670682461906345,34.92645449668014,0.5059397730618777,-0.29590117838478963
sub-2054cg,cg,global,13,6.25,13.137140140984819,63.30463924070863,0.20752254966705283,-0.6829347053910215
sub-2054cg,cg,posterior,14,6.75,13.595983113155835,83.57657408812217,0.16267696135546772,-0.788673948382509
sub-2054cg,cg,central,14,6.75,11.320855494843244,26.122302457310692,0.4333789302586895,-0.3631322067559761
sub-2054cg,cg,frontal,14,6.75,20.26074558031521,21.545908589977905,0.9403523409423313,-0.02670938995783874
sub-2054cg,cg,global,14,6.75,13.419577588498667,38.480948690186764,0.34873302362009767,-0.4575069247292841
sub-2054cg,cg,posterior,15,7.25,23.69949397366655,53.43574671332723,0.443513854139812,-0.35309280946811233
sub-2054cg,cg,central,15,7.25,21.870374358092068,44.26017608040262,0.4941321136717249,-0.30615692037244796
sub-2054cg,cg,frontal,15,7.25,41.048008261833665,31.125519325055215,1.3187895062297357,0.12017548275026921
sub-2054cg,cg,global,15,7.25,25.196718185689846,42.44205787838211,0.5936733383167033,-0.22645245466487143
sub-2055cg,cg,posterior,1,0.25,4.085008741582411,12.953778378465323,0.3153526810658911,-0.5012034723694961
sub-2055cg,cg,central,1,0.25,3.1227765277547412,3.0859430035917357,1.0119359055303792,0.005153005827891915
sub-2055cg,cg,frontal,1,0.25,3.48460025087255,4.544168408324535,0.7668290295951742,-0.11530145453894626
sub-2055cg,cg,global,1,0.25,3.8456988035215462,5.8509823790127715,0.6572740361201406,-0.18225352304058548
sub-2055cg,cg,posterior,2,0.75,2.856561808078897,15.994756794279944,0.17859363820401836,-0.7481340154480245
sub-2055cg,cg,central,2,0.75,1.9280050659204324,4.08029483496733,0.4725161155997369,-0.32558337488660255
sub-2055cg,cg,frontal,2,0.75,2.0230794418882434,4.623159025970433,0.4375967667397262,-0.3589258955235356
sub-2055cg,cg,global,2,0.75,2.399331370866241,6.778296373187672,0.353972626566916,-0.45103032156346107
sub-2055cg,cg,posterior,3,1.25,3.6249154426530774,9.31192601298355,0.3892766585128452,-0.40974163631004323
sub-2055cg,cg,central,3,1.25,1.809588792934331,2.6369939525349952,0.6862316810376972,-0.16352923588310017
sub-2055cg,cg,frontal,3,1.25,2.359577895961754,2.8532095224692386,0.8269907545800269,-0.08249934565582268
sub-2055cg,cg,global,3,1.25,2.7746039276762664,4.281297407444732,0.6480754929221965,-0.18837440115122167
sub-2055cg,cg,posterior,4,1.75,2.508334940295412,13.509555226655472,0.18567117112384715,-0.731255523259574
sub-2055cg,cg,central,4,1.75,1.5700452319973728,3.5122948642353475,0.44701407276042676,-0.3496788043266904
sub-2055cg,cg,frontal,4,1.75,1.8151086229910616,4.009207804572669,0.45273498193854017,-0.3441559471307399
sub-2055cg,cg,global,4,1.75,2.1977689172893986,5.78453467990213,0.37993875720468206,-0.42028640220314295
sub-2055cg,cg,posterior,5,2.25,2.987766855489446,15.023474040989669,0.1988732331375352,-0.7014236657590762
sub-2055cg,cg,central,5,2.25,1.8429157341328726,3.7093309025944827,0.4968323890553548,-0.3037900997688696
sub-2055cg,cg,frontal,5,2.25,2.2445496977707067,4.350297359441024,0.5159531664886264,-0.28738971786629314
sub-2055cg,cg,global,5,2.25,2.4581481261029117,6.080887046846032,0.4042417014435217,-0.393358886831033
sub-2055cg,cg,posterior,6,2.75,3.9696191424955427,17.511807766208605,0.22668243024888945,-0.6445821399602016
sub-2055cg,cg,central,6,2.75,2.0217588336976795,4.194249798698983,0.4820310975099314,-0.31692494300324164
sub-2055cg,cg,frontal,6,2.75,3.3007669778916626,5.189006989730239,0.6361076376316964,-0.19646938989526877
sub-2055cg,cg,global,6,2.75,3.320133640198941,7.3302387647146485,0.45293662959260883,-0.34396255591965885
sub-2055cg,cg,posterior,7,3.25,2.339546995754332,14.544663131829875,0.1608526078981103,-0.7935718935025943
sub-2055cg,cg,central,7,3.25,1.4097009964794125,3.519534095881598,0.40053625226389533,-0.3973581701024696
sub-2055cg,cg,frontal,7,3.25,1.7941114218769967,4.11857319375884,0.43561479606474846,-0.36089737744669675
sub-2055cg,cg,global,7,3.25,1.9705301230559924,5.968301018844086,0.33016600818797776,-0.48126764099536273
sub-2055cg,cg,posterior,8,3.75,3.037469353838505,10.8595087461945,0.279705963209701,-0.553298274559968
sub-2055cg,cg,central,8,3.75,1.780233178465522,2.3758393378978364,0.7493070554344335,-0.12534017808945266
sub-2055cg,cg,frontal,8,3.75,2.2736459206091584,3.145373036334001,0.7228541398253802,-0.14094932740762536
sub-2055cg,cg,global,8,3.75,2.5169257775304326,4.547619816431635,0.5534600250522657,-0.25691374158953323
sub-2055cg,cg,posterior,9,4.25,2.7202526052557894,8.245866376767317,0.32989287977308074,-0.4816270579273196
sub-2055cg,cg,central,9,4.25,1.8468395679980238,2.2180394385059836,0.8326450539770426,-0.07954009337209009
sub-2055cg,cg,frontal,9,4.25,1.9443123209535533,2.6481003266863428,0.7342291005214809,-0.1341684066129575
sub-2055cg,cg,global,9,4.25,2.3696258818709226,3.8035558788708776,0.623002778803494,-0.2055100162359631
sub-2055cg,cg,posterior,10,4.75,4.97484381003909,5.889021838550036,0.8447657261980828,-0.07326371463151968
sub-2055cg,cg,central,10,4.75,2.8725940588086907,2.060832773450952,1.3938996389301446,0.14423150559275932
sub-2055cg,cg,frontal,10,4.75,3.617900961521606,2.452673926668042,1.4750843649390137,0.16881685975804667
sub-2055cg,cg,global,10,4.75,3.8846015094011106,3.229855870658101,1.2027166737349186,0.08016333180736131
sub-2055cg,cg,posterior,11,5.25,3.4186172872532192,8.315749752525948,0.41110151086674995,-0.38605092711192307
sub-2055cg,cg,central,11,5.25,2.5210658044339485,2.723659720374323,0.925617023879719,-0.033568666470921264
sub-2055cg,cg,frontal,11,5.25,2.9334586496238524,3.1407976634448973,0.9339852368606162,-0.029659988438688358
sub-2055cg,cg,global,11,5.25,3.386985567849948,4.084931517771223,0.829141333977104,-0.08137143406413826
sub-2055cg,cg,posterior,12,5.75,2.4519577285461187,12.573115935605092,0.19501591658775363,-0.7099299414367808
sub-2055cg,cg,central,12,5.75,1.6827808694543842,3.498761161859529,0.48096477341711896,-0.3178867308419648
sub-2055cg,cg,frontal,12,5.75,2.0420762446334577,3.8019251863040995,0.5371163672525041,-0.26993161340528016
sub-2055cg,cg,global,12,5.75,2.3626964972272515,5.367123144927053,0.44021656172738405,-0.35633362254706985
sub-2055cg,cg,posterior,13,6.25,2.8728792236127556,7.937360347468246,0.36194390803097515,-0.4413587286937636
sub-2055cg,cg,central,13,6.25,1.8477769392710333,2.040797308879253,0.9054191375260972,-0.04315033021392325
sub-2055cg,cg,frontal,13,6.25,2.303463599101239,2.3260644229426046,0.9902836638493554,-0.004240385201867695
sub-2055cg,cg,global,13,6.25,2.532772386059693,3.593225109156247,0.7048743981014963,-0.15188826325134416
sub-2055cg,cg,posterior,14,6.75,4.27880848720222,5.01344933646352,0.8534659871960499,-0.0688137819510146
sub-2055cg,cg,central,14,6.75,2.4812337821823838,1.8642002562598936,1.3309910101398825,0.12417512214648037
sub-2055cg,cg,frontal,14,6.75,3.5257136929825146,1.9405959220423623,1.8168201081613682,0.25931192791312996
sub-2055cg,cg,global,14,6.75,3.431969589057207,2.834152901089276,1.2109331108205794,0.0831201543702831
sub-2055cg,cg,posterior,15,7.25,4.194178306409723,6.540061054256618,0.6413056807290706,-0.19293491305584431
sub-2055cg,cg,central,15,7.25,2.059502179923805,2.124435823449551,0.9694348763991797,-0.013481360149414376
sub-2055cg,cg,frontal,15,7.25,2.9291547228357073,2.3179427084638076,1.263687282752978,0.10163961494509083
sub-2055cg,cg,global,15,7.25,3.033020440403218,3.3492292587538564,0.9055875863008883,-0.043069539377949384
sub-2056cg,cg,posterior,1,0.25,19.822568381276632,251.08457685583386,0.07894777381192246,-1.1026601118219814
sub-2056cg,cg,central,1,0.25,7.742450950656867,56.00744973939312,0.13823966252138017,-0.8593673350885707
sub-2056cg,cg,frontal,1,0.25,15.538936415714824,43.78777608228073,0.35486927645094196,-0.4499315989770218
sub-2056cg,cg,global,1,0.25,12.072860371788828,82.41685714757267,0.1464853282402118,-0.8342058714423193
sub-2056cg,cg,posterior,2,0.75,29.002260522457643,197.7893919058188,0.14663203240074485,-0.8337711458254374
sub-2056cg,cg,central,2,0.75,8.617626780478336,55.68785691286013,0.15474875957182413,-0.8103728234921486
sub-2056cg,cg,frontal,2,0.75,13.523152365157708,37.98183440775274,0.3560426339597068,-0.44849799476637553
sub-2056cg,cg,global,2,0.75,13.794359214130681,70.16942988504857,0.19658645134681263,-0.7064464168603269
sub-2056cg,cg,posterior,3,1.25,31.131939199515777,214.91250460494717,0.14485866821357185,-0.8390555118879992
sub-2056cg,cg,central,3,1.25,8.988607335599397,55.070291912213214,0.1632206226530996,-0.7872249697328165
sub-2056cg,cg,frontal,3,1.25,15.119249103935976,44.436025388903545,0.34024755750795654,-0.46820498372822483
sub-2056cg,cg,global,3,1.25,15.03247861769016,77.47473063894763,0.19403073097143653,-0.7121294802019565
sub-2056cg,cg,posterior,4,1.75,37.39297483486828,255.88157083813516,0.14613391152941696,-0.8352489909025298
sub-2056cg,cg,central,4,1.75,11.501272356877275,52.4388965527279,0.21932712381376326,-0.6589076565384991
sub-2056cg,cg,frontal,4,1.75,16.445637629013866,53.283285816511736,0.30864533553067025,-0.5105402820164834
sub-2056cg,cg,global,4,1.75,18.765544764328013,88.18769311373188,0.2127909700521012,-0.6720468056051492
sub-2056cg,cg,posterior,5,2.25,34.02370618568805,194.79880366490994,0.1746607553309985,-0.7578046660407349
sub-2056cg,cg,central,5,2.25,9.230362333169472,46.29741264399099,0.19937101894110912,-0.7003379715444252
sub-2056cg,cg,frontal,5,2.25,16.556282484370993,34.64029249919793,0.47794869182338284,-0.3206187227476717
sub-2056cg,cg,global,5,2.25,16.2958379774211,66.73415863310987,0.24419035635126732,-0.6122714913580877
sub-2056cg,cg,posterior,6,2.75,32.51342472809338,246.09152384016204,0.13211923848791743,-0.8790339381705149
sub-2056cg,cg,central,6,2.75,8.434913703750096,50.994351209550985,0.16540878555525734,-0.7814414269670403
sub-2056cg,cg,frontal,6,2.75,14.013201807941268,41.529294698321614,0.3374293233183082,-0.4718171790024682
sub-2056cg,cg,global,6,2.75,14.265118492801546,79.4104991826718,0.17963768821030587,-0.7456025425870992
sub-2056cg,cg,posterior,7,3.25,24.484657954764984,97.75115818578821,0.2504794665269219,-0.6012278703538559
sub-2056cg,cg,central,7,3.25,8.797692017825097,20.13772462476678,0.4368761705582706,-0.35964164326774467
sub-2056cg,cg,frontal,7,3.25,15.209833358970496,20.774166054693346,0.7321513325216853,-0.13539914286740784
sub-2056cg,cg,global,7,3.25,13.861119001850254,34.936791491245835,0.3967484823362631,-0.4014847258566604
sub-2056cg,cg,posterior,8,3.75,23.41699466653739,110.71574855276062,0.21150554435693697,-0.6746782436456136
sub-2056cg,cg,central,8,3.75,10.053363404147195,25.865528074497007,0.3886780650753328,-0.4104099679500132
sub-2056cg,cg,frontal,8,3.75,15.897699925587457,22.20095796754921,0.7160817091237627,-0.14503741931655217
sub-2056cg,cg,global,8,3.75,13.51670190071789,38.25834739207344,0.3533007257788231,-0.45185547040151397
sub-2056cg,cg,posterior,9,4.25,25.02565246181439,212.29110690261177,0.11788365903285279,-0.9285463923918909
sub-2056cg,cg,central,9,4.25,9.057412409185876,30.21902813404516,0.2997254699591637,-0.5232763501717481
sub-2056cg,cg,frontal,9,4.25,14.639285035019387,40.03162036183026,0.3656930422176415,-0.436883302596685
sub-2056cg,cg,global,9,4.25,14.092470447556765,66.56833413207436,0.21169931066018138,-0.6742805561372569
sub-2056cg,cg,posterior,10,4.75,20.3214812458575,93.293425418001,0.21782329413682847,-0.6618956784180156
sub-2056cg,cg,central,10,4.75,7.859867069882149,17.85142578340781,0.440293518582005,-0.35625770760154224
sub-2056cg,cg,frontal,10,4.75,12.79101293261074,19.64829273614841,0.6509986951221554,-0.18641988194150919
sub-2056cg,cg,global,10,4.75,11.88382403712768,32.631026253773705,0.3641878727535681,-0.4386745200564632
sub-2056cg,cg,posterior,11,5.25,18.505910581653257,134.43189391251244,0.13766011950777696,-0.8611918577552221
sub-2056cg,cg,central,11,5.25,9.99951427972565,23.454524128982218,0.42633626778082784,-0.3702477210073062
sub-2056cg,cg,frontal,11,5.25,15.331105235832373,23.087333319193988,0.6640483343776493,-0.17780030829835697
sub-2056cg,cg,global,11,5.25,12.660201689125568,43.49111233343295,0.2910985948591911,-0.5359598909073673
sub-2056cg,cg,posterior,12,5.75,21.025331827279583,108.65738356234749,0.19350117900837607,-0.713316384467954
sub-2056cg,cg,central,12,5.75,7.979680854539975,22.043615526893845,0.3619951021557482,-0.44129730549203244
sub-2056cg,cg,frontal,12,5.75,16.043248332035223,21.95398819940909,0.7307669197192627,-0.13622112047186932
sub-2056cg,cg,global,12,5.75,13.059103693716544,36.84114033400421,0.354470669890287,-0.4504196939979139
sub-2056cg,cg,posterior,13,6.25,18.774538851139972,90.30865488320734,0.20789301839807436,-0.6821600951904312
sub-2056cg,cg,central,13,6.25,8.19833497957738,16.20925593337863,0.5057810804686661,-0.2960374201512322
sub-2056cg,cg,frontal,13,6.25,15.052254158941084,16.47537304981712,0.913621446593476,-0.03923371423408518
sub-2056cg,cg,global,13,6.25,11.754078287156672,30.18707881712466,0.3893744856322025,-0.40963250970396203
sub-2056cg,cg,posterior,14,6.75,24.361020616763362,74.41319244770322,0.327375023372153,-0.4849544575612995
sub-2056cg,cg,central,14,6.75,11.612755428637087,19.42356351136127,0.5978694600424135,-0.22339363034604148
sub-2056cg,cg,frontal,14,6.75,17.193395473312776,13.832527901034755,1.2429684289324012,0.09446009781736953
sub-2056cg,cg,global,14,6.75,15.023908870453377,27.086839364676635,0.5546571406203167,-0.2559753915598323
sub-2056cg,cg,posterior,15,7.25,27.01640951914591,28.56719115462126,0.9457145917118113,-0.0242399100532416
sub-2056cg,cg,central,15,7.25,15.374681194615306,16.475849150421528,0.9331647221485971,-0.030041687865635124
sub-2056cg,cg,frontal,15,7.25,22.72392460032217,12.49420106504762,1.8187577166412092,0.2597748489623325
sub-2056cg,cg,global,15,7.25,18.120813396703934,15.670057958235619,1.1563973435835497,0.06310708536083828
sub-2057cg,cg,posterior,1,0.25,7.743773663947069,25.084775949066252,0.30870411917054896,-0.5104575755029901
sub-2057cg,cg,central,1,0.25,3.9407912729782844,12.573558010034134,0.31341894393244907,-0.5038747570803064
sub-2057cg,cg,frontal,1,0.25,5.548199380698465,12.484766415382174,0.4443975318483064,-0.3522283617645581
sub-2057cg,cg,global,1,0.25,5.432231573922767,16.9126534743726,0.3211933350466925,-0.49323347516943145
sub-2057cg,cg,posterior,2,0.75,12.283135325858344,32.917711059207,0.3731467022043376,-0.42812039223409215
sub-2057cg,cg,central,2,0.75,5.737027818131748,21.204634713653892,0.2705553712952015,-0.5677438396626102
sub-2057cg,cg,frontal,2,0.75,8.886182661335216,22.503002196589787,0.3948887612285738,-0.4035252263694834
sub-2057cg,cg,global,2,0.75,8.637857013429166,25.962765615046116,0.33270172914180207,-0.4779449419782121
sub-2057cg,cg,posterior,3,1.25,10.634728113805178,29.976615324364836,0.35476747453743807,-0.450056203599101
sub-2057cg,cg,central,3,1.25,5.309205759114018,15.706926994000343,0.3380168355746483,-0.47106166831677615
sub-2057cg,cg,frontal,3,1.25,8.438722647731979,18.52690052008438,0.4554848577388241,-0.34152605625362076
sub-2057cg,cg,global,3,1.25,8.152119049158806,22.018030246645854,0.37024742712398945,-0.4315079507398704
sub-2057cg,cg,posterior,4,1.75,13.555343052784348,36.48040805689689,0.37157871237741297,-0.42994917455418064
sub-2057cg,cg,central,4,1.75,5.711913008303309,17.723727883927022,0.3222749212643479,-0.49177348902776624
sub-2057cg,cg,frontal,4,1.75,8.73043300746109,23.21302072872418,0.3761006854509851,-0.4246958750665422
sub-2057cg,cg,global,4,1.75,8.918066693259506,25.43039810348073,0.35068529627300116,-0.45508244307592466
sub-2057cg,cg,posterior,5,2.25,11.957889418798098,32.61804546777276,0.3666034934745773,-0.4358034008317872
sub-2057cg,cg,central,5,2.25,6.3404176890451645,15.008508625519612,0.4224548785789602,-0.37421967021875435
sub-2057cg,cg,frontal,5,2.25,7.799251406087501,14.968125753434478,0.5210573143600121,-0.2831145033007418
sub-2057cg,cg,global,5,2.25,8.381457990935246,19.977983043359195,0.4195347434595653,-0.3772320675695683
sub-2057cg,cg,posterior,6,2.75,13.334581421334553,45.59101248354657,0.29248267794330945,-0.5338998495694919
sub-2057cg,cg,central,6,2.75,6.878355329986943,24.958527212028454,0.2755913949390413,-0.5597343469561181
sub-2057cg,cg,frontal,6,2.75,9.84742712074175,33.035490677963445,0.29808629805854664,-0.5256579864441486
sub-2057cg,cg,global,6,2.75,9.485654912310322,33.26969790073733,0.28511394785163047,-0.5449815363670449
sub-2057cg,cg,posterior,7,3.25,9.469802393092133,32.68755481497399,0.28970666196035155,-0.5380415178464517
sub-2057cg,cg,central,7,3.25,5.367873163519949,13.632253705272268,0.3937627100824808,-0.40476541458749216
sub-2057cg,cg,frontal,7,3.25,7.714019901658377,16.54910878103059,0.46612902263961004,-0.33149385570326273
sub-2057cg,cg,global,7,3.25,7.28778953129552,20.03772535149936,0.3637034345692435,-0.4392525977425737
sub-2057cg,cg,posterior,8,3.75,13.730217097471918,29.47197534951942,0.4658736625095545,-0.3317318410651582
sub-2057cg,cg,central,8,3.75,8.657157664948958,17.177952379699505,0.503969127029353,-0.2975960674661156
sub-2057cg,cg,frontal,8,3.75,14.236875585606667,20.565261317794437,0.6922778838354936,-0.15971954254951773
sub-2057cg,cg,global,8,3.75,11.752351255032245,22.105541651016217,0.5316472873892224,-0.27437639767125604
sub-2057cg,cg,posterior,9,4.25,9.54098493558827,26.335448027273024,0.36228679024968985,-0.44094750098135044
sub-2057cg,cg,central,9,4.25,6.773047714485027,13.527761921141916,0.5006776253135962,-0.3004418162702767
sub-2057cg,cg,frontal,9,4.25,6.764274219453331,14.76286502143537,0.4581952222439037,-0.3389494436580281
sub-2057cg,cg,global,9,4.25,7.30095616252309,17.821024656226996,0.40968217615769925,-0.38755293027371296
sub-2057cg,cg,posterior,10,4.75,16.826073177923128,35.21534641684027,0.4778051301485071,-0.320749191582317
sub-2057cg,cg,central,10,4.75,8.524431964413404,22.485063705700792,0.3791153129911812,-0.42122867346525295
sub-2057cg,cg,frontal,10,4.75,13.874315016653872,21.795044887592535,0.6365811627464107,-0.19614621685596562
sub-2057cg,cg,global,10,4.75,12.202012435389632,25.311766649684994,0.48206877869354436,-0.3168909947982331
sub-2057cg,cg,posterior,11,5.25,10.677423607039353,42.67630717951505,0.2501955842178537,-0.601720359577622
sub-2057cg,cg,central,11,5.25,3.9315109368057626,12.068647001287033,0.3257623606346673,-0.4870990965560265
sub-2057cg,cg,frontal,11,5.25,7.808583950620929,19.852496050980942,0.39333008456813645,-0.4052428345151256
sub-2057cg,cg,global,11,5.25,7.1274161449647355,24.755150042983452,0.2879164994996633,-0.5407334464927588
sub-2057cg,cg,posterior,12,5.75,14.521566571763978,32.876022864963645,0.4417069130110558,-0.3548658036869091
sub-2057cg,cg,central,12,5.75,8.657831550347149,16.28334896597926,0.5316984588634638,-0.2743345984935392
sub-2057cg,cg,frontal,12,5.75,13.319696800210528,23.463567971150837,0.5676756756085646,-0.2458997145033183
sub-2057cg,cg,global,12,5.75,12.029434108951751,24.081715543182426,0.4995256292011681,-0.30144222448484936
sub-2057cg,cg,posterior,13,6.25,9.521519920508574,42.10436700234296,0.22614091122611427,-0.6456208621902949
sub-2057cg,cg,central,13,6.25,4.648483462256004,12.094911864018002,0.38433380205812845,-0.4152914177689324
sub-2057cg,cg,frontal,13,6.25,7.753205682439334,22.341860163152266,0.34702596945022757,-0.4596380238635467
sub-2057cg,cg,global,13,6.25,7.2280966214222495,24.334528232931376,0.2970304808145254,-0.5271989817591669
sub-2057cg,cg,posterior,14,6.75,8.589758247823797,35.016528763046594,0.24530581845932947,-0.6102921505510076
sub-2057cg,cg,central,14,6.75,3.5026201537802177,9.949892446695298,0.35202593118919173,-0.45342534402874807
sub-2057cg,cg,frontal,14,6.75,7.282498538193507,18.89074427891973,0.38550617332320153,-0.4139686629600156
sub-2057cg,cg,global,14,6.75,6.377600292568248,20.318348235505034,0.31388379698226615,-0.5032311024675732
sub-2057cg,cg,posterior,15,7.25,9.70183867975008,11.068485193042314,0.8765281346582718,-0.05723413943243585
sub-2057cg,cg,central,15,7.25,7.507197854266832,8.827826282501059,0.8504016293510397,-0.0703759163851739
sub-2057cg,cg,frontal,15,7.25,11.143310188766037,6.880125160496465,1.6196377142595388,0.2094178810280297
sub-2057cg,cg,global,15,7.25,8.949461510276294,8.491984741580616,1.0538715957007863,0.02278769941950746
sub-2059cg,cg,posterior,1,0.25,2.4110744614474964,1.8996287897032045,1.2692345338818536,0.10354188006112876
sub-2059cg,cg,central,1,0.25,1.9456021992702188,2.136397946430465,0.9106927866697159,-0.04062810332966383
sub-2059cg,cg,frontal,1,0.25,4.201246319059876,2.0759687336039887,2.023752213149326,0.30615733670053547
sub-2059cg,cg,global,1,0.25,2.789725151773577,2.0218189182440898,1.3798095994652175,0.13981916204866185
sub-2059cg,cg,posterior,2,0.75,3.7310640315506527,1.7003149705182328,2.1943369882895727,0.34130332374747535
sub-2059cg,cg,central,2,0.75,2.691277338424584,1.3618768462245292,1.9761532372662716,0.29582061814576055
sub-2059cg,cg,frontal,2,0.75,5.119520817977706,1.6012198801238728,3.1972628378693697,0.504778339851369
sub-2059cg,cg,global,2,0.75,4.463337736412272,1.794512059925795,2.487215235876896,0.3957133693909558
sub-2059cg,cg,posterior,3,1.25,2.0598475037885766,1.5275231700231737,1.3484885494452612,0.12984726303670294
sub-2059cg,cg,central,3,1.25,1.5953073345896343,1.4587228314713692,1.0936329370950453,0.03887158146395583
sub-2059cg,cg,frontal,3,1.25,3.4816336506685057,1.726047548893628,2.0171134062327445,0.3047303158213687
sub-2059cg,cg,global,3,1.25,2.5968651222779173,1.6083173192615225,1.6146472410496069,0.20807765484071308
sub-2059cg,cg,posterior,4,1.75,2.2165122336165473,2.0468344485900034,1.0828976594288948,0.034587415032108056
sub-2059cg,cg,central,4,1.75,2.0022368136336053,2.0547489345550365,0.9744435341766935,-0.011243321765418157
sub-2059cg,cg,frontal,4,1.75,4.204132905033684,2.203182389534395,1.9082092000209552,0.2806259853755583
sub-2059cg,cg,global,4,1.75,2.90564417770786,2.138240002499354,1.3588952476389458,0.1331859798187433
sub-2059cg,cg,posterior,5,2.25,2.2785533200285695,1.9932952215013924,1.1431088056852485,0.058087570255065585
sub-2059cg,cg,central,5,2.25,1.826782432940475,2.632223218096294,0.694007415625511,-0.1586358889860197
sub-2059cg,cg,frontal,5,2.25,4.0517914094017415,1.90817067593777,2.123390460033398,0.3270298618277141
sub-2059cg,cg,global,5,2.25,3.1893297474812394,2.3094439039636208,1.380994681017149,0.1401920058709194
sub-2059cg,cg,posterior,6,2.75,2.1496671321889336,2.496170452671264,0.8611860339459104,-0.06490302184600355
sub-2059cg,cg,central,6,2.75,2.0990202339158177,3.3874918921725308,0.6196384524981502,-0.20786163934796736
sub-2059cg,cg,frontal,6,2.75,3.9035159877879577,2.807505538408688,1.3903858547686054,0.14313534078814347
sub-2059cg,cg,global,6,2.75,3.0859651143224505,2.8030394264227585,1.1009353222907614,0.041761805804359266
sub-2059cg,cg,posterior,7,3.25,2.25229964744114,2.5552856651868368,0.8814277315943292,-0.05481328978147806
sub-2059cg,cg,central,7,3.25,1.8883182788399513,2.754738657813446,0.6854800085968192,-0.16400520649473008
sub-2059cg,cg,frontal,7,3.25,3.864737663885677,2.1173757979819072,1.8252488139182466,0.26132207490001724
sub-2059cg,cg,global,7,3.25,3.1371633350594657,2.43815218563426,1.2866970952608379,0.10947632053314037
sub-2059cg,cg,posterior,8,3.75,2.3087087896459257,3.104947692892886,0.7435580299566649,-0.12868513190798805
sub-2059cg,cg,central,8,3.75,1.9560609444365742,2.813197475337811,0.6953159035526607,-0.15781783713793565
sub-2059cg,cg,frontal,8,3.75,3.6829721593256006,2.695749676248704,1.3662144492773067,0.13551887418295988
sub-2059cg,cg,global,8,3.75,2.8739711604704596,2.7383215006535218,1.0495375213555327,0.020997969384713745
sub-2059cg,cg,posterior,9,4.25,2.3615666664704946,2.6761307350953993,0.8824556422077448,-0.05430711577421523
sub-2059cg,cg,central,9,4.25,1.8023944793423947,2.6424764945303405,0.6820853404271218,-0.16616128434954924
sub-2059cg,cg,frontal,9,4.25,3.5069100715080017,2.2618676285734876,1.5504488535077254,0.19045744422330532
sub-2059cg,cg,global,9,4.25,2.9887530670489704,2.5944872554185148,1.1519629016512,0.06143849309101129
sub-2059cg,cg,posterior,10,4.75,2.2672374557313426,2.9811518038403317,0.7605239870075312,-0.11888708370076174
sub-2059cg,cg,central,10,4.75,1.9949617786603817,3.509022991719681,0.5685234275660026,-0.24525163431309221
sub-2059cg,cg,frontal,10,4.75,3.739657448553586,2.778961107307849,1.3457034136675712,0.12894935409255057
sub-2059cg,cg,global,10,4.75,3.3268718237811004,2.9863272358497768,1.1140345853070652,0.04689867375948664
sub-2059cg,cg,posterior,11,5.25,2.4835446542201733,2.4390706867035945,1.0182339805726113,0.007847586247704085
sub-2059cg,cg,central,11,5.25,1.7480484555892277,2.5142156021191573,0.6952659326892451,-0.15784905007295477
sub-2059cg,cg,frontal,11,5.25,3.7556556330645625,1.95195710074397,1.9240461952945225,0.2842154949994324
sub-2059cg,cg,global,11,5.25,2.835067989981276,2.243001278486905,1.2639618252441525,0.10173395738293689
sub-2059cg,cg,posterior,12,5.75,2.3311824709411755,1.9912877600442067,1.1706909055120307,0.0684422445597994
sub-2059cg,cg,central,12,5.75,1.8384399932918687,1.7210069382348336,1.0682350851981348,0.028666837869886903
sub-2059cg,cg,frontal,12,5.75,3.3606427652713387,1.8349993937416795,1.8314135561749565,0.2627864245227033
sub-2059cg,cg,global,12,5.75,3.072619124972943,1.9860896145940563,1.5470697305876433,0.18950988895918738
sub-2059cg,cg,posterior,13,6.25,2.868182168761626,1.8597154059690704,1.5422694029181623,0.18816024270417325
sub-2059cg,cg,central,13,6.25,2.4267687130470432,1.5169101365371878,1.5998104664175339,0.20406853374045897
sub-2059cg,cg,frontal,13,6.25,3.4894743279559215,1.731338252843516,2.015478097491855,0.30437808297028457
sub-2059cg,cg,global,13,6.25,3.2961732096825944,1.8286476746587763,1.8025195642444665,0.2558799871763785
sub-2059cg,cg,posterior,14,6.75,2.469861951597843,1.697219289362833,1.4552403257949502,0.16293472084622573
sub-2059cg,cg,central,14,6.75,1.948004252516623,1.7797092087388313,1.0945632258075755,0.039240852999679686
sub-2059cg,cg,frontal,14,6.75,3.8264702008440636,1.9203294977965548,1.9926112707400856,0.2994225824742415
sub-2059cg,cg,global,14,6.75,3.169248684604403,1.9598807571227812,1.6170619937393764,0.2087266698895982
sub-2059cg,cg,posterior,15,7.25,3.123029289805465,1.9482496649642367,1.6029923402362258,0.2049314471195299
sub-2059cg,cg,central,15,7.25,2.44368316716877,1.7482129773333368,1.397817770976783,0.14545055752004546
sub-2059cg,cg,frontal,15,7.25,4.093675165700385,1.6133607527504632,2.537358838512387,0.4043818903851463
sub-2059cg,cg,global,15,7.25,3.6786158320978863,1.9167383976375,1.919205999437383,0.2831215925663173
sub-2060cg,cg,posterior,1,0.25,42.90470946110822,111.38577325111422,0.3851902106419056,-0.4143247587183894
sub-2060cg,cg,central,1,0.25,12.34271173322029,27.453411256842504,0.44958754370256937,-0.34718572985932256
sub-2060cg,cg,frontal,1,0.25,20.847228889589296,49.506482493875346,0.421100992019952,-0.3756137354776603
sub-2060cg,cg,global,1,0.25,23.37628003349389,54.4859063693391,0.42903351694353836,-0.36750877854946284
sub-2060cg,cg,posterior,2,0.75,42.472444131108546,110.14977433122213,0.3855881175334343,-0.41387635798801936
sub-2060cg,cg,central,2,0.75,13.669523954449692,28.27877991978096,0.48338450220364293,-0.31570727762578965
sub-2060cg,cg,frontal,2,0.75,19.17819498783934,42.4559721560532,0.45171960536781613,-0.34513105994052323
sub-2060cg,cg,global,2,0.75,23.90993880855829,53.09571297147534,0.4503176898934091,-0.3464809922504976
sub-2060cg,cg,posterior,3,1.25,46.19842342378022,100.55860074909988,0.4594179222824334,-0.33779206661478345
sub-2060cg,cg,central,3,1.25,12.82623627186505,28.740356618043936,0.4462796492863421,-0.3503929168882538
sub-2060cg,cg,frontal,3,1.25,27.146261563156845,38.15340635211587,0.7115029602501375,-0.14782328866806607
sub-2060cg,cg,global,3,1.25,26.292062102366163,49.26701926719064,0.5336645588355161,-0.2727316381431084
sub-2060cg,cg,posterior,4,1.75,44.63383472534856,122.3113798000016,0.3649197220923508,-0.43780266454869154
sub-2060cg,cg,central,4,1.75,16.51779120680933,34.39386568033947,0.4802539894854384,-0.318529018752963
sub-2060cg,cg,frontal,4,1.75,25.732346770357683,47.324767608555184,0.54373952732746,-0.26460909466755006
sub-2060cg,cg,global,4,1.75,27.268458511653392,59.634428996038515,0.457260327141974,-0.3398364772782791
sub-2060cg,cg,posterior,5,2.25,44.685662660656575,93.79309760842116,0.4764280506782676,-0.32200267645846536
sub-2060cg,cg,central,5,2.25,13.936018491059508,31.15432622291064,0.44732209553648034,-0.3493796492618007
sub-2060cg,cg,frontal,5,2.25,25.35495094083353,32.52596810874842,0.7795294779869711,-0.10816745727434508
sub-2060cg,cg,global,5,2.25,25.577976897247268,45.062749609508884,0.5676079937174972,-0.24595149693029117
sub-2060cg,cg,posterior,6,2.75,37.731988192796685,142.32050250852225,0.26511983535567735,-0.5765577786295627
sub-2060cg,cg,central,6,2.75,13.732139090821718,43.72212153023107,0.3140776021430437,-0.5029630333961951
sub-2060cg,cg,frontal,6,2.75,18.466807632105684,50.752801802462976,0.36385789505732297,-0.43906819723660606
sub-2060cg,cg,global,6,2.75,22.392637589748723,68.51559080427417,0.32682543238540995,-0.4856841555824397
sub-2060cg,cg,posterior,7,3.25,42.909125161791735,124.23822569801905,0.3453778007590776,-0.4617055802534108
sub-2060cg,cg,central,7,3.25,11.146374957029657,23.791944626637093,0.468493649087866,-0.32929629204363015
sub-2060cg,cg,frontal,7,3.25,35.29419887938591,50.73379243986786,0.6956743657832853,-0.15759399923538647
sub-2060cg,cg,global,7,3.25,27.067570676590325,56.62634991634355,0.478003097790664,-0.3205692888501572
sub-2060cg,cg,posterior,8,3.75,36.135221030533785,119.64591508838144,0.30201800875392193,-0.5199671601247337
sub-2060cg,cg,central,8,3.75,12.115643765187734,26.746936105997207,0.45297314493046403,-0.3439275449060018
sub-2060cg,cg,frontal,8,3.75,28.34014613818814,44.40765575359897,0.6381815400352752,-0.1950557623123067
sub-2060cg,cg,global,8,3.75,23.368070770896065,53.78193162493931,0.4344966806670071,-0.3620135369909392
sub-2060cg,cg,posterior,9,4.25,47.946350595088965,114.59581073668252,0.4183953173057937,-0.3784131847517636
sub-2060cg,cg,central,9,4.25,15.03232158674001,29.06074927011092,0.5172723334494614,-0.28628074941143145
sub-2060cg,cg,frontal,9,4.25,49.70993213713344,47.50474994934886,1.0464202461887668,0.019706133811803885
sub-2060cg,cg,global,9,4.25,33.60521298245267,54.55909869498629,0.6159414980500919,-0.2104605350442853
sub-2060cg,cg,posterior,10,4.75,49.226639709026976,128.4305473483328,0.3832938559041811,-0.4164681423117756
sub-2060cg,cg,central,10,4.75,15.174562990881787,27.098073151784906,0.5599867896836888,-0.25182221805656513
sub-2060cg,cg,frontal,10,4.75,34.848972222289134,58.644395707676004,0.5942421573580599,-0.2260365412591744
sub-2060cg,cg,global,10,4.75,30.568768195314277,62.482672002283124,0.48923593079049643,-0.310481654720361
sub-2060cg,cg,posterior,11,5.25,45.50578234761593,118.8806036060933,0.382785593000501,-0.417044416240355
sub-2060cg,cg,central,11,5.25,12.337630701569795,31.456090433200185,0.3922175493413543,-0.4064729782062281
sub-2060cg,cg,frontal,11,5.25,30.454331151467283,41.47462742608219,0.7342882393758512,-0.13413342755287402
sub-2060cg,cg,global,11,5.25,26.697126470890513,56.36759931407456,0.47362539465512493,-0.3245650198347195
sub-2060cg,cg,posterior,12,5.75,38.269412803896465,126.49150284871465,0.3025453247216704,-0.5192095538975365
sub-2060cg,cg,central,12,5.75,13.367711366315215,39.59094798156611,0.3376456500243272,-0.4715388410351667
sub-2060cg,cg,frontal,12,5.75,19.479958443145446,54.825360669542384,0.35530926208693997,-0.44939347131500584
sub-2060cg,cg,global,12,5.75,23.296727407899816,64.65372141133561,0.3603308038478238,-0.4432986094586407
sub-2060cg,cg,posterior,13,6.25,36.90803850983552,158.1824905159433,0.23332568850985147,-0.6320374439584499
sub-2060cg,cg,central,13,6.25,11.828954512661932,44.30725040119935,0.2669755944129121,-0.5735284378723119
sub-2060cg,cg,frontal,13,6.25,19.04298807153601,59.892261020853674,0.3179540686384423,-0.49763561327851574
sub-2060cg,cg,global,13,6.25,21.14498885479594,75.0004583661817,0.28193146169264455,-0.5498564570227132
sub-2060cg,cg,posterior,14,6.75,45.09086953747565,128.6108307832534,0.35059931782469284,-0.45518893326578297
sub-2060cg,cg,central,14,6.75,14.423133436152762,40.12373514391303,0.35946637032721074,-0.4443417335550597
sub-2060cg,cg,frontal,14,6.75,27.667684160083233,50.72513102877222,0.5454433256050067,-0.2632503681841551
sub-2060cg,cg,global,14,6.75,25.569241567069255,63.59992240540871,0.4020325906072926,-0.3957387395841801
sub-2060cg,cg,posterior,15,7.25,40.848857830149655,145.369762400754,0.2809996876622657,-0.5512941628231404
sub-2060cg,cg,central,15,7.25,13.750286201754918,36.303920037431034,0.3787548613917652,-0.42164178420034854
sub-2060cg,cg,frontal,15,7.25,29.96921924802221,58.283965051768895,0.5141932128571383,-0.28887366016718846
sub-2060cg,cg,global,15,7.25,25.54610792267572,69.17865102271665,0.36927733549309855,-0.43264734648478315
sub-2061cg,cg,posterior,1,0.25,7.401809929781937,45.24379526782708,0.163598342843828,-0.7862210997932177
sub-2061cg,cg,central,1,0.25,5.678985158358164,10.751647431408594,0.5281967432979849,-0.2772042808497964
sub-2061cg,cg,frontal,1,0.25,4.697673962531566,8.15426860232526,0.576099978015439,-0.2395021413465921
sub-2061cg,cg,global,1,0.25,6.345540523964025,18.022458232864018,0.3520907326833422,-0.45334540576609345
sub-2061cg,cg,posterior,2,0.75,6.517173092906129,11.437282578756315,0.5698183154984008,-0.24426359547553325
sub-2061cg,cg,central,2,0.75,6.435686110376291,6.649163227148257,0.9678941380322341,-0.014172140400893991
sub-2061cg,cg,frontal,2,0.75,4.7510733952283415,3.6405159225636274,1.3050549692096023,0.11562880464106867
sub-2061cg,cg,global,2,0.75,6.401617689159316,6.798506662704871,0.9416211539921258,-0.02612379341137865
sub-2061cg,cg,posterior,3,1.25,8.70408248880255,26.439716053747773,0.32920483983672605,-0.48253378859059215
sub-2061cg,cg,central,3,1.25,6.23510594771362,11.994510351996995,0.5198299692721948,-0.28413868613868315
sub-2061cg,cg,frontal,3,1.25,5.9850596086611745,6.385168068247435,0.9373378342888192,-0.028103852950000955
sub-2061cg,cg,global,3,1.25,6.9921827942903025,12.835521585681388,0.5447525250621995,-0.26380074801509246
sub-2061cg,cg,posterior,4,1.75,8.595767149883235,29.48295312135397,0.29155041269110443,-0.5352863394964352
sub-2061cg,cg,central,4,1.75,7.15525966681574,13.664481175803509,0.5236393226173838,-0.28096774761687393
sub-2061cg,cg,frontal,4,1.75,6.2165361113093365,5.171262056593366,1.202131325637084,0.07995191432570024
sub-2061cg,cg,global,4,1.75,7.396061309519913,14.90114468294211,0.49634182251692766,-0.30421912894721354
sub-2061cg,cg,posterior,5,2.25,8.533567036528616,38.49017118794542,0.22170769246152922,-0.6542192381636492
sub-2061cg,cg,central,5,2.25,5.207698880854596,11.189644080938704,0.4654034429679304,-0.3321704082077704
sub-2061cg,cg,frontal,5,2.25,5.079754021056412,7.8249043737531805,0.6491777762927383,-0.18763635606489767
sub-2061cg,cg,global,5,2.25,6.676145664403694,15.954306483429297,0.41845414411073106,-0.3783521268005017
sub-2061cg,cg,posterior,6,2.75,6.892842742602872,6.470922875457688,1.0652024255682915,0.027432146698301584
sub-2061cg,cg,central,6,2.75,5.826069100648112,5.56138580415736,1.0475930470950048,0.020192607337870754
sub-2061cg,cg,frontal,6,2.75,4.6334793921342,2.951364240127776,1.5699449526208253,0.19588442489831748
sub-2061cg,cg,global,6,2.75,6.206956738949778,5.046584900590179,1.2299320949150976,0.08988113451439683
sub-2061cg,cg,posterior,7,3.25,9.38051485544628,9.94154170888121,0.9435674194341769,-0.025227063339894336
sub-2061cg,cg,central,7,3.25,7.826688176876704,7.977772024825161,0.9810618995531188,-0.00830359018757285
sub-2061cg,cg,frontal,7,3.25,6.855467920714377,3.6250143365091296,1.8911560850035583,0.2767273744602223
sub-2061cg,cg,global,7,3.25,8.64719807730307,7.239864260951791,1.1943867682632856,0.07714498351295743
sub-2061cg,cg,posterior,8,3.75,9.027953957718688,5.4619837543925165,1.6528708915434664,0.21823893144193449
sub-2061cg,cg,central,8,3.75,5.778270094720649,5.973381245755498,0.9673365648352868,-0.014422395803552689
sub-2061cg,cg,frontal,8,3.75,6.013578499777595,2.8900343659205308,2.0807982668614935,0.31822997745540416
sub-2061cg,cg,global,8,3.75,7.511848562318001,4.718804730188809,1.5918964635812416,0.20191481795091212
sub-2061cg,cg,posterior,9,4.25,9.591440591281184,6.572985222038164,1.4592213837820027,0.16412118528702718
sub-2061cg,cg,central,9,4.25,6.361607086842187,7.314417519742746,0.8697352960329683,-0.06061290481173197
sub-2061cg,cg,frontal,9,4.25,6.186501272478052,3.2417121592233586,1.908405487167065,0.2806706565993972
sub-2061cg,cg,global,9,4.25,7.458808917051392,5.709562488589507,1.3063713606704075,0.11606665087807339
sub-2061cg,cg,posterior,10,4.75,10.689986465699116,6.875800238735037,1.554726154706581,0.19165390463412726
sub-2061cg,cg,central,10,4.75,9.149345774975313,6.690641860902932,1.367484012025801,0.1359222574701402
sub-2061cg,cg,frontal,10,4.75,9.321711951378138,3.389220640384434,2.750399853082681,0.43939583614439426
sub-2061cg,cg,global,10,4.75,9.496820399466928,5.764138610312274,1.64756974831881,0.21684380910446635
sub-2061cg,cg,posterior,11,5.25,9.977305627788928,18.694132910721418,0.5337132069959107,-0.27269205023280135
sub-2061cg,cg,central,11,5.25,6.427948618742864,12.165079509816644,0.5283934735943002,-0.2770425551746306
sub-2061cg,cg,frontal,11,5.25,6.903502604424594,5.27358340189034,1.3090724234967066,0.1169636742473967
sub-2061cg,cg,global,11,5.25,8.250537174811365,12.141664443673735,0.6795227469089056,-0.16779600075390091
sub-2061cg,cg,posterior,12,5.75,9.870644786048864,6.625217581187578,1.4898597163173528,0.17314537760859885
sub-2061cg,cg,central,12,5.75,6.43013851238702,7.996664324766282,0.804102592186143,-0.09468853784620354
sub-2061cg,cg,frontal,12,5.75,5.2395314610408,3.749133484359832,1.3975313183428717,0.14536154910306806
sub-2061cg,cg,global,12,5.75,7.549505950740462,6.192001273305293,1.2192352064408625,0.08608749479460388
sub-2061cg,cg,posterior,13,6.25,7.369124287643556,6.818181022276219,1.0808050216864742,0.03374735385784825
sub-2061cg,cg,central,13,6.25,5.127197333758001,10.750645832389175,0.47691993706191654,-0.3215545220303959
sub-2061cg,cg,frontal,13,6.25,5.905463179419637,4.5161900713010565,1.3076206019199605,0.1164817543904907
sub-2061cg,cg,global,13,6.25,6.447822878604449,7.499230924525573,0.85979788374264,-0.06560362816530733
sub-2061cg,cg,posterior,14,6.75,11.246287711102601,7.054020309235375,1.5943089498025065,0.2025724840570478
sub-2061cg,cg,central,14,6.75,5.794857627265693,5.49889560823964,1.0538220835803063,0.022767295277361835
sub-2061cg,cg,frontal,14,6.75,6.932108985928137,3.550034292354314,1.9526878939895809,0.2906328337896756
sub-2061cg,cg,global,14,6.75,7.851765513777345,5.453252185165656,1.4398317274114527,0.15831173922934486
sub-2061cg,cg,posterior,15,7.25,8.155468317364427,28.519077624168947,0.28596536062067257,-0.5436865703758285
sub-2061cg,cg,central,15,7.25,5.74655376241252,11.318507485476507,0.5077130328169405,-0.2943816882640297
sub-2061cg,cg,frontal,15,7.25,5.3071505647445685,6.674745015711098,0.795109109374595,-0.09957327090591757
sub-2061cg,cg,global,15,7.25,7.182630912275722,14.420012810386345,0.4981015625105595,-0.30268209591337136
sub-2062cg,cg,posterior,1,0.25,92.96839630004715,43.142799332773656,2.1548994904793584,0.3334270184651201
sub-2062cg,cg,central,1,0.25,39.26023770553139,23.901323958167495,1.6425967772431906,0.21553096641113464
sub-2062cg,cg,frontal,1,0.25,87.31053945456493,24.697082572370345,3.535257219095298,0.5484210177849014
sub-2062cg,cg,global,1,0.25,77.96284047424862,26.068772038232037,2.990660256643834,0.47576707934846946
sub-2062cg,cg,posterior,2,0.75,119.78803822675101,33.36720215885512,3.5899934809176437,0.5550936599420894
sub-2062cg,cg,central,2,0.75,43.92845849099188,14.000902692165887,3.137544732424414,0.4965899263318348
sub-2062cg,cg,frontal,2,0.75,130.1024870350053,16.766552922453595,7.759644313099886,0.889841814505828
sub-2062cg,cg,global,2,0.75,107.30714860447934,18.07356492154579,5.937243098983575,0.7735848313726967
sub-2062cg,cg,posterior,3,1.25,117.18741211478113,30.107840470245062,3.8922556478467776,0.5902013574963434
sub-2062cg,cg,central,3,1.25,40.98823922223098,18.68884375600059,2.193192888622151,0.34107682902378794
sub-2062cg,cg,frontal,3,1.25,117.36265823799636,17.46785663956408,6.718778420254153,0.827290318653701
sub-2062cg,cg,global,3,1.25,98.42601097027588,19.01281325517528,5.176825209887567,0.7140635017284613
sub-2062cg,cg,posterior,4,1.75,98.86852787110189,29.61997807333006,3.3379001033131583,0.5234733349708324
sub-2062cg,cg,central,4,1.75,44.78585567184586,14.591715120045714,3.069266039214282,0.4870345340346905
sub-2062cg,cg,frontal,4,1.75,90.57566178690819,17.275075454674717,5.243141312149695,0.7195915628939255
sub-2062cg,cg,global,4,1.75,80.92883475062322,17.585050334435046,4.602138362501493,0.6629596715181076
sub-2062cg,cg,posterior,5,2.25,91.05101595086995,22.170663753919168,4.106824087969609,0.6135061006475928
sub-2062cg,cg,central,5,2.25,35.05193501684268,13.256869074990405,2.6440583231654227,0.4222710306734919
sub-2062cg,cg,frontal,5,2.25,97.86988099659945,14.930459133559383,6.555048315735721,0.8165758971214625
sub-2062cg,cg,global,5,2.25,77.20648387822843,15.038886510930068,5.133789913376615,0.7104380923587791
sub-2062cg,cg,posterior,6,2.75,98.08852695578834,23.618611780375044,4.153018300478233,0.6183638448539671
sub-2062cg,cg,central,6,2.75,40.27976131529129,13.778525671388893,2.923372374950987,0.46588413868488104
sub-2062cg,cg,frontal,6,2.75,128.29794031206075,14.187696191490335,9.042901580385744,0.9563078041655358
sub-2062cg,cg,global,6,2.75,89.59114989683331,15.807316342035538,5.667701459139426,0.7534069661232301
sub-2062cg,cg,posterior,7,3.25,82.4495546524382,24.638345608087462,3.3463916759644112,0.5245767712811503
sub-2062cg,cg,central,7,3.25,44.082006051907136,13.146997807574444,3.3530093103468808,0.5254347593419311
sub-2062cg,cg,frontal,7,3.25,95.93725311757437,18.308844349603454,5.239940396328305,0.71932634696599
sub-2062cg,cg,global,7,3.25,77.22637728959978,17.63299129427745,4.379652663621661,0.6414396693502437
sub-2062cg,cg,posterior,8,3.75,83.1755816236551,17.33405807354769,4.79839061751983,0.681095599223357
sub-2062cg,cg,central,8,3.75,42.170193244533586,11.30895616101978,3.7289200386051284,0.5715830706327235
sub-2062cg,cg,frontal,8,3.75,74.43342150081142,12.605996759125974,5.904604207273507,0.7711907916433556
sub-2062cg,cg,global,8,3.75,66.84820342205336,13.03354383155209,5.128935329179217,0.7100272230747855
sub-2062cg,cg,posterior,9,4.25,110.77739956033153,26.501450537318775,4.180050424196109,0.6211815207267194
sub-2062cg,cg,central,9,4.25,43.009051571622365,14.73856085759502,2.9181310161269307,0.4651047866333852
sub-2062cg,cg,frontal,9,4.25,118.5887763825907,16.44681600990697,7.210439778201269,0.8579617539595727
sub-2062cg,cg,global,9,4.25,92.44445911949425,17.408588277727013,5.310278906289605,0.7251173316806332
sub-2062cg,cg,posterior,10,4.75,61.93517841965502,19.71979501165665,3.1407617768361313,0.49703499691138164
sub-2062cg,cg,central,10,4.75,37.257217595991364,14.554648351439937,2.5598157163519097,0.40820870115081753
sub-2062cg,cg,frontal,10,4.75,67.15437920329948,13.952382802436457,4.8131118644173485,0.6824259554929846
sub-2062cg,cg,global,10,4.75,55.92070067581055,14.797797183730532,3.7789881819229607,0.5773755337445693
sub-2062cg,cg,posterior,11,5.25,127.36170097080938,24.321942356230956,5.236493825427599,0.7190405957750824
sub-2062cg,cg,central,11,5.25,42.47649633054581,13.876909615707936,3.0609478267743877,0.48585592720037596
sub-2062cg,cg,frontal,11,5.25,161.42941058948904,15.072129333969018,10.710458158401368,1.029808048928002
sub-2062cg,cg,global,11,5.25,98.96001410980413,15.748093520189437,6.28393614648878,0.7982317633557673
sub-2062cg,cg,posterior,12,5.75,53.96870392455068,18.89722490177933,2.855906314554635,0.45574395669681855
sub-2062cg,cg,central,12,5.75,29.414516299605747,12.717799469149796,2.312862093081277,0.3641497382616045
sub-2062cg,cg,frontal,12,5.75,63.75857603051044,13.380873708661026,4.764903803646356,0.6780541373002051
sub-2062cg,cg,global,12,5.75,43.59574486586916,13.263338725820674,3.2869359493170642,0.516791241310348
sub-2062cg,cg,posterior,13,6.25,59.67953327365884,20.28377203617497,2.9422305263155066,0.4686766970742291
sub-2062cg,cg,central,13,6.25,33.27964036742184,11.257230611728865,2.9562901849721293,0.4707470615044786
sub-2062cg,cg,frontal,13,6.25,76.82918814344102,17.905542218359347,4.290804891943716,0.632538767089494
sub-2062cg,cg,global,13,6.25,53.74093104187937,14.167025266832496,3.7933814636228798,0.5790265176873395
sub-2062cg,cg,posterior,14,6.75,44.19990854546526,17.923729010043196,2.465999598671613,0.3919930015805895
sub-2062cg,cg,central,14,6.75,19.995244607364906,12.46214381419214,1.6044787241657346,0.20533396260404924
sub-2062cg,cg,frontal,14,6.75,40.19065135716362,13.755912620882679,2.921700105607729,0.4656356362513308
sub-2062cg,cg,global,14,6.75,30.13255512732677,13.459135020211045,2.238818102506433,0.3500188098421909
sub-2062cg,cg,posterior,15,7.25,67.49080467578001,17.432106349477223,3.871637960595853,0.5878947393732765
sub-2062cg,cg,central,15,7.25,25.856542950198758,12.385500729526264,2.087646152937391,0.31965688951723603
sub-2062cg,cg,frontal,15,7.25,77.38145562906581,13.197102151724179,5.863518728538148,0.7681583166607402
sub-2062cg,cg,global,15,7.25,52.13506432283823,12.728905172513965,4.095801140495222,0.6123388625961608
sub-2063cg,cg,posterior,1,0.25,4.082049039551671,14.483913098012984,0.28183330098215503,-0.550007692637844
sub-2063cg,cg,central,1,0.25,3.75265927187673,6.3266982157945,0.593146558264511,-0.22683798525047538
sub-2063cg,cg,frontal,1,0.25,4.382296667438801,13.180731237666773,0.3324775073871051,-0.4782377300543521
sub-2063cg,cg,global,1,0.25,3.716513620139613,11.244676539744527,0.33051316389613555,-0.4808112384669941
sub-2063cg,cg,posterior,2,0.75,6.720032624905785,19.624753003995192,0.3424263542852094,-0.4654328179429371
sub-2063cg,cg,central,2,0.75,4.547688273021451,8.839886487882792,0.5144509807060487,-0.28865600053825624
sub-2063cg,cg,frontal,2,0.75,6.835959520393307,18.084927932492775,0.3779920796981057,-0.4225173001083963
sub-2063cg,cg,global,2,0.75,5.295446036240487,14.803055718323323,0.3577265489641945,-0.44644882713986844
sub-2063cg,cg,posterior,3,1.25,4.660991332687271,16.199306284884955,0.2877278354219582,-0.5410181214764034
sub-2063cg,cg,central,3,1.25,3.6297000236803996,7.410736774163976,0.4897893602609945,-0.30999065332753056
sub-2063cg,cg,frontal,3,1.25,5.0296770800065405,14.245485928230535,0.35307164005119257,-0.45213716508747165
sub-2063cg,cg,global,3,1.25,4.0130560358533325,12.48406729621778,0.32145421364951654,-0.4928808770957084
sub-2063cg,cg,posterior,4,1.75,5.123955015451963,13.988308183951515,0.3663026970860255,-0.43615988361428165
sub-2063cg,cg,central,4,1.75,4.448267821813271,6.550439108141305,0.6790793332136589,-0.16807948644953039
sub-2063cg,cg,frontal,4,1.75,6.024733235465281,12.02117304311921,0.5011768164267275,-0.300009026925324
sub-2063cg,cg,global,4,1.75,4.5687855741661245,10.7506834927471,0.4249762889260422,-0.371635300245796
sub-2063cg,cg,posterior,5,2.25,3.912325310987699,12.87422041831982,0.30388832751539036,-0.5172859810421755
sub-2063cg,cg,central,5,2.25,5.161403685527677,7.340653497368529,0.703125912070081,-0.1529668968567264
sub-2063cg,cg,frontal,5,2.25,4.727701638168929,12.703605975555949,0.37215430384615894,-0.4292769541655135
sub-2063cg,cg,global,5,2.25,3.995519414403153,10.772368052947602,0.3709044654587228,-0.4307379380048805
sub-2063cg,cg,posterior,6,2.75,4.386525717908875,10.864043489367257,0.403765478498131,-0.3938708155030072
sub-2063cg,cg,central,6,2.75,3.9211433198299246,6.954058685699178,0.5638639961284254,-0.2488256351189455
sub-2063cg,cg,frontal,6,2.75,5.597168548518743,10.218352572931762,0.5477564517929774,-0.26141249836499925
sub-2063cg,cg,global,6,2.75,4.010665694184892,9.145575723343388,0.4385361638795437,-0.35799458673186535
sub-2063cg,cg,posterior,7,3.25,4.771211954598273,15.266910727281928,0.31251980442068944,-0.5051224561500011
sub-2063cg,cg,central,7,3.25,3.310514214909778,4.387785564939656,0.7544840480269246,-0.12234993803169027
sub-2063cg,cg,frontal,7,3.25,5.721396860512703,12.707848428671502,0.4502254565457409,-0.3465699528610763
sub-2063cg,cg,global,7,3.25,4.202329436715457,10.535873944167212,0.39885912255450984,-0.39918047048055444
sub-2063cg,cg,posterior,8,3.75,3.764131497668883,11.962801192540002,0.31465301789151134,-0.5021680985030362
sub-2063cg,cg,central,8,3.75,3.313020759744189,5.735352000222733,0.5776490718643822,-0.23833592012216084
sub-2063cg,cg,frontal,8,3.75,4.365144775671032,10.00053151183707,0.4364912775390243,-0.36002443043382804
sub-2063cg,cg,global,8,3.75,3.5763904168215515,9.134929876479557,0.3915071560680475,-0.407260295387744
sub-2063cg,cg,posterior,9,4.25,4.791895634734938,16.491814418442218,0.2905620638913041,-0.5367610883110558
sub-2063cg,cg,central,9,4.25,4.038620902904248,8.73053767760833,0.46258558774247227,-0.3348079021780667
sub-2063cg,cg,frontal,9,4.25,5.371105761895119,16.464906345444287,0.3262153849652028,-0.4864955606227495
sub-2063cg,cg,global,9,4.25,4.126135714957,13.366065998641393,0.30870232986851964,-0.5104600927556006
sub-2063cg,cg,posterior,10,4.75,3.2755608606160345,16.033305700228265,0.20429728727553673,-0.6897374000297503
sub-2063cg,cg,central,10,4.75,3.61933546697064,5.9716798809798695,0.6060833030414814,-0.217467680182091
sub-2063cg,cg,frontal,10,4.75,4.029628069378355,13.85187690246953,0.2909084521722792,-0.5362436604014285
sub-2063cg,cg,global,10,4.75,3.299907479215559,11.455939794043523,0.28805209686343974,-0.5405289589970566
sub-2063cg,cg,posterior,11,5.25,4.79650313229671,13.652705757870457,0.35132253030002064,-0.45429399802687864
sub-2063cg,cg,central,11,5.25,3.549224280915956,5.9177142755701135,0.5997626981701517,-0.22202054838414564
sub-2063cg,cg,frontal,11,5.25,5.667625252745205,12.330773045771494,0.4596325981921113,-0.3375891777363393
sub-2063cg,cg,global,11,5.25,4.220324126531842,10.319002368554592,0.40898567281974496,-0.3882919054995285
sub-2063cg,cg,posterior,12,5.75,2.6971296605735495,9.017521105004967,0.2990987910276772,-0.5241853424052237
sub-2063cg,cg,central,12,5.75,2.9003624927881906,3.7454632603829285,0.774366824917584,-0.11105326115401565
sub-2063cg,cg,frontal,12,5.75,3.841754695214928,7.738952587743057,0.49641791336200897,-0.3041525552677771
sub-2063cg,cg,global,12,5.75,2.739510948068984,6.688143412414341,0.40960708811715696,-0.3876325366427397
sub-2063cg,cg,posterior,13,6.25,3.4844811789371346,12.51814609636866,0.27835441063816424,-0.5554018927308877
sub-2063cg,cg,central,13,6.25,3.035470528919941,5.414182572268977,0.5606516751886768,-0.2513068758675409
sub-2063cg,cg,frontal,13,6.25,4.309146521298539,12.24310509648282,0.35196516629890434,-0.4535003161603701
sub-2063cg,cg,global,13,6.25,3.2993222618517994,9.702348249867136,0.34005399279468046,-0.46845212145442316
sub-2063cg,cg,posterior,14,6.75,3.9055280725661734,11.966367548983904,0.326375406453047,-0.4862825743181204
sub-2063cg,cg,central,14,6.75,3.5109539414744955,4.896719730763919,0.7170012037684592,-0.144480115197527
sub-2063cg,cg,frontal,14,6.75,4.641604506077445,10.464299851808525,0.44356570165324966,-0.3530420426820558
sub-2063cg,cg,global,14,6.75,3.581899663605006,8.902027967417762,0.40236895196410155,-0.3953755381680448
sub-2063cg,cg,posterior,15,7.25,4.713036257322869,13.971609694048363,0.33732951038064934,-0.4719456640439351
sub-2063cg,cg,central,15,7.25,3.7338054211971965,5.98647096641514,0.6237072629507965,-0.20501919864393364
sub-2063cg,cg,frontal,15,7.25,5.8335406284848945,12.978193362108627,0.44948788061030187,-0.34728201350812
sub-2063cg,cg,global,15,7.25,4.214855030246607,10.580956450752359,0.3983434815051063,-0.39974228523752614
sub-2064cg,cg,posterior,1,0.25,18.330774690342704,100.62521085260968,0.1821688077473211,-0.7395259840201308
sub-2064cg,cg,central,1,0.25,7.429294888512527,21.80552363150126,0.34070701598652864,-0.4676189231598547
sub-2064cg,cg,frontal,1,0.25,9.03015845050076,32.04657854464318,0.2817822950403614,-0.5500862979826289
sub-2064cg,cg,global,1,0.25,11.851656631383946,50.161177048182424,0.2362715017632025,-0.6265886582803171
sub-2064cg,cg,posterior,2,0.75,27.80342247385708,93.79468995249375,0.2964285343652107,-0.5280799932673012
sub-2064cg,cg,central,2,0.75,8.537420089749206,24.503775799400994,0.3484124307878261,-0.4579063584684777
sub-2064cg,cg,frontal,2,0.75,14.360166456724444,39.11484422397732,0.3671283049088993,-0.4351821309090812
sub-2064cg,cg,global,2,0.75,16.3999979938763,51.374572373720845,0.3192240292449663,-0.4959044250415065
sub-2064cg,cg,posterior,3,1.25,13.93473192742248,74.07468723079158,0.18811732385729263,-0.7255712081222024
sub-2064cg,cg,central,3,1.25,5.936511732986005,16.083121801090527,0.3691143924921016,-0.4328390204829183
sub-2064cg,cg,frontal,3,1.25,14.811296000756471,30.43281945268771,0.48668826178865243,-0.31274912817994005
sub-2064cg,cg,global,3,1.25,11.630271286139955,40.33797424753746,0.28832065821574954,-0.5401242392361947
sub-2064cg,cg,posterior,4,1.75,34.49770704269242,127.92809647910713,0.26966481947401205,-0.569175707996109
sub-2064cg,cg,central,4,1.75,11.305417160016573,28.66131894272061,0.39444860100857004,-0.4040095799137603
sub-2064cg,cg,frontal,4,1.75,22.915127159471577,52.012020985771514,0.44057367364633404,-0.35598145755229255
sub-2064cg,cg,global,4,1.75,21.96659518806715,67.93121041633339,0.3233652845789054,-0.4903066063377265
sub-2064cg,cg,posterior,5,2.25,25.67924521343197,123.91809910846067,0.20722755915547034,-0.6835524883416315
sub-2064cg,cg,central,5,2.25,6.761829597947344,28.080126329526944,0.240804814002461,-0.6183348352140192
sub-2064cg,cg,frontal,5,2.25,13.4752075086892,38.85956961587804,0.34676677178594445,-0.45996252457929926
sub-2064cg,cg,global,5,2.25,14.271600389098781,60.77381205500861,0.23483141679809438,-0.62924380167773
sub-2064cg,cg,posterior,6,2.75,21.51616906618183,86.4497421451448,0.24888644583875402,-0.6039987540853403
sub-2064cg,cg,central,6,2.75,7.041279843709963,20.40543288052873,0.3450688787116539,-0.46209420736532564
sub-2064cg,cg,frontal,6,2.75,12.481191828692605,35.46104439607831,0.35196909852076774,-0.4534954641668183
sub-2064cg,cg,global,6,2.75,12.752971308835894,46.44542888948399,0.2745796866077251,-0.5613315949961721
sub-2064cg,cg,posterior,7,3.25,45.451341764751724,160.12864235429754,0.2838426723445701,-0.546922312998885
sub-2064cg,cg,central,7,3.25,12.64727579501402,30.536344206236915,0.414171248188605,-0.38282005316453477
sub-2064cg,cg,frontal,7,3.25,23.080368365935566,64.1105408239922,0.36000894812757783,-0.44368670458233866
sub-2064cg,cg,global,7,3.25,27.141373553517028,82.20996881077792,0.3301469875993765,-0.48129266105926294
sub-2064cg,cg,posterior,8,3.75,21.446106412046536,134.3398152910405,0.159640731718922,-0.7968562902793833
sub-2064cg,cg,central,8,3.75,7.815947646671951,26.905475951212193,0.29049653910024265,-0.5368590373136521
sub-2064cg,cg,frontal,8,3.75,14.228721919432642,45.223091312074565,0.3146339957444168,-0.5021943542920184
sub-2064cg,cg,global,8,3.75,13.96597287523349,66.77868283012506,0.20913819026291408,-0.6795666543846054
sub-2064cg,cg,posterior,9,4.25,19.60072406831968,122.58434794747114,0.15989581375200382,-0.796162906411388
sub-2064cg,cg,central,9,4.25,7.328824459675057,27.790811780349717,0.26371393961428324,-0.5788669132950782
sub-2064cg,cg,frontal,9,4.25,13.019722511759477,46.06375435430008,0.2826457090670048,-0.5487576033143078
sub-2064cg,cg,global,9,4.25,12.670009342278908,59.25207195166685,0.21383234248102073,-0.6699266064297069
sub-2064cg,cg,posterior,10,4.75,20.835607720852764,113.35404249572646,0.18381001031911395,-0.7356308405670435
sub-2064cg,cg,central,10,4.75,6.155772359717495,23.6116945600571,0.26070862233373765,-0.5838446053102281
sub-2064cg,cg,frontal,10,4.75,9.402874929820852,38.77342563031815,0.24250823281573683,-0.6152735131204669
sub-2064cg,cg,global,10,4.75,10.863268491989388,54.09169395585309,0.200830621071979,-0.6971700686748826
sub-2064cg,cg,posterior,11,5.25,34.76492855284985,140.77196995307838,0.2469591678260777,-0.6073748469578988
sub-2064cg,cg,central,11,5.25,8.461880663324406,30.252717181604684,0.27970646777042873,-0.5532974911381929
sub-2064cg,cg,frontal,11,5.25,17.12194400890915,54.34275947832855,0.31507314264630304,-0.5015886152253158
sub-2064cg,cg,global,11,5.25,18.48886372533112,70.57289174352384,0.2619825157869879,-0.5817276916978386
sub-2064cg,cg,posterior,12,5.75,25.302265077161973,117.38944017499345,0.21554123641311917,-0.6664696302204186
sub-2064cg,cg,central,12,5.75,6.848459453775192,23.050977153388192,0.29710061348824673,-0.5270964514131479
sub-2064cg,cg,frontal,12,5.75,12.930830330267442,43.806668564895745,0.2951794955855077,-0.5299138137302608
sub-2064cg,cg,global,12,5.75,13.866067489284248,58.777269149072445,0.23590867166891957,-0.6272560947704353
sub-2064cg,cg,posterior,13,6.25,18.784314550770596,115.05217900791735,0.16326778608406842,-0.787099496255586
sub-2064cg,cg,central,13,6.25,6.4149015172333606,21.56511508397966,0.2974666025315523,-0.5265617867436622
sub-2064cg,cg,frontal,13,6.25,9.239470742244595,39.70262900472444,0.2327168495855813,-0.6331721710015386
sub-2064cg,cg,global,13,6.25,11.749915424998207,58.80297132998369,0.199818396234799,-0.6993645310475773
sub-2064cg,cg,posterior,14,6.75,19.052941200928515,89.17588811717646,0.21365574936459383,-0.6702854160519245
sub-2064cg,cg,central,14,6.75,6.594212152424208,19.196896690661017,0.34350407040697295,-0.4640681123313194
sub-2064cg,cg,frontal,14,6.75,9.933000634037755,33.925631421520556,0.2927874948183516,-0.5334474762726727
sub-2064cg,cg,global,14,6.75,10.769283657636569,46.475907081997306,0.23171755719875145,-0.6350410585464255
sub-2064cg,cg,posterior,15,7.25,21.077310909950395,94.85494001799029,0.22220572703912786,-0.6532447519233318
sub-2064cg,cg,central,15,7.25,8.460306324549498,22.299280539192935,0.3793981742899628,-0.42090476332005644
sub-2064cg,cg,frontal,15,7.25,20.18302419462579,38.4377431197748,0.5250834871270673,-0.27977163923028836
sub-2064cg,cg,global,15,7.25,16.728189737934606,51.17638581962912,0.3268732144722571,-0.4856206660929379
sub-2065cg,cg,posterior,1,0.25,4.335619989435845,11.036507065411676,0.392843493302663,-0.40578043571280153
sub-2065cg,cg,central,1,0.25,2.118342071586597,4.582559150831721,0.4622618065283727,-0.3351119878061245
sub-2065cg,cg,frontal,1,0.25,4.30519517764252,4.21000899689926,1.0226094958023524,0.009709821204341282
sub-2065cg,cg,global,1,0.25,3.3794439547813697,6.427665140205878,0.5257654033099064,-0.2792079949621311
sub-2065cg,cg,posterior,2,0.75,4.923225528927139,11.364211974878948,0.43322190221461276,-0.3632895950511115
sub-2065cg,cg,central,2,0.75,2.4072115035232042,4.017498289845872,0.5991817120637914,-0.22244145043373317
sub-2065cg,cg,frontal,2,0.75,5.050478797916595,5.253449879904101,0.9613642298627562,-0.017112040998951715
sub-2065cg,cg,global,2,0.75,3.712164949104685,6.610349308143223,0.5615686518308051,-0.25059714360774765
sub-2065cg,cg,posterior,3,1.25,3.6249972914529676,7.681557488547516,0.4719091534311238,-0.32614159874081045
sub-2065cg,cg,central,3,1.25,2.182207425687711,2.8226678292435845,0.7731010369266498,-0.11176374422882471
sub-2065cg,cg,frontal,3,1.25,4.4900233324972,3.592957509693334,1.2496733736437737,0.09679651655971541
sub-2065cg,cg,global,3,1.25,3.1596256935038265,4.781579306498533,0.660791234647024,-0.17993572653767023
sub-2065cg,cg,posterior,4,1.75,5.361768197991705,6.146293277642475,0.8723580141376382,-0.059305244820909216
sub-2065cg,cg,central,4,1.75,2.359938619518754,2.4046114322977243,0.9814220242909337,-0.00814420015508887
sub-2065cg,cg,frontal,4,1.75,4.730109189472804,2.9158516168297774,1.622205040260435,0.21010574643851004
sub-2065cg,cg,global,4,1.75,3.6498325468745554,3.7428811664448043,0.975139841359529,-0.010933099198004078
sub-2065cg,cg,posterior,5,2.25,3.3943176493046034,9.238644174548211,0.3674043057806794,-0.43485575830285134
sub-2065cg,cg,central,5,2.25,1.9275916359477299,2.8492334411377747,0.6765299073486907,-0.16971299979155094
sub-2065cg,cg,frontal,5,2.25,4.320494746019115,4.983255590504572,0.8670024379748199,-0.06197968130404039
sub-2065cg,cg,global,5,2.25,3.079504975782594,5.948601573206079,0.5176855329584383,-0.28593397147576316
sub-2065cg,cg,posterior,6,2.75,3.7676329544495593,8.95472990415795,0.4207422216833289,-0.37598390413700855
sub-2065cg,cg,central,6,2.75,2.7016939675928526,3.5499640932327545,0.7610482519367036,-0.1185878072431904
sub-2065cg,cg,frontal,6,2.75,4.471225466225896,4.461870011058206,1.0020967565492727,0.0009096564680830733
sub-2065cg,cg,global,6,2.75,3.450488066433249,6.0332574833741575,0.5719112893725746,-0.242671330514314
sub-2065cg,cg,posterior,7,3.25,5.388062564135764,9.069202359374865,0.5941054516846352,-0.2261364623923905
sub-2065cg,cg,central,7,3.25,2.2288335422918952,8.758080862476337,0.254488806085503,-0.5943313157327748
sub-2065cg,cg,frontal,7,3.25,4.175781049142396,7.556200688167072,0.5526297171648211,-0.2575657649973411
sub-2065cg,cg,global,7,3.25,3.5490223545692707,8.06888092508064,0.4398407149048122,-0.3567045716099131
sub-2065cg,cg,posterior,8,3.75,5.252409445420316,11.03450419853257,0.47599868112957994,-0.3223942505966062
sub-2065cg,cg,central,8,3.75,2.2203268974731896,13.345591121529432,0.1663715662539147,-0.7789208948372747
sub-2065cg,cg,frontal,8,3.75,4.47092659657307,13.719094171364889,0.325890801588416,-0.4869278975151272
sub-2065cg,cg,global,8,3.75,3.811677384708646,11.58646727665982,0.32897666680395504,-0.48283490398815815
sub-2065cg,cg,posterior,9,4.25,7.38560320377358,8.347461112737397,0.8847724001377955,-0.053168433343637314
sub-2065cg,cg,central,9,4.25,2.4724978119029863,7.760510454890245,0.31859989446247766,-0.4967543723966926
sub-2065cg,cg,frontal,9,4.25,5.505975081466135,7.900361200174806,0.6969270064948813,-0.1568127058855408
sub-2065cg,cg,global,9,4.25,4.370223425705794,7.1658514323556455,0.6098679922351058,-0.2147641591663909
sub-2065cg,cg,posterior,10,4.75,7.524008531431718,8.007785120534765,0.9395867169484264,-0.02706313152488925
sub-2065cg,cg,central,10,4.75,2.6384115136282444,6.423883364204731,0.4107190875117759,-0.38645511353687206
sub-2065cg,cg,frontal,10,4.75,4.477249321821274,6.410702285503942,0.698402315756474,-0.1558943292701403
sub-2065cg,cg,global,10,4.75,4.206578492581334,6.369170527039433,0.6604593918035145,-0.18015387972668748
sub-2065cg,cg,posterior,11,5.25,4.521608457532366,8.260195825496456,0.5473972473601263,-0.2616973908121092
sub-2065cg,cg,central,11,5.25,2.0778086696557305,5.054736731375049,0.4110616991699389,-0.38609298688799354
sub-2065cg,cg,frontal,11,5.25,4.22191568652741,4.630320194019453,0.9117977827927449,-0.04010146820122788
sub-2065cg,cg,global,11,5.25,3.404015692667423,5.9900574708749685,0.5682776349339764,-0.24543943566016363
sub-2065cg,cg,posterior,12,5.75,5.554314766521708,6.480816137530912,0.8570393988430312,-0.06699921272462106
sub-2065cg,cg,central,12,5.75,2.1305477788875993,2.9700536887540667,0.7173431870793423,-0.14427302202160422
sub-2065cg,cg,frontal,12,5.75,4.839584748593305,2.745091574327705,1.7629957389594766,0.24625126264043218
sub-2065cg,cg,global,12,5.75,3.706835451757678,3.917667497080832,0.9461842932101178,-0.024024265575967364
sub-2065cg,cg,posterior,13,6.25,7.651476591580067,6.738956640788221,1.1354096782977838,0.05515259185646063
sub-2065cg,cg,central,13,6.25,2.1740646357163196,3.3255039410993272,0.6537549418743521,-0.18458501518677342
sub-2065cg,cg,frontal,13,6.25,4.668264455602954,3.0517007732030774,1.5297254883555065,0.18461350298178783
sub-2065cg,cg,global,13,6.25,4.180457827530415,3.9761198417362604,1.0513913045701677,0.02176438090685955
sub-2065cg,cg,posterior,14,6.75,6.927937523712983,7.221392373224319,0.9593631208021024,-0.01801698040836068
sub-2065cg,cg,central,14,6.75,2.4351159804635985,4.43718968264345,0.5487969085452487,-0.26058834373993645
sub-2065cg,cg,frontal,14,6.75,4.275537974933257,3.7560853019728104,1.1382962928684324,0.056255321469567014
sub-2065cg,cg,global,14,6.75,3.9075518102462485,4.48736626263429,0.8707895860393478,-0.06008677342135445
sub-2065cg,cg,posterior,15,7.25,4.084008176923515,7.275716525854867,0.561320409118559,-0.25078916692618025
sub-2065cg,cg,central,15,7.25,2.466331177901401,5.692143179097941,0.43328691852973583,-0.363224422657551
sub-2065cg,cg,frontal,15,7.25,3.836470484023654,6.030134795787522,0.6362163722614793,-0.1963951590398353
sub-2065cg,cg,global,15,7.25,3.2630956840893663,5.9765559827759045,0.5459826183329367,-0.2628211830869297
sub-2066cg,cg,posterior,1,0.25,2.9280189891357273,18.6008944002671,0.15741280640213098,-0.8029599382823365
sub-2066cg,cg,central,1,0.25,1.2781493616541277,5.211413917671336,0.24525961319634634,-0.6103739610069139
sub-2066cg,cg,frontal,1,0.25,2.2114692099713182,5.492629990656704,0.4026248288585179,-0.3950994467753372
sub-2066cg,cg,global,1,0.25,2.0954284435751593,9.7836343402245,0.21417689691856132,-0.6692273779575671
sub-2066cg,cg,posterior,2,0.75,4.006043796876836,25.748514084644107,0.15558349439923444,-0.808036478500287
sub-2066cg,cg,central,2,0.75,1.7979750592273753,5.824925575108611,0.30866919002546234,-0.5105067176824751
sub-2066cg,cg,frontal,2,0.75,2.634415705897586,9.458367536379724,0.2785275255761453,-0.5551318790715002
sub-2066cg,cg,global,2,0.75,2.821426422644967,13.318644757004929,0.21184035418926841,-0.6739913061154119
sub-2066cg,cg,posterior,3,1.25,3.8233713698715914,18.48626212543346,0.20682230642025706,-0.6844026230597509
sub-2066cg,cg,central,3,1.25,1.5299881116968255,5.22234572633611,0.2929695182724399,-0.5331775630408535
sub-2066cg,cg,frontal,3,1.25,2.8427342280657135,6.608046372157346,0.4301928388462018,-0.3663368233196953
sub-2066cg,cg,global,3,1.25,2.6419888211851403,10.247029805040029,0.2578297195823195,-0.588667023729355
sub-2066cg,cg,posterior,4,1.75,4.193050117573582,24.34322888881137,0.17224708097374836,-0.7638481292330239
sub-2066cg,cg,central,4,1.75,1.5394194605871068,5.467017464905951,0.2815830515393441,-0.5503934888923289
sub-2066cg,cg,frontal,4,1.75,3.5636802810688764,8.456904918180607,0.4213929700696642,-0.3753127138285815
sub-2066cg,cg,global,4,1.75,2.8759206465027933,12.278770475251436,0.23421894336239737,-0.6303779825981827
sub-2066cg,cg,posterior,5,2.25,2.9253074955795086,23.437821191381047,0.1248114093751706,-0.903745712712931
sub-2066cg,cg,central,5,2.25,1.3311926758361625,4.822473439082204,0.2760394002480002,-0.5590289248585146
sub-2066cg,cg,frontal,5,2.25,2.2230155711805724,7.877902589028882,0.2821836835449632,-0.5494681016775275
sub-2066cg,cg,global,5,2.25,2.0867661893833414,11.729597900423204,0.17790602943925732,-0.7498093329288628
sub-2066cg,cg,posterior,6,2.75,2.3389518772593245,22.974224126718582,0.10180765471592873,-0.9922195670296363
sub-2066cg,cg,central,6,2.75,1.2538418650483472,4.987497718070585,0.2513969801941877,-0.5996399434077282
sub-2066cg,cg,frontal,6,2.75,1.961391492531055,7.707217593462059,0.2544876239377074,-0.5943333331160332
sub-2066cg,cg,global,6,2.75,1.7944529708334844,11.600523487818771,0.1546872408575152,-0.8105455069450956
sub-2066cg,cg,posterior,7,3.25,2.5730797408354373,22.63188781243133,0.1136926694830153,-0.9442675362419723
sub-2066cg,cg,central,7,3.25,1.125800303804721,4.913137699539296,0.22914080016733243,-0.639897574669545
sub-2066cg,cg,frontal,7,3.25,1.9470682829486374,7.9342175697349715,0.24540142311898763,-0.6101229230640621
sub-2066cg,cg,global,7,3.25,1.851914828517107,11.06594528021967,0.16735261033934415,-0.7763675091972604
sub-2066cg,cg,posterior,8,3.75,2.61804546930877,21.466393677457106,0.12196019082879793,-0.9137819047737847
sub-2066cg,cg,central,8,3.75,1.1728027966498769,4.919724316397724,0.23838790981455157,-0.6227157742420848
sub-2066cg,cg,frontal,8,3.75,2.5014463606003807,6.954841234573931,0.3596698006800187,-0.4440960257584153
sub-2066cg,cg,global,8,3.75,2.007390506166876,10.629142551690709,0.18885723814547706,-0.7238663657403457
sub-2066cg,cg,posterior,9,4.25,2.9747156460626423,24.781820397598025,0.12003620389206622,-0.9206877474590873
sub-2066cg,cg,central,9,4.25,1.21949838411009,5.678887346394586,0.21474248558290657,-0.6680820243627342
sub-2066cg,cg,frontal,9,4.25,2.584110710505154,8.529652818112266,0.30295614201529186,-0.5186202383603562
sub-2066cg,cg,global,9,4.25,2.175800795113359,12.381479809813708,0.1757302704147523,-0.7551534226721995
sub-2066cg,cg,posterior,10,4.75,3.4959909370885685,22.376684015571698,0.15623364635509646,-0.8062254310683135
sub-2066cg,cg,central,10,4.75,1.4263227078211047,4.708123469428898,0.3029492996695177,-0.5186300471285523
sub-2066cg,cg,frontal,10,4.75,2.7410935531290184,7.293949383087969,0.37580375310591313,-0.42503888696819947
sub-2066cg,cg,global,10,4.75,2.4538051053454697,11.670170172037363,0.21026300980811558,-0.6772371231729757
sub-2066cg,cg,posterior,11,5.25,3.045739444207102,23.2481422428927,0.13101001415019428,-0.8826955064515021
sub-2066cg,cg,central,11,5.25,1.4216007057937297,4.5785597884463085,0.3104908031082273,-0.507951259315103
sub-2066cg,cg,frontal,11,5.25,2.2725336386797133,8.469516370202237,0.26831917424175766,-0.5713482912868858
sub-2066cg,cg,global,11,5.25,2.2106922742212722,11.647912558048386,0.1897930005229774,-0.7217198081906032
sub-2066cg,cg,posterior,12,5.75,2.810409494356145,25.387715113325857,0.11069958370853854,-0.9558540123048772
sub-2066cg,cg,central,12,5.75,1.2114853609988316,5.705439135453466,0.21233867056274244,-0.6729709060570764
sub-2066cg,cg,frontal,12,5.75,2.26226287529953,10.128289756284422,0.22336079730497801,-0.6509930488038244
sub-2066cg,cg,global,12,5.75,2.117739574575351,13.084516976628684,0.16185080262099222,-0.7908851425820526
sub-2066cg,cg,posterior,13,6.25,2.320016828182317,17.98431881193621,0.12900220755887176,-0.889402857743904
sub-2066cg,cg,central,13,6.25,1.0688478546781415,3.9132165774677063,0.27313792465067366,-0.563617994759508
sub-2066cg,cg,frontal,13,6.25,2.2580773502758142,6.696951825643178,0.33717987064345467,-0.47213836029110845
sub-2066cg,cg,global,13,6.25,1.8352987815957134,8.925081109630563,0.20563384904315812,-0.6869053953057188
sub-2066cg,cg,posterior,14,6.75,2.1973069549737763,21.997947451288887,0.09988690807810041,-1.0004914299124616
sub-2066cg,cg,central,14,6.75,1.1019769572476081,5.56115680260478,0.19815606650966128,-0.7029926272846732
sub-2066cg,cg,frontal,14,6.75,2.1986252852515378,8.005589442957342,0.27463627768042825,-0.5612420958108423
sub-2066cg,cg,global,14,6.75,1.8762750018369991,11.10012746394779,0.1690318429163062,-0.7720314734919091
sub-2066cg,cg,posterior,15,7.25,2.1947286745731285,15.197171317326093,0.14441692001398626,-0.8403819214601033
sub-2066cg,cg,central,15,7.25,1.141810061070361,4.206065222853745,0.2714675119316533,-0.5662821374675931
sub-2066cg,cg,frontal,15,7.25,1.8076121449582898,5.1722452872861435,0.34948306674502994,-0.4565738619708057
sub-2066cg,cg,global,15,7.25,1.7305528888161192,8.154962934263516,0.21220855358460405,-0.6732371147809246
sub-2067cg,cg,posterior,1,0.25,2.381856916866379,9.54383370978897,0.24957024496595567,-0.6028071947003653
sub-2067cg,cg,central,1,0.25,1.4729752044328392,5.068367097784375,0.2906212545410823,-0.5366726268158528
sub-2067cg,cg,frontal,1,0.25,4.017525362131155,4.452036213151662,0.9024017707365165,-0.04460006116620332
sub-2067cg,cg,global,1,0.25,2.2389749647572876,5.731980418134262,0.39061106309328,-0.4082554605557839
sub-2067cg,cg,posterior,2,0.75,2.3251539472369247,7.244840938397276,0.3209392679573862,-0.49357714231905314
sub-2067cg,cg,central,2,0.75,1.5257828552264054,4.117427056373759,0.37056706393000943,-0.4311331834766536
sub-2067cg,cg,frontal,2,0.75,3.762920280227203,3.5942090947072876,1.0469397247278558,0.01992167884061777
sub-2067cg,cg,global,2,0.75,2.3260175224442374,4.71325167099233,0.493505903102882,-0.3067076481216497
sub-2067cg,cg,posterior,3,1.25,2.977599636450505,7.8535667407400815,0.3791397889323737,-0.42120063602461844
sub-2067cg,cg,central,3,1.25,1.7825563203758754,4.095885047159845,0.43520662807954774,-0.3613044990717023
sub-2067cg,cg,frontal,3,1.25,4.907725299753622,3.485589771437188,1.4080042751933068,0.14860397347799925
sub-2067cg,cg,global,3,1.25,2.9117117042246656,4.756759987121034,0.6121207948494665,-0.21316286648190658
sub-2067cg,cg,posterior,4,1.75,2.2865020291777416,5.549804520667704,0.4119968587474951,-0.38510609521402533
sub-2067cg,cg,central,4,1.75,1.7378562431162725,3.1616056052767956,0.5496752157244879,-0.25989384447278246
sub-2067cg,cg,frontal,4,1.75,3.595006052312289,3.3395245264904623,1.0765023654700672,0.03201498846463242
sub-2067cg,cg,global,4,1.75,2.2666866860527626,3.6283811690325902,0.6247101890502627,-0.2043214106343875
sub-2067cg,cg,posterior,5,2.25,2.428142350710493,6.170954973947259,0.39347918773702034,-0.40507823380047975
sub-2067cg,cg,central,5,2.25,1.4490935410115735,3.7206542774692313,0.3894727735889611,-0.4095228966393232
sub-2067cg,cg,frontal,5,2.25,4.1731451362775065,3.4557063150342224,1.2076098938506523,0.08192666250536716
sub-2067cg,cg,global,5,2.25,2.3311741409688653,3.9446556605809002,0.590970249764607,-0.22843438153545403
sub-2067cg,cg,posterior,6,2.75,2.770015784716899,7.361363494214165,0.37629112961125444,-0.424476019273254
sub-2067cg,cg,central,6,2.75,1.5806699234703923,3.4441814231028007,0.4589392164035294,-0.33824483021128565
sub-2067cg,cg,frontal,6,2.75,4.334356971213565,3.6724990812679437,1.1802200287323457,0.07196298048949934
sub-2067cg,cg,global,6,2.75,2.577398430906875,4.454781577235786,0.5785689794708552,-0.2376448551778132
sub-2067cg,cg,posterior,7,3.25,2.4669364816759747,7.265852966711675,0.33952469076627106,-0.4691286376614263
sub-2067cg,cg,central,7,3.25,1.6653453472752566,4.29465819435281,0.3877713363696964,-0.41142429664088465
sub-2067cg,cg,frontal,7,3.25,4.050759584289047,3.8419283151485537,1.0543558473793175,0.022987210943966035
sub-2067cg,cg,global,7,3.25,2.3861271994848092,4.649210351162495,0.5132327899270419,-0.2896856047728271
sub-2067cg,cg,posterior,8,3.75,2.500735093399053,7.108009592752255,0.35181931886374346,-0.45368031653983915
sub-2067cg,cg,central,8,3.75,1.5368150560941807,4.051835758599718,0.3792885861260309,-0.42103022625862796
sub-2067cg,cg,frontal,8,3.75,4.617741217562548,3.415988537546075,1.3518023163156658,0.1309131862724768
sub-2067cg,cg,global,8,3.75,2.5124285167340807,4.539800808152102,0.553422633042076,-0.25694308371280183
sub-2067cg,cg,posterior,9,4.25,2.9054114667331667,7.693898021133955,0.37762541935862004,-0.4229387794279422
sub-2067cg,cg,central,9,4.25,1.6821550611159297,4.108497963167741,0.409433100903609,-0.3878170494149213
sub-2067cg,cg,frontal,9,4.25,4.869917197015612,3.6900424988423493,1.3197455580913815,0.12049020895702824
sub-2067cg,cg,global,9,4.25,2.8182874656299974,4.7365818953093575,0.5950044838073951,-0.22547976152275725
sub-2067cg,cg,posterior,10,4.75,2.321313752289713,6.362210261767375,0.3648596410337544,-0.4378741734830152
sub-2067cg,cg,central,10,4.75,1.638317837395973,3.0751654391709735,0.5327576255011643,-0.2734703253971924
sub-2067cg,cg,frontal,10,4.75,4.095498021916193,2.9416846172899165,1.3922287922521244,0.14371061102721133
sub-2067cg,cg,global,10,4.75,2.36984459409738,3.7657695417716064,0.6293121678875989,-0.20113387099309546
sub-2067cg,cg,posterior,11,5.25,2.6032174588308745,7.8469078933200525,0.3317507347125805,-0.47918810665111944
sub-2067cg,cg,central,11,5.25,1.7009623853796965,3.8924860063318634,0.4369861272751553,-0.35953235008559997
sub-2067cg,cg,frontal,11,5.25,4.011710845836887,3.8061723437957293,1.0540013650133833,0.022841173321875245
sub-2067cg,cg,global,11,5.25,2.664825346047494,4.74393061729422,0.5617336257686294,-0.25046957817358295
sub-2067cg,cg,posterior,12,5.75,2.5167787677195084,7.286521707210134,0.345401944693188,-0.4616752215828536
sub-2067cg,cg,central,12,5.75,1.4843474201504974,3.769841995647809,0.3937426082748668,-0.40478758613077304
sub-2067cg,cg,frontal,12,5.75,4.062387070504107,2.885143750197581,1.4080362790332042,0.1486138448493805
sub-2067cg,cg,global,12,5.75,2.3868091096393846,4.3408940893120755,0.54984274219361,-0.2597615031660279
sub-2067cg,cg,posterior,13,6.25,2.535610588412187,6.009690856324525,0.42192030322886603,-0.37476957542849465
sub-2067cg,cg,central,13,6.25,1.8257795608471044,3.102450653157458,0.5884959230500422,-0.2302565414917492
sub-2067cg,cg,frontal,13,6.25,4.007057923217531,3.064257398921918,1.3076766738418626,0.11650037692071026
sub-2067cg,cg,global,13,6.25,2.40632182913467,3.77435844449529,0.6375445958621573,-0.19548943119290285
sub-2067cg,cg,posterior,14,6.75,2.4108308062970627,5.020496908596579,0.4801976478003613,-0.3185799716214017
sub-2067cg,cg,central,14,6.75,1.6796732794811942,2.4363700542829037,0.689416321025819,-0.16151843945497804
sub-2067cg,cg,frontal,14,6.75,3.9498859508111948,2.701892719694437,1.461895922817356,0.16491645486872966
sub-2067cg,cg,global,14,6.75,2.3303640848365554,3.1729586892884947,0.7344451387607309,-0.13404063938813177
sub-2067cg,cg,posterior,15,7.25,2.72111214176949,5.650290649155681,0.4815879944469943,-0.31732434818381056
sub-2067cg,cg,central,15,7.25,1.6762651615621167,2.7771216407743022,0.6035980336441976,-0.21925218370570132
sub-2067cg,cg,frontal,15,7.25,4.224310303141651,3.0384299700957897,1.3902937848551025,0.14310658130443416
sub-2067cg,cg,global,15,7.25,2.4930851940780507,3.435367248899379,0.7257114053459012,-0.13923605145357462
sub-2068cg,cg,posterior,1,0.25,5.895688237933599,28.2560760026303,0.20865205194750966,-0.6805773399477256
sub-2068cg,cg,central,1,0.25,4.632442847630316,9.05181858149929,0.5117692987239505,-0.29092577119347174
sub-2068cg,cg,frontal,1,0.25,7.5246336782784535,10.787009319789531,0.6975643994739099,-0.15641569193236937
sub-2068cg,cg,global,1,0.25,5.913247030152496,15.401147783173906,0.3839484636731328,-0.41572706585236896
sub-2068cg,cg,posterior,2,0.75,7.57670383995032,39.60174296099966,0.19132248414954772,-0.718233988842114
sub-2068cg,cg,central,2,0.75,4.648381517895678,13.318662228826526,0.3490126439151566,-0.45715883927831413
sub-2068cg,cg,frontal,2,0.75,6.495750137542776,13.835337278229657,0.46950428507182446,-0.32836043966079786
sub-2068cg,cg,global,2,0.75,5.890970226402665,20.944473415303115,0.28126609390419993,-0.5508826180581283
sub-2068cg,cg,posterior,3,1.25,7.429730457121169,36.87197495568646,0.20150074592018408,-0.6957233418384038
sub-2068cg,cg,central,3,1.25,5.6681322919359935,13.524882995736847,0.419089192396166,-0.37769353874436673
sub-2068cg,cg,frontal,3,1.25,7.556462221770697,14.302605132304025,0.5283276823956767,-0.2770966333094251
sub-2068cg,cg,global,3,1.25,6.412240647261115,20.30957966134086,0.3157249314946074,-0.500691122311088
sub-2068cg,cg,posterior,4,1.75,7.055246916536622,37.17550147691378,0.18978215857876118,-0.7217446180151377
sub-2068cg,cg,central,4,1.75,8.232026897992156,13.809697721492205,0.5961047854929186,-0.224677391666873
sub-2068cg,cg,frontal,4,1.75,7.795448743831087,11.814951961276037,0.6597952128270155,-0.18059083982182583
sub-2068cg,cg,global,4,1.75,6.481631002573477,19.696152976680278,0.3290810652337822,-0.48269710555447576
sub-2068cg,cg,posterior,5,2.25,6.527463005723125,40.04319903596876,0.16301052770184116,-0.7877843466686008
sub-2068cg,cg,central,5,2.25,4.762157286881235,15.220141139484328,0.3128852251262751,-0.5046149443566147
sub-2068cg,cg,frontal,5,2.25,8.948397502996631,15.445434558378542,0.5793555027004712,-0.2370548637642038
sub-2068cg,cg,global,5,2.25,6.401756313044144,22.64062821714905,0.28275524210919023,-0.5485893347738912
sub-2068cg,cg,posterior,6,2.75,8.139228300738798,35.52046271143384,0.22914195591598605,-0.6398953841648574
sub-2068cg,cg,central,6,2.75,5.195771843277009,12.141159637875804,0.4279469176130569,-0.36861009738272427
sub-2068cg,cg,frontal,6,2.75,8.937193793022223,13.072082260079496,0.6836855533196341,-0.16514359690243696
sub-2068cg,cg,global,6,2.75,6.818086573703346,19.362553502502,0.3521274491415775,-0.45330011936016806
sub-2068cg,cg,posterior,7,3.25,6.0925096190894985,30.904352945085368,0.1971408244629944,-0.7052234315140294
sub-2068cg,cg,central,7,3.25,6.114467029046107,11.811728437245764,0.517660650727919,-0.28595484606937127
sub-2068cg,cg,frontal,7,3.25,7.587921478431432,11.205719825946007,0.6771471709351653,-0.16931693164152278
sub-2068cg,cg,global,7,3.25,6.066824662324171,17.564740485238186,0.3453979105141275,-0.46168029402660654
sub-2068cg,cg,posterior,8,3.75,5.155503901421325,39.05995671973181,0.13198949344500766,-0.8794606378885474
sub-2068cg,cg,central,8,3.75,4.55474725401016,11.252778936245319,0.4047664385673899,-0.3927955044420723
sub-2068cg,cg,frontal,8,3.75,7.728885980843866,14.494138263906814,0.5332421866079665,-0.27307549938140363
sub-2068cg,cg,global,8,3.75,5.174737823163923,20.514688635195537,0.25224549663824813,-0.5981765785206541
sub-2068cg,cg,posterior,9,4.25,5.6386884507581545,42.71854307425345,0.13199627246081347,-0.8794383329801919
sub-2068cg,cg,central,9,4.25,4.783264283123944,12.892568179548022,0.37100942314284757,-0.43061505974622244
sub-2068cg,cg,frontal,9,4.25,6.727651290043677,16.978458737557133,0.39624629031619946,-0.4020347906486293
sub-2068cg,cg,global,9,4.25,5.379074101410475,23.40746363432737,0.2298016643512793,-0.638646830234509
sub-2068cg,cg,posterior,10,4.75,5.686651328334232,29.487405817552276,0.19285017351201755,-0.7147799660523968
sub-2068cg,cg,central,10,4.75,4.807042839501437,10.568717099736796,0.4548369299828408,-0.3421442804912658
sub-2068cg,cg,frontal,10,4.75,8.520982461110107,12.621430021621496,0.6751202079727098,-0.17061889233751593
sub-2068cg,cg,global,10,4.75,6.071596506612744,16.874034361109903,0.3598189014362882,-0.44391602672178854
sub-2068cg,cg,posterior,11,5.25,6.088983779464384,35.79537746624567,0.17010530997210954,-0.7692821293292733
sub-2068cg,cg,central,11,5.25,5.18264515332783,14.59991037132775,0.35497787462489117,-0.4497987151921467
sub-2068cg,cg,frontal,11,5.25,9.502850236354485,13.725142274929718,0.6923680677403503,-0.15966297014955286
sub-2068cg,cg,global,11,5.25,6.1621365982266285,21.314442292564348,0.28910616161776476,-0.5389426522654239
sub-2068cg,cg,posterior,12,5.75,7.311505949322275,39.24581963825785,0.1863002484523174,-0.7297865659228743
sub-2068cg,cg,central,12,5.75,6.998146228890729,13.180280447491882,0.5309557908703246,-0.27494163820358575
sub-2068cg,cg,frontal,12,5.75,8.997101536316338,15.60071856306044,0.5767107136731366,-0.2390419805365536
sub-2068cg,cg,global,12,5.75,7.191659422808809,21.644511378991357,0.3322624981864545,-0.4785186739177405
sub-2068cg,cg,posterior,13,6.25,6.144780139886441,26.321566327523346,0.2334503981801837,-0.6318053809865097
sub-2068cg,cg,central,13,6.25,4.983534353751744,8.970945663032834,0.5555194001773661,-0.2553007697692736
sub-2068cg,cg,frontal,13,6.25,7.377506555439949,10.769470082604531,0.6850389572423365,-0.16428473006335567
sub-2068cg,cg,global,13,6.25,5.7778096147292475,14.901707858182627,0.38772801545405505,-0.41147281772498195
sub-2068cg,cg,posterior,14,6.75,5.7674522323635,38.68489765972325,0.14908795373054012,-0.8265574460151838
sub-2068cg,cg,central,14,6.75,8.034201530044944,13.416882843990946,0.5988128258601619,-0.22270890615690772
sub-2068cg,cg,frontal,14,6.75,8.115829819858877,15.56060842625464,0.5215624991992884,-0.2826936423073955
sub-2068cg,cg,global,14,6.75,5.925089191916585,21.668364501565815,0.27344422748142444,-0.563131240325274
sub-2068cg,cg,posterior,15,7.25,5.0537831861001905,27.713355530270423,0.1823591221416729,-0.7390725071146519
sub-2068cg,cg,central,15,7.25,3.8182420301775655,9.780585670549165,0.3903899172086263,-0.40850140759654274
sub-2068cg,cg,frontal,15,7.25,7.174689409507474,11.371082066854537,0.6309592497288283,-0.19999868859959102
sub-2068cg,cg,global,15,7.25,4.859219732423639,15.135667944267222,0.3210442875938035,-0.49343505316863806
sub-2070cg,cg,posterior,1,0.25,12.156776510490204,91.84734454244455,0.13235849736376762,-0.8782481719317098
sub-2070cg,cg,central,1,0.25,7.597997213525605,26.803711694230657,0.28346809950060126,-0.5474958079893518
sub-2070cg,cg,frontal,1,0.25,19.002869416091556,37.66951348339984,0.5044628310494564,-0.297170827176898
sub-2070cg,cg,global,1,0.25,11.52682862530482,46.941112265005174,0.24555934167538093,-0.6098435395983562
sub-2070cg,cg,posterior,2,0.75,14.316884644778971,72.79071008359556,0.1966856021645747,-0.7062274302653825
sub-2070cg,cg,central,2,0.75,7.427581884969878,19.799834383152373,0.37513353603048255,-0.42581410923784563
sub-2070cg,cg,frontal,2,0.75,13.970235724003057,26.26989293582402,0.5317964469109796,-0.2742545686443731
sub-2070cg,cg,global,2,0.75,11.192610469172367,36.290900340854975,0.30841368949373055,-0.5108663532551938
sub-2070cg,cg,posterior,3,1.25,18.591650229613457,84.86284624090362,0.21907879658945897,-0.6593996533375233
sub-2070cg,cg,central,3,1.25,11.025321916966531,37.2908483159136,0.29565757859848835,-0.529210984240319
sub-2070cg,cg,frontal,3,1.25,18.20576707715805,40.550961161247336,0.44896018628915885,-0.3477921704478475
sub-2070cg,cg,global,3,1.25,15.051145281064242,49.34909951047076,0.30499331153693554,-0.515709684569449
sub-2070cg,cg,posterior,4,1.75,13.935864294293387,90.45395414666744,0.15406583853368028,-0.8122936479851799
sub-2070cg,cg,central,4,1.75,8.130374492934266,31.335595592987733,0.2594613039604608,-0.5859274036327289
sub-2070cg,cg,frontal,4,1.75,17.000767203731396,34.54399164101805,0.492148312806573,-0.3079039994133991
sub-2070cg,cg,global,4,1.75,11.867052738659307,45.80098304876463,0.25910039367548887,-0.5865319271494025
sub-2070cg,cg,posterior,5,2.25,14.939477054733,74.8048578345981,0.1997126588725809,-0.6995944063147307
sub-2070cg,cg,central,5,2.25,7.697512591685079,36.26534421917015,0.21225532963826418,-0.6731413960030734
sub-2070cg,cg,frontal,5,2.25,35.169208935307815,38.92008294152949,0.9036262586629967,-0.04401115731481698
sub-2070cg,cg,global,5,2.25,15.743471785531328,47.01146650073071,0.33488578335003916,-0.47510328884019243
sub-2070cg,cg,posterior,6,2.75,10.261182047392394,64.77966147221895,0.15840129161207409,-0.8002412814731064
sub-2070cg,cg,central,6,2.75,6.899206566442619,26.753650176079514,0.2578790752303105,-0.5885838958639615
sub-2070cg,cg,frontal,6,2.75,15.858324707688803,28.034269621971003,0.5656763996897685,-0.2474319398707074
sub-2070cg,cg,global,6,2.75,10.145824187356403,36.786774711410864,0.27580086231939427,-0.5594043802922607
sub-2070cg,cg,posterior,7,3.25,11.915927890484289,84.28793087216084,0.14137169778858527,-0.8496375263561071
sub-2070cg,cg,central,7,3.25,7.180598790471929,22.70845415850738,0.3162081725312784,-0.5000269097378685
sub-2070cg,cg,frontal,7,3.25,14.946019580545965,29.76702907350921,0.5020998079330323,-0.29920994475518936
sub-2070cg,cg,global,7,3.25,10.532470440919484,40.360313225895375,0.2609610679176246,-0.583424279059078
sub-2070cg,cg,posterior,8,3.75,13.803427153920426,77.93421247609433,0.17711640004259377,-0.7517412235742349
sub-2070cg,cg,central,8,3.75,9.218497918830117,23.277435932026602,0.39602720616434867,-0.40227497801087003
sub-2070cg,cg,frontal,8,3.75,17.2665458222159,31.11532137217472,0.5549210183526092,-0.25576882540806456
sub-2070cg,cg,global,8,3.75,11.871004726856558,40.98330156090687,0.28965467092041375,-0.5381194637518222
sub-2070cg,cg,posterior,9,4.25,13.250884051547665,82.48741646734508,0.16064127862209615,-0.7941428477602313
sub-2070cg,cg,central,9,4.25,9.17473507178332,26.05408778682579,0.3521418652938796,-0.4532823396407692
sub-2070cg,cg,frontal,9,4.25,14.095501121578678,31.207958247463274,0.4516636753294947,-0.34518483580192266
sub-2070cg,cg,global,9,4.25,11.189200106295745,42.4698614529966,0.26346212875404273,-0.5792818034312766
sub-2070cg,cg,posterior,10,4.75,11.978242706002604,81.23714718207927,0.14744785017075263,-0.831361555196182
sub-2070cg,cg,central,10,4.75,7.920815132947015,30.249241308060334,0.2618516957923306,-0.5819446091947394
sub-2070cg,cg,frontal,10,4.75,16.005108106173804,34.297988832435294,0.466648589349295,-0.3310100426798092
sub-2070cg,cg,global,10,4.75,10.784893075962648,43.75670483135652,0.24647406877480588,-0.6082287655567685
sub-2070cg,cg,posterior,11,5.25,10.287111385681639,52.700221498767796,0.19520053413669552,-0.709518998286632
sub-2070cg,cg,central,11,5.25,6.455143134548773,17.96283359684909,0.3593610718345176,-0.4444689700849254
sub-2070cg,cg,frontal,11,5.25,13.186118506876625,20.170341913351514,0.6537379764568212,-0.1845962855915519
sub-2070cg,cg,global,11,5.25,9.116707048228413,27.6478031874891,0.3297443556873196,-0.4818226296400681
sub-2070cg,cg,posterior,12,5.75,10.633673817184027,63.82216159466785,0.16661412825090585,-0.7782881748304754
sub-2070cg,cg,central,12,5.75,6.143786375712956,19.024191877317424,0.3229459845302655,-0.4908701110502002
sub-2070cg,cg,frontal,12,5.75,12.61304538561511,21.40284768039647,0.5893162243624145,-0.22965160225446063
sub-2070cg,cg,global,12,5.75,8.921071292553197,30.548930209553152,0.2920256529887725,-0.5345789962840628
sub-2070cg,cg,posterior,13,6.25,11.380023375193945,82.76489584402793,0.13749819001330976,-0.8617030187239414
sub-2070cg,cg,central,13,6.25,8.786927963567157,25.647041379924335,0.34260980958393417,-0.46520020649840615
sub-2070cg,cg,frontal,13,6.25,13.4182272456323,33.07191176567715,0.40572880517775417,-0.3917641579706553
sub-2070cg,cg,global,13,6.25,10.473099107735035,40.87354325885002,0.25623173996463783,-0.5913670742880313
sub-2070cg,cg,posterior,14,6.75,10.99248747244897,89.21402654443341,0.12321478917862895,-0.90933716170735
sub-2070cg,cg,central,14,6.75,7.143537483406477,31.57848060144217,0.2262153639868359,-0.6454779022040733
sub-2070cg,cg,frontal,14,6.75,15.059942996875517,34.155617757490255,0.4409214057787874,-0.35563881660587465
sub-2070cg,cg,global,14,6.75,10.153267103102491,44.93498047184034,0.22595463481875322,-0.6459787459213399
sub-2070cg,cg,posterior,15,7.25,15.937285283775699,92.01479320685945,0.17320351139568305,-0.761443307674846
sub-2070cg,cg,central,15,7.25,8.035897277111474,23.349323243437155,0.3441597511555347,-0.4632399209728179
sub-2070cg,cg,frontal,15,7.25,25.35735094188879,31.80185893501196,0.7973543620109531,-0.09834862557608631
sub-2070cg,cg,global,15,7.25,14.413747964063386,43.27179864291553,0.3330979625554162,-0.4774280237292558
sub-2071cg,cg,posterior,1,0.25,11.317665266438283,51.30950432715433,0.2205763905703661,-0.6564409741883526
sub-2071cg,cg,central,1,0.25,5.608785866809488,13.341326328798582,0.4204069167172956,-0.37633014738346343
sub-2071cg,cg,frontal,1,0.25,12.584342761080503,23.65424518186656,0.5320120200126999,-0.27407855536244063
sub-2071cg,cg,global,1,0.25,9.158005990311944,28.178880257499515,0.3249953833021678,-0.48812280831538424
sub-2071cg,cg,posterior,2,0.75,11.327083643326686,41.28578796417931,0.27435793772797495,-0.5616824702716596
sub-2071cg,cg,central,2,0.75,5.383023958160172,14.70340528143742,0.3661072965836063,-0.43639161546586386
sub-2071cg,cg,frontal,2,0.75,10.511987166261857,21.72454435193429,0.4838760710452323,-0.31526585437405913
sub-2071cg,cg,global,2,0.75,8.533825769227038,25.14508463789942,0.33938345772615147,-0.4693093299421343
sub-2071cg,cg,posterior,3,1.25,13.976250509781652,43.9587894961754,0.3179398402450924,-0.4976550483214778
sub-2071cg,cg,central,3,1.25,4.587806297376672,10.973827366747313,0.41806802167114065,-0.3787530506818327
sub-2071cg,cg,frontal,3,1.25,20.275854684020754,18.17585286054761,1.1155380074643646,0.047484371707123586
sub-2071cg,cg,global,3,1.25,11.126992013188243,23.740554337998013,0.46869133107725724,-0.329113079123546
sub-2071cg,cg,posterior,4,1.75,12.727002446192701,13.174035228224657,0.9660671332444738,-0.01499269285513417
sub-2071cg,cg,central,4,1.75,6.977376801847698,5.6920036808753744,1.2258208520298508,0.08842700471757321
sub-2071cg,cg,frontal,4,1.75,12.607206515901506,6.72033462797083,1.875978982271034,0.27322796840613495
sub-2071cg,cg,global,4,1.75,10.423676553631392,8.916272993938144,1.1690620689516884,0.06783756974833367
sub-2071cg,cg,posterior,5,2.25,27.875483878398327,20.685002365658725,1.3476181141113743,0.12956683995062515
sub-2071cg,cg,central,5,2.25,10.820082755047038,9.021766559660934,1.1993308276703725,0.07893899695518351
sub-2071cg,cg,frontal,5,2.25,39.27902803915678,13.29577098237436,2.954249745368457,0.4704472067683027
sub-2071cg,cg,global,5,2.25,23.747272630090613,14.527370699391028,1.6346573045792845,0.21342671948572126
sub-2071cg,cg,posterior,6,2.75,17.05892218697541,14.582948433968966,1.169785538515586,0.06810624809098732
sub-2071cg,cg,central,6,2.75,7.59416027240293,6.808980830477483,1.1153152669208477,0.047397647053039255
sub-2071cg,cg,frontal,6,2.75,19.545400645384973,9.932328341870754,1.9678568783302623,0.2939935091300373
sub-2071cg,cg,global,6,2.75,13.246072945824096,10.190580945464221,1.2998349178237831,0.11388819936016588
sub-2071cg,cg,posterior,7,3.25,17.92326649471368,17.045057642460193,1.0515227857056828,0.021818687958171847
sub-2071cg,cg,central,7,3.25,10.1489386961125,10.363287494293713,0.9793165249637976,-0.009076917157306862
sub-2071cg,cg,frontal,7,3.25,24.111912681014054,10.462424942789452,2.3046198957567317,0.3625993068242101
sub-2071cg,cg,global,7,3.25,16.18286480990522,12.874636595838771,1.2569570169565567,0.09932042675695718
sub-2071cg,cg,posterior,8,3.75,16.339276185486877,7.643167555367219,2.1377623959078376,0.32995943338890243
sub-2071cg,cg,central,8,3.75,7.418755480969119,6.275342659655851,1.1822072328678184,0.07269361208017766
sub-2071cg,cg,frontal,8,3.75,22.28683322928444,8.0282337618229,2.7760568377151946,0.44342835373288025
sub-2071cg,cg,global,8,3.75,14.17768453261949,7.1856998271301995,1.9730415789274243,0.29513623746125095
sub-2071cg,cg,posterior,9,4.25,22.840097383273974,17.846363428225644,1.2798180130720798,0.10714821844656904
sub-2071cg,cg,central,9,4.25,10.240308502082252,10.123143688939619,1.0115739553584175,0.00499763918785558
sub-2071cg,cg,frontal,9,4.25,37.73526035317234,14.049230526560986,2.685930754843219,0.42909481206421785
sub-2071cg,cg,global,9,4.25,21.51278358551963,13.67874915620563,1.5727157022804195,0.1966502228840522
sub-2071cg,cg,posterior,10,4.75,13.20694401443351,13.672069914831782,0.9659798477263716,-0.015031933742401415
sub-2071cg,cg,central,10,4.75,5.958669693600423,8.460730434754963,0.7042736722970653,-0.15225854643632122
sub-2071cg,cg,frontal,10,4.75,18.165724884773187,9.367087906419432,1.9393140180016772,0.28764813669272105
sub-2071cg,cg,global,10,4.75,10.907082313113767,11.269314899757916,0.9678567339837197,-0.01418892393653124
sub-2071cg,cg,posterior,11,5.25,11.842849223917941,22.206453821821956,0.5333066377433099,-0.2730230108842491
sub-2071cg,cg,central,11,5.25,6.233431124272759,10.12392952152665,0.6157126154442827,-0.21062194798118336
sub-2071cg,cg,frontal,11,5.25,16.989894342882742,13.581442716412326,1.2509638848862144,0.09724477186685399
sub-2071cg,cg,global,11,5.25,10.841260313124902,15.079256775706831,0.7189519002415637,-0.14330016407947324
sub-2071cg,cg,posterior,12,5.75,11.326677814556305,24.563578464752734,0.4611167640256248,-0.3361890885993324
sub-2071cg,cg,central,12,5.75,4.11914566201509,8.484444929568268,0.4854938297330305,-0.3138162852820839
sub-2071cg,cg,frontal,12,5.75,21.382058858036565,12.924761813073916,1.6543483870169085,0.21862697234264017
sub-2071cg,cg,global,12,5.75,10.485416469181533,16.336463051121658,0.6418412869645983,-0.19257234999498074
sub-2071cg,cg,posterior,13,6.25,11.674585624195801,7.770813743650187,1.5023633314767746,0.17677497512728294
sub-2071cg,cg,central,13,6.25,5.2487786174890685,4.677459921697437,1.1221429376960437,0.05004818053762609
sub-2071cg,cg,frontal,13,6.25,15.828656049617337,5.469166850453723,2.894162215640612,0.4615228693480644
sub-2071cg,cg,global,13,6.25,9.608784292201557,5.732907324079398,1.676075287636811,0.2242935228090865
sub-2071cg,cg,posterior,14,6.75,16.292753302633816,15.53539812756181,1.0487502907137192,0.020672094223261148
sub-2071cg,cg,central,14,6.75,7.643898257064428,8.519912384402629,0.8971803831055919,-0.04712023085604779
sub-2071cg,cg,frontal,14,6.75,16.858213509974068,10.592336986436223,1.591548072116802,0.2018197608582217
sub-2071cg,cg,global,14,6.75,12.382527662746773,11.763589614457613,1.052614726335614,0.022269441609016512
sub-2071cg,cg,posterior,15,7.25,22.266365416742108,19.143304838692888,1.1631411401722453,0.06563241694586563
sub-2071cg,cg,central,15,7.25,9.4551815690855,8.052252002143177,1.1742282241749167,0.06975251502657694
sub-2071cg,cg,frontal,15,7.25,34.54811996865675,13.140144214697644,2.6292040181730765,0.4198242873345818
sub-2071cg,cg,global,15,7.25,19.6679348926519,13.251737336574761,1.4841778397137748,0.17148594284252971
sub-2072cg,cg,posterior,1,0.25,133.34674030583304,148.11073732527245,0.9003178480773102,-0.045604140231297406
sub-2072cg,cg,central,1,0.25,3.9593933503161183,23.28780315506071,0.1700200454268996,-0.7694998721213031
sub-2072cg,cg,frontal,1,0.25,5.430030909342678,30.390055413029252,0.17867788773476992,-0.7479291902418153
sub-2072cg,cg,global,1,0.25,36.93741840616288,54.36775852299137,0.6793993243356272,-0.16787488937275363
sub-2072cg,cg,posterior,2,0.75,32.973219504226904,96.36568089866866,0.3421676596557151,-0.4657610406651553
sub-2072cg,cg,central,2,0.75,3.2844978734785446,21.915494136126426,0.14987103886762196,-0.824282282262854
sub-2072cg,cg,frontal,2,0.75,4.683552796111608,20.376053672360268,0.2298557351399579,-0.6385446556788962
sub-2072cg,cg,global,2,0.75,13.158857193793907,37.631656088771145,0.3496752086262916,-0.45633515733463187
sub-2072cg,cg,posterior,3,1.25,31.76914113700706,67.45649011025574,0.47095751772855793,-0.32701826622177255
sub-2072cg,cg,central,3,1.25,3.5267565906705443,13.52233278248371,0.2608097764935177,-0.5836761330413158
sub-2072cg,cg,frontal,3,1.25,4.798513018286913,14.457370801939701,0.33190772264367124,-0.47898264255218703
sub-2072cg,cg,global,3,1.25,11.16436226180059,24.603683068534814,0.4537679269685636,-0.3431662039839738
sub-2072cg,cg,posterior,4,1.75,29.729936230976566,78.62505699031573,0.3781229212290226,-0.4223669955769997
sub-2072cg,cg,central,4,1.75,3.7160632777776406,16.499023100231963,0.22522929116484453,-0.6473751299661644
sub-2072cg,cg,frontal,4,1.75,5.070194189680891,15.922007249424002,0.318439384573469,-0.4969732240840423
sub-2072cg,cg,global,4,1.75,11.85994184828041,29.071048510349467,0.40796402111393404,-0.3893781362255047
sub-2072cg,cg,posterior,5,2.25,32.30426481061513,91.04073985557196,0.3548330655249834,-0.44997591672662446
sub-2072cg,cg,central,5,2.25,4.010917862019078,18.99706512710672,0.21113355327165462,-0.6754427432779457
sub-2072cg,cg,frontal,5,2.25,5.701276370558278,18.466842602955712,0.30873043611936996,-0.5104205535852419
sub-2072cg,cg,global,5,2.25,11.803864877530613,34.72290458743703,0.3399446278408785,-0.4685918176094387
sub-2072cg,cg,posterior,6,2.75,563.0042057194398,269.5546442100037,2.088645912109815,0.3198648203292325
sub-2072cg,cg,central,6,2.75,5.448603238246736,16.373645847554137,0.3327666476345974,-0.4778602084453566
sub-2072cg,cg,frontal,6,2.75,7.353645655441071,17.200116226959157,0.4275346490923764,-0.36902868257362237
sub-2072cg,cg,global,6,2.75,96.23582648453836,59.1069310425335,1.628164832569074,0.21169836999510497
sub-2072cg,cg,posterior,7,3.25,29.781266237511108,83.63401996282995,0.3560903356163796,-0.44843981303013614
sub-2072cg,cg,central,7,3.25,3.6610595111044426,15.185080938521153,0.24109581805501962,-0.6178103226436163
sub-2072cg,cg,frontal,7,3.25,4.8938457576387915,16.052826673885058,0.30485881751904553,-0.5159012392364991
sub-2072cg,cg,global,7,3.25,13.767534263777886,30.172327736784794,0.4562967227415174,-0.34075265044799663
sub-2072cg,cg,posterior,8,3.75,37.855893632820894,34.695553766010256,1.0910877482493646,0.03785967913834802
sub-2072cg,cg,central,8,3.75,3.815825044579347,6.046650298558462,0.631064284549257,-0.19992639827887004
sub-2072cg,cg,frontal,8,3.75,4.712214360547425,6.1650538300174755,0.7643427763118279,-0.11671183451900405
sub-2072cg,cg,global,8,3.75,14.08323296137101,13.086677989067887,1.0761503395388508,0.031872947047155986
sub-2072cg,cg,posterior,9,4.25,107.3657787570287,115.44330329571413,0.9300303758807523,-0.031502866648261664
sub-2072cg,cg,central,9,4.25,5.338695632851917,9.064702991689932,0.5889542809892576,-0.22991841707152294
sub-2072cg,cg,frontal,9,4.25,6.949077155444245,10.98074999565571,0.6328417601888298,-0.1987048701848913
sub-2072cg,cg,global,9,4.25,45.45322178475696,33.65848611273317,1.3504238316755959,0.1304700935839195
sub-2072cg,cg,posterior,10,4.75,31.70310186691922,68.42023544061533,0.4633585614366325,-0.3340828081466209
sub-2072cg,cg,central,10,4.75,3.8916180373671985,13.749072438373128,0.28304586035242957,-0.5481431924460319
sub-2072cg,cg,frontal,10,4.75,5.095611845394289,16.047910490092086,0.31752494186332225,-0.49822215481873916
sub-2072cg,cg,global,10,4.75,14.853235279799785,26.934259564691068,0.5514625432388474,-0.2584839806256462
sub-2072cg,cg,posterior,11,5.25,117.08512569147024,61.38522311103921,1.9073829133059588,0.28043788782438184
sub-2072cg,cg,central,11,5.25,3.8872206922839805,6.6632006547536875,0.5833864074783256,-0.23404369387374388
sub-2072cg,cg,frontal,11,5.25,5.666654740871068,6.7436025519846945,0.8403008180254229,-0.07556521367472212
sub-2072cg,cg,global,11,5.25,27.20303964333521,16.03173166094466,1.69682478590914,0.22963699939402477
sub-2072cg,cg,posterior,12,5.75,29.645642652599374,42.250870672119326,0.7016575559509608,-0.15387479363478582
sub-2072cg,cg,central,12,5.75,3.6330136692602863,10.296847847690229,0.35282775107483383,-0.45243726349292646
sub-2072cg,cg,frontal,12,5.75,4.417183642360458,9.612861431750373,0.45950767871998216,-0.3377072268287895
sub-2072cg,cg,global,12,5.75,10.795297886731861,16.827288544001867,0.6415351979318067,-0.19277951099878204
sub-2072cg,cg,posterior,13,6.25,27.3687606212784,38.55126274735187,0.7099316253436703,-0.14878347686666277
sub-2072cg,cg,central,13,6.25,4.314543141415004,5.544417177526232,0.7781779406686052,-0.10892108448278455
sub-2072cg,cg,frontal,13,6.25,5.087522273044946,7.4190852851299525,0.6857344372684122,-0.16384403991759536
sub-2072cg,cg,global,13,6.25,9.385560966472468,12.970505306803538,0.7236079662639954,-0.14049666059960583
sub-2072cg,cg,posterior,14,6.75,433.9754870957319,105.92372120077277,4.097056657150049,0.6124719697421322
sub-2072cg,cg,central,14,6.75,5.40696819291282,5.937900266417944,0.9105858890039239,-0.040679084068696456
sub-2072cg,cg,frontal,14,6.75,7.123486067985298,6.183691281275921,1.1519795772397394,0.06144477980706572
sub-2072cg,cg,global,14,6.75,74.15571417761849,21.710464050570486,3.4156669339211985,0.5334755154676856
sub-2072cg,cg,posterior,15,7.25,21.719299596586414,57.69222122897869,0.3764684238865265,-0.4242714441828691
sub-2072cg,cg,central,15,7.25,3.360359811991382,10.796042632667799,0.31125847927121486,-0.5068788087298151
sub-2072cg,cg,frontal,15,7.25,4.184939863603249,12.055631140646252,0.34713569242289477,-0.45950072996046465
sub-2072cg,cg,global,15,7.25,10.390161210629236,19.769774144634226,0.5255579115176316,-0.2793794218492252
sub-2074cg,cg,posterior,1,0.25,5.402917005771649,32.31065926197504,0.16721778908826224,-0.776717522997989
sub-2074cg,cg,central,1,0.25,2.068888045618937,10.40746135843977,0.19878892405795043,-0.7016078168930178
sub-2074cg,cg,frontal,1,0.25,4.928530300673583,10.505093215050314,0.46915626542110395,-0.32868247944557
sub-2074cg,cg,global,1,0.25,4.063329411315173,16.58855209385399,0.24494780426440135,-0.61092644924757
sub-2074cg,cg,posterior,2,0.75,6.696799123774151,102.39056365970124,0.06540445607889421,-1.1843926616979377
sub-2074cg,cg,central,2,0.75,2.1531413304900053,23.07176533150087,0.0933236490382567,-1.030008288243094
sub-2074cg,cg,frontal,2,0.75,4.308941046638017,40.6517425966387,0.10599646586845955,-0.9747086147296975
sub-2074cg,cg,global,2,0.75,4.294939487101224,49.51604973225304,0.0867383305074849,-1.0617889411723218
sub-2074cg,cg,posterior,3,1.25,6.440913521025058,114.84950830037386,0.056081333009974164,-1.2511816720742825
sub-2074cg,cg,central,3,1.25,2.2014633696437893,27.054349596709248,0.08137188298592711,-1.0895256340973474
sub-2074cg,cg,frontal,3,1.25,4.192482933989164,34.98749249510155,0.11982804811108244,-0.9214415148837525
sub-2074cg,cg,global,3,1.25,4.271996951688138,51.71553137445022,0.08260568610919648,-1.0829900572697604
sub-2074cg,cg,posterior,4,1.75,5.00945049725437,86.52170923551614,0.05789819158124132,-1.2373350010144168
sub-2074cg,cg,central,4,1.75,1.8573183104124753,14.796841309027286,0.12552126981853612,-0.9012826759189385
sub-2074cg,cg,frontal,4,1.75,3.5674643091133698,28.842337343052144,0.12368846070558631,-0.9076708152104015
sub-2074cg,cg,global,4,1.75,3.5227453033448883,37.79584039846852,0.09320457664668383,-1.0305627618563136
sub-2074cg,cg,posterior,5,2.25,3.7612221410924134,27.393867571773423,0.13730161070676883,-0.8623243679565548
sub-2074cg,cg,central,5,2.25,1.7495203410655094,7.251982881547182,0.24124716917316497,-0.617537774024322
sub-2074cg,cg,frontal,5,2.25,4.398678528716873,10.417557624895865,0.4222370239839055,-0.3744436881128534
sub-2074cg,cg,global,5,2.25,3.4324346059755593,13.324363151309468,0.2576059033364182,-0.5890441888391861
sub-2074cg,cg,posterior,6,2.75,5.059921123422538,58.543273089820865,0.08643044463296887,-1.063333252808693
sub-2074cg,cg,central,6,2.75,1.8457868595511575,12.44423120896179,0.1483246998996533,-0.8287865216829504
sub-2074cg,cg,frontal,6,2.75,4.652983306281192,18.686481704728497,0.24900264157825838,-0.603796045607975
sub-2074cg,cg,global,6,2.75,3.8972416712221487,27.773195220146068,0.1403238496806149,-0.8528685092679839
sub-2074cg,cg,posterior,7,3.25,3.6056294937562705,45.26478014572655,0.079656401337822,-1.0987793177412646
sub-2074cg,cg,central,7,3.25,1.6127263984105635,12.109005846107467,0.13318404656060076,-0.8755477939768755
sub-2074cg,cg,frontal,7,3.25,3.186128121814419,14.448283082753408,0.22051949726937653,-0.6565530062770445
sub-2074cg,cg,global,7,3.25,2.982619608782568,21.75043957031475,0.1371291646378164,-0.862870169614078
sub-2074cg,cg,posterior,8,3.75,4.150036392078761,15.22423643715658,0.2725940581131608,-0.5644836149605924
sub-2074cg,cg,central,8,3.75,1.8917403871060747,5.597443832542878,0.3379650504231448,-0.4711282085778463
sub-2074cg,cg,frontal,8,3.75,4.415897436211368,5.824187428151659,0.7581997472929506,-0.12021636465938028
sub-2074cg,cg,global,8,3.75,3.545423193497516,8.356014192405489,0.4242959755525351,-0.3723310874971494
sub-2074cg,cg,posterior,9,4.25,4.795587433049825,9.809053127576238,0.4888940217448682,-0.3107852733090611
sub-2074cg,cg,central,9,4.25,2.4111940206155142,3.6864995549170962,0.6540605755395889,-0.1843820278159322
sub-2074cg,cg,frontal,9,4.25,5.163909313400583,3.993860049895104,1.2929620089056977,0.1115857641959282
sub-2074cg,cg,global,9,4.25,4.128923331599022,5.8136448518444475,0.7102125150092498,-0.1486116790471185
sub-2074cg,cg,posterior,10,4.75,5.613694362446444,26.00168293115142,0.21589734700291013,-0.6657526943451381
sub-2074cg,cg,central,10,4.75,2.3243175293894383,7.850729932180705,0.29606387552091096,-0.5286145801791696
sub-2074cg,cg,frontal,10,4.75,5.531256179190414,14.112072473019651,0.39195208143704036,-0.40676702491715677
sub-2074cg,cg,global,10,4.75,4.465486900987983,14.497204438126348,0.30802400007853603,-0.5114154435787819
sub-2074cg,cg,posterior,11,5.25,4.446201032705809,14.135524725435182,0.31454092572208536,-0.5023228393795351
sub-2074cg,cg,central,11,5.25,2.1847180328718685,4.091706596359642,0.5339380968360719,-0.2725090908382649
sub-2074cg,cg,frontal,11,5.25,5.065277848474499,5.587220326123863,0.906582800179018,-0.04259252469736264
sub-2074cg,cg,global,11,5.25,3.9669072375457146,7.388228635044813,0.5369226418805397,-0.27008828157141895
sub-2074cg,cg,posterior,12,5.75,5.082480907979644,21.971623876746897,0.23132022177744255,-0.6357863999899486
sub-2074cg,cg,central,12,5.75,1.911690991813478,5.338062944870245,0.358124475405553,-0.4459659968592586
sub-2074cg,cg,frontal,12,5.75,4.968417484361949,7.4037063826116105,0.6710716535208372,-0.1732311056621527
sub-2074cg,cg,global,12,5.75,4.01263473842134,10.095142095143105,0.39748174920211055,-0.4006828076434389
sub-2074cg,cg,posterior,13,6.25,5.1350989292374685,5.363307936465761,0.9574499525420361,-0.01888391804120665
sub-2074cg,cg,central,13,6.25,2.4038194486916904,2.085215740272658,1.152791724264163,0.06175085007579021
sub-2074cg,cg,frontal,13,6.25,5.59373512554969,2.93550915315506,1.9055417079989658,0.2800184589363509
sub-2074cg,cg,global,13,6.25,4.380313274615281,3.321285475916308,1.3188608165056326,0.1201989655137467
sub-2074cg,cg,posterior,14,6.75,5.752284803825894,7.335305180159483,0.7841916133748138,-0.10557780662203547
sub-2074cg,cg,central,14,6.75,2.721370584072852,2.187631976028418,1.2439800724678658,0.0948134233720332
sub-2074cg,cg,frontal,14,6.75,5.31663156361857,4.001962818433412,1.3285059868946485,0.1233635158930415
sub-2074cg,cg,global,14,6.75,4.574473107906269,4.319393997109532,1.0590543745181458,0.024918258452113116
sub-2074cg,cg,posterior,15,7.25,6.935039994791335,6.29309881985691,1.1020071658351969,0.04218441853805844
sub-2074cg,cg,central,15,7.25,4.003122651699196,1.7917846610030317,2.2341538795506093,0.34911308227027804
sub-2074cg,cg,frontal,15,7.25,6.467175510015887,2.700096126317496,2.3951649154195453,0.3793354214628684
sub-2074cg,cg,global,15,7.25,5.444893549988186,3.3225937812959603,1.638747890470208,0.2145121456392618
sub-2075cg,cg,posterior,1,0.25,10.841511048950428,141.7860187386248,0.07646389358697062,-1.1165435912204305
sub-2075cg,cg,central,1,0.25,3.4831736094553887,16.746577951352773,0.20799315654658992,-0.6819509540898666
sub-2075cg,cg,frontal,1,0.25,4.103318751622425,49.62644627833415,0.08268411420412038,-1.082577921840433
sub-2075cg,cg,global,1,0.25,6.165203802962305,58.66826077587745,0.10508584576103956,-0.9784557760920344
sub-2075cg,cg,posterior,2,0.75,12.446380675687461,105.50797278919758,0.11796625739890798,-0.9282421988047037
sub-2075cg,cg,central,2,0.75,3.2914352512597667,12.932841083350448,0.2545021028285202,-0.5943086249458871
sub-2075cg,cg,frontal,2,0.75,4.078184797296733,32.54722820525023,0.12530052548803147,-0.902047107648517
sub-2075cg,cg,global,2,0.75,6.286471126576903,44.54864717371619,0.14111474815526914,-0.8504275949788999
sub-2075cg,cg,posterior,3,1.25,13.013532241866065,111.9871415474019,0.11620559344625916,-0.9347729670887126
sub-2075cg,cg,central,3,1.25,3.5314695137600918,15.293684094193004,0.23091032167331002,-0.636556653719575
sub-2075cg,cg,frontal,3,1.25,4.100727322603632,34.399316420635714,0.11920955848249523,-0.9236889205205088
sub-2075cg,cg,global,3,1.25,6.779517790020899,47.75432079441694,0.14196658390780645,-0.8478138678160952
sub-2075cg,cg,posterior,4,1.75,14.45098241476178,48.64069338166694,0.2970965545529922,-0.5271023847069375
sub-2075cg,cg,central,4,1.75,4.070218075162205,7.795421065510015,0.5221293424636724,-0.2822218997561864
sub-2075cg,cg,frontal,4,1.75,5.6278493481270075,15.064593842617857,0.3735812201060328,-0.42761496383733516
sub-2075cg,cg,global,4,1.75,7.796549704167391,21.47970627308793,0.36297282677164633,-0.44012588632712263
sub-2075cg,cg,posterior,5,2.25,10.645096608041225,68.03418553017829,0.15646687801266207,-0.8055775828379733
sub-2075cg,cg,central,5,2.25,2.3654731230210957,9.399278114776914,0.25166540388907715,-0.5991764822376857
sub-2075cg,cg,frontal,5,2.25,4.025390357982958,18.842398812847147,0.2136347074470349,-0.6703281897134759
sub-2075cg,cg,global,5,2.25,5.389905146784532,29.005127022337344,0.1858259452762842,-0.7308936493108064
sub-2075cg,cg,posterior,6,2.75,10.600026833541454,41.44263346983268,0.25577589902093284,-0.5921403801675089
sub-2075cg,cg,central,6,2.75,2.996777963518694,7.0829546319407255,0.4230971563766149,-0.37355989353917296
sub-2075cg,cg,frontal,6,2.75,4.2448432033519214,12.764904572325557,0.33254014390007935,-0.47815591961825865
sub-2075cg,cg,global,6,2.75,5.725721478302554,17.67837010572385,0.323882883097277,-0.48961200343419
sub-2075cg,cg,posterior,7,3.25,12.31040549116326,45.23596033935343,0.27213759581563945,-0.5652114562820213
sub-2075cg,cg,central,7,3.25,3.0701971657352285,6.550385504411159,0.4687048057961927,-0.3291005934819926
sub-2075cg,cg,frontal,7,3.25,4.638432229238753,15.81481161227137,0.2932967108909221,-0.532692807288566
sub-2075cg,cg,global,7,3.25,6.258778640825754,20.770662533161097,0.3013278286541603,-0.5209607578957117
sub-2075cg,cg,posterior,8,3.75,13.725458164713775,79.50935815469965,0.17262695213824322,-0.7628913972007227
sub-2075cg,cg,central,8,3.75,3.155634379016996,9.870966660512067,0.3196884851856337,-0.49527300623816584
sub-2075cg,cg,frontal,8,3.75,4.9830974758034845,30.19967149671292,0.16500502253297256,-0.7825028362396845
sub-2075cg,cg,global,8,3.75,6.889843805295333,35.57503426049953,0.19367075671225478,-0.7129359505626884
sub-2075cg,cg,posterior,9,4.25,9.445704436421998,15.310765845687866,0.6169321986647907,-0.20976256265029666
sub-2075cg,cg,central,9,4.25,3.138001094591898,3.08328229939321,1.0177469300198223,0.007639801026910856
sub-2075cg,cg,frontal,9,4.25,4.358956357372989,5.188683618874903,0.8400890625738655,-0.0756746694928901
sub-2075cg,cg,global,9,4.25,5.377404965292254,6.6884710689488305,0.8039811953821271,-0.09475410900936374
sub-2075cg,cg,posterior,10,4.75,11.874851048695257,47.95018240542087,0.24764975758158495,-0.6061620928017816
sub-2075cg,cg,central,10,4.75,3.029493065455995,7.715663742559884,0.39264192511983126,-0.4060033296059267
sub-2075cg,cg,frontal,10,4.75,5.207303457236416,19.706299573544175,0.2642456255068431,-0.5779921935530413
sub-2075cg,cg,global,10,4.75,6.2402649489150175,21.84944660168048,0.28560288334419726,-0.5442374123925253
sub-2075cg,cg,posterior,11,5.25,9.358561463579512,13.383621052802786,0.6992548150203081,-0.15536453442436463
sub-2075cg,cg,central,11,5.25,2.950247027227855,4.169436176853098,0.7075889645718402,-0.15021894888685874
sub-2075cg,cg,frontal,11,5.25,4.177272641864232,5.617243264884011,0.7436517246775297,-0.12863041050748336
sub-2075cg,cg,global,11,5.25,5.367953500343029,7.844513372809504,0.6842940084657543,-0.16475726257807552
sub-2075cg,cg,posterior,12,5.75,10.13921731437335,7.873934475565347,1.2876938899907922,0.10981263500512474
sub-2075cg,cg,central,12,5.75,3.0482325483686328,2.711321621267247,1.1242607754309564,0.050867058737447304
sub-2075cg,cg,frontal,12,5.75,4.7042408202498365,3.535520060085144,1.330565444489812,0.12403624039195908
sub-2075cg,cg,global,12,5.75,5.847012532056037,4.7310734165057715,1.2358744025524897,0.09197433721722138
sub-2075cg,cg,posterior,13,6.25,13.292895090458071,140.5412645557532,0.09458357395940986,-1.0241842796468255
sub-2075cg,cg,central,13,6.25,4.156542293076599,16.424313757256588,0.2530725091171713,-0.5967550290304339
sub-2075cg,cg,frontal,13,6.25,4.927535989063295,51.819345451145686,0.09509066442587323,-1.0218621180504195
sub-2075cg,cg,global,13,6.25,7.593878547699856,60.099376989392866,0.1263553622035071,-0.898406322988391
sub-2075cg,cg,posterior,14,6.75,10.350388082419432,27.109453837820595,0.38179994862085825,-0.41816413438572353
sub-2075cg,cg,central,14,6.75,2.919729826465705,5.076480056921473,0.5751484874809722,-0.24022001797388093
sub-2075cg,cg,frontal,14,6.75,4.91717454407299,11.586954337277671,0.42437161664246875,-0.372253670830477
sub-2075cg,cg,global,14,6.75,5.877999956926793,14.239723447535397,0.4127889125504157,-0.3842719763102062
sub-2075cg,cg,posterior,15,7.25,10.853847032986375,20.36794413100769,0.5328886883808134,-0.27336349842287755
sub-2075cg,cg,central,15,7.25,3.504228098355585,5.670309894813571,0.6179958703069786,-0.2090144270291188
sub-2075cg,cg,frontal,15,7.25,4.468906810162201,8.608466758813785,0.5191292404755711,-0.28472450835956203
sub-2075cg,cg,global,15,7.25,5.972767009837566,12.43352870123909,0.4803758573575606,-0.3184188274137248
sub-2077cg,cg,posterior,1,0.25,16.33540700482293,132.63491155045142,0.12316068834267137,-0.9095278924987158
sub-2077cg,cg,central,1,0.25,6.030054112591866,21.262205437064058,0.2836043575272929,-0.5472871005851649
sub-2077cg,cg,frontal,1,0.25,13.672985966860997,47.29248930940158,0.2891153789221845,-0.5389288062767598
sub-2077cg,cg,global,1,0.25,11.179953814290835,56.940127508349555,0.19634578114795115,-0.7069784259130384
sub-2077cg,cg,posterior,2,0.75,17.402589554114765,173.96007541771485,0.1000378363387546,-0.9998357099473454
sub-2077cg,cg,central,2,0.75,5.2588913577164735,26.675577632386037,0.19714254852092902,-0.7052196334900761
sub-2077cg,cg,frontal,2,0.75,12.881419447022267,57.60893495586253,0.22360106912046634,-0.650526124256057
sub-2077cg,cg,global,2,0.75,11.111971952000467,73.32707018038766,0.15153983276114197,-0.8194731963722791
sub-2077cg,cg,posterior,3,1.25,12.405635971869033,129.91507648583018,0.09549034882969964,-1.0200405201629792
sub-2077cg,cg,central,3,1.25,6.066107863768973,20.782543818051114,0.29188476236966376,-0.5347885764457071
sub-2077cg,cg,frontal,3,1.25,11.68958823631776,44.1672197219553,0.2646666081747257,-0.5773008482726544
sub-2077cg,cg,global,3,1.25,9.167634689802325,56.38779929275866,0.16258188481882527,-0.7889278459590638
sub-2077cg,cg,posterior,4,1.75,10.968652874496863,132.67083988441357,0.0826756873179747,-1.0826221859254426
sub-2077cg,cg,central,4,1.75,5.398712733043709,20.06146806798174,0.26910855749685125,-0.5700724917027267
sub-2077cg,cg,frontal,4,1.75,10.582252683188306,41.87097729583278,0.25273479069812654,-0.5973349703150962
sub-2077cg,cg,global,4,1.75,8.293279229404627,54.57104964049402,0.15197214061374154,-0.8182360192042952
sub-2077cg,cg,posterior,5,2.25,10.461636699398708,77.8185218498559,0.13443633277413738,-0.8714833429570863
sub-2077cg,cg,central,5,2.25,6.962505387926942,13.986786981684872,0.49779162269676797,-0.30295241637985704
sub-2077cg,cg,frontal,5,2.25,11.331820875675566,25.769302094664194,0.4397410854996317,-0.356802955867228
sub-2077cg,cg,global,5,2.25,8.828561607411265,35.628153513923316,0.24779733824715627,-0.6059033629752127
sub-2077cg,cg,posterior,6,2.75,9.6954128192032,72.85676026643493,0.1330749924062966,-0.8759035499375
sub-2077cg,cg,central,6,2.75,7.0230928165142545,12.33602696314468,0.5693156181886245,-0.2446469019075853
sub-2077cg,cg,frontal,6,2.75,10.494387192174555,22.660662208732948,0.4631103493582035,-0.33431551350203337
sub-2077cg,cg,global,6,2.75,8.21960980509662,32.28028018868244,0.25463254212949615,-0.5940860941460776
sub-2077cg,cg,posterior,7,3.25,8.714670330220418,59.20812768995841,0.1471870614766697,-0.832130365108946
sub-2077cg,cg,central,7,3.25,5.793455754809545,9.162167119060715,0.632323737334697,-0.19906051453349596
sub-2077cg,cg,frontal,7,3.25,9.924428367393485,18.17545978990442,0.5460345147860315,-0.26277990471767554
sub-2077cg,cg,global,7,3.25,7.450183452988947,24.65527000626573,0.30217407682396524,-0.5197427960367341
sub-2077cg,cg,posterior,8,3.75,8.653411702740366,72.54895417105242,0.11927686348638149,-0.9234437896461639
sub-2077cg,cg,central,8,3.75,6.4012467618224065,10.622033245911062,0.6026385545617228,-0.2199430872365305
sub-2077cg,cg,frontal,8,3.75,9.216398337655265,24.491208179242843,0.3763145644021958,-0.4244489729713867
sub-2077cg,cg,global,8,3.75,7.57266605582928,31.45472178023031,0.24074814931565522,-0.6184370427084661
sub-2077cg,cg,posterior,9,4.25,12.126960917249605,139.69343640155452,0.08681124346021639,-1.0614240230204683
sub-2077cg,cg,central,9,4.25,4.6078996076048355,20.14590948731384,0.2287263134238985,-0.6406838698601095
sub-2077cg,cg,frontal,9,4.25,10.293144593841006,43.14557729592524,0.23856778003554752,-0.6223882106977016
sub-2077cg,cg,global,9,4.25,7.959933575147064,56.30561361949984,0.14137015944695022,-0.8496422521741371
sub-2077cg,cg,posterior,10,4.75,7.668097677431728,75.36883957088254,0.10174095449910796,-0.9925041922821061
sub-2077cg,cg,central,10,4.75,4.937494914606522,14.432177838405432,0.3421171059483044,-0.4658252104298841
sub-2077cg,cg,frontal,10,4.75,9.233274951884871,22.017304453810745,0.4193644581358723,-0.3774083795205251
sub-2077cg,cg,global,10,4.75,6.876458519904121,32.86950902530725,0.20920478351562,-0.6794283894477512
sub-2077cg,cg,posterior,11,5.25,8.940797179712783,89.91734722415237,0.09943350705648074,-1.0024672425885244
sub-2077cg,cg,central,11,5.25,4.914248465415827,14.721013551263042,0.3338254155057273,-0.4764806017679035
sub-2077cg,cg,frontal,11,5.25,9.72014296887057,26.34781605676065,0.36891645774096166,-0.4330719700194609
sub-2077cg,cg,global,11,5.25,7.292826361522747,37.117276864779896,0.1964806412951812,-0.7066802330383973
sub-2077cg,cg,posterior,12,5.75,10.998494192440143,59.10726008367234,0.18607687409077422,-0.7303075982762594
sub-2077cg,cg,central,12,5.75,10.257294491629976,9.999404903112495,1.025790493635997,0.011058669987523936
sub-2077cg,cg,frontal,12,5.75,14.225778241195185,18.578925130168482,0.7656943629152877,-0.11594455019455092
sub-2077cg,cg,global,12,5.75,10.212415052940623,25.427857196013722,0.4016231086330626,-0.39618130666210816
sub-2077cg,cg,posterior,13,6.25,10.149975568059459,52.19855571685046,0.1944493564748746,-0.7111934898005193
sub-2077cg,cg,central,13,6.25,8.23780539064841,10.219816628998204,0.8060619568529303,-0.09363157545891393
sub-2077cg,cg,frontal,13,6.25,13.282056274994636,16.260003289085645,0.8168544642244984,-0.0878553131302699
sub-2077cg,cg,global,13,6.25,9.539487874488234,23.45625397063893,0.40669272623110103,-0.39073359495696774
sub-2077cg,cg,posterior,14,6.75,9.220765729419654,71.86529635720049,0.12830623676257596,-0.8917522327463463
sub-2077cg,cg,central,14,6.75,4.902939047438882,11.30104211150334,0.4338484007990888,-0.3626619990544273
sub-2077cg,cg,frontal,14,6.75,8.247975630515809,19.4135848004389,0.4248558787725459,-0.37175836799391415
sub-2077cg,cg,global,14,6.75,7.001868231679295,30.549291612845746,0.22919903742498116,-0.6397872106221735
sub-2077cg,cg,posterior,15,7.25,10.346477515032232,17.203315207721577,0.6014234692618022,-0.22081962849353112
sub-2077cg,cg,central,15,7.25,10.841145719767693,5.703447910661731,1.9008055985751735,0.2789377024607816
sub-2077cg,cg,frontal,15,7.25,12.641566183841563,7.438014722594619,1.6995887552413689,0.2303438490632882
sub-2077cg,cg,global,15,7.25,9.722201944859448,9.143156150454763,1.0633310625867287,0.02666850090136837
sub-2079cg,cg,posterior,1,0.25,19.941777566283903,116.43338307668195,0.17127199295712667,-0.7663136487018265
sub-2079cg,cg,central,1,0.25,5.8332011294277235,20.237631307726513,0.28823536908692815,-0.5402527283908635
sub-2079cg,cg,frontal,1,0.25,10.30477975498957,52.801483506887585,0.1951607998598256,-0.7096074106151274
sub-2079cg,cg,global,1,0.25,11.949317847873642,58.46557430366242,0.20438211700120268,-0.6895571067147378
sub-2079cg,cg,posterior,2,0.75,15.033347254503155,98.61972942998734,0.15243752281003478,-0.8169081173564033
sub-2079cg,cg,central,2,0.75,6.569149598160977,19.07655578482674,0.3443572137579467,-0.4629908147769473
sub-2079cg,cg,frontal,2,0.75,8.81575072783025,37.77809841557697,0.23335612689799307,-0.6319807919802058
sub-2079cg,cg,global,2,0.75,9.885059090933241,46.477307395355155,0.2126857093257759,-0.6722616900195132
sub-2079cg,cg,posterior,3,1.25,19.106484647555803,92.51662434772479,0.20651947455133968,-0.6850389886013015
sub-2079cg,cg,central,3,1.25,7.257709795299033,17.82985690697252,0.4070537320162588,-0.39034825913368837
sub-2079cg,cg,frontal,3,1.25,10.166565838272064,38.479857437899604,0.2642048727617895,-0.5780591769030136
sub-2079cg,cg,global,3,1.25,12.013127603299148,45.59414191932448,0.26347962912769596,-0.5792529565403329
sub-2079cg,cg,posterior,4,1.75,17.577518428280968,92.3248154860934,0.190387799160331,-0.7203608864511368
sub-2079cg,cg,central,4,1.75,6.006117825551985,20.62200778472453,0.29124796616559007,-0.5357370987080547
sub-2079cg,cg,frontal,4,1.75,9.718778855251376,38.684211895734684,0.25123373022168166,-0.5999220533674025
sub-2079cg,cg,global,4,1.75,10.978742652996527,48.994016228873036,0.22408333706936565,-0.6495904365835429
sub-2079cg,cg,posterior,5,2.25,26.276226034461345,119.78499822333771,0.21936157635925022,-0.6588394416498213
sub-2079cg,cg,central,5,2.25,8.006752917332895,27.267222637232866,0.2936402076535594,-0.5321844774804283
sub-2079cg,cg,frontal,5,2.25,13.19811286576099,62.29213561834878,0.21187446432440746,-0.6739213824646327
sub-2079cg,cg,global,5,2.25,16.540962173105903,66.53753708920293,0.24859594894428413,-0.6045059527880111
sub-2079cg,cg,posterior,6,2.75,15.409565362805397,95.39010409191796,0.16154259930313872,-0.7917129333778803
sub-2079cg,cg,central,6,2.75,4.734594037334085,19.24828355976133,0.24597486953235592,-0.6091092611117914
sub-2079cg,cg,frontal,6,2.75,8.67429046910322,33.38020961185054,0.2598632713805278,-0.5852550985827019
sub-2079cg,cg,global,6,2.75,9.39807842889653,46.26432261638936,0.20313878810725777,-0.6922071428060531
sub-2079cg,cg,posterior,7,3.25,18.34288072902692,100.34979584664126,0.1827894174997553,-0.7380489511322624
sub-2079cg,cg,central,7,3.25,6.807131441101347,22.544199142850434,0.30194603046079505,-0.5200706754787618
sub-2079cg,cg,frontal,7,3.25,9.773250270321572,42.213647174931545,0.23151873681564736,-0.6354138557632658
sub-2079cg,cg,global,7,3.25,11.923448307819292,50.555997704761786,0.23584636539961396,-0.627370812227499
sub-2079cg,cg,posterior,8,3.75,13.747882052761582,80.4693227489737,0.17084625026171135,-0.7673945486680764
sub-2079cg,cg,central,8,3.75,5.270761541005804,14.896261556629753,0.3538311623334776,-0.4512039209076592
sub-2079cg,cg,frontal,8,3.75,8.121353099550785,32.71470723620523,0.24824776944856525,-0.6051146450300907
sub-2079cg,cg,global,8,3.75,8.780112975121149,40.63066627014568,0.21609571737622574,-0.665353839957588
sub-2079cg,cg,posterior,9,4.25,18.969280180510893,93.01861184122734,0.20392994267522926,-0.6905190028441943
sub-2079cg,cg,central,9,4.25,6.523849539140901,21.459514157461523,0.3040073270658154,-0.5171159490691906
sub-2079cg,cg,frontal,9,4.25,9.744788402844708,43.925523999407275,0.221847971648015,-0.653944537675853
sub-2079cg,cg,global,9,4.25,11.524817463446642,51.53958318046749,0.22361099473956023,-0.650506846414733
sub-2079cg,cg,posterior,10,4.75,19.492338360190484,119.46761930932381,0.16316001333985913,-0.7873862678473004
sub-2079cg,cg,central,10,4.75,7.069777997244131,23.472456560598328,0.3011946354652842,-0.5211527675595597
sub-2079cg,cg,frontal,10,4.75,10.121616639097832,50.673735224576866,0.19974088340321963,-0.6995330336812011
sub-2079cg,cg,global,10,4.75,11.97317220187248,59.83815534315779,0.2000926020063477,-0.6987689681714587
sub-2079cg,cg,posterior,11,5.25,30.067090145458494,110.36173052262922,0.27244127110976535,-0.5647271021279798
sub-2079cg,cg,central,11,5.25,9.685450157052935,25.04219954503206,0.38676515374123205,-0.4125526613202103
sub-2079cg,cg,frontal,11,5.25,15.679772523279654,53.01618772827483,0.2957544326582586,-0.5290687376058795
sub-2079cg,cg,global,11,5.25,19.24796961898222,59.400635313081196,0.3240364268417755,-0.48940616545037974
sub-2079cg,cg,posterior,12,5.75,16.51697812134565,95.94504603613512,0.1721504007108921,-0.7640919620599366
sub-2079cg,cg,central,12,5.75,5.242753922980977,20.950996621795195,0.2502388796878031,-0.6016452129396763
sub-2079cg,cg,frontal,12,5.75,8.337501668534651,33.81800567653849,0.2465403119356284,-0.6081120588621657
sub-2079cg,cg,global,12,5.75,9.892191960160176,49.13118764508572,0.20134241475332276,-0.696064727083753
sub-2079cg,cg,posterior,13,6.25,19.181579965096592,105.30741063063982,0.18214843428612038,-0.7395745575201748
sub-2079cg,cg,central,13,6.25,5.878092746319997,20.30386134896331,0.2895061508396345,-0.538342204830033
sub-2079cg,cg,frontal,13,6.25,9.802422267943598,46.82388232264213,0.20934663641087156,-0.6791340125608238
sub-2079cg,cg,global,13,6.25,11.265550786893568,53.77791278203535,0.20948285651310838,-0.6788515126805087
sub-2079cg,cg,posterior,14,6.75,22.441828534234048,106.39392423542598,0.21093148594251768,-0.6758585878732972
sub-2079cg,cg,central,14,6.75,8.011819360555394,22.54911856732257,0.3553052123361423,-0.44939842135328345
sub-2079cg,cg,frontal,14,6.75,10.78910142501881,40.71388682206212,0.26499806987655106,-0.5767572892519316
sub-2079cg,cg,global,14,6.75,13.560265164783408,51.37510810146403,0.2639462118114158,-0.5784845666662599
sub-2079cg,cg,posterior,15,7.25,18.030798969910386,102.10797323828139,0.176585612250214,-0.7530446845347185
sub-2079cg,cg,central,15,7.25,6.1900260609236595,22.247391962071635,0.27823603195721536,-0.5555866289561329
sub-2079cg,cg,frontal,15,7.25,10.51650127971303,39.33838790876926,0.2673343224969497,-0.5729452794996927
sub-2079cg,cg,global,15,7.25,11.005679684809154,50.47483004237308,0.2180429270503735,-0.6614579965521881
sub-2080cg,cg,posterior,1,0.25,3.524422049246545,49.92894651403828,0.0705887525236608,-1.1512644930848746
sub-2080cg,cg,central,1,0.25,2.376165861870844,6.015959011011797,0.39497706974423136,-0.40342811645610055
sub-2080cg,cg,frontal,1,0.25,3.0726785893735027,14.534175917184797,0.2114105819883778,-0.6748732782199781
sub-2080cg,cg,global,1,0.25,2.7493770638121586,18.68929099649414,0.14710975736468038,-0.8323585208203786
sub-2080cg,cg,posterior,2,0.75,4.03410435267735,53.57931302064456,0.07529220001613263,-1.1232500127157932
sub-2080cg,cg,central,2,0.75,2.3124580800333123,6.21361397781974,0.37215991986111724,-0.42927040047023524
sub-2080cg,cg,frontal,2,0.75,2.9058166824013094,16.344346879534264,0.1777872620924276,-0.7500993581078772
sub-2080cg,cg,global,2,0.75,3.0017558527540067,20.142738727931643,0.14902421628452717,-0.8267431534387647
sub-2080cg,cg,posterior,3,1.25,5.027557535404322,68.01996215143295,0.07391297166869135,-1.131279336574521
sub-2080cg,cg,central,3,1.25,2.627280820487761,8.024834087408804,0.3273937868210933,-0.4849295667533941
sub-2080cg,cg,frontal,3,1.25,3.558628007479249,21.63581543458941,0.16447857110992137,-0.7838906755555133
sub-2080cg,cg,global,3,1.25,3.6800205874116743,25.909963172034985,0.14203110066106062,-0.8476165474016479
sub-2080cg,cg,posterior,4,1.75,3.531033427958332,50.43827077883686,0.07000702786662347,-1.154858359835905
sub-2080cg,cg,central,4,1.75,2.3626928651597963,6.154897800222629,0.38387198973057446,-0.41581357621094317
sub-2080cg,cg,frontal,4,1.75,2.93819583651972,15.219525081404425,0.19305437067216225,-0.7143203616788063
sub-2080cg,cg,global,4,1.75,2.8221366260365763,19.416866236782777,0.14534459843424158,-0.8376011036513297
sub-2080cg,cg,posterior,5,2.25,3.6937369316903403,49.923253951875274,0.07398830483387575,-1.1308369228030264
sub-2080cg,cg,central,5,2.25,2.2434557993908872,6.435093529281675,0.34862831273274686,-0.45763734595725536
sub-2080cg,cg,frontal,5,2.25,2.922064570805483,15.276536715274018,0.1912779463871481,-0.7183350995727356
sub-2080cg,cg,global,5,2.25,2.817330130797601,19.54785986294614,0.14412473542118945,-0.8412614769581148
sub-2080cg,cg,posterior,6,2.75,4.05436916918924,56.53625942149989,0.07171272402304395,-1.144403780416878
sub-2080cg,cg,central,6,2.75,2.159545186390332,6.489625034093313,0.33276886954872414,-0.47785730863003617
sub-2080cg,cg,frontal,6,2.75,2.9124017025507456,17.363792439367135,0.16772843333163542,-0.7753933095327439
sub-2080cg,cg,global,6,2.75,2.8517542227529638,21.289938962992814,0.1339484452120797,-0.8730623230392226
sub-2080cg,cg,posterior,7,3.25,4.370889817704725,53.54135244368911,0.08163577530660453,-1.0881194783374404
sub-2080cg,cg,central,7,3.25,2.3387026185723463,6.844511548308441,0.3416902144244808,-0.4663674586677412
sub-2080cg,cg,frontal,7,3.25,3.8411034554808388,14.010813394689654,0.2741527809467996,-0.5620073443684123
sub-2080cg,cg,global,7,3.25,3.345729204880849,19.677561536492693,0.17002763267572982,-0.7694804918960434
sub-2080cg,cg,posterior,8,3.75,4.295730420973648,51.330666063114975,0.08368740853063779,-1.0773398803224636
sub-2080cg,cg,central,8,3.75,2.5963955863209898,5.507114837550702,0.4714620382740631,-0.32655327054451583
sub-2080cg,cg,frontal,8,3.75,3.156868341979217,16.487748821866678,0.1914675178574081,-0.717904892775354
sub-2080cg,cg,global,8,3.75,3.1808976164280893,19.157218760887336,0.16604172328618094,-0.7797827678868972
sub-2080cg,cg,posterior,9,4.25,4.60099027709013,55.85557121267338,0.08237298763934556,-1.08421518202225
sub-2080cg,cg,central,9,4.25,2.5558469032574145,6.081362151595721,0.4202753987586107,-0.37646603111300675
sub-2080cg,cg,frontal,9,4.25,3.7631305866446767,17.098839803308806,0.22008104818412716,-0.6574173541909901
sub-2080cg,cg,global,9,4.25,3.3615602106121396,20.519213712221536,0.16382500117974533,-0.7856198202443592
sub-2080cg,cg,posterior,10,4.75,3.8138012784183326,37.51221665470963,0.1016682462015881,-0.9928146680485663
sub-2080cg,cg,central,10,4.75,2.3265285739923316,4.776672453309222,0.4870605210496567,-0.31241707097254356
sub-2080cg,cg,frontal,10,4.75,3.1863119324747795,11.31317993017167,0.2816460051145345,-0.5502964044464461
sub-2080cg,cg,global,10,4.75,2.8048904765605176,14.62188767097694,0.19182820574719356,-0.7170875353314093
sub-2080cg,cg,posterior,11,5.25,5.214230897980664,42.60532234267965,0.12238449590973606,-0.9122735966294444
sub-2080cg,cg,central,11,5.25,2.938892365517452,6.769831314790672,0.43411604054248504,-0.36239416672894803
sub-2080cg,cg,frontal,11,5.25,3.5662681088198847,12.423015149163954,0.28706944859999534,-0.5420130248857714
sub-2080cg,cg,global,11,5.25,3.6030378512279158,16.894331008194193,0.21326904566273433,-0.6710721744306141
sub-2080cg,cg,posterior,12,5.75,4.955531068408202,47.14951877298735,0.1051024739460819,-0.978387061245909
sub-2080cg,cg,central,12,5.75,2.5521641999778852,6.973528113933822,0.3659789074168067,-0.43654394372159155
sub-2080cg,cg,frontal,12,5.75,4.581655187489212,13.936897909972009,0.3287428247724327,-0.4831437174246061
sub-2080cg,cg,global,12,5.75,3.811477078424313,18.417860206164143,0.20694461982878318,-0.6841458599568391
sub-2080cg,cg,posterior,13,6.25,3.4928024825647435,53.75536409542262,0.0649758873619491,-1.1872477807185784
sub-2080cg,cg,central,13,6.25,2.0276546587877022,6.164497770830513,0.32892455057446246,-0.48290371003482807
sub-2080cg,cg,frontal,13,6.25,3.375835376634487,16.540963195301476,0.20408940741693968,-0.6901795353121107
sub-2080cg,cg,global,13,6.25,2.913625165702341,19.981668595343844,0.14581490788918788,-0.8361980721563649
sub-2080cg,cg,posterior,14,6.75,3.2694423040426726,47.08414823293916,0.06943828075359414,-1.1584010405457124
sub-2080cg,cg,central,14,6.75,2.01141696863893,5.158116021869565,0.38995186616796756,-0.408988996942099
sub-2080cg,cg,frontal,14,6.75,2.8477306069122954,13.362150026541334,0.21311919124211506,-0.6713774405942199
sub-2080cg,cg,global,14,6.75,2.5925597667749134,17.289865587973168,0.14994678550759227,-0.824062840016348
sub-2080cg,cg,posterior,15,7.25,3.918568563523066,58.89549229895944,0.06653426961153526,-1.1769546062814022
sub-2080cg,cg,central,15,7.25,2.293114729125379,6.445512125194337,0.3557692057023692,-0.4488316458313963
sub-2080cg,cg,frontal,15,7.25,3.042014853527072,17.888113690017203,0.1700578890676844,-0.7694032161329619
sub-2080cg,cg,global,15,7.25,2.915636876604796,21.958449453274813,0.13277972485302086,-0.8768682356359169
sub-2081cg,cg,posterior,1,0.25,4.657739021359656,6.739261417201772,0.6911349379430378,-0.1604371522164666
sub-2081cg,cg,central,1,0.25,5.419541398784465,2.7948799330687137,1.9390963220498467,0.2875993826195712
sub-2081cg,cg,frontal,1,0.25,4.508432080452306,2.8073126267307535,1.6059601048788732,0.2057347523709518
sub-2081cg,cg,global,1,0.25,4.390698412639762,3.854236840495707,1.1391874953058305,0.0565952091320704
sub-2081cg,cg,posterior,2,0.75,4.853420639965522,11.153172415771571,0.4351605497555437,-0.36135048325488067
sub-2081cg,cg,central,2,0.75,5.780774990592934,2.6334420712822677,2.1951403653918904,0.34146229586110394
sub-2081cg,cg,frontal,2,0.75,4.758774314503463,4.0404173237000816,1.1777927707095202,0.07106888429287125
sub-2081cg,cg,global,2,0.75,4.645752722325559,5.406835891699932,0.8592368652167313,-0.06588709801237742
sub-2081cg,cg,posterior,3,1.25,4.94418496541714,9.71919155385198,0.5087033152935055,-0.29353543199910803
sub-2081cg,cg,central,3,1.25,6.333372553158246,3.193835341947734,1.9829990826314456,0.2973225132934554
sub-2081cg,cg,frontal,3,1.25,4.844405359277137,3.7711814101596945,1.2845856065757377,0.10876305155652433
sub-2081cg,cg,global,3,1.25,4.7218764891631375,4.974570022902364,0.9492029396358169,-0.02264092546350898
sub-2081cg,cg,posterior,4,1.75,5.21658993684656,9.980862136427307,0.5226592518303095,-0.2817813575549602
sub-2081cg,cg,central,4,1.75,6.723184881133608,3.2250833023884997,2.084654643231823,0.31903411736163745
sub-2081cg,cg,frontal,4,1.75,4.356053561099514,3.58446944419956,1.2152575517552653,0.0846683285126363
sub-2081cg,cg,global,4,1.75,4.791094254060193,4.984876415905484,0.9611259847431761,-0.017219681121660866
sub-2081cg,cg,posterior,5,2.25,6.209050140101054,8.837102048437941,0.7026115695018565,-0.15328470320689377
sub-2081cg,cg,central,5,2.25,8.725491218208271,3.662483947060519,2.382397122917435,0.3770141559362085
sub-2081cg,cg,frontal,5,2.25,5.329005967583809,3.221465839608885,1.6542177483498626,0.21859267612492564
sub-2081cg,cg,global,5,2.25,5.902851183954553,4.5388722823065235,1.3005105270234427,0.11411387195648869
sub-2081cg,cg,posterior,6,2.75,6.166246077825847,7.930658330844391,0.7775200772228094,-0.10928838774871331
sub-2081cg,cg,central,6,2.75,8.21595207755538,3.662350971026234,2.243354649118507,0.3508979360796032
sub-2081cg,cg,frontal,6,2.75,5.462959232378901,3.053642192531973,1.788997822252779,0.2526098119009802
sub-2081cg,cg,global,6,2.75,5.904689911424584,4.288740192072062,1.3767889046624184,0.13886735741878997
sub-2081cg,cg,posterior,7,3.25,8.128377144233884,8.00301823379774,1.0156639541200516,0.0067500396287742724
sub-2081cg,cg,central,7,3.25,7.957360851554,3.229575642324584,2.4639029187829924,0.39162359202020863
sub-2081cg,cg,frontal,7,3.25,6.280214779618212,3.414449492562761,1.8393052213241297,0.26465380370126473
sub-2081cg,cg,global,7,3.25,6.591576433205157,4.484865781295302,1.4697377256407889,0.16723984191181943
sub-2081cg,cg,posterior,8,3.75,6.696189517439076,6.569629556886486,1.0192643983129803,0.008286855089815744
sub-2081cg,cg,central,8,3.75,8.101637270952683,3.3676282057723252,2.4057398192193453,0.38124865659180407
sub-2081cg,cg,frontal,8,3.75,6.013455665476816,2.8031069303837164,2.145282293834448,0.331484448309999
sub-2081cg,cg,global,8,3.75,6.009357242630801,3.6531439252905473,1.6449823400135695,0.21616123986907732
sub-2081cg,cg,posterior,9,4.25,6.03862354291335,7.413858107851685,0.8145048711571798,-0.0891063140437987
sub-2081cg,cg,central,9,4.25,7.709722116011861,3.556577231393218,2.1677364540152926,0.33600648103783304
sub-2081cg,cg,frontal,9,4.25,5.6308651371132346,2.815806585606851,1.999734344644163,0.30097230550490744
sub-2081cg,cg,global,9,4.25,5.599864383898996,4.0311413510857035,1.3891510855581362,0.14274948263887668
sub-2081cg,cg,posterior,10,4.75,6.4068471211409035,6.530756695761462,0.9810267660559185,-0.008319143290990781
sub-2081cg,cg,central,10,4.75,7.113856500112321,3.33948901332158,2.130223058598002,0.3284250813947083
sub-2081cg,cg,frontal,10,4.75,5.885338751776288,2.583212884837484,2.278301872184471,0.35761126703815793
sub-2081cg,cg,global,10,4.75,5.732172647822382,3.6172816295014223,1.584663079886445,0.19993693967673484
sub-2081cg,cg,posterior,11,5.25,6.549572091811795,5.485360264324715,1.1940094681489606,0.07700777063635199
sub-2081cg,cg,central,11,5.25,6.8791623069013985,2.8599896624778953,2.4053101999471185,0.38117109295018736
sub-2081cg,cg,frontal,11,5.25,5.793264492995514,2.2696640568486073,2.552476643190698,0.406961776702217
sub-2081cg,cg,global,11,5.25,5.797261840253937,3.424340332679723,1.6929572638935924,0.2286459951500168
sub-2081cg,cg,posterior,12,5.75,5.386137221871909,6.024676369621949,0.8940127056500947,-0.0486563089954534
sub-2081cg,cg,central,12,5.75,5.685618602740177,3.2411589291673764,1.754193091728692,0.24407739635998568
sub-2081cg,cg,frontal,12,5.75,5.066654311297968,2.433250475774942,2.0822576063339056,0.31853445720554785
sub-2081cg,cg,global,12,5.75,4.877869247131415,3.5283656010358797,1.3824727363001554,0.140656575353842
sub-2081cg,cg,posterior,13,6.25,5.579509442684238,5.39359218459228,1.0344700251203758,0.01471791103518127
sub-2081cg,cg,central,13,6.25,5.100040135380108,2.626957123341368,1.9414249627695073,0.2881206094661973
sub-2081cg,cg,frontal,13,6.25,4.995042353154015,2.311352922151061,2.1610902884122853,0.33467291169587804
sub-2081cg,cg,global,13,6.25,4.744094060780336,3.239863686102736,1.464288167780001,0.16562655306209795
sub-2081cg,cg,posterior,14,6.75,6.459773851420664,5.151309417740592,1.2540061812582743,0.09829967722814545
sub-2081cg,cg,central,14,6.75,6.587516650137282,2.5580583500965504,2.5752018713289497,0.41081127926762445
sub-2081cg,cg,frontal,14,6.75,5.272490159984748,2.43195485866674,2.1680049451556274,0.33606026848044146
sub-2081cg,cg,global,14,6.75,5.7144332358452505,3.343143865663912,1.7092992301455823,0.23281809702471548
sub-2081cg,cg,posterior,15,7.25,5.179974658576005,4.308889554643335,1.2021599980426452,0.07996227269400283
sub-2081cg,cg,central,15,7.25,6.117011736204467,2.6064846546160023,2.3468435639440393,0.3704841413326463
sub-2081cg,cg,frontal,15,7.25,4.753658257304775,2.304769177357785,2.0625311653787497,0.3144005195733608
sub-2081cg,cg,global,15,7.25,4.7445332535301805,2.830987294386411,1.6759288404219108,0.22425557463543758
sub-2082cg,cg,posterior,1,0.25,3.793812643743755,11.112396482062307,0.34140364320763295,-0.466731848726472
sub-2082cg,cg,central,1,0.25,1.9971634532598896,3.3782799470031826,0.5911776065306669,-0.22828202512804
sub-2082cg,cg,frontal,1,0.25,3.665161622781658,5.750514021878767,0.6373624355730555,-0.19561353625620004
sub-2082cg,cg,global,1,0.25,3.396226189584126,7.178930472497985,0.4730824741366207,-0.3250631405727422
sub-2082cg,cg,posterior,2,0.75,3.695921133049475,8.887977157495243,0.4158337794480828,-0.38108023450422673
sub-2082cg,cg,central,2,0.75,2.3476069654382297,2.8891856531304243,0.8125497102945268,-0.09015006019990826
sub-2082cg,cg,frontal,2,0.75,3.4205070397670463,3.970236435838214,0.861537365606513,-0.06472588208732542
sub-2082cg,cg,global,2,0.75,3.459854664548887,5.778945174619263,0.5987000326191595,-0.22279071819251361
sub-2082cg,cg,posterior,3,1.25,6.240891427665367,15.287452097063225,0.408236204963433,-0.3890884819360162
sub-2082cg,cg,central,3,1.25,3.3951594581045033,3.5057840244715592,0.9684451279386126,-0.013924981355381299
sub-2082cg,cg,frontal,3,1.25,7.362474979951005,8.126933262048018,0.9059352085900646,-0.04290286143798118
sub-2082cg,cg,global,3,1.25,5.313628610482098,9.058342830365984,0.5866005195419847,-0.23165755670814797
sub-2082cg,cg,posterior,4,1.75,4.818117653519301,7.574209857675758,0.6361214891130309,-0.19645993307372062
sub-2082cg,cg,central,4,1.75,3.0901388241552907,2.513305993259037,1.2295115805410812,0.08973262363301464
sub-2082cg,cg,frontal,4,1.75,5.508806223560333,4.460584128383432,1.2349965979807198,0.09166576125541272
sub-2082cg,cg,global,4,1.75,4.447778319773182,5.240063853188777,0.848802313175352,-0.07119344555591205
sub-2082cg,cg,posterior,5,2.25,8.112057573426373,4.351404989472737,1.864238698317372,0.27050151892198687
sub-2082cg,cg,central,5,2.25,6.175615329213156,2.0861547858005824,2.960286250688346,0.47133370804665925
sub-2082cg,cg,frontal,5,2.25,11.842945974281845,2.465037717582464,4.804367044694382,0.6816361792879221
sub-2082cg,cg,global,5,2.25,7.738638952188539,3.329998207646391,2.3239168520928817,0.3662205852831635
sub-2082cg,cg,posterior,6,2.75,5.890251145848305,5.300184931851421,1.1113293633304917,0.04584278934454348
sub-2082cg,cg,central,6,2.75,3.595072488383417,2.407106094213509,1.493524733714764,0.17421241919116393
sub-2082cg,cg,frontal,6,2.75,6.7714192056771845,3.400183929932111,1.991486150519035,0.29917729052236186
sub-2082cg,cg,global,6,2.75,5.0280608582292885,3.8430841754581175,1.3083400281311597,0.11672062865942893
sub-2082cg,cg,posterior,7,3.25,3.0854642203982414,13.604473105116274,0.22679777427307213,-0.644361211797059
sub-2082cg,cg,central,7,3.25,2.001100659050635,3.921405477220484,0.5103018983053564,-0.2921728161043591
sub-2082cg,cg,frontal,7,3.25,4.165191386415981,6.9470441123587525,0.5995631118861228,-0.22216509496505088
sub-2082cg,cg,global,7,3.25,3.3029164813912537,8.546271095774621,0.3864745740425032,-0.4128790728097321
sub-2082cg,cg,posterior,8,3.75,4.73661805073821,4.298618889446083,1.1018929969268727,0.04213942291822753
sub-2082cg,cg,central,8,3.75,3.5777583931400243,1.9010157114632265,1.8820246311305844,0.2746253029882071
sub-2082cg,cg,frontal,8,3.75,5.308016400626548,2.204680913557991,2.4076120802716465,0.38158651374485814
sub-2082cg,cg,global,8,3.75,4.4950928355144,3.1460358785575524,1.4288116884335682,0.15497499431703393
sub-2082cg,cg,posterior,9,4.25,8.337335830993219,4.641760428106313,1.7961581516594083,0.25434457362809343
sub-2082cg,cg,central,9,4.25,6.971645793160889,2.1741326402559253,3.2066331483530046,0.5060492777459845
sub-2082cg,cg,frontal,9,4.25,13.742958311164008,3.200615406798309,4.293848702338025,0.6328467376089996
sub-2082cg,cg,global,9,4.25,8.77929519939224,3.885250765279911,2.2596469905745558,0.3540405975455405
sub-2082cg,cg,posterior,10,4.75,4.466256912154661,5.82189124195091,0.7671488055242376,-0.1151203868334424
sub-2082cg,cg,central,10,4.75,2.5366114756757354,2.8093373907973382,0.902921622723215,-0.04434994658142853
sub-2082cg,cg,frontal,10,4.75,6.000844126775531,3.9184525897033238,1.5314321123966619,0.18509774951673608
sub-2082cg,cg,global,10,4.75,4.488212938528277,4.805007673939906,0.9340698794031539,-0.029620632223913427
sub-2082cg,cg,posterior,11,5.25,6.183449357549937,5.11764641165285,1.2082603720863285,0.08216053194708532
sub-2082cg,cg,central,11,5.25,3.8543683770731536,2.219956969702845,1.7362356251387543,0.23960866309483791
sub-2082cg,cg,frontal,11,5.25,8.538025597017844,2.986792012986276,2.858593956290011,0.45615247117953744
sub-2082cg,cg,global,11,5.25,5.973082934060358,3.8352629251911035,1.5574115909570219,0.19240340258688052
sub-2082cg,cg,posterior,12,5.75,4.778825512535526,3.0462885740081456,1.5687369717071158,0.19555013204315105
sub-2082cg,cg,central,12,5.75,2.8298965367175697,1.9914684676819743,1.4210099645772987,0.15259712335024395
sub-2082cg,cg,frontal,12,5.75,5.840086334146932,2.810699084618991,2.0778056128831714,0.3176049151167104
sub-2082cg,cg,global,12,5.75,4.664996142692947,2.8817782389173354,1.6187908145373304,0.2091907314206231
sub-2082cg,cg,posterior,13,6.25,6.927065967484241,6.89766409507059,1.0042625839716757,0.0018472823904835678
sub-2082cg,cg,central,13,6.25,4.904686522376306,2.563665752042383,1.9131536622778977,0.2817498534560831
sub-2082cg,cg,frontal,13,6.25,10.395502027452874,5.035482444812909,2.0644500584370746,0.3148043812249908
sub-2082cg,cg,global,13,6.25,6.408271839660503,5.154455864781978,1.2432489496020853,0.09455810097708711
sub-2082cg,cg,posterior,14,6.75,5.900157875567044,3.1983651863928384,1.8447417764140077,0.26593558300073816
sub-2082cg,cg,central,14,6.75,3.2496921234607226,1.7627881148267104,1.8434955943529159,0.26564210405197847
sub-2082cg,cg,frontal,14,6.75,7.440421217507063,2.2682716178245,3.2802161606391627,0.5159024639188577
sub-2082cg,cg,global,14,6.75,5.405259967763078,2.6169176583687372,2.065506322095156,0.31502652860180286
sub-2082cg,cg,posterior,15,7.25,6.4544557487779795,3.0898303103914566,2.0889353460838604,0.31992499848986455
sub-2082cg,cg,central,15,7.25,4.734365757047574,1.755137890673658,2.6974323682513783,0.4309505645825877
sub-2082cg,cg,frontal,15,7.25,7.43106405881881,2.382498023125796,3.1190221300034424,0.4940184561628135
sub-2082cg,cg,global,15,7.25,5.553630887699618,2.5425954946224305,2.184236894718607,0.3392997386525559
