subject,group,unit,n_welch_windows,block_marker_s,block_avail_s,seg_start_s,seg_end_s,log10_total_power,rel_delta,rel_theta,rel_alpha,rel_beta,rel_gamma,ap_offset,ap_exponent,fooof_r2,fooof_error,n_peaks,iaf_fooof,alpha_pw,alpha_bw,iaf_psd_argmax
sub-1005sg,sg,A1,231,254.61,480.7,259.62,724.62,0.9865726491398625,0.3908427415674173,0.24142312431211835,0.16209389684852013,0.16962594412665807,0.03601429314528628,0.6183394113414139,1.3397581002641756,0.9946014277114587,0.025340647658045695,6,11.662109180899458,0.3139589153254466,2.1638714280512863,7.0
sub-1005sg,sg,A2,231,254.61,480.7,259.62,724.62,0.9844755541141876,0.38789023323387134,0.24096863370615726,0.16390413190006747,0.17120526235340816,0.03603173880649583,0.6100487671935804,1.336623466983002,0.9947489823701567,0.024147013443588553,6,11.70197010595676,0.3210637413632843,2.2267106591137886,7.0
sub-1005sg,sg,A3,231,254.61,480.7,259.62,724.62,0.9603596334923317,0.4237371221931974,0.22936548337765666,0.15608917446034606,0.16126659748216907,0.029541622486630656,0.5929015559772883,1.400113651192044,0.9968705312788049,0.021165640193195827,6,11.703003566720554,0.3665979775489232,2.1341807169303135,7.0
sub-1005sg,sg,A4,231,254.61,480.7,259.62,724.62,1.0096711892274097,0.44499330171378937,0.2182338478808659,0.14840275733630193,0.1624093956040886,0.025960697464954042,0.6625238914645242,1.4474828890541012,0.9967600090443299,0.021784275537386752,6,11.659826303168092,0.41146680091019827,1.476303809672081,7.0
sub-1005sg,sg,A5,231,254.61,480.7,259.62,724.62,1.0011048320469431,0.38704800818366064,0.203082228903779,0.18543667287473578,0.19869791808888276,0.025735171948941732,0.580781406751663,1.3986567867214508,0.9953950434595978,0.026805316535128788,6,11.724405345196935,0.5601867353483581,2.5193608639308986,7.0
sub-1005sg,sg,A6,231,254.61,480.7,259.62,724.62,1.040222254500958,0.38095970763569686,0.1963010874438673,0.17867337628291607,0.21059653720794375,0.033469291429576005,0.5664461827232811,1.2884077817725001,0.9931153829503562,0.02948792256980176,6,11.681477779038019,0.47165489722058906,2.7721182198482106,7.0
sub-1005sg,sg,A7,231,254.61,480.7,259.62,724.62,1.077077446882137,0.36868510717877134,0.17561604862186717,0.19825763168658625,0.22371910177751503,0.03372211073526015,0.5162962544577825,1.2327278440558185,0.9940329793943984,0.02746358585148418,6,11.499973888442085,0.5643854003076036,2.2732800651785685,11.5
sub-1005sg,sg,A8,231,254.61,480.7,259.62,724.62,1.3185474220319684,0.32113168263933045,0.15585932699329674,0.24749605301169417,0.24293361347457385,0.032579323881104814,0.696949749536389,1.2025686136243185,0.995117964248716,0.02721482820810602,6,13.55203897911675,0.6615893492504847,4.6538103259192845,12.0
sub-1005sg,sg,A9,231,254.61,480.7,259.62,724.62,1.4637936385079082,0.3139840102344924,0.14508677010909876,0.2516656896348301,0.24847644550364623,0.04078708451793251,0.743344415906989,1.085753250320308,0.9940714582118482,0.027885991100792318,6,11.141192862686202,0.6325706566617179,2.463751490273182,12.0
sub-1005sg,sg,A10,231,254.61,480.7,259.62,724.62,1.5005909273736715,0.32924421942563165,0.14081565900619794,0.2092036353896904,0.24616209763374564,0.0745743885447344,0.5659067341775813,0.7900316231786741,0.978035982340716,0.04019750957226622,4,12.841398387606898,0.457316150292158,5.172486435786023,11.5
sub-1005sg,sg,A11,231,254.61,480.7,259.62,724.62,1.5647933113156884,0.3596613415590906,0.13212234191814123,0.153345109289257,0.2412485759542235,0.11362263127928764,0.4419506197275614,0.59509689179591,0.9650198823582062,0.03583750071207867,5,12.607883317418947,0.2579608907831388,4.692021738086409,7.0
sub-1005sg,sg,A12,231,254.61,480.7,259.62,724.62,1.6188004882194094,0.41088581133740054,0.13434307760120326,0.1248190951888417,0.21582467233066463,0.11412734354188983,0.5654832206650916,0.6667513275318797,0.9412873653913266,0.04568905186707088,4,12.4060817135605,0.13286123928535634,6.035693116592289,7.0
sub-1005sg,sg,A13,231,254.61,480.7,259.62,724.62,1.7989280289379552,0.31397362919273214,0.0943399435238545,0.10788538685688552,0.29849716476777843,0.18530387565874945,0.4867709658874799,0.34674964124587904,0.5925467583591645,0.05548329707357114,4,,,,11.5
sub-1005sg,sg,A14,231,254.61,480.7,259.62,724.62,1.7224173465335633,0.27240981323370395,0.10104128268420665,0.13222116813145388,0.31522448924212837,0.17910324670850716,0.2537562422900089,0.2348491304858764,0.8751354105628857,0.03657652410397274,5,12.32618062810452,0.17080267397897367,4.248683606187661,11.5
sub-1005sg,sg,A15,231,254.61,480.7,259.62,724.62,1.5255050243087604,0.3156772088815477,0.13229030633251843,0.17221394518883038,0.26335553365194864,0.11646300594515473,0.31294491788011997,0.488016597672408,0.9576125447678224,0.037068098156851005,5,11.98981893044824,0.32103382138076775,3.4190782849828514,8.25
sub-1005sg,sg,A16,231,254.61,480.7,259.62,724.62,1.4499930658886848,0.3388935990550219,0.1478629661369786,0.22176475323537617,0.2313709957454018,0.060107685827221445,0.612733332251689,0.906093854347436,0.988406378187578,0.03218033746720079,6,11.805208587375688,0.492740506357358,3.689509039552297,8.25
sub-1005sg,sg,A17,231,254.61,480.7,259.62,724.62,1.3531066305863744,0.34148121790795893,0.16132800416835957,0.23179842178065413,0.22785881273444844,0.03753354340857903,0.7067875341318518,1.1514940292582532,0.9955337977833036,0.025202069745705387,6,12.001131347723536,0.6224650741537929,3.9962357459863926,12.0
sub-1005sg,sg,A18,231,254.61,480.7,259.62,724.62,1.229669030398696,0.3968557448127412,0.17341227991202893,0.19431253849453134,0.20683843151785963,0.028581005262838865,0.7469568630212128,1.3313675853189393,0.9948411054272998,0.02761433411520521,6,11.678288573929962,0.5685517280216281,2.9898003376319577,7.0
sub-1005sg,sg,A19,231,254.61,480.7,259.62,724.62,1.175763685778486,0.46956060843750697,0.193529106510891,0.14819476929649691,0.16384287782394005,0.024872637931165203,0.8012509699323771,1.441984722797803,0.9966191542593431,0.02480486878639225,6,12.421996641202572,0.46469826629843575,3.953493623929809,7.0
sub-1005sg,sg,A20,231,254.61,480.7,259.62,724.62,1.2584083468453406,0.4309501080257566,0.18269125763744884,0.17260980108803461,0.18390725184950163,0.02984158139925816,0.8247157622190041,1.3526502237740543,0.9951384400699234,0.026759757540068502,6,11.653315553947444,0.47789066503489946,2.3211209539654822,7.0
sub-1005sg,sg,A21,231,254.61,480.7,259.62,724.62,1.336228189080026,0.4562140908475945,0.1516801281849033,0.17445437874923062,0.1809092867384546,0.036742115479816914,0.6763216048818389,1.1510630643073745,0.9929853996234131,0.028850796921034316,6,12.148700099843854,0.49340732413108357,3.724077227922315,7.0
sub-1005sg,sg,A22,231,254.61,480.7,259.62,724.62,1.3726369310905955,0.3586512503710663,0.16099520549171625,0.19369772130683735,0.21872550834643303,0.067930314483947,0.5370821541685435,0.8711342060829914,0.9880334142577858,0.02870823761646033,5,12.136519398908606,0.3841976406440702,4.09324693817328,7.0
sub-1005sg,sg,A23,231,254.61,480.7,259.62,724.62,1.5087461897926715,0.3546782009431077,0.13595353048770248,0.16128960383054772,0.2436994942907476,0.10437917044789448,0.4254573803794551,0.6184852655012325,0.9691671585474584,0.0346217936048689,5,12.069462996018494,0.26438190190325656,4.131956123088705,7.0
sub-1005sg,sg,A24,231,254.61,480.7,259.62,724.62,1.6233918557346134,0.32544052389598205,0.12335763762540979,0.14034486031736854,0.27685085520503877,0.13400612295620096,0.34928879155378445,0.4081180360070559,0.9272183594199627,0.04136990262610352,5,12.680766916216571,0.18623716844762098,2.1088773666784104,7.0
sub-1005sg,sg,A25,231,254.61,480.7,259.62,724.62,1.6706364590570693,0.4015199908781732,0.1212168294371971,0.11007860481799406,0.24006532123433677,0.12711925363229865,0.5163326565817645,0.5460303674797009,0.919642059349707,0.0444264223950408,5,,,,7.0
sub-1005sg,sg,A26,231,254.61,480.7,259.62,724.62,1.8711283198022164,0.2193590221768516,0.0841502061727638,0.11741767810130475,0.35385815378346164,0.22521493976561835,0.33303222281140726,0.1364858024956038,0.3395816133673898,0.05464094533806362,5,12.782047841675622,0.19302457200856754,2.7531210888749023,12.0
sub-1005sg,sg,A27,231,254.61,480.7,259.62,724.62,1.8058582481390655,0.20195469388443918,0.08972513034220005,0.14399674995999537,0.3550501068107685,0.20927331900259685,0.3140910243503273,0.17112494349399732,0.5284651879664168,0.05203260327240183,3,12.20568527495737,0.2452202103821983,3.557007485734859,12.0
sub-1005sg,sg,A28,231,254.61,480.7,259.62,724.62,1.5907146389794893,0.2878672534032987,0.12713127853785697,0.2069836983802096,0.2619357550255027,0.11608201465313209,0.395032000105424,0.49658763182521415,0.9620510971251471,0.03731268040083416,5,11.700364477697683,0.4103461962935197,3.5598694743511223,11.0
sub-1005sg,sg,A29,231,254.61,480.7,259.62,724.62,1.4467956727973397,0.31480256356737046,0.15321869905884505,0.25643115431607627,0.21834653773478518,0.05720104532292302,0.6696232948783929,0.9543009239570576,0.9899848811107232,0.030460796928090048,5,11.232495191790392,0.5643144850091717,3.116993617958634,11.0
sub-1005sg,sg,A30,231,254.61,480.7,259.62,724.62,1.2654619757676637,0.33673131445455246,0.167828793710362,0.24223809003068725,0.2118471039763922,0.0413546978280061,0.6311147927580136,1.1310753276909198,0.9946657951915492,0.0255069481256762,6,11.6052977374973,0.5830217030663659,3.6647352401499385,11.0
sub-1005sg,sg,A31,231,254.61,480.7,259.62,724.62,1.1882933303280474,0.3949144953876616,0.17931224664928136,0.20116938495825748,0.19267073530500842,0.03193313769979102,0.6917185147124768,1.291206236429183,0.9947271076220155,0.027477045558043808,6,11.733080094109827,0.5469049283809324,3.1255772676181133,12.0
sub-1005sg,sg,A32,231,254.61,480.7,259.62,724.62,1.0145399875009282,0.4106174019883163,0.1997202022762212,0.17072664793421224,0.18749229932575698,0.031443448475493255,0.550444245671607,1.3164761155500009,0.9966474751321417,0.021170863246772968,6,11.647118847955564,0.4764849923165357,1.0765574698819222,7.0
sub-1005sg,sg,B1,231,254.61,480.7,259.62,724.62,0.9927271652488838,0.40878669385346705,0.22408685078535484,0.15920935821239415,0.17196049259467847,0.0359566045541055,0.6170645729772457,1.3383743824253054,0.9954804430740386,0.022172560332017838,6,11.692026001251397,0.3170658127579908,2.377344682641468,7.0
sub-1005sg,sg,B2,231,254.61,480.7,259.62,724.62,0.9041934915386073,0.4053144807995748,0.22564417296864417,0.16261822935237702,0.17203451905866715,0.03438859782073696,0.49064118565358905,1.3211536411710663,0.9945175393865741,0.02703437726712091,6,11.670192122722929,0.34345998533428923,2.2308025964782674,7.0
sub-1005sg,sg,B3,231,254.61,480.7,259.62,724.62,1.0177648033324367,0.3965713906496423,0.20406575254966688,0.17901906582160065,0.18522154484058526,0.03512224613850475,0.5652398817434476,1.292680680659244,0.9950014918730574,0.026397625901467194,6,11.572463736354479,0.438635766847838,2.8163599151554215,7.0
sub-1005sg,sg,B4,231,254.61,480.7,259.62,724.62,1.010238678784667,0.33716439243520197,0.196217421820837,0.21627939800001497,0.212633208205959,0.03770557953798731,0.4575280412044966,1.2044672764554518,0.9936620945471633,0.028725599015409713,6,11.411759396540795,0.5656083588809132,2.7444460415632004,11.25
sub-1005sg,sg,B5,231,254.61,480.7,259.62,724.62,1.2258303690065766,0.3401090448489473,0.17108402605311385,0.24825797831149896,0.2046240105979268,0.03592494018851331,0.6249866188468739,1.187851611605251,0.9952551569380768,0.025312990079328072,6,11.356771058958145,0.645498441105984,3.0310135940199356,11.0
sub-1005sg,sg,B6,231,254.61,480.7,259.62,724.62,1.45882945367681,0.2956512467627016,0.15559412872923328,0.2922303544911278,0.21599474541705654,0.04052952459988075,0.7779746005714623,1.1043007551556066,0.9943914817249098,0.027922493903704125,6,11.34203827844069,0.733119978975572,2.958063533588844,11.0
sub-1005sg,sg,B7,231,254.61,480.7,259.62,724.62,1.5493825017238332,0.3009863183758686,0.15120503543677108,0.25897641712610747,0.22540888906764509,0.06342333999360766,0.7369668367776213,0.9064969171137868,0.9898066311071553,0.030218810548080528,4,11.371419727574818,0.6092382291130933,2.78967856830273,11.0
sub-1005sg,sg,B8,231,254.61,480.7,259.62,724.62,1.575454894975637,0.3068662699242921,0.14757725210086736,0.1927655616296894,0.2531687984985967,0.09962211784655442,0.5903486281362632,0.6689703351670944,0.9695078134545497,0.03677574741924495,4,11.784504735202256,0.4014248356156254,2.942400759038751,11.0
sub-1005sg,sg,B9,231,254.61,480.7,259.62,724.62,1.5156355475121406,0.42980164134788174,0.1817384927372964,0.14682146870231774,0.1713431618301698,0.07029523538233436,0.8452698762885722,1.0474391126209164,0.9846198963738138,0.03460687257136638,6,11.860994813912802,0.2688160069174615,4.201591626455265,7.0
sub-1005sg,sg,B10,231,254.61,480.7,259.62,724.62,1.4873346400343213,0.4058563003842911,0.18060245168213537,0.1634765020220804,0.19808913077658027,0.051975615134912834,0.8892383381386973,1.0969307531292998,0.9879291220306006,0.03361198990852921,6,11.675920348611598,0.37362811533198187,2.6991264876474674,11.0
sub-1005sg,sg,B11,231,254.61,480.7,259.62,724.62,1.2905199617284626,0.318704227957304,0.18491313467777665,0.2226652693172107,0.21967217817277904,0.05404518987492976,0.6023410147550837,1.0203874666833337,0.9919757369987217,0.026866874017601693,6,11.438170059882331,0.5948265070222052,2.726455588306879,11.0
sub-1005sg,sg,B12,231,254.61,480.7,259.62,724.62,1.1256815189598601,0.3061451898729769,0.18899843790368806,0.2348108749382567,0.21991938674696784,0.05012611053811047,0.4596087922669678,1.0419124181948027,0.9883970801646904,0.03398697740151998,6,11.507535609477866,0.6364699925748254,2.26521899465225,11.25
sub-1005sg,sg,B13,231,254.61,480.7,259.62,724.62,1.0333191679896216,0.30563661868397224,0.19213211913098016,0.22807834127324272,0.2236194921430309,0.050533428768773855,0.3689743985243632,1.050205414522266,0.9909955266638748,0.029856205601914012,6,11.526663278147655,0.5854815765095466,2.4600375458514714,11.25
sub-1005sg,sg,B14,231,254.61,480.7,259.62,724.62,1.1445551720169314,0.3084876214107667,0.19252432062260488,0.17177143470296652,0.2485563369101264,0.07866028635353552,0.4065325561799165,0.8881381660774651,0.9855467155055782,0.030991710746583752,4,11.355118450868426,0.3217414383687228,1.0510288048200278,11.0
sub-1005sg,sg,B15,231,254.61,480.7,259.62,724.62,0.9869613369404125,0.32118068741746497,0.196838250330441,0.1883492497368639,0.2309339262389252,0.06269788627630499,0.3389511689632289,1.0103212781598299,0.9891390037237822,0.029167133166758914,6,11.291961758713486,0.4210644086963861,1.2442095476248733,11.0
sub-1005sg,sg,B16,231,254.61,480.7,259.62,724.62,0.9190366896963383,0.29950080047572525,0.18518382329263502,0.19037932690838363,0.24930887420845227,0.07562717511480359,0.18307028729191507,0.9046778026395976,0.9845108743437918,0.03155393510863421,6,11.371652109640975,0.4160257469877854,1.4525184125291968,11.25
sub-1005sg,sg,B17,231,254.61,480.7,259.62,724.62,0.888863538954962,0.304522820637105,0.194699383106075,0.196280816411086,0.24156628771821026,0.06293069212752363,0.20770320510582987,0.9975508841642325,0.9864071525659153,0.032437517239280046,6,11.7382835967259,0.4335721148408995,3.15693198870995,11.25
sub-1005sg,sg,B18,231,254.61,480.7,259.62,724.62,0.8824870493755818,0.35223543156401654,0.19382646990189598,0.18284306763979735,0.2199283494217014,0.05116668147258874,0.30659347795665437,1.1154318457870402,0.9912520828852739,0.02908753165333735,6,11.690448735849703,0.35056489150089143,4.233680398420232,7.0
sub-1005sg,sg,B19,231,254.61,480.7,259.62,724.62,0.9084154604402749,0.3861785960425292,0.21247306877377678,0.17002444473229358,0.19145651388851073,0.03986737656288968,0.46537973657655796,1.266797459402984,0.9931890203376406,0.028219032034200488,6,11.680602952152576,0.350455467640983,2.8377610540150746,7.0
sub-1005sg,sg,B20,231,254.61,480.7,259.62,724.62,1.030430362137067,0.42395391180396197,0.1998856720577082,0.1548565152686688,0.18242725556471948,0.03887664530494164,0.590412425091443,1.2784389285865516,0.9953429648617083,0.02384754718723627,6,11.719363022985954,0.283301725760348,2.6359092360267637,7.0
sub-1005sg,sg,B21,231,254.61,480.7,259.62,724.62,0.9742424730620516,0.395767454909476,0.190605482281443,0.15975582629181573,0.20879937198054688,0.0450718645367183,0.4960647596604811,1.2124091219017328,0.9928113876544858,0.026512611813272684,6,11.73547208063579,0.2887118375554222,2.6139809193631947,7.0
sub-1005sg,sg,B22,231,254.61,480.7,259.62,724.62,0.906976317000783,0.3433211923552543,0.18206414953226496,0.17238795060451473,0.24013392598070776,0.06209278152725806,0.294321855976221,1.0397856496398612,0.9821696047189684,0.03538651770182828,6,11.482910549544481,0.302749893689912,1.7400815279813489,7.0
sub-1005sg,sg,B23,231,254.61,480.7,259.62,724.62,0.8855127058430927,0.31117935335954217,0.16025737059731401,0.1775728470914978,0.2644522895843397,0.08653813936730638,0.12874143109535965,0.8809328801458879,0.9748858298624022,0.03523914424769817,6,11.645535876009422,0.2940202815168327,2.7419608112683767,11.0
sub-1005sg,sg,B24,231,254.61,480.7,259.62,724.62,0.9142176042607517,0.37617029919635253,0.15534096419996318,0.17116812454455177,0.22835825759959844,0.06896235445953401,0.2159734556284703,0.961267370304544,0.987228643468963,0.02866732053912158,5,11.52488247060244,0.3059503344420978,2.81840506152801,11.0
sub-1005sg,sg,B25,231,254.61,480.7,259.62,724.62,1.045322229785165,0.33838082890380644,0.15356028373787575,0.16303703787323745,0.24117156107248863,0.10385028841259175,0.2700755494916122,0.8595181688654873,0.9683180141295316,0.038016934863952405,6,12.620459591351404,0.2661884342258431,2.7216781918322104,11.0
sub-1005sg,sg,B26,231,254.61,480.7,259.62,724.62,1.1569034668940807,0.3618433312084617,0.1643945057964017,0.16001767518943671,0.22880122121824698,0.0849432665874529,0.4337828641515142,0.9134226164700555,0.9741933292299566,0.037104729797849706,6,12.159324268840813,0.22504296601480445,3.4990526508333346,11.0
sub-1005sg,sg,B27,231,254.61,480.7,259.62,724.62,1.2116961445333398,0.46605097352815095,0.1375410815986918,0.14515622214201038,0.18846819281484326,0.06278352991630348,0.570809500446226,1.0519786669535665,0.983282572047577,0.03375306211897525,6,10.91926363715141,0.2896038232284972,1.0000000000000002,11.0
sub-1005sg,sg,B28,231,254.61,480.7,259.62,724.62,1.1906024314234485,0.46214952208480276,0.13931690804852248,0.14665460906137973,0.18983576641687394,0.062043194388420965,0.5009259817182122,1.0120220268378068,0.9840603848693501,0.034100363140916294,6,11.597046894796767,0.22804475007022595,4.501431974660342,11.0
sub-1005sg,sg,B29,231,254.61,480.7,259.62,724.62,1.1343777965072719,0.42589957782975646,0.1693228565670485,0.1416168144669687,0.20241969255649836,0.06074105857972782,0.4354136649110484,0.9893506941556623,0.990497602595392,0.027059739148323495,6,11.142253841290739,0.24057821906555116,1.0000000000000002,7.0
sub-1005sg,sg,B30,231,254.61,480.7,259.62,724.62,1.0085584606269828,0.36414393848207977,0.18559683953862416,0.16280923656603621,0.22405446671719242,0.06339551869606727,0.290638813921971,0.964884848463226,0.987193169523145,0.029504578159860646,6,10.889711841402342,0.28977412953122933,1.0000000000000002,7.0
sub-1005sg,sg,B31,231,254.61,480.7,259.62,724.62,1.1494394199179656,0.4253352982726887,0.1929235178685999,0.14043396968591212,0.19447372067741878,0.046833493495380546,0.5670784226899097,1.1382085120379348,0.991340692668071,0.028527261887623015,6,12.056459846017317,0.24411868420985416,2.9378446758495507,7.0
sub-1005sg,sg,B32,231,254.61,480.7,259.62,724.62,1.1452174582318408,0.39978507494859256,0.22000348558785376,0.14945971997575572,0.18954842283380116,0.04120329665399687,0.6625472291784119,1.2373942829615374,0.9924039429633157,0.028575631454149653,6,11.684697352322926,0.2763539784453086,2.333820877314407,7.0
sub-1005sg,sg,C1,231,254.61,480.7,259.62,724.62,1.1441187056234994,0.38082134378975996,0.24492530191686937,0.15798013631126728,0.17998649032187086,0.03628672766023227,0.770065245412012,1.3373009285858277,0.9954319691061823,0.02295793455221176,6,11.498609433937505,0.29576406670536876,2.1439747424056774,7.0
sub-1005sg,sg,C2,231,254.61,480.7,259.62,724.62,1.204469835212462,0.38498305283681583,0.24936695154016947,0.15046874975998822,0.17931859800878647,0.03586264785423991,0.7856165600351875,1.3126168173102006,0.9949563140920021,0.02408161821457223,6,11.535431814524621,0.2918060290200571,2.091367224534654,7.0
sub-1005sg,sg,C3,231,254.61,480.7,259.62,724.62,1.3209568338994844,0.37523755980173684,0.2624936122102516,0.1401907810937002,0.17968485991547134,0.04239318697884027,0.7968716926840225,1.200969817872682,0.9926270264038887,0.02779521105297941,6,11.822436155723524,0.24562451175681116,2.2434290407167548,7.0
sub-1005sg,sg,C4,231,254.61,480.7,259.62,724.62,1.322961980140424,0.39332132900571304,0.23849278859878723,0.13685413228991403,0.18537478616729994,0.045956963938285716,0.7545353742390914,1.1478406180202585,0.9938399400585879,0.024831679507279575,6,12.128204845609332,0.23443788183032854,2.5252768745762157,7.0
sub-1005sg,sg,C5,231,254.61,480.7,259.62,724.62,1.2486049623332671,0.47014289669067294,0.1618797306529207,0.13649584213874422,0.17512053285760543,0.056360997660056714,0.5093650528619081,0.987554960065896,0.9907762520841785,0.025444291918189973,5,11.87215931728803,0.2343943544372175,3.5860075482753535,7.0
sub-1005sg,sg,C6,231,254.61,480.7,259.62,724.62,1.2489444799238207,0.47516756583107717,0.1602413070103612,0.135192206511594,0.17382464105925222,0.05557427958771555,0.5159270604953659,0.99512532989624,0.9900907001646456,0.026633815412641464,5,11.922436140067468,0.23692410449951784,3.50846467328767,7.0
sub-1005sg,sg,C7,231,254.61,480.7,259.62,724.62,1.270133298067745,0.5000116372689842,0.14892511975036282,0.13162650392711098,0.16521759813215015,0.0542191409213919,0.5308984536703694,1.0014825851824662,0.9888039465626497,0.028691132216977885,5,11.97633741655047,0.22882437081657891,3.9735640292791228,7.0
sub-1005sg,sg,C8,231,254.61,480.7,259.62,724.62,1.454523731091642,0.5165387435416638,0.13850008815232695,0.13471232967770416,0.15625773379079577,0.0539911048375093,0.7719664999146976,1.0645875485959102,0.9882674030282638,0.029351699473592497,4,11.885442151354232,0.24613451809139425,3.819184480417506,7.0
sub-1005sg,sg,C9,231,254.61,480.7,259.62,724.62,1.3416613527020176,0.47562785689054127,0.165096087613872,0.13404494832272,0.17420501560995078,0.05102609156291574,0.6644068318600691,1.0538505684500241,0.9899373084151403,0.029074537012006848,6,11.87655207048035,0.2578831898697959,2.9154748193911644,7.0
sub-1005sg,sg,C10,231,254.61,480.7,259.62,724.62,1.322320787452011,0.4492155580191253,0.1912961027477045,0.1361044534007988,0.17437667456618408,0.04900721126618724,0.6857260180507292,1.0875242500781546,0.9907529682517467,0.028940903363637225,4,11.946486820246209,0.23982556414663472,3.1519737251313296,7.0
sub-1005sg,sg,C11,231,254.61,480.7,259.62,724.62,1.3201605562995666,0.37343664095969525,0.2876684356914259,0.13911084375322497,0.1644833863926643,0.0353006932029897,0.8424746378639271,1.2791902264384374,0.992964464864683,0.028902907659096047,6,11.725599276460345,0.2726773705791936,2.546515124714775,7.0
sub-1005sg,sg,C12,231,254.61,480.7,259.62,724.62,1.3894137801390583,0.3853602643705989,0.2946692245613804,0.13173154429568698,0.15310119734892733,0.035137769423406344,0.885392313621841,1.2661325126507068,0.9929099617634499,0.03053385857992076,6,11.497689254363829,0.2622008314188112,2.054097447515376,7.0
sub-1005sg,sg,C13,231,254.61,480.7,259.62,724.62,1.3603275588042887,0.3975685226103106,0.2742471247052979,0.13316575232618338,0.1565105574026098,0.03850804295559842,0.8000118917159926,1.203639599832809,0.9940920558613779,0.027386943292386765,6,11.269688354475871,0.287944115188131,1.0000000000000002,7.0
sub-1005sg,sg,C14,231,254.61,480.7,259.62,724.62,1.4264855569327621,0.48712508233394025,0.2115480681233669,0.1246458800676906,0.1396903652161181,0.036990604258884036,0.8646800998556169,1.2157087319114461,0.9941917658949486,0.025785697135322715,6,11.565658391723844,0.254701052826814,2.433761292267951,7.0
sub-1005sg,sg,C15,231,254.61,480.7,259.62,724.62,1.3817523363160715,0.48534374255178286,0.17154166944104016,0.13484060798646186,0.15964412757689747,0.04862985244381784,0.6929200848446191,1.062326206972673,0.9912658814381164,0.026194790391077583,5,12.156500614592145,0.2726780284315511,3.5921290627425377,7.0
sub-1005sg,sg,C16,231,254.61,480.7,259.62,724.62,1.4214450156114256,0.5205637386715175,0.13989663241928804,0.1355540719458586,0.15329719148900559,0.05068836547433006,0.6735049977661455,1.017868866448921,0.9882881438407114,0.02916492824574156,5,12.43951446315666,0.25757974241087467,3.3626940616966357,7.0
sub-1005sg,sg,C17,231,254.61,480.7,259.62,724.62,1.7311245900409726,0.6804056433132343,0.1306468050650918,0.07551274382578377,0.0850171045014332,0.02841770329445684,1.272574295106606,1.4316165589879997,0.9928475770582339,0.03171842580442894,5,12.13539220111536,0.15279609191112004,2.746381817111601,7.0
sub-1005sg,sg,C18,231,254.61,480.7,259.62,724.62,1.4683721621257397,0.5367011986086326,0.1734949439444218,0.11846125456934374,0.13270751023128963,0.03863509264631214,0.8179030077738975,1.1461964053954008,0.9894243514684115,0.03222696480357834,5,11.063395495688459,0.2393144350202665,1.0000000000000002,7.0
sub-1005sg,sg,C19,231,254.61,480.7,259.62,724.62,1.4716744357677172,0.5315079767597091,0.20865564733098607,0.10881297617253567,0.11954770746509755,0.031475692271671796,0.880744146730976,1.2424422087924276,0.9926944804524885,0.02910064572163047,5,11.402808830387052,0.25817282507016764,1.986985140328564,7.0
sub-1005sg,sg,C20,231,254.61,480.7,259.62,724.62,1.3855157220789345,0.39402792320820035,0.29781409866771275,0.13054621155560475,0.14339874231692998,0.034213024251552225,0.8330986482959806,1.2376333295837016,0.9930571667962734,0.030620967424260483,6,11.576921375256147,0.29557836994101905,1.6818682166314334,7.0
sub-1005sg,sg,C21,231,254.61,480.7,259.62,724.62,1.3925784675153916,0.3774620605112111,0.3150769412443842,0.12992038551584745,0.1450865566295186,0.032454056099038564,0.9069810794707743,1.3005518409702985,0.9934274646477428,0.03034137369700708,6,11.289575449827742,0.27692482546273667,1.0000000000000002,7.0
sub-1005sg,sg,C22,231,254.61,480.7,259.62,724.62,1.3752310247285706,0.3670693475820582,0.3128085346438613,0.13540783532499095,0.15247936057560668,0.0322349218734829,0.9066549158977314,1.3109457722173188,0.9934620780215152,0.02947569520419137,6,11.423354129124403,0.3072814689886091,1.4577155428010842,7.0
sub-1005sg,sg,C23,231,254.61,480.7,259.62,724.62,1.2562253566878285,0.3851201457010563,0.25985033322806944,0.14562114502936246,0.17208261423016052,0.03732576181135135,0.7682021919700706,1.2553383836799288,0.9935820148351222,0.026883390831580502,6,11.394508715712583,0.2754337962841875,2.253290345943981,7.0
sub-1005sg,sg,C24,231,254.61,480.7,259.62,724.62,1.2987601903965789,0.3759232389542032,0.274723634321492,0.1446745136316192,0.1701609757144104,0.03451763737827517,0.8833181029164329,1.3221885734178416,0.9939385112605462,0.02718192815950123,6,11.592730055902665,0.276078942441546,2.1464698126149737,7.0
sub-1005sg,sg,C25,231,254.61,480.7,259.62,724.62,1.3484292381353271,0.38056710234023516,0.2882706235612717,0.13636870603427,0.1586119091847137,0.03618165887950956,0.8270119808519494,1.2472809633936794,0.9933336886369412,0.028843092804031214,6,11.546927580841698,0.27437853464965145,2.2102961816344813,7.0
sub-1005sg,sg,C26,231,254.61,480.7,259.62,724.62,1.285494757093315,0.38743262712150345,0.27035514284471696,0.1421162842584118,0.16132272868610736,0.038773217089260535,0.7174227507473588,1.1984999693669443,0.9932512387023866,0.028734689368364503,6,11.541073209999379,0.29962628128873514,2.3708361194416585,7.0
sub-1005sg,sg,C27,231,254.61,480.7,259.62,724.62,1.3200854778174758,0.4309172284496837,0.21117647991050456,0.14427002373555647,0.16773891428771975,0.045897353616535484,0.7150833518576329,1.1300486884092023,0.9928224104304774,0.02620176519688561,6,11.560241359640035,0.2729090624007837,2.8383292808086593,7.0
sub-1005sg,sg,C28,231,254.61,480.7,259.62,724.62,1.3913351379055818,0.46696425197587366,0.1616767929146765,0.13791106215683835,0.17975440231421383,0.05369349063839763,0.7464228229065935,1.0641996749376095,0.9904172765655656,0.0274518535632527,6,11.567502768865385,0.2067451450779792,4.316734270826813,7.0
sub-1005sg,sg,C29,231,254.61,480.7,259.62,724.62,1.5281667697711376,0.5276370930594426,0.13931838321109463,0.1251490838518639,0.15674743849678907,0.05114800138080958,0.8276610544080961,1.0401911016159853,0.9887842081932818,0.030224440044365898,5,11.27353710568757,0.2031312626637746,2.817720592708634,7.0
sub-1005sg,sg,C30,231,254.61,480.7,259.62,724.62,1.562319112783436,0.5710282984087561,0.1420788150139435,0.11190738813878111,0.13196618061618098,0.043019317822338164,0.9579753027266108,1.1764783898019968,0.9916770735244667,0.0294784454414018,5,11.714667419080635,0.17199901089389627,3.6037048651601595,7.0
sub-1005sg,sg,C31,231,254.61,480.7,259.62,724.62,1.3409023368771995,0.5019700867113859,0.16306056108221495,0.13211103768976282,0.15589212852541712,0.04696618599121932,0.7146524710496065,1.1097320405172646,0.9900012706474942,0.029257352951850807,3,11.89097080534913,0.2350197444966967,3.992950362684293,7.0
sub-1005sg,sg,C32,231,254.61,480.7,259.62,724.62,1.3110824229103726,0.455698528446159,0.20716286846710985,0.13308133064868194,0.16234342694727413,0.041713845490774885,0.7339941909996767,1.1619618897245396,0.9920924993353378,0.030336586310219304,4,12.193490453388334,0.24402109419304396,3.9338330912551553,7.0
sub-1005sg,sg,D1,231,254.61,480.7,259.62,724.62,1.0591445661633492,0.37418645261157796,0.24258742407360895,0.16754137625104984,0.17760836117581325,0.03807638588794992,0.6362205793938063,1.2890897881665626,0.9953024640920358,0.022736991425068978,6,11.495742700924167,0.3340344869767093,2.2696180001837902,7.0
sub-1005sg,sg,D2,231,254.61,480.7,259.62,724.62,1.2732356782778125,0.47348208299427236,0.20241740285081775,0.13218033290747147,0.15589570135797998,0.03602447988945858,0.9019449699858537,1.3472874902254475,0.9955083211853581,0.023572867853223285,6,11.43912529825917,0.204931720457737,2.2781177410814832,7.0
sub-1005sg,sg,D3,231,254.61,480.7,259.62,724.62,1.3165379946566387,0.42922281584166144,0.24073871300179636,0.1233529918277473,0.16393679889429413,0.0427486804345008,0.7474811339269932,1.1742211077259237,0.9900888863430933,0.032193408331379826,6,8.251100750687707,0.19912961828530193,1.0000000000000002,7.0
sub-1005sg,sg,D4,231,254.61,480.7,259.62,724.62,1.299042099790274,0.3518538219193264,0.2865518188938926,0.13069562751647207,0.18163188519087903,0.04926684647942991,0.6591884326919165,1.0904873735776766,0.9901600393436708,0.032293059541989924,5,12.39265788224672,0.19657984095796643,4.171688040102134,7.0
sub-1005sg,sg,D5,231,254.61,480.7,259.62,724.62,1.2088486882662066,0.3664598200659985,0.25312133363284306,0.14640547438003584,0.18193562683969622,0.0520777450814263,0.5787753183510767,1.074814244161591,0.9894588076764139,0.03344792621528251,5,12.394136213425726,0.22308700454634017,5.009582109136197,7.0
sub-1005sg,sg,D6,231,254.61,480.7,259.62,724.62,1.275498863956824,0.47987597473249816,0.1829003074011374,0.1383186328191179,0.15013474532082413,0.04877033972642229,0.7097599495900501,1.1657016561180966,0.9936173755772372,0.024379791150848637,5,11.839698007983037,0.23964409160434075,3.637197099869345,7.0
sub-1005sg,sg,D7,231,254.61,480.7,259.62,724.62,1.4879586445973816,0.6150212072590419,0.12061276687702782,0.10733052040061461,0.11181406011126352,0.045221445352052005,0.7735233787009074,1.1416454640329805,0.9856916920996246,0.03771857425654784,5,12.163811695752349,0.21117240113902758,2.852176576220702,8.5
sub-1005sg,sg,D8,231,254.61,480.7,259.62,724.62,1.4164522984753283,0.5522039372063348,0.1285855004164012,0.1329785175171722,0.1311073676996455,0.055124677160446105,0.7830936300476717,1.1407535366283508,0.9724271828307886,0.04505898862436363,5,8.69985383072919,0.35338010508997925,1.0048026420625706,8.75
sub-1005sg,sg,D9,231,254.61,480.7,259.62,724.62,1.1320578043236411,0.326180631478732,0.1551718650525117,0.18279453353417735,0.22166701556986873,0.11418595436471032,0.34990456449968893,0.8536041843833961,0.9580797765059098,0.0435061685787362,5,11.534367284629031,0.2958157818986043,2.402927063159873,8.75
sub-1005sg,sg,D10,231,254.61,480.7,259.62,724.62,0.9652281030994808,0.32003615297612326,0.18732348301735396,0.19210397868344384,0.22052496432911045,0.08001142099396856,0.26192433177349395,0.9350607645086784,0.9841918643617432,0.03080272675195699,5,11.224347968301954,0.3405772437307898,1.9050900752180477,7.0
sub-1005sg,sg,D11,231,254.61,480.7,259.62,724.62,1.0237376962591296,0.24809761691001128,0.19469679166498546,0.16122309701449494,0.24683507368212754,0.14914742072838075,0.1125297684717493,0.7232644515425862,0.9553414483164371,0.03991755087788968,6,11.360389403096757,0.20770673822699398,3.601898802897874,7.0
sub-1005sg,sg,D12,231,254.61,480.7,259.62,724.62,1.2411469758689344,0.5521670514113997,0.14933830818362828,0.09903917760290937,0.14071862793747875,0.05873683486458427,0.49598407413143386,1.033960067108458,0.9820918575874212,0.035038289876095675,6,10.79534281017919,0.1495196365999094,1.0000000000000002,7.0
sub-1005sg,sg,D13,231,254.61,480.7,259.62,724.62,1.1499939672393749,0.4649261964158119,0.18990153508490876,0.13184219730008592,0.16741159217658996,0.045918479022603376,0.6547514097955945,1.2105905632401817,0.9905739219457356,0.030294833074728317,6,11.581370369247459,0.1768974084738733,3.038740652645572,7.0
sub-1005sg,sg,D14,231,254.61,480.7,259.62,724.62,0.9414271568185637,0.39076248079649206,0.20893316144246682,0.16711740155401422,0.1875583211399144,0.045628635067112684,0.47637280099537554,1.2155158533421107,0.9924233250469552,0.028623178868540405,6,11.435163127757935,0.26625985321182,3.11793358683917,7.0
sub-1005sg,sg,D15,231,254.61,480.7,259.62,724.62,0.9666278126503935,0.40235245411981047,0.22324815627332373,0.16192156416057202,0.1741609059456509,0.03831691950064272,0.561896798807717,1.3003618131876664,0.9953239393707639,0.02187928336558855,6,11.530504594687974,0.29639251034006575,2.1954119854476817,7.0
sub-1005sg,sg,D16,231,254.61,480.7,259.62,724.62,0.8999167549152073,0.4154077921181543,0.21331991610703693,0.1595012578483294,0.17635115963034526,0.03541987429613393,0.48616772159706273,1.3163978573160047,0.995505536360858,0.024208061543855516,6,11.643944492904208,0.2939247859457099,5.363510644389625,7.0
sub-1005sg,sg,D17,231,254.61,480.7,259.62,724.62,1.0319891780214752,0.4136867717921273,0.20065470647152087,0.15467868135048343,0.1911300744960012,0.03984976588986721,0.5844855082046296,1.2609565686302202,0.9933060963589165,0.02862390411387623,6,12.208263952768002,0.2640444323634086,5.624781844375888,7.0
sub-1005sg,sg,D18,231,254.61,480.7,259.62,724.62,0.9741893785467016,0.3873442517256788,0.19652735342121358,0.16056969161429577,0.20316633587646135,0.052392367362350464,0.45432826687738537,1.1468996790455095,0.9900763006430158,0.02929772016429696,6,11.206973978806031,0.23742194310618592,2.593262914052716,7.0
sub-1005sg,sg,D19,231,254.61,480.7,259.62,724.62,0.9742476461641547,0.3668839525330856,0.1774115268623848,0.16173738030324328,0.224432853904286,0.06953428639700028,0.35623984299028866,1.0233777137208049,0.9806983944491122,0.03648606800635937,5,11.22024954582865,0.24979451468612068,1.993210356985361,7.0
sub-1005sg,sg,D20,231,254.61,480.7,259.62,724.62,0.9028542688530458,0.27589137152581955,0.16731669929573473,0.17444337552020153,0.27612668159699544,0.10622187206124879,0.11156312661726094,0.812751719881497,0.9654877370673242,0.0378199492067806,5,11.605686238217219,0.25861775113854735,3.0630630504648493,11.0
sub-1005sg,sg,D21,231,254.61,480.7,259.62,724.62,0.9042163568298714,0.3527437516161474,0.17767651767735926,0.1947068184023523,0.2152920478574527,0.0595808644466885,0.32328217113884894,1.063513065615444,0.9913851493114445,0.02568196673335616,5,11.53273186520821,0.40644311538573724,2.2463038804262263,11.25
sub-1005sg,sg,D22,231,254.61,480.7,259.62,724.62,1.101722391384996,0.305207927166214,0.14916179199513654,0.18751362292181986,0.24918962991571103,0.10892702800111864,0.2770879852031764,0.7973479554825486,0.9397124751623908,0.049978269191453324,5,11.661549734865966,0.3489596556028525,2.229590389097982,11.25
sub-1005sg,sg,D23,231,254.61,480.7,259.62,724.62,1.2401873268274861,0.3000002566574688,0.1465661750663073,0.1855930138734572,0.25629870409698857,0.11154185030577819,0.38199824013450345,0.7605707643762563,0.9444410366272273,0.045727511704005776,5,11.676735095489024,0.3117961274510195,2.0867996581876023,8.75
sub-1005sg,sg,D24,231,254.61,480.7,259.62,724.62,1.2228921914400417,0.3648073225254763,0.18367809394012452,0.19770909145194182,0.20392041621929924,0.04988507586315822,0.6457232968150431,1.1188512320872004,0.9921993945461083,0.02887638155265981,6,11.93767234812026,0.4550157047614503,2.358578232052742,11.25
sub-1005sg,sg,D25,231,254.61,480.7,259.62,724.62,1.0482741631912784,0.34676706011159875,0.1789241895882582,0.20848208533761195,0.21942816710847585,0.04639849785405519,0.47388602324238704,1.1321984156750584,0.9908748014018216,0.029863718973825556,6,11.166386958639697,0.5170432996609442,1.4924188350062055,11.25
sub-1005sg,sg,D26,231,254.61,480.7,259.62,724.62,1.0272921486443927,0.35319163952313654,0.16097297239027905,0.17973491449593165,0.24055662982994738,0.06554384376070549,0.335967677853822,0.9647470101921228,0.9725621962587209,0.03803014568690376,5,12.260634894393162,0.37991146013516547,1.2224217076148163,11.25
sub-1005sg,sg,D27,231,254.61,480.7,259.62,724.62,0.9043149267016823,0.31375691119389104,0.18283193544065443,0.1905572830702062,0.2516366550016543,0.06121721529359421,0.2183584321107976,0.980504034910306,0.9828203824076531,0.03413556422922521,6,11.754369603754528,0.41407122152854287,2.0332710851146696,11.0
sub-1005sg,sg,D28,231,254.61,480.7,259.62,724.62,0.8892310761102524,0.3428765738562593,0.1942544469883721,0.17748796655252325,0.2338266555344051,0.05155435706844021,0.3146169020220646,1.1040058469850857,0.9879828411379047,0.03363325557233354,6,12.758135747379033,0.3419373198715191,1.0000000000000002,7.0
sub-1005sg,sg,D29,231,254.61,480.7,259.62,724.62,1.0950401925189077,0.3387138707591035,0.164882940087139,0.2230015824869938,0.2361806079629428,0.03722099870382094,0.47723117196955395,1.1639517742061427,0.9918111813051058,0.030928288778074794,6,11.649930518767773,0.6435320337892392,2.5483322329724105,11.25
sub-1005sg,sg,D30,231,254.61,480.7,259.62,724.62,1.2162678122137767,0.34748964667558707,0.16400672142955583,0.22780318034737979,0.22346977611070185,0.03723067543677517,0.6059381868780149,1.1748682969736772,0.9933835071071954,0.02973360411341644,6,11.598775743661957,0.6406746324022508,2.472174136760997,11.25
sub-1005sg,sg,D31,231,254.61,480.7,259.62,724.62,1.337648696304254,0.37235049557855,0.16623490085157977,0.2088440682432689,0.2103011244556991,0.04226941087090214,0.7160379351884391,1.1382218260770982,0.9939284121199277,0.026584375902255715,6,11.630929613900578,0.5769259058620516,2.4511251945374077,11.25
sub-1005sg,sg,D32,231,254.61,480.7,259.62,724.62,1.4164817661490192,0.40962131419495595,0.16770425523082122,0.179286590897021,0.19361916650872205,0.04976867316847966,0.7699637012653995,1.0879882866040405,0.988891488381941,0.03281510280865639,5,11.407059684114147,0.457975692358546,1.9187759350802203,11.25
sub-1005sg,sg,ROI_posterior,231,254.61,480.7,259.62,724.62,1.442861642725392,0.34135909452348906,0.14633863652706153,0.20255334204563993,0.23286605701468974,0.0768828698891196,0.5348094661240309,0.7937531032287408,0.9869714206992353,0.02821435969725838,5,11.616097514805471,0.4218822013152835,3.0126143834677537,11.0
sub-1005sg,sg,ROI_central,231,254.61,480.7,259.62,724.62,0.9683546441992206,0.39165495472180883,0.2069704537924095,0.16193603242849763,0.19299038864157278,0.04644817041571119,0.4758570026576934,1.1908065910275882,0.9960094130597287,0.0195233054843063,6,11.497606955954263,0.2813057410491471,2.3298784560201016,7.0
sub-1005sg,sg,ROI_frontal,231,254.61,480.7,259.62,724.62,1.359358024837953,0.40736762784692543,0.2686987626011228,0.12996680979347036,0.15635047366633686,0.037616326092144395,0.8176437756473348,1.2204434353652711,0.9953636093046473,0.023042340241569814,6,11.441784742874024,0.2470497357592831,1.923435986173914,7.0
sub-1005sg,sg,ROI_global,231,254.61,480.7,259.62,724.62,1.3072471864629558,0.3902475620330175,0.17281844252882367,0.15855212982850225,0.20652988221015958,0.07185198339949697,0.5087378030816295,0.8828013083040471,0.9911698170071287,0.02421146181358346,4,12.24189475825747,0.2709504376398575,3.831286102267043,7.0
sub-1108sg2,sg2,A1,231,252.61,496.3,257.61,722.61,1.6536026580905174,0.26259328016550243,0.32773175666469945,0.3249532674706002,0.07688789809522623,0.007833797603971855,1.530416445452309,1.913906874629322,0.9910562118004687,0.051052237437330616,5,8.019447085738955,1.0995136060486463,1.2739334347008582,8.0
sub-1108sg2,sg2,A2,231,252.61,496.3,257.61,722.61,1.6577983947110613,0.25681164247368343,0.3284603878503773,0.3312920219432921,0.07558600915539414,0.007849938577253066,1.5194206473489147,1.9033098305025902,0.9910409208930321,0.05107976086597264,5,8.022778381092897,1.1304092559850247,1.252614760901486,8.0
sub-1108sg2,sg2,A3,231,252.61,496.3,257.61,722.61,1.6596236473665835,0.2500929813835601,0.3300112738028507,0.33794034910841675,0.07446816231185402,0.007487233393318428,1.514397024495532,1.9114258890066593,0.9912541387273268,0.05088628851286551,6,8.030442511407182,1.1614443448373126,1.2892346695978485,8.0
sub-1108sg2,sg2,A4,231,252.61,496.3,257.61,722.61,1.9180155484225032,0.17422586870417067,0.2825241492051947,0.481533021235613,0.05761569269313733,0.004101268161884338,1.6231093037659392,1.9798683052154116,0.9906743313157549,0.0636016819998517,5,8.116336639577273,1.4819859509249371,1.4237862271558595,8.0
sub-1108sg2,sg2,A5,231,252.61,496.3,257.61,722.61,2.0209363342947784,0.1624128136843841,0.2572607242993468,0.5171074325042803,0.0592398072809551,0.0039792222310336255,1.7271335140953072,1.9921491422484012,0.9903456992555847,0.06251540973179856,6,8.51411433888513,1.4293491287652966,3.156349289179828,8.0
sub-1108sg2,sg2,A6,231,252.61,496.3,257.61,722.61,1.9453222806976969,0.1708300410490289,0.2719804531449978,0.47830306659861743,0.07343555466437249,0.005450884542983198,1.6744638933558058,1.9214175149482977,0.9898868614294413,0.058159841536021537,6,8.573505182784848,1.3229834908756322,3.2763038538244076,8.25
sub-1108sg2,sg2,A7,231,252.61,496.3,257.61,722.61,1.966364209942351,0.20049953309919608,0.2781417383820457,0.44052269810248346,0.07544587268250462,0.005390157733770116,1.7743433332333454,1.9743864140146314,0.989791719252013,0.05943948041006603,6,8.404304422420225,1.280053765638182,2.489320572292349,8.25
sub-1108sg2,sg2,A8,231,252.61,496.3,257.61,722.61,2.0092989447632803,0.20988983551391943,0.2602341547259158,0.4500374089396812,0.07415558796653425,0.005683012853949317,1.820172269571648,1.9630669232377564,0.9910982385575713,0.05627937706429016,6,10.561887968202301,1.2782829386004189,1.8666525540664305,8.0
sub-1108sg2,sg2,A9,231,252.61,496.3,257.61,722.61,1.9960461528426705,0.21786259841687367,0.25183360213593525,0.44869079020502545,0.07469297453974204,0.006920034702423578,1.816542124391276,1.9149230390174101,0.9920607520574679,0.04912844380211256,5,10.40496481639626,1.2835404503260914,2.2037767517590785,10.5
sub-1108sg2,sg2,A10,231,252.61,496.3,257.61,722.61,1.9936391872912536,0.22518523817849026,0.25534375358096423,0.43701982659336414,0.07509346031455555,0.00735772133262591,1.8184977961646727,1.9014584863099118,0.992735907050672,0.047018735244853,6,10.34762163196627,1.2490123225272773,2.3024030947545575,10.5
sub-1108sg2,sg2,A11,231,252.61,496.3,257.61,722.61,1.9809653620664713,0.22682396997596427,0.2591289958824657,0.43061890849059065,0.07580175633294549,0.007626369318033866,1.8324301501570734,1.9060485355635184,0.9916203685456778,0.04923641330647116,5,10.310238842903575,1.2151431385625313,2.4034306902257705,8.0
sub-1108sg2,sg2,A12,231,252.61,496.3,257.61,722.61,1.9811216135250616,0.22717300105694155,0.25952544814634954,0.4299871310734398,0.07558117115787752,0.0077332485653914375,1.8159528889610965,1.8933324515519727,0.9922519178369289,0.04766907410541143,6,10.322610828432905,1.2177444749742152,2.340425277737807,8.0
sub-1108sg2,sg2,A13,231,252.61,496.3,257.61,722.61,1.986289051585808,0.2736345034010053,0.2941554535908601,0.34311939183269063,0.0778702191555606,0.011220432019883517,1.8201439270797417,1.794470746014239,0.9914395842201714,0.04536451988959252,5,7.96268024812404,0.9699378404946037,1.0000000000000002,8.0
sub-1108sg2,sg2,A14,231,252.61,496.3,257.61,722.61,2.030000558615236,0.2356762676168874,0.2609806901906362,0.42119293380243406,0.07341645140250294,0.008733656987539399,1.8477429296490717,1.8480612195369361,0.9905691978657736,0.04902910966628772,4,10.074944967296464,1.1414618870264148,2.6763996999828703,8.0
sub-1108sg2,sg2,A15,231,252.61,496.3,257.61,722.61,2.0978961508245977,0.19779734569352447,0.2294787223990191,0.5001280868427092,0.06695930521076345,0.005636539853983874,1.9196265964433745,1.9688823479612847,0.9899162047446631,0.059212203763259245,5,10.390167928967509,1.3325427745414629,2.4582729377665267,8.0
sub-1108sg2,sg2,A16,231,252.61,496.3,257.61,722.61,2.097833539138408,0.19782214706384266,0.2293682383581948,0.5004297533326707,0.06679270290550894,0.005587158339782885,1.9217359551036512,1.9729576536922953,0.9897640675127934,0.060068061241386986,5,10.391240415066486,1.3337564021750534,2.461204788459298,8.0
sub-1108sg2,sg2,A17,231,252.61,496.3,257.61,722.61,2.133695650624285,0.19040602715355126,0.21022810303073963,0.5384447969222224,0.056594590914635555,0.004326481978851205,1.956422999085693,2.0404908668300155,0.9862465197316012,0.07446998321646885,3,10.937010728505983,1.3913946230984522,1.913072236978643,10.5
sub-1108sg2,sg2,A18,231,252.61,496.3,257.61,722.61,2.090933913029262,0.17727542544633304,0.2312669919999023,0.5296467900806459,0.057701021685117766,0.0041097707880010294,1.825103083906616,2.0044242806340056,0.99033795843602,0.06310483202083533,5,10.59806225880039,1.4187929241425743,2.0277079559469366,8.0
sub-1108sg2,sg2,A19,231,252.61,496.3,257.61,722.61,2.025539014079672,0.1843204752730062,0.23919289482559639,0.5213076341803121,0.05126822392652174,0.003910771794563461,1.7698293822545486,2.021341261562354,0.9884659533956965,0.06853377946264627,4,10.8393596702729,1.4500794185658117,1.6895222051616496,8.0
sub-1108sg2,sg2,A20,231,252.61,496.3,257.61,722.61,2.1245251061949864,0.19193962780476073,0.2008739318793909,0.5541987602346814,0.04896269664219344,0.004024983438973565,1.9078679834746466,2.0400624657378414,0.9877267621646997,0.06737784171300314,3,10.853713973584954,1.5222035286491122,2.030121445759962,10.75
sub-1108sg2,sg2,A21,231,252.61,496.3,257.61,722.61,2.1566205238952603,0.19634242384379733,0.19476407582842992,0.5534084779992422,0.0514250346547391,0.004059987673791734,1.976060525566038,2.061841443759189,0.9871229716345252,0.07107630687565443,3,10.96112404279054,1.4568646797630675,2.058074655223221,10.75
sub-1108sg2,sg2,A22,231,252.61,496.3,257.61,722.61,2.1569785726031454,0.20621548618588817,0.21316972226770622,0.516609038050689,0.059243116777184024,0.004762636718532646,2.0057492175194738,2.0366430859597138,0.9894495234219635,0.06303755020466001,5,10.471014033167389,1.3930555224686072,2.4712083308826363,8.0
sub-1108sg2,sg2,A23,231,252.61,496.3,257.61,722.61,2.1252689530203424,0.20210905071579408,0.24001787407697192,0.48627001413598053,0.0661699998979764,0.005433061173277019,1.9845192967789693,2.004383485248638,0.9868102105664599,0.06660804473201586,3,9.591118314722795,1.2828277851514396,4.117748650212028,8.0
sub-1108sg2,sg2,A24,231,252.61,496.3,257.61,722.61,2.05180037070561,0.21512057939965457,0.27940286323029845,0.42743187176212943,0.07128542508367114,0.006759260524246406,1.9180464108576163,1.9462821881459453,0.9888282726908492,0.05882868166063708,4,9.79732097776785,1.177652702969012,2.724322931617408,8.0
sub-1108sg2,sg2,A25,231,252.61,496.3,257.61,722.61,2.0176528683645367,0.2664144324259469,0.29566146507731905,0.3551964105854629,0.0736843894072327,0.009043302504038443,1.898374044365756,1.8786122518943,0.9910506045421603,0.04624084081191917,5,9.442461423819287,1.0556613436533544,1.196254246483166,8.0
sub-1108sg2,sg2,A26,231,252.61,496.3,257.61,722.61,2.0711967866952983,0.21622503665326603,0.26515370641074376,0.44405460905767874,0.06629446874484897,0.008272179133462544,1.890237312008612,1.867737888989558,0.9896773156725321,0.05553036219158741,4,9.70905042872321,1.228278217420196,2.450274396247214,9.5
sub-1108sg2,sg2,A27,231,252.61,496.3,257.61,722.61,2.070805266931667,0.21612826776214117,0.2649020025411989,0.44449165802612206,0.06632625783072416,0.008151813839813789,1.8926372754231122,1.873126591086858,0.9896362843372988,0.055719857748023155,4,9.708671911275365,1.2323457852585478,2.4488205110582593,9.5
sub-1108sg2,sg2,A28,231,252.61,496.3,257.61,722.61,2.269436425478959,0.18256641046757313,0.19525782590629875,0.5613532596608453,0.05583659100178706,0.004985912963495713,2.089560437435397,2.006248806255997,0.9879219803330584,0.06909578034369109,2,9.552677353181775,1.4288950339212596,3.652145594568292,9.5
sub-1108sg2,sg2,A29,231,252.61,496.3,257.61,722.61,2.237320017157457,0.19813985509477086,0.1767127939640958,0.5696333967230516,0.051248666951009894,0.004265287267071978,2.003374247168552,2.0171200858394256,0.9914985044218374,0.058493601231934575,3,10.774949779995033,1.494342141561416,1.291060857121294,10.25
sub-1108sg2,sg2,A30,231,252.61,496.3,257.61,722.61,2.2365525483042523,0.19853892916289945,0.17643402303978678,0.5694284384569561,0.051389543936841676,0.004209065403516125,2.006810835953492,2.0226961283652027,0.9914083200734753,0.05941693456830946,3,10.783570482345059,1.4962894895093184,1.3000670673607746,10.25
sub-1108sg2,sg2,A31,231,252.61,496.3,257.61,722.61,2.1089137794360497,0.2174026180959758,0.20345337198923633,0.5171690380158391,0.05747971453165445,0.0044952573672942,1.8549328649482746,1.9850132113459262,0.9895149313235764,0.06465512531841493,3,10.923689486456762,1.3165543380600178,1.912602730075684,8.0
sub-1108sg2,sg2,A32,231,252.61,496.3,257.61,722.61,2.017808136331102,0.20284831353237284,0.23938761895829183,0.49217080573432803,0.06105955392896045,0.004533707846046647,1.7312968082191305,1.964987900042135,0.990475781653941,0.06010223089665194,4,10.849217858082753,1.3241007713262674,1.4887322033516397,8.0
sub-1108sg2,sg2,B1,231,252.61,496.3,257.61,722.61,1.7090826950167612,0.2425087772062685,0.31599498741684395,0.3480824102940955,0.08418827285508776,0.0092255522277045,1.5268117818351619,1.834426095899389,0.9891896741496401,0.05563027969130885,6,8.081999645317168,1.0799348296973952,1.370105017237405,8.0
sub-1108sg2,sg2,B2,231,252.61,496.3,257.61,722.61,1.8046549129786729,0.18995643883830796,0.30061346135755723,0.42095449021607784,0.08110444462993649,0.007371164958120451,1.502000835400583,1.8145596891054554,0.9891809672969422,0.060669237032576616,5,8.151789604692294,1.3183516823177788,1.4999458418076492,8.0
sub-1108sg2,sg2,B3,231,252.61,496.3,257.61,722.61,1.9160473212519962,0.24393540867343458,0.25497151166366444,0.40995109872470925,0.08396952294685521,0.007172457991336489,1.6187565775918185,1.826180562652601,0.9902001088902456,0.05628009527971951,4,8.174175268890913,1.2154532476679174,1.5932942601085551,8.25
sub-1108sg2,sg2,B4,231,252.61,496.3,257.61,722.61,1.916550723576254,0.2443408906958144,0.2548367452040871,0.4101640574832026,0.0834909696806591,0.007167336936236667,1.620047125889079,1.8278814739290532,0.9903943734686029,0.0552526977557168,4,8.173268473499922,1.2155568691434198,1.5926519042118354,8.25
sub-1108sg2,sg2,B5,231,252.61,496.3,257.61,722.61,2.0967002877353127,0.21276784567879742,0.2121320140282474,0.5037832399555743,0.06579625246517405,0.0055206478722068094,1.8171983256487834,1.9167646053020226,0.9924450557560597,0.05230483492476609,5,10.285104736881975,1.3924228508258838,2.2725816724782817,10.25
sub-1108sg2,sg2,B6,231,252.61,496.3,257.61,722.61,2.1970616689636078,0.20282655459015536,0.20979074533241635,0.5198657650644982,0.062028597515222494,0.0054883374977074875,1.9561697590621163,1.9441652755370937,0.9925742489499415,0.05447990721980391,4,9.890126299388628,1.4354216842731802,2.9507538165444784,9.5
sub-1108sg2,sg2,B7,231,252.61,496.3,257.61,722.61,2.159135643397522,0.21708697583908726,0.23798474705742526,0.47524562374919094,0.0636971176431099,0.005985535711186763,1.9881969240140949,1.9646112856415583,0.9926568491948128,0.052761796497108424,3,9.696381377319382,1.3509384631212538,2.8887707445796265,9.5
sub-1108sg2,sg2,B8,231,252.61,496.3,257.61,722.61,2.159184368936265,0.21773822021977912,0.2380758732316256,0.47442919404761535,0.06376984243464914,0.0059868700663308185,1.9922090200624234,1.9671541689459053,0.9925551901478243,0.05349004587040471,3,9.69967627003524,1.348869554246727,2.8776931644013852,9.5
sub-1108sg2,sg2,B9,231,252.61,496.3,257.61,722.61,1.9883212499244547,0.2715978565389902,0.3048160286162439,0.34064666421049905,0.07386818441051882,0.0090712662237481,1.8764114300920856,1.8880290738384624,0.9919959123868424,0.04478845658400432,4,9.671543090780276,1.0336461475909826,2.2598042380096635,8.0
sub-1108sg2,sg2,B10,231,252.61,496.3,257.61,722.61,1.9454599990481414,0.2403221904153878,0.3386002070477056,0.3185434467609238,0.0909562004281838,0.011577955347799148,1.6800270928494523,1.7267606590143256,0.9945431198035836,0.03557002711202306,6,9.662565589656923,0.9493032967313012,2.311317163253781,8.0
sub-1108sg2,sg2,B11,231,252.61,496.3,257.61,722.61,1.949475313750967,0.21921894909960912,0.31937128035703233,0.3691901666744028,0.08409880940539716,0.008120794463558794,1.7110635416443307,1.8378986670975843,0.9931444629347803,0.04462194075891901,5,9.757860083646746,1.0995026404529527,2.475852289941295,8.0
sub-1108sg2,sg2,B12,231,252.61,496.3,257.61,722.61,1.9489875228327407,0.21880644032581406,0.31885231040376194,0.3704442658568547,0.08379073840057864,0.008106245012990631,1.7096902907394382,1.8377010816462709,0.9933337104678635,0.04364975953597824,5,9.756734328783654,1.1020630009723165,2.479191026701204,8.0
sub-1108sg2,sg2,B13,231,252.61,496.3,257.61,722.61,1.8901006558482722,0.2299380246804425,0.28935706487278456,0.3816041140044438,0.08892055802398942,0.010180238418339664,1.526848612859064,1.6945237739562446,0.9900613315508712,0.052700761878531656,5,8.053944091600759,1.1204444155838849,1.274132379114974,8.0
sub-1108sg2,sg2,B14,231,252.61,496.3,257.61,722.61,1.7721117823922765,0.22090545638264814,0.3812811659883741,0.2960551790048722,0.09100015039124525,0.010758048232860253,1.4683127578899045,1.718995740406292,0.9908673884190629,0.047912439839399974,5,7.884329681146057,1.2318960012122564,1.0000000000000044,7.75
sub-1108sg2,sg2,B15,231,252.61,496.3,257.61,722.61,1.773387971488182,0.22099804728546116,0.38138273371241915,0.29575802331759615,0.09099543957793915,0.010865756106584258,1.4609468866092,1.7109870043746696,0.9917305300887629,0.04622406762529461,6,7.887632628163252,1.237446732891417,1.0000000000000002,7.75
sub-1108sg2,sg2,B16,231,252.61,496.3,257.61,722.61,1.7723404200826363,0.2211726814668438,0.3809668250951057,0.2954102837282295,0.09151875181963837,0.010931457890182766,1.468329245925824,1.713170574140653,0.9914363621837234,0.04655023205512969,6,7.886470394290435,1.2308249452592055,1.0000000000000002,7.75
sub-1108sg2,sg2,B17,231,252.61,496.3,257.61,722.61,1.750928292269418,0.23408444736748965,0.3117481651185929,0.3208668681434119,0.1131325697821202,0.020167949588385425,1.3190566893812978,1.4879750166977552,0.9820209590806366,0.0601146693378266,5,8.304139439272797,0.8718568639159635,3.5392291932626674,8.0
sub-1108sg2,sg2,B18,231,252.61,496.3,257.61,722.61,1.7667687251609137,0.21518637787181863,0.2919687291578447,0.37062403725692705,0.10829266844573522,0.013928187267674402,1.3336204282986017,1.563146618794008,0.9899682634203135,0.04861266296625833,5,8.304228684758574,1.0693299109406253,2.1556352554745146,8.25
sub-1108sg2,sg2,B19,231,252.61,496.3,257.61,722.61,1.813953482298534,0.19631227924919112,0.28747505352030484,0.41330756066293345,0.09353116384479479,0.009373942722775945,1.4281427850140394,1.6989471818869128,0.9907257352261624,0.051837464638557165,5,8.252191987583766,1.236924023808544,1.8849586522312007,8.0
sub-1108sg2,sg2,B20,231,252.61,496.3,257.61,722.61,1.7584915474844525,0.23912301102177658,0.2815559637136947,0.3690598752950194,0.09823928234093918,0.012021867628570182,1.4897473792798483,1.7132106590263987,0.9858807222688326,0.06026102142534686,6,10.862793786994988,1.0427458198889745,1.4394509005412084,8.0
sub-1108sg2,sg2,B21,231,252.61,496.3,257.61,722.61,1.77716832812475,0.19973971951899167,0.26290984555832486,0.4173737732754803,0.10581891624402298,0.014157745403180403,1.398155827160558,1.5921454961930708,0.9854136925285636,0.057778679488956666,6,10.906821443304652,1.121727079334061,1.4471927367111042,8.0
sub-1108sg2,sg2,B22,231,252.61,496.3,257.61,722.61,1.676366873095724,0.1994031922706024,0.270969300672872,0.3849499852309488,0.11946955262578073,0.025207969199796135,1.1860774224358899,1.3655986326972402,0.983336874760063,0.05294044818117433,6,10.952861780253693,0.9379089176740795,1.2484611256558662,8.0
sub-1108sg2,sg2,B23,231,252.61,496.3,257.61,722.61,1.6314965120871276,0.20371608771738947,0.29426385091926854,0.3196140992007384,0.1348808074117383,0.0475251547508654,1.0205259991122637,1.1578842087664198,0.9672228141587296,0.06844046354511991,6,10.995846997573945,0.6817294653313235,1.0000000001121678,8.0
sub-1108sg2,sg2,B24,231,252.61,496.3,257.61,722.61,1.6435085027736156,0.24256928415828993,0.3378295402991446,0.30360919075132603,0.09626005699772655,0.01973192779351293,1.2906893588295747,1.5106393702355696,0.9751428652550219,0.07784264225492686,4,7.924089857599991,1.0417105797560413,1.0000000000024174,7.75
sub-1108sg2,sg2,B25,231,252.61,496.3,257.61,722.61,1.7580252370356888,0.25164739419259424,0.34684574880201513,0.2793166892992024,0.09395012894740257,0.02824003875878567,1.3570268188173766,1.4574547150589872,0.9794801243697917,0.0671920599110344,6,7.916117835272119,1.0573968192778007,1.0000000000000342,8.0
sub-1108sg2,sg2,B26,231,252.61,496.3,257.61,722.61,1.7587971059807888,0.2520665939198847,0.3469746219600848,0.2794317195282848,0.09356916441277449,0.027957900178971207,1.3586059044897671,1.4572933868026707,0.9797214957935201,0.06619156532913217,6,7.917566992587414,1.0552873940006497,1.0000000000023213,8.0
sub-1108sg2,sg2,B27,231,252.61,496.3,257.61,722.61,1.6880438722328808,0.25657609086484656,0.30413285316878186,0.3503373913165732,0.07475775493720016,0.014195909712597989,1.4216968864831236,1.6518237739389092,0.9840720194228406,0.06674795164026148,4,7.9369858690642126,1.0513218432155984,1.0000000048948134,8.0
sub-1108sg2,sg2,B28,231,252.61,496.3,257.61,722.61,1.6881825863068094,0.257487137049827,0.3040636327564167,0.34994562656242606,0.07431803299319624,0.014185570638133945,1.421161452370728,1.6523371304247363,0.9840834136429656,0.06675255918928559,4,7.935607554130434,1.0513211455184612,1.0000000000018896,8.0
sub-1108sg2,sg2,B29,231,252.61,496.3,257.61,722.61,1.6826315136620433,0.25610978778094123,0.30238832347691813,0.3523215276236501,0.07516505668575704,0.014015304432733704,1.4238461982134294,1.6582014947804238,0.983520725860308,0.06816879480730145,4,7.936103641145623,1.0429026627848885,1.0000000000018878,8.0
sub-1108sg2,sg2,B30,231,252.61,496.3,257.61,722.61,1.6173278439065049,0.23407018361119195,0.2768639381873099,0.37988962285423084,0.09623997588959943,0.01293627945766777,1.3757106126464642,1.700503738139637,0.9880796191561946,0.05005894936661003,6,10.660407646185563,0.9919724539647152,1.7969654062584823,8.0
sub-1108sg2,sg2,B31,231,252.61,496.3,257.61,722.61,1.7216399590627496,0.22320562985417988,0.26866895789182604,0.3763162433144895,0.11846035550948311,0.01334881343002176,1.4899858523627854,1.7012896474358197,0.983939607752453,0.06073487623719127,6,10.874958516292525,1.0675073988618475,1.493704871194044,11.0
sub-1108sg2,sg2,B32,231,252.61,496.3,257.61,722.61,1.767942218349951,0.22690542156713442,0.27015516248843924,0.369859048585692,0.12033801427500727,0.012742353083726942,1.5465937348319814,1.7263041638999708,0.9802180421115175,0.06914795659605374,6,10.889990389274837,1.080732392203366,1.44099708964803,11.0
sub-1108sg2,sg2,C1,231,252.61,496.3,257.61,722.61,1.6534346288316624,0.26932563812023547,0.3250481997983836,0.3191622305930109,0.07856520656363004,0.007898724924739933,1.5473011525874165,1.925604696425232,0.9906778087603793,0.052659573475332955,5,8.037648028466327,1.0831896251267732,1.1397993420294399,8.0
sub-1108sg2,sg2,C2,231,252.61,496.3,257.61,722.61,1.7912490890274995,0.27032926949948183,0.2958059103178038,0.3152211475456543,0.10878034006523013,0.009863332571829926,1.6593034406868465,1.8554953948149997,0.9844724154531451,0.06620982034014578,5,10.60858445104667,1.0142645145251281,1.7822334241704583,8.0
sub-1108sg2,sg2,C3,231,252.61,496.3,257.61,722.61,1.861845164966424,0.2542649373909962,0.30252169932425116,0.3169807825825815,0.11797039060858161,0.008262190093589352,1.7332978497166642,1.8961695529223015,0.985913009591615,0.06443799171048034,4,10.797608242083676,1.0362890761262293,1.316975858724496,8.0
sub-1108sg2,sg2,C4,231,252.61,496.3,257.61,722.61,1.8543748151264734,0.2519891289362531,0.29843774239091986,0.3212066712381877,0.11864184229200331,0.009724615142635944,1.674895850332927,1.8188407325653788,0.9866651382180762,0.06131302484947504,4,10.76379677009711,1.001018534053605,1.2768692131280872,8.0
sub-1108sg2,sg2,C5,231,252.61,496.3,257.61,722.61,1.7862571947809143,0.26342681133266727,0.2850820944134833,0.35518517006080286,0.0855873250772642,0.010718599115782238,1.5342802096129755,1.7463960303609969,0.9905690573547122,0.04911220703574229,6,10.495725191273634,1.01471586261583,1.923016043242012,8.0
sub-1108sg2,sg2,C6,231,252.61,496.3,257.61,722.61,1.7862975634310854,0.2639173328916812,0.284968624972605,0.35533668834424087,0.08516707938714929,0.010610274404323645,1.5384491900474557,1.752155076492988,0.9905582781198349,0.04904116712445723,6,10.497395958053179,1.015588199823925,1.9291926228601377,8.0
sub-1108sg2,sg2,C7,231,252.61,496.3,257.61,722.61,1.7861115738619475,0.2642617629956786,0.28585239077979757,0.3544895611601932,0.0848909359898483,0.010505349074482242,1.5429563313058194,1.7577789589176083,0.9902875612039174,0.04978068621426405,6,10.496700088824127,1.0145864204322341,1.9319016786159373,8.0
sub-1108sg2,sg2,C8,231,252.61,496.3,257.61,722.61,1.7902798681900127,0.26883144935367637,0.25635030442746487,0.38021783668822134,0.08175208658651255,0.012848322944125006,1.4316022884733957,1.6289788462374157,0.9915967351701709,0.048375261962187555,5,10.416726903809119,1.0577844584564695,2.062041473722738,8.0
sub-1108sg2,sg2,C9,231,252.61,496.3,257.61,722.61,1.8495273606349698,0.2576735891531739,0.2979934501257472,0.3445044310026466,0.08977796997763343,0.010050559740799122,1.5812712655467638,1.7549912175330038,0.9906667049632059,0.05252460187702282,6,10.479232844283848,1.057617006408281,1.8343497236852624,8.0
sub-1108sg2,sg2,C10,231,252.61,496.3,257.61,722.61,1.8694178545178173,0.25345014660757675,0.30711304724491995,0.32974212942071984,0.10062669402528858,0.009067982701494996,1.6402066668268662,1.80792713987799,0.9883896012123129,0.058080330456672005,4,10.734248178063991,1.0398364068787525,1.2831148670445192,8.0
sub-1108sg2,sg2,C11,231,252.61,496.3,257.61,722.61,1.8827450980728195,0.2727022377198849,0.3099067548439344,0.3030259196140462,0.10703990674545617,0.007325181076678446,1.7962027951847919,1.9557499293263045,0.988374010332953,0.05839755596962374,5,10.652736122556664,1.0267109223593152,1.7507236225852691,8.0
sub-1108sg2,sg2,C12,231,252.61,496.3,257.61,722.61,1.9131335699966225,0.2728430569943436,0.31551791628928527,0.3032278604260177,0.10165033336239863,0.006760832927954827,1.8073598627543372,1.9653925043370046,0.9907351441365573,0.05239691676048408,6,10.670222718071086,1.0525545378476313,1.5870518426340259,8.0
sub-1108sg2,sg2,C13,231,252.61,496.3,257.61,722.61,1.93009605420771,0.269014870960166,0.32782627728324276,0.30350007698788456,0.0929077240148205,0.006751050753886034,1.769997504588535,1.9359609086460985,0.9920142354230055,0.0488604269958424,5,10.625903474373168,1.0695650513859276,1.5819711679034612,8.0
sub-1108sg2,sg2,C14,231,252.61,496.3,257.61,722.61,1.9527481354290654,0.2625276613335828,0.3526705204271589,0.2972370871913206,0.08055492386599444,0.0070098071819431635,1.7463330367348762,1.8951993974358776,0.9926906465282745,0.04761734170962255,5,10.54365082287084,1.0857126069241398,1.6412087909144233,8.0
sub-1108sg2,sg2,C15,231,252.61,496.3,257.61,722.61,1.9633653920439051,0.28494728435164013,0.33931667620706835,0.2915071463884571,0.0755337335749458,0.008695159477888554,1.775121676956247,1.8383287766165528,0.9874163928338573,0.06337244869170691,3,10.687798533393115,0.978945622615013,1.2803877582845724,8.0
sub-1108sg2,sg2,C16,231,252.61,496.3,257.61,722.61,1.8809593269469782,0.25494202751146144,0.3316385673194329,0.330292448580408,0.07305094548279575,0.010076011105901648,1.6288607133721174,1.723901742231677,0.9736508068754952,0.09794294812225783,2,10.675557780898748,1.0435541078375274,1.000000000000074,8.0
sub-1108sg2,sg2,C17,231,252.61,496.3,257.61,722.61,1.9969875169272004,0.30275172549404933,0.34733807248577053,0.28039987881598694,0.061035437548458554,0.008474885655734614,1.8465591724364598,1.8453506020428994,0.9808019069804762,0.08189019164024952,2,10.637856360174133,0.9516861613884882,1.0864325374376653,8.0
sub-1108sg2,sg2,C18,231,252.61,496.3,257.61,722.61,2.01629837854463,0.26139982592666444,0.3943042324537772,0.27563589054826765,0.06221897341441467,0.006441077656876107,1.8804384463968495,1.9081714670910355,0.9684096358430163,0.11808877553889513,2,10.644673409591583,0.9976259833092125,1.0000000000000002,8.0
sub-1108sg2,sg2,C19,231,252.61,496.3,257.61,722.61,2.018435641801613,0.27408537328042415,0.37893928979076325,0.27377636864464194,0.06731158449880711,0.005887383785363561,1.8885518048281398,1.981943848186386,0.9897292031762392,0.06270101304210947,4,10.430158813337663,1.0343461687716629,1.9364763791258717,8.0
sub-1108sg2,sg2,C20,231,252.61,496.3,257.61,722.61,1.984098675662943,0.2805512097174206,0.35145981967239115,0.28507607613035496,0.0772073452706114,0.005705549209222006,1.8561464173230202,1.993266988111,0.990176177548408,0.0629990531631091,4,10.417864183850709,1.060773917634991,2.0691113308433997,8.0
sub-1108sg2,sg2,C21,231,252.61,496.3,257.61,722.61,1.9565496327516219,0.2890757790448115,0.3287924692088375,0.29128361538699027,0.08511579626673682,0.005732340092623903,1.8646960605933594,2.0207280329300676,0.992681937845104,0.048822786574245214,5,10.639229009447405,1.0720047705251952,1.5406176007151093,8.0
sub-1108sg2,sg2,C22,231,252.61,496.3,257.61,722.61,1.9414194679317294,0.29606512611223557,0.31647190207419523,0.2885404622725581,0.09249139870286892,0.0064311108381422495,1.8764927482273666,2.002138754212767,0.9915928416821629,0.05077198609892949,5,10.658996886005594,1.025198397918328,1.6221832132204406,10.75
sub-1108sg2,sg2,C23,231,252.61,496.3,257.61,722.61,1.8841787240791288,0.2944052186361177,0.3075072291353917,0.29396742747085725,0.09657993373375048,0.007540191023882943,1.7994646079605139,1.948177700179928,0.9908826398794642,0.051505574625395185,5,10.535308011925116,1.0108181395315778,1.9528037883487224,8.0
sub-1108sg2,sg2,C24,231,252.61,496.3,257.61,722.61,1.8697934537314485,0.28045482710064507,0.302959220782814,0.3097617269497345,0.09985013964578121,0.006974085521025327,1.7793294663645642,1.9630669162621226,0.9911891033474359,0.05249915176490047,6,10.6868819399047,1.032332731046004,1.5613483834165585,10.75
sub-1108sg2,sg2,C25,231,252.61,496.3,257.61,722.61,1.9322710466077657,0.2827205113424928,0.32163993997670953,0.2998885206958976,0.08958630692923984,0.0061647210556603355,1.8189090753160904,1.9847800938241253,0.9922358637905156,0.05096692047058216,5,10.630137947161108,1.0583520928559011,1.5332401690414608,8.0
sub-1108sg2,sg2,C26,231,252.61,496.3,257.61,722.61,1.9320266928274183,0.28313901970277555,0.3220225970607595,0.29916160450421014,0.08953275541134582,0.00614402332090888,1.8190774385760131,1.9854187612828684,0.9922933434249137,0.051127894892059995,5,10.638554669821394,1.059891492060838,1.5237910980952496,8.0
sub-1108sg2,sg2,C27,231,252.61,496.3,257.61,722.61,1.9676839592460118,0.2612330246587734,0.36480945009395754,0.2933369226457329,0.07426873016421764,0.00635187243731826,1.8043366473104683,1.9391818544271384,0.9898890467151489,0.0620807312849052,4,10.348751240247855,1.0387516512214798,2.191502639841449,8.0
sub-1108sg2,sg2,C28,231,252.61,496.3,257.61,722.61,1.9460906842001033,0.2641924159545458,0.3549849883977338,0.3020509125320399,0.07105641621472152,0.00771526690095894,1.766383813766292,1.871897487516481,0.9866374942021593,0.06484465236350309,3,10.678478206245657,1.0087016547242345,1.1522914237484487,8.0
sub-1108sg2,sg2,C29,231,252.61,496.3,257.61,722.61,1.9444672095882034,0.2646923513204447,0.35393314840214946,0.30285315768958554,0.07087043150661534,0.007650911081205011,1.763001355692346,1.8251088636644577,0.9660615872608076,0.11922847904622623,2,10.623746860376887,1.0347772695075936,1.0000000000000002,8.0
sub-1108sg2,sg2,C30,231,252.61,496.3,257.61,722.61,1.8559400260140695,0.29794891692385483,0.2562116961958855,0.34266403829534353,0.08862201641440512,0.014553332170511014,1.532784868348588,1.6171565953119922,0.9920441951063719,0.04241214239889333,6,10.462262642315924,0.9423567923609376,1.7695015817817539,8.0
sub-1108sg2,sg2,C31,231,252.61,496.3,257.61,722.61,1.8793722569806048,0.26612300421207835,0.30118147356633385,0.33201158389547303,0.08984304071826359,0.010840897607851,1.6205367933115336,1.7334494702875805,0.9895109690223464,0.052472741274378634,6,10.545611880538505,0.9669644795223565,1.6854549418765907,8.0
sub-1108sg2,sg2,C32,231,252.61,496.3,257.61,722.61,1.8922340479909425,0.25879778617815064,0.31280008107332735,0.3240101554531667,0.09489565661046664,0.009496320684888706,1.6735983159780707,1.7937844247765464,0.9877837348563845,0.05739858126846709,4,10.72994712089329,0.9953702840502633,1.0662028205601404,8.0
sub-1108sg2,sg2,D1,231,252.61,496.3,257.61,722.61,1.6547835523336347,0.26939006654650144,0.3251320791526267,0.31926270474987645,0.077966676753015,0.008248472797980185,1.527551157199518,1.898391602200799,0.9914302235761108,0.04897761403581781,6,8.014214862400662,1.085049924797479,1.1172236903910777,8.0
sub-1108sg2,sg2,D2,231,252.61,496.3,257.61,722.61,1.784646521283076,0.2878649778947359,0.29794211793382647,0.3019415635261953,0.10301210535635832,0.009239235288883957,1.6414824102585925,1.8568382361679339,0.9889287573693664,0.05515773615445143,4,10.765467796923508,0.9745790501916212,1.2885752676376954,8.0
sub-1108sg2,sg2,D3,231,252.61,496.3,257.61,722.61,1.875767203269346,0.2567580823380019,0.30221060861882804,0.3212890665673191,0.10988487347520264,0.00985736900064856,1.6796294522984567,1.7957137637410279,0.9872785343490472,0.0585337701545658,4,10.746025197532267,0.9908816316303346,1.078274217773315,8.0
sub-1108sg2,sg2,D4,231,252.61,496.3,257.61,722.61,1.8762986578978889,0.256817209354359,0.3017581129844005,0.3221273549890078,0.10952147088723073,0.0097758517850018,1.6891892545028975,1.803139468249728,0.9869967637515961,0.059202135055845054,4,10.74744378522214,0.9891072335274889,1.0681262207936586,8.0
sub-1108sg2,sg2,D5,231,252.61,496.3,257.61,722.61,1.924188600910033,0.23762892333079094,0.2984216072529143,0.33210728039115195,0.11051459324678617,0.02132759577835662,1.4863407119774097,1.4413709627745381,0.9827422876574805,0.05431079919720664,6,8.032465863376432,0.9939956498800235,1.028449860926942,8.0
sub-1108sg2,sg2,D6,231,252.61,496.3,257.61,722.61,1.9487947915051478,0.25229610471418346,0.2975739566244818,0.3320916964594843,0.0922253135767544,0.025812928625096036,1.4891499796499066,1.412560215901116,0.968937524846149,0.07976237130464792,6,8.000772536834937,1.0228749460555988,1.326260201711325,8.0
sub-1108sg2,sg2,D7,231,252.61,496.3,257.61,722.61,1.9533737497780717,0.29347783456436416,0.2853252400063559,0.3273908943385967,0.07204500360835912,0.02176102748232402,1.5326569222054232,1.502948555155681,0.9835077428661722,0.061199343135419026,5,7.996554899552352,1.0157853274314066,1.503914041692547,8.0
sub-1108sg2,sg2,D8,231,252.61,496.3,257.61,722.61,1.9741219684203093,0.23442432803574872,0.3121408390925825,0.34202427044685535,0.07763324411624244,0.03377731830857084,1.3535043955625679,1.313800863716865,0.9695635290407306,0.0807683067057273,5,7.941505023480505,1.1399563419899101,1.4799391754128393,8.0
sub-1108sg2,sg2,D9,231,252.61,496.3,257.61,722.61,1.8927445134913128,0.21149685021097656,0.3188396245011386,0.3764197709821416,0.0761630874362459,0.01708066686949744,1.3936144910871682,1.4675163410656091,0.9830819185755836,0.06158468059209949,6,8.02242463973831,1.279169114227512,1.0000000000000004,8.0
sub-1108sg2,sg2,D10,231,252.61,496.3,257.61,722.61,1.8923106911814502,0.21184283111422494,0.3182066681717854,0.376287975872012,0.0764295237076961,0.017233001134281563,1.3875232865698794,1.4604335275415128,0.982866314929188,0.06125917716758843,6,8.02321965465966,1.2786034840998974,1.0000000000000002,8.0
sub-1108sg2,sg2,D11,231,252.61,496.3,257.61,722.61,1.774574027997033,0.2061960342105283,0.26473048875162924,0.38003625319902024,0.12163339431012242,0.027403829528699818,1.2144465786882044,1.3127134298947978,0.9844487055146254,0.052100744119087015,6,10.777281653316473,0.9848274378921368,1.3421060474523154,8.0
sub-1108sg2,sg2,D12,231,252.61,496.3,257.61,722.61,1.7737624085495334,0.20659180585294917,0.2643883859371086,0.3806485946312406,0.12122089760713603,0.027150315971565586,1.2196376319204407,1.3186306950757845,0.9845570613463998,0.05212417694435826,6,10.78148321278737,0.9867299014781735,1.334254654565642,8.0
sub-1108sg2,sg2,D13,231,252.61,496.3,257.61,722.61,1.9167770595933813,0.48462430399277556,0.19620996281544623,0.22865341927650396,0.0805387420072633,0.009973571908010815,1.6393105412129159,1.7637421006788772,0.9861092118477209,0.05501974132209242,4,10.81566829679824,0.9299016787211944,1.3804570862046264,10.75
sub-1108sg2,sg2,D14,231,252.61,496.3,257.61,722.61,1.6625902574256792,0.26753206286214787,0.3061978226660425,0.3197769338570896,0.09452786810760981,0.011965312507110257,1.4447081737417675,1.739323539164918,0.9890188207375853,0.05145717627008743,4,8.339603627220106,0.8179060121128356,3.6515063700644457,8.0
sub-1108sg2,sg2,D15,231,252.61,496.3,257.61,722.61,1.6570064492403576,0.26495253649884726,0.32758378645028424,0.323355652134697,0.07643733560614777,0.007670689310023716,1.5386142320041212,1.922888359650105,0.9910286138996023,0.05141318003917966,5,8.015098381581089,1.104930718414742,1.246825966208819,8.0
sub-1108sg2,sg2,D16,231,252.61,496.3,257.61,722.61,1.742807483875314,0.20256775749573236,0.3185832291871987,0.39533342700138385,0.07615896788050242,0.007356618435182592,1.4706137580074028,1.8326703544690264,0.9915737470723841,0.05109175104090672,5,8.052894561905422,1.277806798613631,1.3887733708443413,8.0
sub-1108sg2,sg2,D17,231,252.61,496.3,257.61,722.61,1.8002985150555777,0.17592451053372973,0.28713647407767534,0.44639657810716016,0.08257709905560584,0.007965338225828919,1.4277367308199065,1.7514238654114416,0.9913999031127474,0.051409011429552315,5,8.246484064384646,1.2897351348215054,1.9602137823601853,8.25
sub-1108sg2,sg2,D18,231,252.61,496.3,257.61,722.61,1.715801749457437,0.21040813200127853,0.2564446447433303,0.41092023633555996,0.10565450936967606,0.016572477550155198,1.3115687856177818,1.5376951879298515,0.9840638350346709,0.05936046623411713,3,10.87686483702434,1.0410243285046448,1.2104309340561825,10.75
sub-1108sg2,sg2,D19,231,252.61,496.3,257.61,722.61,1.7794070247249896,0.16029109269650108,0.2287564894859132,0.48368413708470054,0.1046238084677727,0.022644472265112424,1.203479814380799,1.3637539964693028,0.9821322287391033,0.05778318487009517,5,10.895760938750144,1.1899219486534403,1.2445575769620982,10.75
sub-1108sg2,sg2,D20,231,252.61,496.3,257.61,722.61,1.8159489011744179,0.1589238758906355,0.259735636894407,0.4249689681258291,0.11232904552143713,0.04404247356769132,0.9982104265310489,1.0436803994574129,0.9544413188471658,0.0860402102113965,5,10.938256921646275,1.0046879461783393,1.1733266244895275,8.0
sub-1108sg2,sg2,D21,231,252.61,496.3,257.61,722.61,1.8700245573901106,0.18621610712202705,0.34890104088624274,0.3925609573849687,0.06467678666865338,0.007645107938108091,1.6248625465526338,1.8388277739429668,0.9785683888459322,0.0786946941204914,5,7.946928793992577,1.339675286058214,1.351073512982292,8.0
sub-1108sg2,sg2,D22,231,252.61,496.3,257.61,722.61,1.8701953563843883,0.18664280596608673,0.34865318584536864,0.39242406347389686,0.06465517539449213,0.007624769320155673,1.6245007473079094,1.8386540113588097,0.9787178925739274,0.07820995310510222,5,7.94265556265279,1.3302392088181536,1.3828366092630053,8.0
sub-1108sg2,sg2,D23,231,252.61,496.3,257.61,722.61,1.8702751947861256,0.18658224254223565,0.34897646461661497,0.3922201612475031,0.06462521718231684,0.007595914411329314,1.6272334657294172,1.8417333469480948,0.9784023022412439,0.07987998978980787,5,7.942611938888012,1.3323999091487868,1.3796438317226714,8.0
sub-1108sg2,sg2,D24,231,252.61,496.3,257.61,722.61,1.9030316672426033,0.23729194609933263,0.3456926886354961,0.32490937644738654,0.08333964124606173,0.00876634757172298,1.8464749946592882,1.934318802216723,0.9777671215289009,0.071291764538902,3,7.993522352562302,0.9990763935735307,2.217139190100182,8.0
sub-1108sg2,sg2,D25,231,252.61,496.3,257.61,722.61,1.970175688615816,0.18752728106808594,0.37310537153550816,0.36492704269951576,0.06764137280895068,0.0067989318879393525,1.7620770921859017,1.9007971570880353,0.9806243217445539,0.0704814538909382,4,7.913901135285199,1.419026631602099,1.223095854648551,8.0
sub-1108sg2,sg2,D26,231,252.61,496.3,257.61,722.61,1.9080304035389035,0.17568205491805852,0.35789571262267933,0.38255773372164575,0.07378568250706359,0.01007881623055297,1.5489795365507266,1.6974615788273308,0.9844700713358103,0.06255025865663827,6,8.036099384607182,1.4079352120992368,1.0000000000000002,8.0
sub-1108sg2,sg2,D27,231,252.61,496.3,257.61,722.61,1.8246593900974335,0.18481054302382277,0.30902558848891126,0.4055985981784402,0.08856120619167288,0.012004064117152973,1.5072116307824721,1.6737952835736682,0.981778978857021,0.06545309268439009,4,8.236273875013865,1.0177185748308464,2.4176427794598716,8.0
sub-1108sg2,sg2,D28,231,252.61,496.3,257.61,722.61,1.8104051640374383,0.17371304107950447,0.27160230546248365,0.4544704722804199,0.08982732510936677,0.010386856068225137,1.4324719702271003,1.6723297097314163,0.9877140258360274,0.05695022815161807,4,8.726676559674964,1.0978718627361446,3.690792932709938,8.25
sub-1108sg2,sg2,D29,231,252.61,496.3,257.61,722.61,1.9474709979152474,0.21457288996260482,0.3207793872921971,0.38061690004619486,0.07763642669503246,0.0063943960039705506,1.810789422751404,1.963482967483191,0.9874363775861965,0.05791515779983024,5,8.056053686617737,1.1525500560746862,1.8412392596781435,8.0
sub-1108sg2,sg2,D30,231,252.61,496.3,257.61,722.61,1.977622732197873,0.20312598031096984,0.33167378877904696,0.38303273541489835,0.07573479547248585,0.006432700022599112,1.8734429345295962,1.9861217459468548,0.9827986851059829,0.0647848282085681,4,8.143742457358282,1.050331706823397,2.927191988305946,8.0
sub-1108sg2,sg2,D31,231,252.61,496.3,257.61,722.61,1.9534321883798182,0.21838221420592208,0.3000088644007593,0.3879985332631287,0.08580427886038328,0.007806109269806564,1.7623305489122727,1.873326298987419,0.992314540683857,0.04592092853456288,6,10.33404302260809,1.1058661626031547,2.3898305068923213,8.0
sub-1108sg2,sg2,D32,231,252.61,496.3,257.61,722.61,1.927686989535956,0.2654326691674958,0.30520892188012777,0.3255453759846655,0.0932973738196672,0.010515659148043777,1.767314184086132,1.8128430220382823,0.9937448868432376,0.03903496210952222,6,10.285156810223787,0.9186229512570717,2.366312269214504,8.0
sub-1108sg2,sg2,ROI_posterior,231,252.61,496.3,257.61,722.61,2.1410748662131707,0.19836645838335848,0.21591336251321933,0.5216282717204084,0.059066940303361425,0.00502496707965252,1.9433394581090127,1.988797035288955,0.9916140008113086,0.05546149990410056,5,10.103394662602941,1.4208118983995262,2.9523621355310032,9.5
sub-1108sg2,sg2,ROI_central,231,252.61,496.3,257.61,722.61,1.7013872271848003,0.22664442395076684,0.28734416626901754,0.37561547548705176,0.09550095471476287,0.014894979578400932,1.3521373361204332,1.5962516699223432,0.9905107463231795,0.04435587127915659,6,10.814629646211609,0.9812909505070727,1.4844958075428616,8.0
sub-1108sg2,sg2,ROI_frontal,231,252.61,496.3,257.61,722.61,1.922476280234343,0.2752309639573484,0.3248629678214974,0.29905862216003604,0.09363710748453158,0.007210338576586517,1.811280366656188,1.9404168396584727,0.9908140527612215,0.05218237026875301,5,10.591251288970316,1.029763442881655,1.6650222483201118,8.0
sub-1108sg2,sg2,ROI_global,231,252.61,496.3,257.61,722.61,1.9247816448093176,0.23114353159605755,0.2838075687389841,0.3968873799950014,0.0787015452509018,0.009459974419055106,1.6777911700141932,1.7811368987343918,0.9918993785189099,0.04312913310233304,6,10.50346709761981,1.057111697041364,1.8813791926156531,8.0
sub-2019cg,cg,A1,231,248.79,474.2,253.8,718.8,1.352261712733682,0.345897534758505,0.17108094792002426,0.37651706967684995,0.08621243677255636,0.02029201087206432,0.9564653753861457,1.4910780857919943,0.9958044630744494,0.028363091426390916,6,9.35938723386509,1.2227753238009622,1.4219134210933877,9.25
sub-2019cg,cg,A2,231,248.79,474.2,253.8,718.8,1.318503303549211,0.30746475815674246,0.16052807340789593,0.4480694205642775,0.06978263868475162,0.014155109186332686,0.9241035960422108,1.5880005613877204,0.9946063220228778,0.035327443138058155,4,9.393579810833613,1.4204377296396415,1.3569759826446144,9.25
sub-2019cg,cg,A3,231,248.79,474.2,253.8,718.8,1.3378461235549688,0.30440339484036893,0.15905235246876298,0.45148308996780695,0.07091067322898857,0.014150489494072443,0.9406585279776577,1.5829006466341604,0.994461012728824,0.03516542023237308,4,9.388182531469718,1.4198658573328446,1.368833691089523,9.25
sub-2019cg,cg,A4,231,248.79,474.2,253.8,718.8,1.369520473982339,0.2811103851112299,0.15859757078960282,0.47574365411968456,0.0707870033446191,0.013761386634863747,0.9248824068577398,1.5580613632267961,0.9933134469415629,0.04047368758228692,4,9.386409333984997,1.4371740757531084,1.5168846660467197,9.25
sub-2019cg,cg,A5,231,248.79,474.2,253.8,718.8,1.432277758439078,0.3165100300671884,0.14175461709502443,0.4288072105737036,0.09117889466967315,0.021749247594410315,0.8211199054435661,1.3287586794758706,0.9941826404677335,0.03287133918244123,4,9.400082091910065,1.25649451579751,1.9053989239117382,9.25
sub-2019cg,cg,A6,231,248.79,474.2,253.8,718.8,1.2569053126709153,0.30050072409776396,0.1614085354048325,0.41890401421040563,0.10043199638241992,0.01875472990457808,0.792735477356707,1.4630713146172198,0.9915821984436516,0.0401773333804718,5,9.25761629239862,1.1857477811047084,2.151448715742327,9.25
sub-2019cg,cg,A7,231,248.79,474.2,253.8,718.8,1.437966847186815,0.35770118599604755,0.15382764741347457,0.3385673400445096,0.1198274714845899,0.03007635506137822,0.8681730663254149,1.2650132600257677,0.9918061540929122,0.03620583118823884,2,9.278500873177627,0.9837269570909717,2.2340299478136094,9.25
sub-2019cg,cg,A8,231,248.79,474.2,253.8,718.8,1.4936440373557243,0.24975682917580458,0.14690572752364098,0.4867661725730724,0.09864836004798899,0.01792291067949293,0.9407767814523945,1.4168039780229527,0.9949438791057268,0.03362401048831263,5,9.3332111690574,1.2657468226460786,2.6187417325902533,9.25
sub-2019cg,cg,A9,231,248.79,474.2,253.8,718.8,1.6419219638290548,0.2098746025788638,0.1316550928118173,0.561266729237257,0.08330040814613385,0.013903167225928175,1.0622489311593994,1.469610102155576,0.9934951058290994,0.04244448324892959,3,9.372914688947684,1.4065885331134098,2.73141975931151,9.25
sub-2019cg,cg,A10,231,248.79,474.2,253.8,718.8,1.7951843699173675,0.20091634945628092,0.12791936766473672,0.584651567350463,0.07423885719514915,0.012273858333370202,1.2307274501436802,1.5143984386554936,0.9930315206657931,0.043538902314680765,2,9.339872728147931,1.4698727732941514,2.6274451371098793,9.25
sub-2019cg,cg,A11,231,248.79,474.2,253.8,718.8,1.9048858317597004,0.19386606229294573,0.12772465969016267,0.6005071884660488,0.06721865153920506,0.010683438011637748,1.3905276048389192,1.5899092292913972,0.9931074387960506,0.04349720352273047,3,9.27511778243326,1.5330489107215666,2.4386948625767766,9.25
sub-2019cg,cg,A12,231,248.79,474.2,253.8,718.8,2.2409997901050556,0.37192929403386793,0.13713866913570105,0.3276822137286209,0.12481879080112415,0.03843103230068611,1.5947928846468298,1.1564089479257895,0.9939981330804142,0.02769450872400909,2,9.267143852632389,1.0099228620669092,1.793463581509843,9.25
sub-2019cg,cg,A13,231,248.79,474.2,253.8,718.8,1.8007610106343859,0.2441501765751119,0.1292600960523146,0.5281253739968569,0.08164289658922017,0.0168214567864963,1.2630557773374786,1.4736063169796088,0.9944796227549867,0.03669501298123391,5,9.326842638723859,1.434682486242261,2.005252356479123,9.25
sub-2019cg,cg,A14,231,248.79,474.2,253.8,718.8,1.8340797088551821,0.23646075321437135,0.13148983239402284,0.5369155721490868,0.08223965581996259,0.012894186422556488,1.3554342037077045,1.5551040036635329,0.9945224217229912,0.03601091964060434,4,9.356441828532976,1.391986974556269,2.484645943076006,9.25
sub-2019cg,cg,A15,231,248.79,474.2,253.8,718.8,1.8709320079188456,0.23900610778891854,0.12793083904143743,0.5258867402157616,0.08955484885928545,0.017621464094596927,1.2675829175057587,1.3904418779175507,0.994696619972481,0.035652468753982036,4,9.414288147011833,1.3339222592361086,2.6215921547637793,9.25
sub-2019cg,cg,A16,231,248.79,474.2,253.8,718.8,1.78441594215731,0.24122292467655662,0.13457099492907354,0.5270770211293754,0.08372037105731303,0.013408688207681629,1.263227715688484,1.5146432947037949,0.9959695301958357,0.033450067684288064,6,9.451639261099293,1.3975050930569226,2.3677741737327267,9.25
sub-2019cg,cg,A17,231,248.79,474.2,253.8,718.8,1.5978291706246928,0.25219570686285897,0.14323813179199688,0.5014657161436146,0.08742152157898946,0.015678923622540013,1.0490733993751267,1.4565175002094117,0.9953027375822673,0.034524980106595014,3,9.456619239994899,1.31555423986868,2.601412049874738,9.5
sub-2019cg,cg,A18,231,248.79,474.2,253.8,718.8,1.533413863474973,0.26861321806946215,0.15665091243782847,0.46381108993128356,0.09383131081221033,0.01709346874921545,1.029517906023151,1.4588564508981403,0.9951891313770308,0.03369536657925196,4,9.443950637056671,1.3122055989648989,1.5451598673439098,9.25
sub-2019cg,cg,A19,231,248.79,474.2,253.8,718.8,1.4509914542750755,0.2639708078887337,0.1559527052168349,0.49793621557133194,0.06941597077646708,0.012724300546632341,0.9729701098219014,1.5580053250261514,0.9943605558671637,0.036921828229419376,6,9.384615310383882,1.4268666461645305,1.7927410384594291,9.25
sub-2019cg,cg,A20,231,248.79,474.2,253.8,718.8,1.5481101719210062,0.255473651329497,0.1582144690345758,0.5023760343925336,0.07259992058425903,0.01133592465913431,1.1223476208470808,1.6198052136604963,0.9930332435440379,0.04339113547803058,4,9.387217058875443,1.3481166055566283,2.4420922352744134,9.25
sub-2019cg,cg,A21,231,248.79,474.2,253.8,718.8,1.614880495636673,0.2522312361758397,0.15598762828158824,0.5045869749537331,0.07669470147465457,0.010499459114184507,1.2053609351673378,1.6495450845831485,0.9948771571150103,0.040262188963429306,4,9.451295226100617,1.3987450085838917,1.9731040725290574,9.5
sub-2019cg,cg,A22,231,248.79,474.2,253.8,718.8,3.352081410437524,0.4670692504949088,0.14304198947775187,0.16054096686334926,0.16819770911970144,0.06115008404428879,2.6607133671086864,1.01073021287151,0.9862286391866802,0.031393791187536414,5,9.392279545996908,0.5696908718790508,1.0000000000000002,9.5
sub-2019cg,cg,A23,231,248.79,474.2,253.8,718.8,1.7294646910009726,0.27053237503670674,0.14386465266875836,0.47087439713739704,0.09816891315429169,0.016559662002846275,1.2423464843438665,1.4835948317572034,0.9947496502078113,0.03478825540374993,5,9.388853349722968,1.246489644183986,2.5964340549500626,9.25
sub-2019cg,cg,A24,231,248.79,474.2,253.8,718.8,2.4017039330938688,0.7553959012976651,0.06289297301222915,0.11131906108648719,0.05530216529486032,0.015089899308758469,1.5922464284435478,1.3112584771700282,0.9893663636015024,0.031417098995109395,5,9.357027740877246,0.8848644811753061,1.0000000000000002,9.25
sub-2019cg,cg,A25,231,248.79,474.2,253.8,718.8,1.6919240161632365,0.2803250223696263,0.1391306382444328,0.46594961091753895,0.09477677370649855,0.01981795476190334,1.2232930855692554,1.4602796240281946,0.990281879887087,0.04619833004213385,3,9.245878349987427,1.274224110297649,2.0556777792138683,9.25
sub-2019cg,cg,A26,231,248.79,474.2,253.8,718.8,1.9037515750382266,0.41528576699322944,0.1379250295506378,0.3440950506679254,0.08410186717109037,0.01859228561711679,1.5379077477327399,1.542022550558794,0.994683328706278,0.03397337587888499,4,9.345903471253848,1.2202810980344863,1.4046020823002798,9.25
sub-2019cg,cg,A27,231,248.79,474.2,253.8,718.8,1.7141033787937916,0.24896855868020173,0.1386122790816624,0.5077028309070718,0.08844005116702362,0.016276280164040525,1.2145484581907857,1.4851374141845248,0.9943626041795718,0.03780550476324235,6,9.26701585569668,1.498298977805062,1.0000000000000002,9.25
sub-2019cg,cg,A28,231,248.79,474.2,253.8,718.8,1.7128844130792018,0.25113069450011594,0.1441439970772755,0.5024425688556119,0.08866775723290835,0.013614982334088296,1.2642679738942375,1.5572245358306127,0.9944745533100191,0.0366959299651927,5,9.265457907721562,1.330358362646932,2.4692305862117805,9.25
sub-2019cg,cg,A29,231,248.79,474.2,253.8,718.8,1.6771539998334226,0.22856350693959554,0.14856530305362736,0.5319750627676592,0.08011368841274644,0.01078243882637143,1.227992908591706,1.6177160207191879,0.995056693966057,0.03881967624134773,4,9.264253355018253,1.3900115409364995,2.725366011551475,9.25
sub-2019cg,cg,A30,231,248.79,474.2,253.8,718.8,1.6082420350196822,0.24604825064506622,0.15441879164468333,0.5041550308661894,0.08309938755738835,0.012278539286672635,1.1519006202574957,1.5751361226121565,0.9945974218008643,0.03881300341425422,3,9.254421190069433,1.3252207111294043,2.747145504914716,9.25
sub-2019cg,cg,A31,231,248.79,474.2,253.8,718.8,1.4820399174281882,0.2877530094480352,0.16007513990405955,0.45757228445962866,0.08079200963600919,0.01380755655226716,1.0385956061986454,1.552563849587189,0.9923077377303605,0.04284410615779513,3,9.204530722046051,1.2408939125488847,2.689757350828748,9.25
sub-2019cg,cg,A32,231,248.79,474.2,253.8,718.8,1.3815359003315413,0.2684648630904545,0.1621127185759239,0.47481706295273257,0.0804592052078333,0.01414615017305569,0.9037187139057814,1.5245213151624015,0.9948953784350111,0.03450503430000186,6,9.39662315965092,1.43393013225556,1.1883388720246428,9.25
sub-2019cg,cg,B1,231,248.79,474.2,253.8,718.8,1.2407358483773094,0.3166035345874028,0.15854498491076197,0.44028584052208586,0.07170917429896535,0.012856465680783928,0.9340461846782274,1.6709341820380028,0.993936945367864,0.03572601315518509,6,9.3605158778267,1.3846029726726485,1.5453903330033416,9.25
sub-2019cg,cg,B2,231,248.79,474.2,253.8,718.8,2.073222155125352,0.450618554944231,0.16800849993182262,0.16417675217177666,0.16959887177541558,0.04759732117675421,1.577949168143862,1.17318318846854,0.9917350949973088,0.028916589917040537,1,9.322533610330925,0.5017531265366422,1.135035293244805,9.25
sub-2019cg,cg,B3,231,248.79,474.2,253.8,718.8,1.4241173011543888,0.34621283131926067,0.15550138308168085,0.3504009192701598,0.12041645555124388,0.027468410777654707,0.8500300561937246,1.2801278393593314,0.9945272251792371,0.029745169386948975,6,9.357577552026935,1.11811931036434,1.3594688624169502,9.25
sub-2019cg,cg,B4,231,248.79,474.2,253.8,718.8,1.3531493604612372,0.2835828595721127,0.16597331827101217,0.4227282238695879,0.10742785253331313,0.02028774575397411,0.8521487713576832,1.4145169290533512,0.9933960109085171,0.035762327790631605,4,9.346139956315467,1.2197902953967057,1.5857667670648703,9.25
sub-2019cg,cg,B5,231,248.79,474.2,253.8,718.8,1.5227674425848303,0.2546247993114147,0.15587161155795026,0.48556333838923577,0.08944720360993932,0.014493047131460043,1.0433355046569857,1.517234283635919,0.9938714317509821,0.03867997027595466,4,9.16995237863203,1.2912744898278565,2.5645211944019417,9.25
sub-2019cg,cg,B6,231,248.79,474.2,253.8,718.8,1.731990936186129,0.1943605332380407,0.1311126990764322,0.5900904041549659,0.07453145053024005,0.009904913000321078,1.2057402883107886,1.590819096976926,0.9926244844038009,0.04580616836521689,3,9.195197137727332,1.5274934497754806,2.4918870163379334,9.25
sub-2019cg,cg,B7,231,248.79,474.2,253.8,718.8,1.9440848891481093,0.17728915407482213,0.12109756704213007,0.6259956505646735,0.0667223766236553,0.008895251694718942,1.4119664138377268,1.618399098529787,0.9950517919939283,0.03817289871342418,6,9.352040773429756,1.7254768674774987,1.5497271406298956,9.25
sub-2019cg,cg,B8,231,248.79,474.2,253.8,718.8,1.928322372547923,0.1884046505542073,0.12234938987238839,0.617767872074985,0.06144398937220989,0.01003409812620954,1.387475961296034,1.589963516997932,0.9949847822405239,0.03770359052404385,6,9.409539383915806,1.729280427892331,1.204838595123362,9.25
sub-2019cg,cg,B9,231,248.79,474.2,253.8,718.8,1.8543254782838123,0.21904772673414863,0.12913934636021684,0.566487025581533,0.06909436762893414,0.016231533695167416,1.29269878671961,1.4811798012339057,0.9950900531153998,0.03344412150523036,6,9.364303172424401,1.6361989687530165,1.4183760229304052,9.25
sub-2019cg,cg,B10,231,248.79,474.2,253.8,718.8,1.8665438204324931,0.214679636471565,0.13870983529960756,0.573613514630671,0.061590108947091826,0.011406904651064594,1.3285517459990441,1.5593296611880478,0.9936841568460435,0.04377229593082392,5,9.397864483896715,1.6318793794637718,1.4058290141275023,9.25
sub-2019cg,cg,B11,231,248.79,474.2,253.8,718.8,1.813428369378722,0.22940726081201357,0.13082143700276436,0.5300321097664494,0.08754507323073255,0.02219411918804001,1.133247388121501,1.2860572891438093,0.994963918107799,0.03170807065054591,6,9.355018823776078,1.4970505111468633,1.475631511711899,9.25
sub-2019cg,cg,B12,231,248.79,474.2,253.8,718.8,1.5625379963169859,0.21143059061590666,0.13588907229698804,0.5504505210981402,0.08520654020200924,0.017023275786956,0.9487906933936655,1.3942221526674654,0.995014852611148,0.03301927852631023,6,9.449353474331508,1.543607689691445,1.0000000000018032,9.25
sub-2019cg,cg,B13,231,248.79,474.2,253.8,718.8,1.3716536915972675,0.26260758224357184,0.1582519980596412,0.4323991426921632,0.11672306603014727,0.03001821097447656,0.7384442512766726,1.233783628732688,0.9928178822243917,0.03451691891339904,6,9.323221424213877,1.2295517834633671,1.4968523520547115,9.25
sub-2019cg,cg,B14,231,248.79,474.2,253.8,718.8,1.560730752368825,0.28285892155467235,0.15258891393503501,0.39913814652386215,0.12478603848879012,0.04062797949764048,0.9210595728951412,1.1820769278125205,0.9944920014760833,0.028282692652484207,5,9.444913600067654,1.2403749703384677,1.0373221274839228,9.25
sub-2019cg,cg,B15,231,248.79,474.2,253.8,718.8,1.4956228756229195,0.3391539590542468,0.14762378327125894,0.2666842827229838,0.17445741238400764,0.07208056256750282,0.7562102401699387,0.9807737745988154,0.9858354638721151,0.03198510650442824,6,9.463497141014006,0.876710317150632,1.0000000000000002,9.25
sub-2019cg,cg,B16,231,248.79,474.2,253.8,718.8,1.2987403783764409,0.26926792165777585,0.1340804066245132,0.23971313681845194,0.234250143059757,0.12268839183950199,0.34497127700170627,0.7066587270937005,0.9003359654182346,0.06678628275972215,6,9.177257343454261,0.6893737846598763,1.5271049714763458,9.25
sub-2019cg,cg,B17,231,248.79,474.2,253.8,718.8,1.1654163200600538,0.3037884706774382,0.16393826899413066,0.3134074368577419,0.16583381506887265,0.0530320084018166,0.476033206058251,1.0518713122859553,0.9866665476251821,0.037093770248434084,6,9.326258833049733,0.9426748298885498,1.0000000000000002,9.25
sub-2019cg,cg,B18,231,248.79,474.2,253.8,718.8,1.3584384172586854,0.3973307633543039,0.15634512980495913,0.27383719119624705,0.13842675366336182,0.03406016198112829,0.8373945751010955,1.2624974554186525,0.9924048688282481,0.03337403808160075,6,9.327547207915929,0.8952744977195476,1.0000000000000002,9.25
sub-2019cg,cg,B19,231,248.79,474.2,253.8,718.8,1.4721886685160137,0.37783401701816016,0.1615349806918983,0.3238544148484659,0.10992723510816234,0.026849352333313224,1.021864458312294,1.3782431132344684,0.9949428366104128,0.028654387629274122,6,9.36961327761208,1.1124354731232888,1.2300314505448497,9.25
sub-2019cg,cg,B20,231,248.79,474.2,253.8,718.8,1.2604358200638006,0.32004119064453146,0.16078923187074287,0.4117647771860083,0.09065570305249511,0.016749097246222207,0.9028471507819099,1.560833541395707,0.9941655002649591,0.03534961225895872,6,9.351611039436538,1.2520990624990316,1.5608942384892592,9.25
sub-2019cg,cg,B21,231,248.79,474.2,253.8,718.8,1.3040925282726683,0.3597628020295772,0.16225290835551465,0.3305732242986071,0.1203030859581986,0.027107979358102493,0.8611430814632609,1.3676224046047412,0.9922334618063952,0.03654006903183211,5,9.331311107222012,0.9741724589968924,1.4369870021883602,9.25
sub-2019cg,cg,B22,231,248.79,474.2,253.8,718.8,1.1649049551710273,0.32952523990752963,0.1473217433272367,0.35128128427558336,0.13800777221137756,0.033863960278272875,0.5891496074749903,1.2245559832129724,0.9925295428946908,0.03306680894169815,6,9.330574328315528,0.940957818717048,1.5516298815746297,9.25
sub-2019cg,cg,B23,231,248.79,474.2,253.8,718.8,1.1014906568107796,0.32379595232346825,0.14911792289767628,0.30806683401425433,0.16558514256275308,0.053434148201848115,0.4425982328194238,1.0722142793224454,0.9867739259390653,0.03858206999602286,6,9.304428154114587,0.7524045309885274,1.8742765766624048,9.25
sub-2019cg,cg,B24,231,248.79,474.2,253.8,718.8,1.1981937227188426,0.3726529166718566,0.1404024941912097,0.20159733249741335,0.1987911285338811,0.0865561281056394,0.3914385687249967,0.8707122278669531,0.9631712652558208,0.04657498733083712,6,9.364404692406573,0.5545765094359549,1.497052480356335,9.25
sub-2019cg,cg,B25,231,248.79,474.2,253.8,718.8,1.4811049594866015,0.26668976112593157,0.10359097083009217,0.17300821713232553,0.26030582549997605,0.19640522541167457,0.25992939618375654,0.45861381489153186,0.7772048069337699,0.07138512755340445,5,9.32161890823125,0.7112070126088854,1.212462017738753,9.25
sub-2019cg,cg,B26,231,248.79,474.2,253.8,718.8,1.4820398222300066,0.26603324292608466,0.10417968068922479,0.1714460368615747,0.26147839398771844,0.19686264553539728,0.26476743640359,0.4593058314767108,0.7749759155651421,0.07112325318842644,5,9.322196770436586,0.700900322997857,1.1935142587591037,9.25
sub-2019cg,cg,B27,231,248.79,474.2,253.8,718.8,1.2958571517109767,0.42164640868813663,0.1582834633479203,0.24228023366896906,0.12355468502119285,0.05423520927378119,0.7843809360871232,1.250267652338463,0.9793972945139451,0.048753916313490415,6,9.350019085445796,0.8235145016492215,1.6364850563368463,9.25
sub-2019cg,cg,B28,231,248.79,474.2,253.8,718.8,1.4133179645283755,0.36798661180663583,0.11057447459825308,0.16632457290486088,0.21247544856631906,0.14263889212393113,0.31929572794181554,0.6481884370978555,0.7492768612949945,0.10249515536809656,4,9.290556241646275,0.7010012952988771,1.6810549025473176,9.5
sub-2019cg,cg,B29,231,248.79,474.2,253.8,718.8,1.2243009575049115,0.37198467678043745,0.12976385895683393,0.22802514362161996,0.17116866936572916,0.09905765127537947,0.4110419084152806,0.8998220612664354,0.9381215939682996,0.0632675541666233,4,9.316865002601277,0.7174655776037817,1.7993527715950062,9.25
sub-2019cg,cg,B30,231,248.79,474.2,253.8,718.8,1.1160364271597125,0.34376423872519285,0.1433876728546951,0.33292162908183587,0.1369591473008771,0.04296731203739914,0.47290219777656733,1.1390716608112608,0.9878418376604239,0.037955884758155804,5,9.27112561164481,0.8951825227221124,2.120625731518635,9.25
sub-2019cg,cg,B31,231,248.79,474.2,253.8,718.8,1.316646020205564,0.3673785623087007,0.15697529076243816,0.3097904586260507,0.1324334442939565,0.03342224400885405,0.8026788455694119,1.2712946001900498,0.9958686245854574,0.02499230704039027,6,9.357947519509526,0.8720608516904194,1.641664229680148,9.25
sub-2019cg,cg,B32,231,248.79,474.2,253.8,718.8,1.3151739894383923,0.34990871045262606,0.16774805706053372,0.3607549180272333,0.10086270208402832,0.020725612375578573,0.9573578793312872,1.5018545910019143,0.9940463735557902,0.03316623135304266,4,9.203584629164897,1.015362394218561,2.1208639519680337,9.25
sub-2019cg,cg,C1,231,248.79,474.2,253.8,718.8,1.3037154065229455,0.34647684024445535,0.17034687170486731,0.397053614307749,0.07249402208076551,0.013628651662162872,1.016428855459367,1.666570546025756,0.995049225925902,0.03435111198373633,6,9.354860645301288,1.2661857508420085,1.650156661255471,9.25
sub-2019cg,cg,C2,231,248.79,474.2,253.8,718.8,1.3525997203857072,0.3756267655423038,0.1704328425717963,0.3523514372738409,0.08376049554099997,0.01782845907105915,1.0479101151817667,1.5864314450025596,0.9956839304487963,0.03061516793263844,5,9.36058295807589,1.1333989879206599,1.6140882151334734,9.25
sub-2019cg,cg,C3,231,248.79,474.2,253.8,718.8,1.2661867137183074,0.3503861568329572,0.17256493038577111,0.360741843847648,0.09527558320279363,0.02103148573082974,0.8488871959673422,1.4614754838383204,0.9937849720816898,0.036152624705530025,6,9.383225630911177,1.0667056870759017,1.8460997592747272,9.25
sub-2019cg,cg,C4,231,248.79,474.2,253.8,718.8,1.2731160791743266,0.3551198974854325,0.16577119836616708,0.32900891585018277,0.11235408834206252,0.0377458999561551,0.7428636457561885,1.275103150557423,0.9796277340431854,0.05665673128961538,6,9.166236348246715,0.9342249624416117,2.269387265697244,9.25
sub-2019cg,cg,C5,231,248.79,474.2,253.8,718.8,1.3714361735860525,0.31667483789711537,0.1293624301286031,0.2354801493037332,0.19311156201104032,0.12537102065950803,0.4064930684002665,0.7816346221690157,0.8692326541403078,0.08420048431302087,6,9.178680751125123,0.7783126600057935,1.9551910848815814,9.25
sub-2019cg,cg,C6,231,248.79,474.2,253.8,718.8,1.474841914215427,0.3846214703915233,0.10943094932486142,0.1804358628585087,0.20086734695652933,0.12464437046857725,0.4505916324959547,0.7380608466797327,0.8051736301274568,0.09446680326384027,5,9.255773497314182,0.7301286762449958,1.6925987672388687,9.25
sub-2019cg,cg,C7,231,248.79,474.2,253.8,718.8,1.4578200244178903,0.4219046507043353,0.13575534636666237,0.20342904994368924,0.1474236645817674,0.09148728840354564,0.6954844932040913,1.006634679693673,0.8944948364838262,0.09189033039314641,4,9.253368462806463,0.7911752584729631,1.8005394194838047,9.25
sub-2019cg,cg,C8,231,248.79,474.2,253.8,718.8,1.3553517201693834,0.39407830792415643,0.13628630105921166,0.29286783178002346,0.12063103160118961,0.05613652763541881,0.7093168025283125,1.1560641608372932,0.9639668460127299,0.06537853185250923,5,9.274374968519016,0.9556018434405931,1.83450471109224,9.25
sub-2019cg,cg,C9,231,248.79,474.2,253.8,718.8,1.3951794966240953,0.42785737030746046,0.1368644230565963,0.25175249387906373,0.12432394254450414,0.05920177021237535,0.7095182327214368,1.1157730828199577,0.9588305979311682,0.06645598147011271,6,9.232788754805696,0.8594501421352441,1.9307077114690858,9.25
sub-2019cg,cg,C10,231,248.79,474.2,253.8,718.8,1.3024861139474024,0.3897908203734766,0.1511078841863632,0.2989847256605398,0.11327005610726394,0.04684651367235648,0.6626956639402705,1.1756923283546383,0.9709319180566074,0.06263048295032053,6,9.168009946857604,0.9212592026239054,2.1735773561487464,9.25
sub-2019cg,cg,C11,231,248.79,474.2,253.8,718.8,1.3510747481864647,0.38842530445150364,0.17779770187495272,0.3207805014739969,0.09159846148900852,0.021398030710538144,0.9927403248925423,1.5015377183394065,0.9958805451516902,0.029519923227198104,6,9.36384441030058,1.0195307469029864,1.7367032490568342,9.25
sub-2019cg,cg,C12,231,248.79,474.2,253.8,718.8,1.3015439519114986,0.36677222819497224,0.1864401859162169,0.35282687840261234,0.07785384070781186,0.016106866778386606,0.9738089346778179,1.600631069584691,0.9960798487082946,0.031083907694225716,6,9.374953178987296,1.1239491033354159,1.8583171820973743,9.25
sub-2019cg,cg,C13,231,248.79,474.2,253.8,718.8,1.3722470184197313,0.40454285953685853,0.19096032021753565,0.2949516195875841,0.0887527841422653,0.02079241651575656,1.0025292520117481,1.5096046367946871,0.995382571019939,0.03167202606459453,6,9.271669996568303,0.9837803554743018,1.9349110449874747,9.25
sub-2019cg,cg,C14,231,248.79,474.2,253.8,718.8,1.3362603744660102,0.39929924485036034,0.17124072719525957,0.3070387742738238,0.09451601621466527,0.02790523746589085,0.8314340675611674,1.3641326947846337,0.9933477449995037,0.035249489700913815,6,9.310855878647368,1.001131158955814,1.9547973013488606,9.25
sub-2019cg,cg,C15,231,248.79,474.2,253.8,718.8,1.3052343456305682,0.3909668693875561,0.16113385623963192,0.3210380176284662,0.0979586969058214,0.028902559838524307,0.7647763759024767,1.3250016948445877,0.9938622955982158,0.032337523054748206,6,9.405581657616452,1.028892597863679,1.8137316461793345,9.25
sub-2019cg,cg,C16,231,248.79,474.2,253.8,718.8,1.3066816037375142,0.3924901630297117,0.16078544995719388,0.31971554290629367,0.09797154477456922,0.02903729933223178,0.7760182449418929,1.3346841670923089,0.9937176412029916,0.03334066995282596,5,9.395627276055327,1.0234947714539204,1.831585215639426,9.25
sub-2019cg,cg,C17,231,248.79,474.2,253.8,718.8,1.2610964653919021,0.3759733316747046,0.17010035813427293,0.34813793238465573,0.08437141799624066,0.021416959810125775,0.7967734020147828,1.4535680669884592,0.9955710271191263,0.031065060238688928,6,9.366460189580756,1.1070170641389387,2.010601132962651,9.25
sub-2019cg,cg,C18,231,248.79,474.2,253.8,718.8,1.264001126564108,0.37702784865335953,0.17019777482411244,0.34488887424275017,0.08580659954713345,0.022078902732644574,0.7924778882442898,1.439820460722496,0.9957027067624881,0.030714090644727226,6,9.360156166709421,1.0945544228378012,2.017172238244037,9.25
sub-2019cg,cg,C19,231,248.79,474.2,253.8,718.8,1.3140212099442867,0.39512870701250064,0.18039272809944656,0.32095091863854197,0.08301212445427546,0.020515521795235185,0.876913240841314,1.4684471296973494,0.9957870734764114,0.030738533103856505,4,9.307177355660619,1.0464913312246094,2.098391272813821,9.25
sub-2019cg,cg,C20,231,248.79,474.2,253.8,718.8,1.541781184801938,0.5039195450018141,0.1787318593081283,0.21317291239160577,0.08396366087318806,0.020212022425263657,1.220591566558958,1.5449690643460532,0.9960562721396443,0.02868355655846278,3,9.291350965877484,0.8174725647783893,1.7746590760803185,9.25
sub-2019cg,cg,C21,231,248.79,474.2,253.8,718.8,1.3261588635540669,0.3763150045876285,0.19095056264298446,0.3407929219756579,0.07623665170492008,0.015704859088809215,1.0153770300385216,1.6163610730571187,0.9968493912112538,0.027557914678168437,6,9.382644955703293,1.100597864547581,1.872993534432086,9.25
sub-2019cg,cg,C22,231,248.79,474.2,253.8,718.8,1.315804201783297,0.3664923306632337,0.1817157548512752,0.3599351482910814,0.07638003190897073,0.015476734285439081,0.9994729698648133,1.6148473545042867,0.9967276855367826,0.027424172568343102,6,9.369237056908364,1.1463808292175477,1.8302605675629433,9.25
sub-2019cg,cg,C23,231,248.79,474.2,253.8,718.8,1.3368298254455064,0.35351786983829003,0.1746272922193124,0.3740298421943424,0.08124538875258243,0.016579606995472663,1.0345293829343825,1.606015503998807,0.9952473449276957,0.033408731981416084,6,9.371999767208953,1.1607647677963302,1.7233175020395601,9.25
sub-2019cg,cg,C24,231,248.79,474.2,253.8,718.8,1.3210680351362012,0.36253888219874464,0.17996266036582487,0.35536567524871226,0.08459839456914033,0.017534387617578025,0.9817299130396953,1.5638025862146605,0.9962746502574209,0.028736117995461597,5,9.348177197771657,1.1139104023837707,1.7940056717298802,9.25
sub-2019cg,cg,C25,231,248.79,474.2,253.8,718.8,1.3047384088350515,0.3657871688929037,0.1865486906101479,0.3522619106199132,0.07915183345714262,0.01625039641989258,0.9661079580614127,1.585379314830832,0.996910037175935,0.02667993795449025,6,9.379564417678816,1.111947474138699,1.8618968647418148,9.25
sub-2019cg,cg,C26,231,248.79,474.2,253.8,718.8,1.3153972693678053,0.3764840855525411,0.18904381600917036,0.3332105274580071,0.08311750549079785,0.01814406548948363,0.9415901570097095,1.5352393309782175,0.9967366336763676,0.02628753990416491,5,9.30484283672909,1.070144609177288,2.043564546100734,9.25
sub-2019cg,cg,C27,231,248.79,474.2,253.8,718.8,1.4144670206980527,0.4025360675700669,0.1810849571364714,0.27179572256658924,0.1118885410842545,0.0326947116426181,0.9055623039317001,1.3276471645026027,0.9944256231155363,0.029874961092990454,6,9.337476675682149,0.9060795940897403,1.8028543624885645,9.25
sub-2019cg,cg,C28,231,248.79,474.2,253.8,718.8,1.2698191561259502,0.3743766830303439,0.15905314836594156,0.3520709630589863,0.09035162882247127,0.024147576722256946,0.7591946072135982,1.379931806732873,0.9941095495662889,0.03397023144417791,4,9.35842725320191,1.0748061674595848,2.1058526287123027,9.25
sub-2019cg,cg,C29,231,248.79,474.2,253.8,718.8,1.2872722568114703,0.3792637561655034,0.1521419573225907,0.3457446213816988,0.09569117758196458,0.02715848754824247,0.7587676425935033,1.3380932389962608,0.9932572324239167,0.034837820347983176,3,9.257015969335642,1.0310957976662232,2.256449579244323,9.25
sub-2019cg,cg,C30,231,248.79,474.2,253.8,718.8,1.3044692527799326,0.3816882223514706,0.14814605139092848,0.33633017686561717,0.09884744802282634,0.034988101369157275,0.7678695030383065,1.3077683841423995,0.9847438521697989,0.048146191542128465,5,9.239929205732787,1.0094375452808946,2.183679357318637,9.25
sub-2019cg,cg,C31,231,248.79,474.2,253.8,718.8,1.3377034058866442,0.3952797911589279,0.15951417984508168,0.2969882938659602,0.11050519956474045,0.03771253556528968,0.7706607703325586,1.2566982123195987,0.9883101546017603,0.041035211416324824,4,9.186117840394743,0.8872614532059211,2.3071527149101883,9.25
sub-2019cg,cg,C32,231,248.79,474.2,253.8,718.8,1.4989283675906775,0.4481333776840525,0.16044675370030187,0.2582185305837583,0.10320930422007518,0.02999203381181219,0.9564067714529231,1.2943148997107365,0.9950791967494023,0.027658038711367718,4,9.326234734459733,0.8909105341653015,1.6817193182002108,9.25
sub-2019cg,cg,D1,231,248.79,474.2,253.8,718.8,1.3436632006669815,0.34893007845846635,0.17317826213235876,0.3792837687883672,0.08042318312966527,0.018184707491142253,1.0239275791623805,1.5726132198846623,0.9948195427211264,0.033139291193785045,4,9.365538283628258,1.2008370566661284,1.5631602165322107,9.25
sub-2019cg,cg,D2,231,248.79,474.2,253.8,718.8,1.7504617368005255,0.4704719555418954,0.1662054502078203,0.20843045437392757,0.12241292723959156,0.03247921263676508,1.3530444984997128,1.3580337288095958,0.994307611675584,0.027846357001290366,5,9.28084417556914,0.6544716973317259,1.786938073357807,9.25
sub-2019cg,cg,D3,231,248.79,474.2,253.8,718.8,1.2917154133001896,0.3578241226854893,0.18200143822878423,0.3550050214459599,0.08726538600577083,0.017904031633995777,0.9301283619270019,1.541593577821053,0.9966979471643795,0.026642091957228005,6,9.379016596298143,1.1053755755743206,1.7327736486902519,9.25
sub-2019cg,cg,D4,231,248.79,474.2,253.8,718.8,1.4178651817570518,0.409354523322596,0.17184700612811601,0.27957630910983766,0.11079939073984181,0.028422770699608448,0.9418160889075465,1.3460899581196635,0.9953644121346991,0.028531442898588576,5,9.382433831639057,0.8817017759169045,1.734613186552162,9.25
sub-2019cg,cg,D5,231,248.79,474.2,253.8,718.8,1.5315567877598342,0.44448043513340535,0.17332007735613075,0.2078355396241115,0.13218093995930166,0.04218300792705067,1.0462617539770254,1.2534726139451258,0.9927985865288436,0.028634416639888107,5,9.386151067972746,0.6396640235648489,1.543832902117541,9.25
sub-2019cg,cg,D6,231,248.79,474.2,253.8,718.8,1.3924787731995918,0.36304161069645147,0.14132312463049257,0.23349604200729787,0.16635671937618263,0.09578250328957547,0.5275669489452135,0.8620143198552247,0.905124122050357,0.08042874284808056,5,9.14062997156761,0.7490406779995672,1.904422536928115,9.25
sub-2019cg,cg,D7,231,248.79,474.2,253.8,718.8,1.5074637313670245,0.4736514204762929,0.12491327931715855,0.19248750721586708,0.13236648365430656,0.07658130933637479,0.7432408592128649,1.048678147087799,0.8999528686197387,0.08995545853417976,4,9.189474248307942,0.740570833762876,1.8415363535241467,9.25
sub-2019cg,cg,D8,231,248.79,474.2,253.8,718.8,1.406811191166439,0.4273280049149987,0.15714940318884957,0.19696151606905968,0.141891263442796,0.07666981238429596,0.8118325442139076,1.1434953138734332,0.9448466460521431,0.07029670183415515,4,9.21120389687901,0.6872754030188234,1.7171085244037838,9.25
sub-2019cg,cg,D9,231,248.79,474.2,253.8,718.8,1.2213276755090772,0.3858409198507152,0.1487329671795498,0.2500822854308491,0.146337491337073,0.06900633620181293,0.6023850424012311,1.123867129310716,0.9481893571667419,0.06887426344321652,5,9.208273205559241,0.7552454754525402,1.8582949462781817,9.25
sub-2019cg,cg,D10,231,248.79,474.2,253.8,718.8,1.2625419677207668,0.43161833627919727,0.15856697860344993,0.237249723428034,0.12574986811135935,0.04681509357795955,0.7620794719221471,1.2558524049878659,0.9826126171503458,0.047004830186249354,6,9.156336778156971,0.7209682217050216,1.9079271698205544,9.25
sub-2019cg,cg,D11,231,248.79,474.2,253.8,718.8,1.2646954719541534,0.3807440218037268,0.18067997005435668,0.29601170777186697,0.11537538281883052,0.027188917551218966,0.8374593120170901,1.3902917734022076,0.9942890428594312,0.031920612550638286,5,9.500734104512729,0.9110408228024726,1.490239852782746,9.25
sub-2019cg,cg,D12,231,248.79,474.2,253.8,718.8,1.2052829565676315,0.338490882291466,0.17275040101892158,0.3694987491539776,0.09934804318224247,0.01991192435339222,0.8048552986595398,1.4854462593976552,0.9941892566749272,0.03543270781175402,4,9.416331239642853,1.1122296687814295,1.597039687169672,9.25
sub-2019cg,cg,D13,231,248.79,474.2,253.8,718.8,1.2392380880364695,0.34589612708354245,0.17644804607174425,0.37739337553424707,0.08501686132485056,0.015245589985615681,0.9504580954042249,1.6311075096654335,0.9952573954990754,0.033185877633424295,5,9.400620497088541,1.1629263260171867,1.622396708434014,9.25
sub-2019cg,cg,D14,231,248.79,474.2,253.8,718.8,1.3273569736127038,0.3941659993396824,0.17457084106407209,0.317730902901777,0.09269682969304098,0.020835427001427563,0.9995194728886632,1.5216032405969764,0.9950632754667154,0.03124960081041658,4,9.417801237729376,1.1070705927577709,1.0000000000000009,9.25
sub-2019cg,cg,D15,231,248.79,474.2,253.8,718.8,1.3113700650646907,0.3416533238216445,0.16640464578355404,0.40869733824101967,0.06927039270780745,0.013974299445974519,1.0003717413133928,1.6479743246228014,0.9952525783145003,0.03370572227284429,4,9.38903480391224,1.321445100751634,1.4342099879795112,9.25
sub-2019cg,cg,D16,231,248.79,474.2,253.8,718.8,1.2437592662590513,0.3138498859531527,0.15977658915654655,0.4386649926783945,0.07331141063880287,0.014397121573103485,0.8829731215570203,1.6044072058803345,0.9952156544835745,0.03291378739104399,4,9.41966525179438,1.4080912201706215,1.2928640464391914,9.25
sub-2019cg,cg,D17,231,248.79,474.2,253.8,718.8,1.1672332800327834,0.3303518566865379,0.1631870543221036,0.40366292183765873,0.0865907397113661,0.016207427442333878,0.8346582202132506,1.5871432468462572,0.9937409049965549,0.03512638878094291,4,9.432035941118533,1.328591180267209,1.1380551905710292,9.25
sub-2019cg,cg,D18,231,248.79,474.2,253.8,718.8,2.2793600316573723,0.3468263715748591,0.20587596004582215,0.17257525836146173,0.21941831868483047,0.05530409133302655,1.7890356038037971,1.1504208278335555,0.9940567871942565,0.023266451965261743,6,9.322625977715658,0.30683553518110784,1.0000000000000002,9.25
sub-2019cg,cg,D19,231,248.79,474.2,253.8,718.8,1.4347375490282042,0.48037702708432606,0.14530840440949958,0.1989079200581379,0.13507123570192348,0.040335412746113006,0.8627512875499395,1.1867699467218804,0.995136075754171,0.02242933791130127,3,9.356372477198942,0.7350243211824071,1.092713175992857,9.25
sub-2019cg,cg,D20,231,248.79,474.2,253.8,718.8,1.1129134394383737,0.34720306807094925,0.16494548417907184,0.2721376037441644,0.16238336340496812,0.05333048060084628,0.535834853476336,1.148674566703253,0.9796787192861031,0.047925411825980195,5,9.409464099468623,0.7855434515011964,1.0000000000000002,9.25
sub-2019cg,cg,D21,231,248.79,474.2,253.8,718.8,1.1844092425154369,0.3288165696878017,0.1409711003097596,0.21121019815866257,0.20277984898184898,0.11622228286192715,0.37195379968635095,0.8558314130132767,0.8853285925375987,0.07912710903677365,5,9.119818740910066,0.6229242067477112,1.5903871307336472,9.25
sub-2019cg,cg,D22,231,248.79,474.2,253.8,718.8,1.6313682441996011,0.45435549037794604,0.1449837645728945,0.1249484156882937,0.18488088068161473,0.09083144867925101,0.9518107446797405,1.0042678810255585,0.927434078582931,0.06301407350938973,4,9.101469104239245,0.3079726434550316,1.2828495870478267,9.25
sub-2019cg,cg,D23,231,248.79,474.2,253.8,718.8,1.4097208358146402,0.3429777318782318,0.14448375750041492,0.17707501724356164,0.2071128817949044,0.12835061158288721,0.539927832470848,0.7973161369052386,0.9021231675908314,0.06734017971188319,5,9.194127273027926,0.5964676487380803,1.388923356510125,9.25
sub-2019cg,cg,D24,231,248.79,474.2,253.8,718.8,2.032917452205937,0.617666641560725,0.12406780202551591,0.08820185109804034,0.11265665595197265,0.05740704936374585,1.4086278410758915,1.1866696850271852,0.9391399178363194,0.07152941284043796,4,9.090039718797811,0.36617755621493475,1.259920530295095,9.25
sub-2019cg,cg,D25,231,248.79,474.2,253.8,718.8,1.1955005900957156,0.3218062731970255,0.1547002780394343,0.24059705939824597,0.1933739056868184,0.08952248367847566,0.4600893412330229,0.9363746984482847,0.936947868334053,0.0629833943839524,5,9.140677026680804,0.6651681035189867,1.6267891051349943,9.25
sub-2019cg,cg,D26,231,248.79,474.2,253.8,718.8,1.165231741162983,0.3143842898165161,0.15636280337111408,0.2532928242662903,0.19321894646208576,0.08274113608399364,0.45587795540228654,0.9611020052957304,0.9459055726351818,0.06088345019656864,5,9.160990919382883,0.6824817509790844,1.6804056441949402,9.25
sub-2019cg,cg,D27,231,248.79,474.2,253.8,718.8,1.2595490857614404,0.3678088150105932,0.172692413578479,0.2740050698705148,0.14906077957596445,0.03643292196444848,0.7812329612171716,1.2725632098615673,0.9884642073412575,0.0389681356295112,5,9.223289259716314,0.7954475923483171,1.7773280059198293,9.25
sub-2019cg,cg,D28,231,248.79,474.2,253.8,718.8,1.1276199357954715,0.32613847266286294,0.16585286211413494,0.35796224508003194,0.12431951495498632,0.02572690518798402,0.7218518279683424,1.4137306537359182,0.9891192368821312,0.04257440852828457,4,9.242491209530245,1.057689187657464,1.712630964296788,9.25
sub-2019cg,cg,D29,231,248.79,474.2,253.8,718.8,1.310720209908485,0.2521588653634609,0.15234703108280237,0.4512179802399227,0.11743144372592396,0.0268446795878899,0.7350391322259593,1.3023522410335662,0.9858054378052621,0.05094250458711534,4,9.327633224118753,1.1352145060557546,2.518692541507199,9.25
sub-2019cg,cg,D30,231,248.79,474.2,253.8,718.8,1.343508074072519,0.24900792188308313,0.15017176045656572,0.44253808864830213,0.12177710206139557,0.036505126950653326,0.6906204749373027,1.1869361626935981,0.9844456942810133,0.04854554378415179,5,9.26946357077175,1.1090905657212458,2.381098561459014,9.25
sub-2019cg,cg,D31,231,248.79,474.2,253.8,718.8,1.6664375252470012,0.2849304200761944,0.14706180142234232,0.4183017631793364,0.1117433151838083,0.03796270013831865,1.0766947372266404,1.2596291001812097,0.9897423775972786,0.03998343245176243,5,9.215039435606323,1.129612668508962,2.1290935472028725,9.25
sub-2019cg,cg,D32,231,248.79,474.2,253.8,718.8,1.671418928587304,0.28017685129517594,0.14516939776391233,0.420566820098499,0.11182018943311067,0.04226674140930201,1.0816788350107878,1.2804438047663078,0.9890326014539395,0.040604395031080584,4,9.175329043249958,1.1746133254556022,2.047137789757725,9.25
sub-2019cg,cg,ROI_posterior,231,248.79,474.2,253.8,718.8,1.7265523895866912,0.23185768012087124,0.13777163041425602,0.5358786688938267,0.08122956130948464,0.013262459261561265,1.213942600815927,1.5234668491565102,0.9955909138219711,0.031183365755307405,4,9.281052434973114,1.387171771761385,2.5298450857736827,9.25
sub-2019cg,cg,ROI_central,231,248.79,474.2,253.8,718.8,1.3207270545951095,0.37035715786604473,0.15974227096643362,0.3432526044107252,0.10191922909697101,0.02472873765982546,0.8813779750878181,1.4026013639186719,0.9963476540360362,0.024642288905259328,4,9.363969867714365,1.1311568170824713,1.312658746081106,9.25
sub-2019cg,cg,ROI_frontal,231,248.79,474.2,253.8,718.8,1.32704063862539,0.37602160995742784,0.1793559103128448,0.3338096730173314,0.08916449660988136,0.021648310102514702,0.9082371470729765,1.4604891063057905,0.9963339597057848,0.027422157701259085,5,9.351572026395862,1.0532842385034218,1.8567004991316676,9.25
sub-2019cg,cg,ROI_global,231,248.79,474.2,253.8,718.8,1.7247112494282575,0.3886109078805768,0.14475933729076507,0.29490932460696095,0.12876779867098004,0.04295263155071711,1.0974862743952154,1.1518877922804052,0.9966979294361116,0.019563318114277053,5,9.361871878140365,0.9531073880546442,1.4738306004625839,9.25
