variant,cell,model,rep,row_auc,row_acc,row_ba,subj_auc,subj_ba,row_GD,row_Sen,row_Spe,row_F1,subj_GD,subj_ACC,subj_Sen,subj_Spe,subj_F1
closed_only,N1,RF,0,0.8349802371541502,0.7455357142857143,0.724802371541502,0.8527667984189724,0.7546113306982872,0.49632068076839125,0.6086956521739131,0.8409090909090909,0.6627218934911243,0.4512367176731874,0.7767857142857143,0.6304347826086957,0.8787878787878788,0.6987951807228916
closed_only,N1,RF,1,0.8244400527009222,0.7633928571428571,0.7498353096179183,0.8404150197628459,0.7394598155467721,0.4542380429899106,0.6739130434782609,0.8257575757575758,0.7005649717514124,0.47316736458648395,0.7589285714285714,0.6304347826086957,0.8484848484848485,0.6823529411764706
closed_only,N1,RF,2,0.8505434782608696,0.78125,0.7666337285902504,0.876646903820817,0.80566534914361,0.4282219446680663,0.6847826086956522,0.8484848484848485,0.72,0.36459063501547995,0.8214285714285714,0.717391304347826,0.8939393939393939,0.7674418604651163
closed_only,N1,RF,3,0.8567605401844532,0.7678571428571429,0.7536231884057971,0.880270092226614,0.8122529644268774,0.44859995610410525,0.6739130434782609,0.8333333333333334,0.7045454545454546,0.3522195392172385,0.8214285714285714,0.7608695652173914,0.8636363636363636,0.7777777777777778
closed_only,N1,RF,4,0.8325510540184453,0.7410714285714286,0.724308300395257,0.8560606060606061,0.7536231884057971,0.494632484893431,0.6304347826086957,0.8181818181818182,0.6666666666666666,0.44859995610410525,0.7678571428571429,0.6739130434782609,0.8333333333333334,0.7045454545454546
closed_only,N1,RF,5,0.8373270750988142,0.7544642857142857,0.7373188405797102,0.8649538866930172,0.7872200263504612,0.47513770316641,0.6413043478260869,0.8333333333333334,0.6820809248554913,0.3955397781877011,0.8035714285714286,0.6956521739130435,0.8787878787878788,0.7441860465116279
closed_only,N1,RF,6,0.8325922266139657,0.7321428571428571,0.7150856389986824,0.8509552042160738,0.7308959156785244,0.5085185750226403,0.6195652173913043,0.8106060606060606,0.6551724137931034,0.4819853826670432,0.7410714285714286,0.6739130434782609,0.7878787878787878,0.6813186813186813
closed_only,N1,RF,7,0.8347332015810276,0.7544642857142857,0.7389657444005271,0.8565546772068511,0.7905138339920948,0.47179898062830117,0.6521739130434783,0.8257575757575758,0.6857142857142857,0.389058994909285,0.8035714285714286,0.717391304347826,0.8636363636363636,0.75
closed_only,N1,RF,8,0.8382328722002635,0.7455357142857143,0.7297430830039526,0.8540843214756259,0.7503293807641633,0.4859550005796468,0.6413043478260869,0.8181818181818182,0.6742857142857143,0.45522647113030207,0.7678571428571429,0.6521739130434783,0.8484848484848485,0.6976744186046512
closed_only,N1,RF,9,0.8274456521739131,0.7366071428571429,0.7238142292490118,0.8537549407114624,0.7644927536231885,0.4934852195290377,0.6521739130434783,0.7954545454545454,0.6703910614525139,0.43085028811487985,0.7767857142857143,0.6956521739130435,0.8333333333333334,0.7191011235955056
closed_only,N1,SVM,0,0.7863965744400528,0.6964285714285714,0.6996047430830039,0.7928194993412385,0.714756258234519,0.5257812922005681,0.717391304347826,0.6818181818181818,0.66,0.5042325831104393,0.7142857142857143,0.717391304347826,0.7121212121212122,0.673469387755102
closed_only,N1,SVM,1,0.7616930171277998,0.7098214285714286,0.714262187088274,0.770421607378129,0.7038866930171278,0.5052382919315582,0.7391304347826086,0.6893939393939394,0.6766169154228856,0.5197930398150857,0.7053571428571429,0.6956521739130435,0.7121212121212122,0.6597938144329897
closed_only,N1,SVM,2,0.7728919631093544,0.6875,0.6821475625823452,0.7849143610013175,0.7081686429512517,0.5507492575521317,0.6521739130434783,0.7121212121212122,0.631578947368421,0.5143195168330313,0.7142857142857143,0.6739130434782609,0.7424242424242424,0.6595744680851063
closed_only,N1,SVM,3,0.7856554677206851,0.7053571428571429,0.7055335968379447,0.7908432147562582,0.7038866930171278,0.5173859161934454,0.7065217391304348,0.7045454545454546,0.6632653061224489,0.5197930398150857,0.7053571428571429,0.6956521739130435,0.7121212121212122,0.6597938144329897
closed_only,N1,SVM,4,0.7744565217391304,0.7098214285714286,0.714262187088274,0.785243741765481,0.7071805006587615,0.5052382919315582,0.7391304347826086,0.6893939393939394,0.6766169154228856,0.5150665027697623,0.7053571428571429,0.717391304347826,0.696969696969697,0.6666666666666666
closed_only,N1,SVM,5,0.785737812911726,0.7276785714285714,0.7310606060606061,0.7938076416337286,0.719038208168643,0.4808139741734773,0.75,0.7121212121212122,0.6934673366834171,0.49827495765774527,0.7232142857142857,0.6956521739130435,0.7424242424242424,0.6736842105263158
closed_only,N1,SVM,6,0.7611166007905139,0.6741071428571429,0.6674901185770752,0.7691040843214757,0.6712779973649539,0.5710471989944523,0.6304347826086957,0.7045454545454546,0.6137566137566137,0.5661473880333556,0.6785714285714286,0.6304347826086957,0.7121212121212122,0.6170212765957447
closed_only,N1,SVM,7,0.7738801054018445,0.7053571428571429,0.7104743083003953,0.7773386034255599,0.7038866930171278,0.5107178397345157,0.7391304347826086,0.6818181818181818,0.6732673267326733,0.5197930398150857,0.7053571428571429,0.6956521739130435,0.7121212121212122,0.6597938144329897
closed_only,N1,SVM,8,0.783102766798419,0.7098214285714286,0.714262187088274,0.7934782608695653,0.7071805006587615,0.5052382919315582,0.7391304347826086,0.6893939393939394,0.6766169154228856,0.5150665027697623,0.7053571428571429,0.717391304347826,0.696969696969697,0.6666666666666666
closed_only,N1,SVM,9,0.7656455862977603,0.7142857142857143,0.7131093544137023,0.7727272727272727,0.7299077733860342,0.5066213292465149,0.7065217391304348,0.7196969696969697,0.6701030927835051,0.4821875022622147,0.7321428571428571,0.717391304347826,0.7424242424242424,0.6875
closed_only,N2,RF,0,0.8204874835309618,0.7633928571428571,0.7465415019762847,0.8404150197628458,0.773056653491436,0.4607799662396505,0.6521739130434783,0.8409090909090909,0.6936416184971098,0.4212954886832184,0.7946428571428571,0.6521739130434783,0.8939393939393939,0.7228915662650602
closed_only,N2,RF,1,0.806941699604743,0.7455357142857143,0.7297430830039526,0.8246047430830039,0.7351778656126482,0.4859550005796468,0.6413043478260869,0.8181818181818182,0.6742857142857143,0.4772644699544747,0.75,0.6521739130434783,0.8181818181818182,0.6818181818181818
closed_only,N2,RF,2,0.8221755599472992,0.7544642857142857,0.7307312252964426,0.844532279314888,0.7361660079051384,0.4895003871637087,0.5978260869565217,0.8636363636363636,0.6666666666666666,0.4804343428969489,0.7589285714285714,0.6086956521739131,0.8636363636363636,0.6746987951807228
closed_only,N2,RF,3,0.8120471014492754,0.7232142857142857,0.7042160737812911,0.8448616600790513,0.7611989459815547,0.5256610066959211,0.5978260869565217,0.8106060606060606,0.6395348837209303,0.43723518382796017,0.7767857142857143,0.6739130434782609,0.8484848484848485,0.7126436781609196
closed_only,N2,RF,4,0.8050889328063242,0.7366071428571429,0.7205204216073782,0.8227931488801055,0.7101449275362319,0.4999259967211687,0.6304347826086957,0.8106060606060606,0.6628571428571428,0.5191005147247775,0.7321428571428571,0.5869565217391305,0.8333333333333334,0.6428571428571429
closed_only,N2,RF,5,0.8381093544137022,0.7633928571428571,0.7448945981554678,0.86034255599473,0.7546113306982872,0.4642034570567138,0.6413043478260869,0.8484848484848485,0.6900584795321637,0.4512367176731874,0.7767857142857143,0.6304347826086957,0.8787878787878788,0.6987951807228916
closed_only,N2,RF,6,0.8168231225296442,0.75,0.7351778656126482,0.8326745718050065,0.7167325428194993,0.4772644699544747,0.6521739130434783,0.8181818181818182,0.6818181818181818,0.5051905032272976,0.7321428571428571,0.6304347826086957,0.803030303030303,0.6590909090909091
closed_only,N2,RF,7,0.8056241765480896,0.71875,0.7037220026350461,0.8341567852437417,0.7503293807641633,0.5240122516352335,0.6195652173913043,0.7878787878787878,0.6440677966101694,0.45522647113030207,0.7678571428571429,0.6521739130434783,0.8484848484848485,0.6976744186046512
closed_only,N2,RF,8,0.8124176548089591,0.7098214285714286,0.6977931488801055,0.8306982872200264,0.7091567852437417,0.5310814453965307,0.6304347826086957,0.7651515151515151,0.6408839779005525,0.5156328506328471,0.7232142857142857,0.6304347826086957,0.7878787878787878,0.651685393258427
closed_only,N2,RF,9,0.8217226613965743,0.7410714285714286,0.7210144927536233,0.8526021080368906,0.743741765480896,0.5015581405738939,0.6086956521739131,0.8333333333333334,0.6588235294117647,0.46969859468862135,0.7678571428571429,0.6086956521739131,0.8787878787878788,0.6829268292682927
closed_only,N2,SVM,0,0.751564558629776,0.7053571428571429,0.7038866930171278,0.7743741765480896,0.6745718050065876,0.5197930398150857,0.6956521739130435,0.7121212121212122,0.6597938144329897,0.5607943974311749,0.6785714285714286,0.6521739130434783,0.696969696969697,0.625
closed_only,N2,SVM,1,0.7336956521739131,0.6696428571428571,0.6669960474308301,0.7486824769433466,0.6745718050065876,0.5707244803455497,0.6521739130434783,0.6818181818181818,0.6185567010309279,0.5607943974311749,0.6785714285714286,0.6521739130434783,0.696969696969697,0.625
closed_only,N2,SVM,2,0.7383069828722003,0.65625,0.6473978919631094,0.7503293807641633,0.652832674571805,0.5984995510646995,0.5978260869565217,0.696969696969697,0.5882352941176471,0.5909878806152989,0.6607142857142857,0.6086956521739131,0.696969696969697,0.5957446808510638
closed_only,N2,SVM,3,0.7232378129117261,0.6785714285714286,0.6745718050065876,0.7368247694334652,0.685441370223979,0.5607943974311749,0.6521739130434783,0.696969696969697,0.625,0.5456099296137905,0.6875,0.6739130434782609,0.696969696969697,0.6391752577319587
closed_only,N2,SVM,4,0.7536231884057971,0.6785714285714286,0.6745718050065876,0.7691040843214756,0.7256258234519104,0.5607943974311749,0.6521739130434783,0.696969696969697,0.625,0.4886273431727837,0.7232142857142857,0.7391304347826086,0.7121212121212122,0.6868686868686869
closed_only,N2,SVM,5,0.7705039525691699,0.7053571428571429,0.6940052700922266,0.7905138339920947,0.7374835309617918,0.5361742319709896,0.6304347826086957,0.7575757575757576,0.6373626373626373,0.47097154571425626,0.7410714285714286,0.717391304347826,0.7575757575757576,0.6947368421052632
closed_only,N2,SVM,6,0.7186264822134387,0.6383928571428571,0.6207180500658762,0.7355072463768115,0.6429512516469038,0.6379852038642647,0.5217391304347826,0.7196969696969697,0.5423728813559322,0.6095001836667521,0.6607142857142857,0.5434782608695652,0.7424242424242424,0.5681818181818182
closed_only,N2,SVM,7,0.7331192358366272,0.6696428571428571,0.6604084321475626,0.7546113306982873,0.6561264822134387,0.5814909521056142,0.6086956521739131,0.7121212121212122,0.6021505376344086,0.5855834082252084,0.6607142857142857,0.6304347826086957,0.6818181818181818,0.6041666666666666
closed_only,N2,SVM,8,0.740612648221344,0.7053571428571429,0.7038866930171278,0.7509881422924901,0.6669960474308301,0.5197930398150857,0.6956521739130435,0.7121212121212122,0.6597938144329897,0.5707244803455497,0.6696428571428571,0.6521739130434783,0.6818181818181818,0.6185567010309279
closed_only,N2,SVM,9,0.7191205533596838,0.6651785714285714,0.6566205533596838,0.7341897233201581,0.6343873517786561,0.5862526538821828,0.6086956521739131,0.7045454545454546,0.5989304812834224,0.6151127045886304,0.6428571428571429,0.5869565217391305,0.6818181818181818,0.574468085106383
closed_only,N3,RF,0,0.6976696310935441,0.6428571428571429,0.6261528326745718,0.7052042160737813,0.61034255599473,0.6303874454645593,0.532608695652174,0.7196969696969697,0.550561797752809,0.656176032093326,0.6339285714285714,0.4782608695652174,0.7424242424242424,0.5176470588235295
closed_only,N3,RF,1,0.664649209486166,0.6428571428571429,0.6228590250329381,0.6709486166007905,0.591897233201581,0.6371633210321027,0.5108695652173914,0.7348484848484849,0.5402298850574713,0.6793164968053826,0.6160714285714286,0.45652173913043476,0.7272727272727273,0.49411764705882355
closed_only,N3,RF,2,0.6982872200263505,0.6294642857142857,0.6164361001317523,0.7093214756258235,0.6495388669301714,0.6401057655739059,0.5434782608695652,0.6893939393939394,0.546448087431694,0.5967748182648382,0.6607142857142857,0.5869565217391305,0.7121212121212122,0.5869565217391305
closed_only,N3,RF,3,0.6631669960474308,0.625,0.6110013175230566,0.6683135704874835,0.6126482213438735,0.6474449090110335,0.532608695652174,0.6893939393939394,0.5384615384615384,0.6443767083795431,0.625,0.5434782608695652,0.6818181818181818,0.5434782608695652
closed_only,N3,RF,4,0.6812829380764163,0.625,0.6093544137022397,0.6872529644268774,0.5984848484848485,0.6506071019156129,0.5217391304347826,0.696969696969697,0.5333333333333333,0.6653254273340747,0.6160714285714286,0.5,0.696969696969697,0.5168539325842697
closed_only,N3,RF,5,0.6224884716732543,0.6116071428571429,0.5897562582345192,0.6246706192358367,0.5876152832674573,0.6795565011149688,0.4673913043478261,0.7121212121212122,0.49710982658959535,0.6799611857657604,0.6071428571428571,0.4782608695652174,0.696969696969697,0.5
closed_only,N3,RF,6,0.6830945322793148,0.6339285714285714,0.621870882740448,0.6923583662714098,0.6159420289855072,0.6327478230541317,0.5543478260869565,0.6893939393939394,0.5543478260869565,0.6385218511070218,0.625,0.5652173913043478,0.6666666666666666,0.5531914893617021
closed_only,N3,RF,7,0.7121212121212122,0.6428571428571429,0.6327404479578393,0.7213438735177864,0.686429512516469,0.6179778215704017,0.5760869565217391,0.6893939393939394,0.5698924731182796,0.5462757023526426,0.6964285714285714,0.6304347826086957,0.7424242424242424,0.6304347826086957
closed_only,N3,RF,8,0.6976284584980237,0.65625,0.6342226613965745,0.7132740447957838,0.63965744400527,0.6243711664888324,0.5108695652173914,0.7575757575757576,0.5497076023391813,0.616439904220548,0.6607142857142857,0.5217391304347826,0.7575757575757576,0.5581395348837209
closed_only,N3,RF,9,0.6704957180500659,0.625,0.6060606060606061,0.6714426877470355,0.5398550724637681,0.657214581976332,0.5,0.7121212121212122,0.5227272727272727,0.7370386710977289,0.5625,0.41304347826086957,0.6666666666666666,0.4367816091954023
closed_only,N3,SVM,0,0.6914525691699606,0.6696428571428571,0.6669960474308301,0.6989459815546771,0.6485507246376812,0.5707244803455497,0.6521739130434783,0.6818181818181818,0.6185567010309279,0.5951364488667239,0.6517857142857143,0.6304347826086957,0.6666666666666666,0.5979381443298969
closed_only,N3,SVM,1,0.6302700922266139,0.6071428571428571,0.5810276679841897,0.6376811594202898,0.577733860342556,0.6943444591873862,0.43478260869565216,0.7272727272727273,0.47619047619047616,0.7021172243759796,0.6071428571428571,0.41304347826086957,0.7424242424242424,0.4634146341463415
closed_only,N3,SVM,2,0.6309288537549407,0.6383928571428571,0.6256587615283268,0.63866930171278,0.6202239789196311,0.6283829789804123,0.5543478260869565,0.696969696969697,0.5573770491803278,0.6358099057235812,0.6339285714285714,0.5434782608695652,0.696969696969697,0.5494505494505495
closed_only,N3,SVM,3,0.6668313570487483,0.6339285714285714,0.61034255599473,0.6735836627140974,0.5886034255599473,0.656176032093326,0.4782608695652174,0.7424242424242424,0.5176470588235295,0.6868896994030615,0.6160714285714286,0.43478260869565216,0.7424242424242424,0.4819277108433735
closed_only,N3,SVM,4,0.6761363636363635,0.6428571428571429,0.6327404479578393,0.6844532279314888,0.6202239789196311,0.6179778215704017,0.5760869565217391,0.6893939393939394,0.5698924731182796,0.6358099057235812,0.6339285714285714,0.5434782608695652,0.696969696969697,0.5494505494505495
closed_only,N3,SVM,5,0.6074604743083004,0.6339285714285714,0.6169301712779973,0.6149538866930172,0.5843214756258235,0.6422175445409191,0.5217391304347826,0.7121212121212122,0.5393258426966292,0.6869612195533441,0.6071428571428571,0.45652173913043476,0.7121212121212122,0.4883720930232558
closed_only,N3,SVM,6,0.6850296442687747,0.6294642857142857,0.6164361001317523,0.6930171277997365,0.6419631093544138,0.6401057655739059,0.5434782608695652,0.6893939393939394,0.546448087431694,0.6059955434685655,0.6517857142857143,0.5869565217391305,0.696969696969697,0.5806451612903226
closed_only,N3,SVM,7,0.6782773386034255,0.6294642857142857,0.6180830039525691,0.6890645586297761,0.5942028985507246,0.6370875528785627,0.5543478260869565,0.6818181818181818,0.5513513513513514,0.6670913549735464,0.6071428571428571,0.5217391304347826,0.6666666666666666,0.5217391304347826
closed_only,N3,SVM,8,0.7149209486166008,0.6473214285714286,0.6398221343873518,0.7180500658761528,0.6126482213438735,0.6077539974439414,0.5978260869565217,0.6818181818181818,0.582010582010582,0.6443767083795431,0.625,0.5434782608695652,0.6818181818181818,0.5434782608695652
closed_only,N3,SVM,9,0.685935441370224,0.6339285714285714,0.6235177865612648,0.6933465085638999,0.6310935441370225,0.6297800952309925,0.5652173913043478,0.6818181818181818,0.5591397849462365,0.6209378850570858,0.6428571428571429,0.5652173913043478,0.696969696969697,0.5652173913043478
closed_only,N4,RF,0,0.6503211462450593,0.6160714285714286,0.5902503293807642,0.6561264822134387,0.5928853754940712,0.683054345290906,0.44565217391304346,0.7348484848484849,0.4880952380952381,0.6874994137207036,0.625,0.41304347826086957,0.7727272727272727,0.475
closed_only,N4,RF,1,0.633399209486166,0.6294642857142857,0.6098484848484849,0.63866930171278,0.5550065876152833,0.6531222510602079,0.5,0.7196969696969697,0.5257142857142857,0.7233397742858895,0.5803571428571429,0.41304347826086957,0.696969696969697,0.4470588235294118
closed_only,N4,RF,2,0.6626317523056654,0.6160714285714286,0.605072463768116,0.6653491436100132,0.6235177865612648,0.6528446532083974,0.5434782608695652,0.6666666666666666,0.5376344086021505,0.6297800952309925,0.6339285714285714,0.5652173913043478,0.6818181818181818,0.5591397849462365
closed_only,N4,RF,3,0.6340579710144926,0.6071428571428571,0.589262187088274,0.639163372859025,0.5658761528326746,0.6766032102232873,0.4891304347826087,0.6893939393939394,0.5056179775280899,0.708971493762321,0.5892857142857143,0.43478260869565216,0.696969696969697,0.46511627906976744
closed_only,N4,RF,4,0.62207674571805,0.5625,0.5349143610013176,0.6240118577075099,0.544137022397892,0.7479568172217681,0.3804347826086957,0.6893939393939394,0.4166666666666667,0.7376128822248114,0.5714285714285714,0.391304347826087,0.696969696969697,0.42857142857142855
closed_only,N4,RF,5,0.5342555994729908,0.5178571428571429,0.4937417654808959,0.536231884057971,0.4627799736495389,0.7860098033082064,0.358695652173913,0.6287878787878788,0.3793103448275862,0.8202207851891883,0.49107142857142855,0.30434782608695654,0.6212121212121212,0.32941176470588235
closed_only,N4,RF,6,0.6557147562582345,0.6116071428571429,0.5996376811594203,0.6648550724637681,0.6202239789196311,0.6599778046437909,0.532608695652174,0.6666666666666666,0.5297297297297298,0.6358099057235812,0.6339285714285714,0.5434782608695652,0.696969696969697,0.5494505494505495
closed_only,N4,RF,7,0.6893939393939394,0.6517857142857143,0.6403162055335969,0.6921936758893281,0.6353754940711462,0.6089468861450592,0.5760869565217391,0.7045454545454546,0.5760869565217391,0.6183732440902429,0.6517857142857143,0.5434782608695652,0.7272727272727273,0.5617977528089888
closed_only,N4,RF,8,0.6854413702239789,0.6517857142857143,0.6370223978919631,0.69532279314888,0.6353754940711462,0.6151357263749926,0.5543478260869565,0.7196969696969697,0.5666666666666667,0.6183732440902429,0.6517857142857143,0.5434782608695652,0.7272727272727273,0.5617977528089888
closed_only,N4,RF,9,0.6256999341238472,0.5892857142857143,0.5625823451910409,0.6320816864295125,0.577733860342556,0.716357149159462,0.41304347826086957,0.7121212121212122,0.4523809523809524,0.7021172243759796,0.6071428571428571,0.41304347826086957,0.7424242424242424,0.4634146341463415
closed_only,N4,SVM,0,0.6338109354413701,0.59375,0.5844861660079052,0.636034255599473,0.5790513833992095,0.6763516471586156,0.532608695652174,0.6363636363636364,0.5185185185185185,0.6831931421476998,0.5892857142857143,0.5217391304347826,0.6363636363636364,0.5106382978723404
closed_only,N4,SVM,1,0.5657938076416337,0.5446428571428571,0.5247035573122529,0.5721343873517786,0.5540184453227931,0.7503929818893491,0.41304347826086957,0.6363636363636364,0.42696629213483145,0.7166063988969913,0.5714285714285714,0.45652173913043476,0.6515151515151515,0.4666666666666667
closed_only,N4,SVM,2,0.5807394598155468,0.5982142857142857,0.5734519104084321,0.5815217391304348,0.5951910408432148,0.7017044931174377,0.43478260869565216,0.7121212121212122,0.47058823529411764,0.6721302277457323,0.6160714285714286,0.4782608695652174,0.7121212121212122,0.5057471264367817
closed_only,N4,SVM,3,0.5455780632411067,0.5714285714285714,0.5391963109354414,0.546772068511199,0.5559947299077734,0.7494108494728062,0.358695652173913,0.7196969696969697,0.4074074074074074,0.7323014814987076,0.5892857142857143,0.3695652173913043,0.7424242424242424,0.425
closed_only,N4,SVM,4,0.610836627140975,0.5446428571428571,0.5181159420289855,0.6101778656126482,0.5474308300395256,0.7643515152812455,0.3695652173913043,0.6666666666666666,0.4,0.7302330759199314,0.5714285714285714,0.41304347826086957,0.6818181818181818,0.4418604651162791
closed_only,N4,SVM,5,0.5308382740447958,0.5401785714285714,0.5110342555994729,0.5360671936758894,0.5474308300395256,0.7748853860893768,0.34782608695652173,0.6742424242424242,0.38323353293413176,0.7302330759199314,0.5714285714285714,0.41304347826086957,0.6818181818181818,0.4418604651162791
closed_only,N4,SVM,6,0.6293642951251647,0.5982142857142857,0.5734519104084321,0.6385046113306982,0.5701581027667985,0.7017044931174377,0.43478260869565216,0.7121212121212122,0.47058823529411764,0.709283536474905,0.5982142857142857,0.41304347826086957,0.7272727272727273,0.4578313253012048
closed_only,N4,SVM,7,0.6057312252964426,0.6026785714285714,0.5755928853754941,0.6103425559947299,0.5701581027667985,0.7018252740985229,0.42391304347826086,0.7272727272727273,0.46706586826347307,0.709283536474905,0.5982142857142857,0.41304347826086957,0.7272727272727273,0.4578313253012048
closed_only,N4,SVM,8,0.6540266798418972,0.6026785714285714,0.5871212121212122,0.6615612648221344,0.5833333333333333,0.6773101735906778,0.5,0.6742424242424242,0.5082872928176796,0.6812574848038557,0.5982142857142857,0.5,0.6666666666666666,0.5054945054945055
closed_only,N4,SVM,9,0.6121953227931489,0.59375,0.5828392621870883,0.6110013175230566,0.5757575757575757,0.6792028656755648,0.5217391304347826,0.6439393939393939,0.5133689839572193,0.6890818948079004,0.5892857142857143,0.5,0.6515151515151515,0.5
closed_only,P,RF,0,0.6857707509881422,0.6383928571428571,0.6042490118577075,0.6968050065876152,0.6340579710144928,0.6762792813404429,0.41304347826086957,0.7954545454545454,0.4840764331210191,0.6400723649301889,0.6696428571428571,0.43478260869565216,0.8333333333333334,0.5194805194805194
closed_only,P,RF,1,0.6322052042160738,0.6071428571428571,0.5678524374176548,0.6408102766798419,0.6014492753623188,0.7278544970711068,0.34782608695652173,0.7878787878787878,0.42105263157894735,0.6908416918627253,0.6428571428571429,0.3695652173913043,0.8333333333333334,0.4594594594594595
closed_only,P,RF,2,0.6552206851119895,0.6383928571428571,0.6190711462450593,0.6615612648221344,0.5876152832674573,0.6413761163672494,0.5108695652173914,0.7272727272727273,0.5371428571428571,0.6799611857657604,0.6071428571428571,0.4782608695652174,0.696969696969697,0.5
closed_only,P,RF,3,0.6130187747035573,0.5892857142857143,0.5559947299077734,0.6184123847167327,0.5517127799736495,0.7323014814987076,0.3695652173913043,0.7424242424242424,0.425,0.730916429112921,0.5803571428571429,0.391304347826087,0.7121212121212122,0.43373493975903615
closed_only,P,RF,4,0.6525032938076416,0.6116071428571429,0.5848155467720685,0.6562911725955205,0.5961791831357048,0.690629027356196,0.43478260869565216,0.7348484848484849,0.47904191616766467,0.6793384819153927,0.625,0.43478260869565216,0.7575757575757576,0.4878048780487805
closed_only,P,RF,5,0.5789690382081686,0.5892857142857143,0.560935441370224,0.5831686429512517,0.5853096179183136,0.7201951245464475,0.40217391304347827,0.7196969696969697,0.4457831325301205,0.6948564528363865,0.6160714285714286,0.41304347826086957,0.7575757575757576,0.4691358024691358
closed_only,P,RF,6,0.6226531620553359,0.5892857142857143,0.560935441370224,0.633399209486166,0.5375494071146245,0.7201951245464475,0.40217391304347827,0.7196969696969697,0.4457831325301205,0.7535420599813746,0.5714285714285714,0.34782608695652173,0.7272727272727273,0.4
closed_only,P,RF,7,0.7027338603425559,0.6741071428571429,0.655961791831357,0.7045454545454546,0.6245059288537549,0.5925359367051345,0.5543478260869565,0.7575757575757576,0.5828571428571429,0.6337275549041123,0.6428571428571429,0.5217391304347826,0.7272727272727273,0.5454545454545454
closed_only,P,RF,8,0.6502388010540184,0.6116071428571429,0.5881093544137023,0.6669960474308301,0.5843214756258235,0.6831508361033799,0.45652173913043476,0.7196969696969697,0.49122807017543857,0.6869612195533441,0.6071428571428571,0.45652173913043476,0.7121212121212122,0.4883720930232558
closed_only,P,RF,9,0.667078392621871,0.6339285714285714,0.5988142292490118,0.6684782608695652,0.6189064558629775,0.6843750466075733,0.40217391304347827,0.7954545454545454,0.47435897435897434,0.6560882032335477,0.6517857142857143,0.43478260869565216,0.803030303030303,0.5063291139240507
closed_only,P,RF,10,0.5549242424242424,0.5848214285714286,0.5538537549407114,0.5704874835309617,0.5451251646903821,0.731519838182835,0.3804347826086957,0.7272727272727273,0.4294478527607362,0.7472537192734436,0.5803571428571429,0.34782608695652173,0.7424242424242424,0.4050632911392405
closed_only,P,RF,11,0.5949028326745718,0.5982142857142857,0.5816864295125165,0.5973320158102767,0.6027667984189724,0.6844306071124592,0.4891304347826087,0.6742424242424242,0.5,0.664202390874771,0.625,0.4782608695652174,0.7272727272727273,0.5116279069767442
closed_only,P,RF,12,0.6469449934123848,0.6205357142857143,0.5841567852437417,0.6492094861660078,0.5602766798418972,0.7040454031372306,0.3804347826086957,0.7878787878787878,0.45161290322580644,0.7344118439407766,0.5982142857142857,0.34782608695652173,0.7727272727272727,0.4155844155844156
closed_only,P,RF,13,0.671483860342556,0.6383928571428571,0.610836627140975,0.6767127799736495,0.6146245059288538,0.6597780654734345,0.45652173913043476,0.7651515151515151,0.509090909090909,0.6557955288736061,0.6428571428571429,0.45652173913043476,0.7727272727272727,0.5121951219512195
closed_only,P,RF,14,0.6573616600790514,0.6473214285714286,0.6200592885375494,0.6640316205533597,0.6146245059288538,0.6478182835369559,0.4673913043478261,0.7727272727272727,0.5212121212121212,0.6557955288736061,0.6428571428571429,0.45652173913043476,0.7727272727272727,0.5121951219512195
closed_only,P,RF,15,0.6287878787878788,0.6071428571428571,0.5843214756258235,0.6386693017127799,0.577733860342556,0.6869612195533441,0.45652173913043476,0.7121212121212122,0.4883720930232558,0.7021172243759796,0.6071428571428571,0.41304347826086957,0.7424242424242424,0.4634146341463415
closed_only,P,RF,16,0.6063899868247694,0.5803571428571429,0.5550065876152833,0.6091897233201582,0.5625823451910409,0.7233397742858895,0.41304347826086957,0.696969696969697,0.4470588235294118,0.716357149159462,0.5892857142857143,0.41304347826086957,0.7121212121212122,0.4523809523809524
closed_only,P,RF,17,0.6812005928853755,0.6607142857142857,0.6363636363636364,0.6931818181818181,0.6656785243741765,0.6237680996041425,0.5,0.7727272727272727,0.5476190476190477,0.5822435923112987,0.6875,0.5434782608695652,0.7878787878787878,0.5882352941176471
closed_only,P,RF,18,0.7405303030303031,0.6741071428571429,0.6477272727272727,0.7542819499341239,0.6808300395256917,0.6107974332533191,0.5,0.7954545454545454,0.5575757575757576,0.5635269043106352,0.7053571428571429,0.5434782608695652,0.8181818181818182,0.6024096385542169
closed_only,P,RF,19,0.689064558629776,0.6517857142857143,0.6287878787878788,0.705862977602108,0.5994729907773386,0.6322834242591494,0.5,0.7575757575757576,0.5411764705882353,0.671575110591232,0.625,0.45652173913043476,0.7424242424242424,0.5
closed_only,P,SVM,0,0.6595438076416338,0.5982142857142857,0.5553359683794467,0.6577733860342556,0.564558629776021,0.7483835954727018,0.31521739130434784,0.7954545454545454,0.3918918918918919,0.7372745001935058,0.6071428571428571,0.32608695652173914,0.803030303030303,0.40540540540540543
closed_only,P,SVM,1,0.5723814229249011,0.5625,0.5464426877470355,0.5760869565217391,0.5497364953886693,0.7237922290877778,0.45652173913043476,0.6363636363636364,0.46153846153846156,0.7177189026220214,0.5625,0.4782608695652174,0.6212121212121212,0.4731182795698925
closed_only,P,SVM,2,0.563570487483531,0.53125,0.5133399209486166,0.5652173913043479,0.5171277997364954,0.7601898504971749,0.41304347826086957,0.6136363636363636,0.4198895027624309,0.7569447074981582,0.5357142857142857,0.41304347826086957,0.6212121212121212,0.4222222222222222
closed_only,P,SVM,3,0.5182806324110671,0.5267857142857143,0.5194334650856389,0.5202569169960475,0.5312911725955204,0.7463394317163587,0.4782608695652174,0.5606060606060606,0.4536082474226804,0.737904048336597,0.5446428571428571,0.45652173913043476,0.6060606060606061,0.45161290322580644
closed_only,P,SVM,4,0.5919384057971014,0.5758928571428571,0.5594532279314888,0.5910737812911725,0.5942028985507246,0.7097590927043329,0.4673913043478261,0.6515151515151515,0.47513812154696133,0.6670913549735464,0.6071428571428571,0.5217391304347826,0.6666666666666666,0.5217391304347826
closed_only,P,SVM,5,0.5944911067193676,0.5401785714285714,0.4912714097496706,0.5994729907773385,0.4733201581027668,0.8280633011250558,0.21739130434782608,0.7651515151515151,0.27972027972027974,0.8554275856656042,0.5267857142857143,0.17391304347826086,0.7727272727272727,0.2318840579710145
closed_only,P,SVM,6,0.6282938076416336,0.6026785714285714,0.564064558629776,0.6403162055335968,0.5385375494071146,0.7311447432396393,0.34782608695652173,0.7803030303030303,0.41830065359477125,0.7652368341481279,0.5803571428571429,0.30434782608695654,0.7727272727272727,0.37333333333333335
closed_only,P,SVM,7,0.6141304347826088,0.5982142857142857,0.5619235836627141,0.6124835309617918,0.563570487483531,0.729967915373067,0.358695652173913,0.7651515151515151,0.4230769230769231,0.7256280749441475,0.5982142857142857,0.3695652173913043,0.7575757575757576,0.43037974683544306
closed_only,P,SVM,8,0.6455862977602108,0.5803571428571429,0.5451251646903821,0.6442687747035574,0.5484189723320159,0.7472537192734436,0.34782608695652173,0.7424242424242424,0.4050632911392405,0.7388847573067978,0.5803571428571429,0.3695652173913043,0.7272727272727273,0.41975308641975306
closed_only,P,SVM,9,0.6347167325428196,0.6205357142857143,0.6170948616600791,0.6385046113306984,0.6225296442687747,0.6348949567084569,0.5978260869565217,0.6363636363636364,0.5641025641025641,0.627918434942665,0.625,0.6086956521739131,0.6363636363636364,0.5714285714285714
closed_only,P,SVM,10,0.5826745718050066,0.5535714285714286,0.5207509881422925,0.5872859025032938,0.4897891963109354,0.7698854331397563,0.33695652173913043,0.7045454545454546,0.38271604938271603,0.8074568173377967,0.5267857142857143,0.2826086956521739,0.696969696969697,0.3291139240506329
closed_only,P,SVM,11,0.6175889328063241,0.5535714285714286,0.5536890645586298,0.6241765480895916,0.5596179183135706,0.7071395275766121,0.5543478260869565,0.553030303030303,0.504950495049505,0.7016437995615341,0.5625,0.5434782608695652,0.5757575757575758,0.5050505050505051
closed_only,P,SVM,12,0.5544713438735178,0.5535714285714286,0.5372200263504612,0.5548418972332017,0.538866930171278,0.7339708544953657,0.44565217391304346,0.6287878787878788,0.45054945054945056,0.730890951408366,0.5535714285714286,0.45652173913043476,0.6212121212121212,0.45652173913043476
closed_only,P,SVM,13,0.6116600790513834,0.5714285714285714,0.5490777338603425,0.6162714097496707,0.5289855072463768,0.7266859708585953,0.42391304347826086,0.6742424242424242,0.4482758620689655,0.7507458735665107,0.5535714285714286,0.391304347826087,0.6666666666666666,0.4186046511627907
closed_only,P,SVM,14,0.6140480895915678,0.5714285714285714,0.5457839262187089,0.6157773386034255,0.5550065876152833,0.7338750874977751,0.40217391304347827,0.6893939393939394,0.43529411764705883,0.7233397742858895,0.5803571428571429,0.41304347826086957,0.696969696969697,0.4470588235294118
closed_only,P,SVM,15,0.5883152173913044,0.5758928571428571,0.5578063241106719,0.5932147562582345,0.5279973649538867,0.7129803458282553,0.45652173913043476,0.6590909090909091,0.4692737430167598,0.743967475883111,0.5446428571428571,0.43478260869565216,0.6212121212121212,0.43956043956043955
closed_only,P,SVM,16,0.5713109354413702,0.5714285714285714,0.5490777338603425,0.5638998682476943,0.5365612648221344,0.7266859708585953,0.42391304347826086,0.6742424242424242,0.4482758620689655,0.7442221579342245,0.5625,0.391304347826087,0.6818181818181818,0.4235294117647059
closed_only,P,SVM,17,0.6467391304347826,0.5892857142857143,0.5559947299077734,0.6465744400527009,0.563570487483531,0.7323014814987076,0.3695652173913043,0.7424242424242424,0.425,0.7256280749441475,0.5982142857142857,0.3695652173913043,0.7575757575757576,0.43037974683544306
closed_only,P,SVM,18,0.5986495388669302,0.5714285714285714,0.544137022397892,0.5942028985507246,0.5223978919631094,0.7376128822248114,0.391304347826087,0.696969696969697,0.42857142857142855,0.7658625435690608,0.5535714285714286,0.34782608695652173,0.696969696969697,0.3902439024390244
closed_only,P,SVM,19,0.6133893280632411,0.5669642857142857,0.5469367588932806,0.612977602108037,0.5474308300395256,0.7267427242813165,0.43478260869565216,0.6590909090909091,0.4519774011299435,0.7302330759199314,0.5714285714285714,0.41304347826086957,0.6818181818181818,0.4418604651162791
no_kurtosis,N1,RF,0,0.8736515974967062,0.7946428571428571,0.7747035573122529,0.9207839262187089,0.7849143610013176,0.4176733646268585,0.6630434782608695,0.8863636363636364,0.7261904761904762,0.4060133338308838,0.8125,0.6304347826086957,0.9393939393939394,0.7341772151898734
no_kurtosis,N1,RF,1,0.8731575263504612,0.7834821428571429,0.7635869565217391,0.9199604743083004,0.8000658761528328,0.43555950304522156,0.6521739130434783,0.875,0.712166172106825,0.3827675873660156,0.8303571428571429,0.6304347826086957,0.9696969696969697,0.7532467532467533
no_kurtosis,N1,RF,2,0.8759572628458498,0.7879464285714286,0.7665513833992095,0.9240777338603425,0.8185111989459816,0.43169220965933747,0.6467391304347826,0.8863636363636364,0.7147147147147147,0.350532466640782,0.8482142857142857,0.6521739130434783,0.9848484848484849,0.7792207792207793
no_kurtosis,N1,RF,3,0.8709444993412385,0.7834821428571429,0.7602931488801055,0.9123847167325427,0.8000658761528328,0.4428936781734963,0.6304347826086957,0.8901515151515151,0.7051671732522796,0.3827675873660156,0.8303571428571429,0.6304347826086957,0.9696969696969697,0.7532467532467533
no_kurtosis,N1,RF,4,0.8619791666666667,0.7879464285714286,0.7690217391304348,0.9097496706192358,0.7849143610013176,0.4263182550741039,0.6630434782608695,0.875,0.7197640117994101,0.4060133338308838,0.8125,0.6304347826086957,0.9393939393939394,0.7341772151898734
no_kurtosis,N1,RF,5,0.8680418313570488,0.8013392857142857,0.7828557312252964,0.9115612648221344,0.7957839262187089,0.40362654077398086,0.6793478260869565,0.8863636363636364,0.7374631268436578,0.3863576351464809,0.8214285714285714,0.6521739130434783,0.9393939393939394,0.75
no_kurtosis,N1,RF,6,0.8666728425559947,0.7924107142857143,0.7728096179183135,0.9049736495388669,0.8033596837944664,0.4205621328968941,0.6630434782608695,0.8825757575757576,0.7240356083086054,0.374505400623491,0.8303571428571429,0.6521739130434783,0.9545454545454546,0.759493670886076
no_kurtosis,N1,RF,7,0.8635128458498025,0.796875,0.7749505928853755,0.900197628458498,0.7891963109354414,0.4184214378857161,0.6521739130434783,0.8977272727272727,0.7250755287009063,0.40292431469737944,0.8214285714285714,0.6086956521739131,0.9696969696969697,0.7368421052631579
no_kurtosis,N1,RF,8,0.8702754446640315,0.7946428571428571,0.7714097496706191,0.9148550724637681,0.7924901185770752,0.42502007300365924,0.6413043478260869,0.9015151515151515,0.7195121951219512,0.3944393300317099,0.8214285714285714,0.6304347826086957,0.9545454545454546,0.7435897435897436
no_kurtosis,N1,RF,9,0.8755558300395258,0.8058035714285714,0.7858201581027668,0.919631093544137,0.810935441370224,0.399495390110937,0.6739130434782609,0.8977272727272727,0.7402985074626866,0.3625606239386626,0.8392857142857143,0.6521739130434783,0.9696969696969697,0.7692307692307693
no_kurtosis,N1,SVM,0,0.8612689393939394,0.7611607142857143,0.7545289855072463,0.8926218708827405,0.7796442687747036,0.445281844000871,0.717391304347826,0.7916666666666666,0.7115902964959568,0.40742705743385504,0.7946428571428571,0.6956521739130435,0.8636363636363636,0.735632183908046
no_kurtosis,N1,SVM,1,0.8428853754940712,0.7321428571428571,0.7241436100131753,0.8708827404479578,0.7308959156785244,0.4914536377291557,0.6793478260869565,0.7689393939393939,0.6756756756756757,0.4819853826670432,0.7410714285714286,0.6739130434782609,0.7878787878787878,0.6813186813186813
no_kurtosis,N1,SVM,2,0.8648097826086957,0.7678571428571429,0.7610342555994729,0.8945981554677207,0.7493412384716732,0.43520027387554056,0.7228260869565217,0.7992424242424242,0.7189189189189189,0.45379810511994717,0.7589285714285714,0.6956521739130435,0.803030303030303,0.7032967032967034
no_kurtosis,N1,SVM,3,0.8550107048748352,0.7566964285714286,0.7482707509881423,0.8889986824769434,0.7644927536231885,0.4551961247855944,0.7010869565217391,0.7954545454545454,0.7029972752043597,0.43085028811487985,0.7767857142857143,0.6956521739130435,0.8333333333333334,0.7191011235955056
no_kurtosis,N1,SVM,4,0.8405797101449275,0.7477678571428571,0.7390480895915679,0.8735177865612649,0.7602108036890645,0.4693202932936966,0.6902173913043478,0.7878787878787878,0.6920980926430518,0.43658392997033696,0.7678571428571429,0.717391304347826,0.803030303030303,0.717391304347826
no_kurtosis,N1,SVM,5,0.8635128458498024,0.7723214285714286,0.7656455862977603,0.8889986824769434,0.7677865612648221,0.42796541698895463,0.7282608695652174,0.803030303030303,0.7243243243243244,0.4248822535593506,0.7767857142857143,0.717391304347826,0.8181818181818182,0.7252747252747253
no_kurtosis,N1,SVM,6,0.8522315546772069,0.7477678571428571,0.7398715415019763,0.8827404479578393,0.7569169960474309,0.4678991538011596,0.6956521739130435,0.7840909090909091,0.6937669376693767,0.4423837901692835,0.7678571428571429,0.6956521739130435,0.8181818181818182,0.7111111111111111
no_kurtosis,N1,SVM,7,0.8564723320158103,0.7700892857142857,0.7612812911725955,0.8853754940711462,0.7677865612648221,0.4350906655998787,0.7119565217391305,0.8106060606060606,0.7178082191780822,0.4248822535593506,0.7767857142857143,0.717391304347826,0.8181818181818182,0.7252747252747253
no_kurtosis,N1,SVM,8,0.8638833992094861,0.7767857142857143,0.7719038208168643,0.8916337285902503,0.7569169960474309,0.4180239906731981,0.7445652173913043,0.7992424242424242,0.732620320855615,0.4423837901692835,0.7678571428571429,0.6956521739130435,0.8181818181818182,0.7111111111111111
no_kurtosis,N1,SVM,9,0.8476408102766799,0.7366071428571429,0.7287549407114624,0.886034255599473,0.738471673254282,0.484579996441971,0.6847826086956522,0.7727272727272727,0.6810810810810811,0.47097489085723176,0.75,0.6739130434782609,0.803030303030303,0.6888888888888889
no_kurtosis,N2,RF,0,0.8610424901185771,0.7924107142857143,0.7744565217391304,0.907608695652174,0.7882081686429512,0.417064678028286,0.6739130434782609,0.875,0.7272727272727273,0.39811018043318713,0.8125,0.6521739130434783,0.9242424242424242,0.7407407407407407
no_kurtosis,N2,RF,1,0.8529623682476943,0.7834821428571429,0.7602931488801055,0.905467720685112,0.7924901185770752,0.4428936781734963,0.6304347826086957,0.8901515151515151,0.7051671732522796,0.3944393300317099,0.8214285714285714,0.6304347826086957,0.9545454545454546,0.7435897435897436
no_kurtosis,N2,RF,2,0.8752161561264822,0.7879464285714286,0.7632575757575757,0.9277009222661396,0.8000658761528328,0.43921480910674854,0.625,0.9015151515151515,0.7076923076923077,0.3827675873660156,0.8303571428571429,0.6304347826086957,0.9696969696969697,0.7532467532467533
no_kurtosis,N2,RF,3,0.8640686758893281,0.7790178571428571,0.7581521739130435,0.9113965744400527,0.7924901185770752,0.4447880047403941,0.6413043478260869,0.875,0.7044776119402985,0.3944393300317099,0.8214285714285714,0.6304347826086957,0.9545454545454546,0.7435897435897436
no_kurtosis,N2,RF,4,0.8476408102766799,0.78125,0.764163372859025,0.9008563899868248,0.7773386034255599,0.43319069122516374,0.6684782608695652,0.8598484848484849,0.7151162790697675,0.41748389809510095,0.8035714285714286,0.6304347826086957,0.9242424242424242,0.725
no_kurtosis,N2,RF,5,0.8608160408432147,0.8035714285714286,0.7863965744400527,0.9067852437417655,0.7924901185770752,0.3972259380937931,0.6902173913043478,0.8825757575757576,0.7426900584795322,0.3944393300317099,0.8214285714285714,0.6304347826086957,0.9545454545454546,0.7435897435897436
no_kurtosis,N2,RF,6,0.8564929183135706,0.7857142857142857,0.7654808959156785,0.9013504611330698,0.8175230566534915,0.43272097940717136,0.6521739130434783,0.8787878787878788,0.7142857142857143,0.3468916090086253,0.8392857142857143,0.6956521739130435,0.9393939393939394,0.7804878048780488
no_kurtosis,N2,RF,7,0.8594985177865613,0.7857142857142857,0.7621870882740448,0.897068511198946,0.7924901185770752,0.44009839127661,0.6304347826086957,0.8939393939393939,0.7073170731707317,0.3944393300317099,0.8214285714285714,0.6304347826086957,0.9545454545454546,0.7435897435897436
no_kurtosis,N2,RF,8,0.8642127799736495,0.7879464285714286,0.765727931488801,0.9127140974967062,0.7891963109354414,0.4335346707933066,0.6413043478260869,0.8901515151515151,0.7129909365558912,0.40292431469737944,0.8214285714285714,0.6086956521739131,0.9696969696969697,0.7368421052631579
no_kurtosis,N2,RF,9,0.8727869729907773,0.7901785714285714,0.7717391304347826,0.9247364953886693,0.8033596837944664,0.42169298011943146,0.6684782608695652,0.875,0.7235294117647059,0.374505400623491,0.8303571428571429,0.6521739130434783,0.9545454545454546,0.759493670886076
no_kurtosis,N2,SVM,0,0.8386445981554679,0.7455357142857143,0.7371541501976284,0.8794466403162056,0.7677865612648221,0.4721079241615123,0.6902173913043478,0.7840909090909091,0.6902173913043478,0.4248822535593506,0.7767857142857143,0.717391304347826,0.8181818181818182,0.7252747252747253
no_kurtosis,N2,SVM,1,0.8002305665349143,0.7075892857142857,0.6991930171277998,0.8389328063241107,0.7233201581027668,0.5277365702477294,0.6521739130434783,0.7462121212121212,0.6469002695417789,0.49287888458017615,0.7321428571428571,0.6739130434782609,0.7727272727272727,0.6739130434782609
no_kurtosis,N2,SVM,2,0.8411561264822134,0.7254464285714286,0.7176383399209486,0.8873517786561265,0.785243741765481,0.50097294460303,0.6739130434782609,0.7613636363636364,0.6684636118598383,0.39722615420191704,0.7857142857142857,0.782608695652174,0.7878787878787878,0.75
no_kurtosis,N2,SVM,3,0.8237812911725955,0.7366071428571429,0.7238142292490118,0.8642951251646904,0.7460474308300395,0.4934852195290377,0.6521739130434783,0.7954545454545454,0.6703910614525139,0.4598465518445056,0.7589285714285714,0.6739130434782609,0.8181818181818182,0.6966292134831461
no_kurtosis,N2,SVM,4,0.8107913372859024,0.7165178571428571,0.7067687747035574,0.8550724637681159,0.7266139657444005,0.5173263666389163,0.6521739130434783,0.7613636363636364,0.6539509536784741,0.48733225149467835,0.7321428571428571,0.6956521739130435,0.7575757575757576,0.6808510638297872
no_kurtosis,N2,SVM,5,0.8404561923583663,0.7410714285714286,0.7374835309617918,0.8764822134387352,0.7417654808959157,0.47097154571425626,0.717391304347826,0.7575757575757576,0.6947368421052632,0.465093700083493,0.75,0.6956521739130435,0.7878787878787878,0.6956521739130435
no_kurtosis,N2,SVM,6,0.8147850790513834,0.7455357142857143,0.7379776021080369,0.8570487483530962,0.7341897233201581,0.4706972629667535,0.6956521739130435,0.7803030303030303,0.6918918918918919,0.476271507323853,0.7410714285714286,0.6956521739130435,0.7727272727272727,0.6881720430107527
no_kurtosis,N2,SVM,7,0.8302248023715415,0.7366071428571429,0.7304018445322793,0.8751646903820817,0.7493412384716732,0.48181651306251405,0.6956521739130435,0.7651515151515151,0.6844919786096256,0.45379810511994717,0.7589285714285714,0.6956521739130435,0.803030303030303,0.7032967032967034
no_kurtosis,N2,SVM,8,0.8292366600790514,0.75,0.7450592885375493,0.8722002635046113,0.7450592885375493,0.45962955394746946,0.717391304347826,0.7727272727272727,0.7021276595744681,0.45962955394746946,0.75,0.717391304347826,0.7727272727272727,0.7021276595744681
no_kurtosis,N2,SVM,9,0.8259428524374177,0.7120535714285714,0.7029808959156785,0.8679183135704875,0.7157444005270093,0.522545609329901,0.6521739130434783,0.7537878787878788,0.6504065040650406,0.5036565786613405,0.7232142857142857,0.6739130434782609,0.7575757575757576,0.6666666666666666
no_kurtosis,N3,RF,0,0.6967123682476942,0.640625,0.6119071146245059,0.7246376811594203,0.644927536231884,0.6597765814423564,0.45108695652173914,0.7727272727272727,0.5076452599388379,0.6230000947516897,0.6785714285714286,0.45652173913043476,0.8333333333333334,0.5384615384615384
no_kurtosis,N3,RF,1,0.6898262516469038,0.640625,0.6135540184453228,0.7119565217391304,0.6373517786561265,0.6558281618110506,0.46195652173913043,0.7651515151515151,0.513595166163142,0.6313579286216441,0.6696428571428571,0.45652173913043476,0.8181818181818182,0.5316455696202531
no_kurtosis,N3,RF,2,0.6742938899868247,0.625,0.5994729907773386,0.69433465085639,0.6037549407114624,0.671575110591232,0.45652173913043476,0.7424242424242424,0.5,0.6716890366663395,0.6339285714285714,0.43478260869565216,0.7727272727272727,0.49382716049382713
no_kurtosis,N3,RF,3,0.680768280632411,0.6540178571428571,0.6306818181818181,0.7043807641633729,0.6146245059288538,0.6301643640097259,0.5,0.7613636363636364,0.5427728613569321,0.6557955288736061,0.6428571428571429,0.45652173913043476,0.7727272727272727,0.5121951219512195
no_kurtosis,N3,RF,4,0.6780097167325428,0.640625,0.6143774703557312,0.6887351778656127,0.5895915678524374,0.6538910662572329,0.4673913043478261,0.7613636363636364,0.5165165165165165,0.6960660925772871,0.625,0.391304347826087,0.7878787878787878,0.46153846153846156
no_kurtosis,N3,RF,5,0.6153141469038208,0.5758928571428571,0.5462779973649539,0.6258234519104084,0.5082345191040843,0.7381602248788262,0.3804347826086957,0.7121212121212122,0.42424242424242425,0.7881686325437836,0.5446428571428571,0.30434782608695654,0.7121212121212122,0.35443037974683544
no_kurtosis,N3,RF,6,0.6962491765480896,0.6473214285714286,0.6266469038208169,0.7239789196310935,0.6222002635046113,0.6329250308333836,0.5108695652173914,0.7424242424242424,0.5433526011560693,0.6477538597202604,0.6517857142857143,0.45652173913043476,0.7878787878787878,0.5185185185185185
no_kurtosis,N3,RF,7,0.679790431488801,0.6339285714285714,0.6095191040843215,0.7037220026350461,0.5853096179183136,0.6580292427916666,0.47282608695652173,0.7462121212121212,0.514792899408284,0.6948564528363865,0.6160714285714286,0.41304347826086957,0.7575757575757576,0.4691358024691358
no_kurtosis,N3,RF,8,0.7009428524374177,0.6450892857142857,0.6156949934123848,0.7266139657444005,0.6189064558629775,0.655804961997479,0.45108695652173914,0.7803030303030303,0.5107692307692308,0.6560882032335477,0.6517857142857143,0.43478260869565216,0.803030303030303,0.5063291139240507
no_kurtosis,N3,RF,9,0.6808300395256917,0.625,0.5937088274044796,0.6992753623188406,0.5678524374176548,0.6854214850275132,0.41847826086956524,0.7689393939393939,0.4782608695652174,0.7278544970711068,0.6071428571428571,0.34782608695652173,0.7878787878787878,0.42105263157894735
no_kurtosis,N3,SVM,0,0.7313488142292491,0.6540178571428571,0.6257411067193676,0.7638339920948616,0.6297760210803689,0.6416877330841774,0.4673913043478261,0.7840909090909091,0.5259938837920489,0.6396085871137902,0.6607142857142857,0.45652173913043476,0.803030303030303,0.525
no_kurtosis,N3,SVM,1,0.6756217061923584,0.609375,0.57715744400527,0.7055335968379447,0.597167325428195,0.706437693219237,0.3967391304347826,0.7575757575757576,0.45482866043613707,0.6888095418843102,0.6339285714285714,0.391304347826087,0.803030303030303,0.4675324675324675
no_kurtosis,N3,SVM,2,0.6959815546772068,0.6339285714285714,0.6169301712779973,0.7318840579710145,0.6429512516469038,0.6422175445409191,0.5217391304347826,0.7121212121212122,0.5393258426966292,0.6095001836667521,0.6607142857142857,0.5434782608695652,0.7424242424242424,0.5681818181818182
no_kurtosis,N3,SVM,3,0.6784214426877471,0.640625,0.6152009222661396,0.7117918313570488,0.6515151515151515,0.6519785803464457,0.47282608695652173,0.7575757575757576,0.5194029850746269,0.6064203653473431,0.6785714285714286,0.5,0.803030303030303,0.5609756097560976
no_kurtosis,N3,SVM,4,0.740139163372859,0.6830357142857143,0.6668313570487483,0.7707509881422925,0.6245059288537549,0.5765122921377018,0.5760869565217391,0.7575757575757576,0.5988700564971752,0.6337275549041123,0.6428571428571429,0.5217391304347826,0.7272727272727273,0.5454545454545454
no_kurtosis,N3,SVM,5,0.620800395256917,0.6116071428571429,0.5930500658761528,0.6495388669301714,0.5691699604743082,0.6726538472391537,0.4891304347826087,0.696969696969697,0.5084745762711864,0.7019673202640179,0.5892857142857143,0.45652173913043476,0.6818181818181818,0.4772727272727273
no_kurtosis,N3,SVM,6,0.7466856060606061,0.7098214285714286,0.696969696969697,0.7783267457180499,0.6831357048748353,0.5326276061402877,0.625,0.7689393939393939,0.6388888888888888,0.5523545997210517,0.6964285714285714,0.6086956521739131,0.7575757575757576,0.6222222222222222
no_kurtosis,N3,SVM,7,0.7280755928853755,0.6495535714285714,0.6351284584980237,0.7644927536231884,0.6320816864295125,0.617359657905204,0.5543478260869565,0.7159090909090909,0.5650969529085873,0.6251355358217969,0.6517857142857143,0.5217391304347826,0.7424242424242424,0.5517241379310345
no_kurtosis,N3,SVM,8,0.7451828063241106,0.6741071428571429,0.6625494071146245,0.7786561264822135,0.6646903820816865,0.5796759977576131,0.5978260869565217,0.7272727272727273,0.6010928961748634,0.5780163823893565,0.6785714285714286,0.5869565217391305,0.7424242424242424,0.6
no_kurtosis,N3,SVM,9,0.7397480237154149,0.6808035714285714,0.6599967061923584,0.77832674571805,0.6472332015810276,0.5891487332410801,0.5434782608695652,0.7765151515151515,0.5830903790087464,0.6076390959244277,0.6696428571428571,0.5217391304347826,0.7727272727272727,0.5647058823529412
no_kurtosis,N4,RF,0,0.6478713768115942,0.6183035714285714,0.5880270092226614,0.6635375494071147,0.5678524374176548,0.6909850681817422,0.41847826086956524,0.7575757575757576,0.47384615384615386,0.7278544970711068,0.6071428571428571,0.34782608695652173,0.7878787878787878,0.42105263157894735
no_kurtosis,N4,RF,1,0.6609642621870884,0.6205357142857143,0.5956851119894598,0.677536231884058,0.6189064558629775,0.675457992096036,0.45652173913043476,0.7348484848484849,0.4970414201183432,0.6560882032335477,0.6517857142857143,0.43478260869565216,0.803030303030303,0.5063291139240507
no_kurtosis,N4,RF,2,0.6438364624505929,0.6071428571428571,0.5802042160737813,0.650197628458498,0.5862977602108037,0.6962508601660252,0.42934782608695654,0.7310606060606061,0.47305389221556887,0.7050481523628074,0.625,0.3695652173913043,0.803030303030303,0.4473684210526316
no_kurtosis,N4,RF,3,0.644237895256917,0.6049107142857143,0.5750164690382081,0.6702898550724639,0.5862977602108037,0.7059102139931682,0.4076086956521739,0.7424242424242424,0.45871559633027525,0.7050481523628074,0.625,0.3695652173913043,0.803030303030303,0.4473684210526316
no_kurtosis,N4,RF,4,0.6363739295125166,0.59375,0.561429512516469,0.6464097496706193,0.5385375494071146,0.7247899820155866,0.3804347826086957,0.7424242424242424,0.43478260869565216,0.7652368341481279,0.5803571428571429,0.30434782608695654,0.7727272727272727,0.37333333333333335
no_kurtosis,N4,RF,5,0.5693758234519104,0.5602678571428571,0.5338438735177865,0.577239789196311,0.5451251646903821,0.7477039456308433,0.3858695652173913,0.6818181818181818,0.41887905604719766,0.7472537192734436,0.5803571428571429,0.34782608695652173,0.7424242424242424,0.4050632911392405
no_kurtosis,N4,RF,6,0.6421895586297761,0.6026785714285714,0.5764163372859026,0.6622200263504611,0.5744400527009222,0.6999185814721839,0.42934782608695654,0.7234848484848485,0.47023809523809523,0.7102870242461959,0.6071428571428571,0.391304347826087,0.7575757575757576,0.45
no_kurtosis,N4,RF,7,0.6399456521739131,0.5848214285714286,0.5555006587615283,0.6493741765480896,0.5602766798418972,0.7275349910797664,0.391304347826087,0.7196969696969697,0.43636363636363634,0.7344118439407766,0.5982142857142857,0.34782608695652173,0.7727272727272727,0.4155844155844156
no_kurtosis,N4,RF,8,0.6873147233201581,0.6183035714285714,0.585556653491436,0.7124505928853755,0.5895915678524374,0.6971843156295066,0.40217391304347827,0.7689393939393939,0.46394984326018807,0.6960660925772871,0.625,0.391304347826087,0.7878787878787878,0.46153846153846156
no_kurtosis,N4,RF,9,0.6446702075098814,0.6049107142857143,0.5733695652173914,0.6663372859025033,0.6047430830039526,0.7099702034765196,0.3967391304347826,0.75,0.4520123839009288,0.6814529403520153,0.6428571428571429,0.391304347826087,0.8181818181818182,0.47368421052631576
no_kurtosis,N4,SVM,0,0.6773509552042161,0.6049107142857143,0.5791337285902504,0.705862977602108,0.6070487483530962,0.6961932814260117,0.43478260869565216,0.7234848484848485,0.47477744807121663,0.663735362917955,0.6339285714285714,0.45652173913043476,0.7575757575757576,0.5060240963855421
no_kurtosis,N4,SVM,1,0.6364974472990778,0.5758928571428571,0.533102766798419,0.6429512516469038,0.5102108036890646,0.7728850266560423,0.29347826086956524,0.7727272727272727,0.3624161073825503,0.816329553406402,0.5625,0.21739130434782608,0.803030303030303,0.2898550724637681
no_kurtosis,N4,SVM,2,0.6091176712779973,0.5959821428571429,0.5666172595520422,0.6266469038208169,0.5668642951251647,0.7149722477466871,0.40217391304347827,0.7310606060606061,0.44984802431610943,0.7172552534209791,0.5982142857142857,0.391304347826087,0.7424242424242424,0.4444444444444444
no_kurtosis,N4,SVM,3,0.5288722826086957,0.5647321428571429,0.5277503293807642,0.5418313570487483,0.5233860342555995,0.7687772008215352,0.32065217391304346,0.7348484848484849,0.3769968051118211,0.7768679987675232,0.5625,0.30434782608695654,0.7424242424242424,0.36363636363636365
no_kurtosis,N4,SVM,4,0.6429718379446641,0.6004464285714286,0.5769927536231885,0.6622200263504611,0.6093544137022397,0.6962048959920452,0.44565217391304346,0.7083333333333334,0.478134110787172,0.6506071019156129,0.625,0.5217391304347826,0.696969696969697,0.5333333333333333
no_kurtosis,N4,SVM,5,0.5300148221343873,0.5334821428571429,0.5086462450592886,0.5393610013175232,0.4746376811594203,0.7720368131138974,0.3695652173913043,0.6477272727272727,0.39420289855072466,0.8177006417708496,0.5089285714285714,0.2826086956521739,0.6666666666666666,0.32098765432098764
no_kurtosis,N4,SVM,6,0.6444952239789197,0.6160714285714286,0.5968379446640316,0.6569499341238471,0.6027667984189724,0.6686804403597946,0.4891304347826087,0.7045454545454546,0.5113636363636364,0.664202390874771,0.625,0.4782608695652174,0.7272727272727273,0.5116279069767442
no_kurtosis,N4,SVM,7,0.642879199604743,0.6116071428571429,0.5897562582345192,0.6656785243741766,0.5994729907773386,0.6795565011149688,0.4673913043478261,0.7121212121212122,0.49710982658959535,0.671575110591232,0.625,0.45652173913043476,0.7424242424242424,0.5
no_kurtosis,N4,SVM,8,0.6700531126482213,0.6339285714285714,0.5979907773386034,0.6903820816864296,0.6047430830039526,0.6865792525398745,0.3967391304347826,0.7992424242424242,0.47096774193548385,0.6814529403520153,0.6428571428571429,0.391304347826087,0.8181818181818182,0.47368421052631576
no_kurtosis,N4,SVM,9,0.632225790513834,0.625,0.5978260869565217,0.664361001317523,0.61034255599473,0.6754075613083608,0.44565217391304346,0.75,0.4939759036144578,0.656176032093326,0.6339285714285714,0.4782608695652174,0.7424242424242424,0.5176470588235295
no_kurtosis,P,RF,0,0.6904953063241107,0.6517857142857143,0.6222002635046113,0.725296442687747,0.5905797101449275,0.6477538597202604,0.45652173913043476,0.7878787878787878,0.5185185185185185,0.7076123577712543,0.6339285714285714,0.34782608695652173,0.8333333333333334,0.4383561643835616
no_kurtosis,P,RF,1,0.7016736660079052,0.6696428571428571,0.636528326745718,0.7208498023715414,0.6383399209486166,0.6334979394795428,0.45108695652173914,0.821969696969697,0.5286624203821656,0.6412285286825293,0.6785714285714286,0.41304347826086957,0.8636363636363636,0.5135135135135135
no_kurtosis,P,RF,2,0.6652462121212122,0.6205357142857143,0.5833333333333333,0.6900527009222661,0.568840579710145,0.7062784840210479,0.375,0.7916666666666666,0.44805194805194803,0.7409206645221005,0.6160714285714286,0.30434782608695654,0.8333333333333334,0.39436619718309857
no_kurtosis,P,RF,3,0.683897397891963,0.6875,0.6574440052700923,0.7080039525691699,0.6525032938076416,0.6016694857587346,0.4891304347826087,0.8257575757575758,0.5625,0.6145332977554511,0.6875,0.45652173913043476,0.8484848484848485,0.5454545454545454
no_kurtosis,P,RF,4,0.7117403656126483,0.65625,0.6235177865612648,0.7328722002635045,0.644927536231884,0.6499781535226231,0.44021739130434784,0.8068181818181818,0.5126582278481012,0.6230000947516897,0.6785714285714286,0.45652173913043476,0.8333333333333334,0.5384615384615384
no_kurtosis,P,RF,5,0.6251749835309618,0.6071428571428571,0.577733860342556,0.6473978919631093,0.5678524374176548,0.7021172243759796,0.41304347826086957,0.7424242424242424,0.4634146341463415,0.7278544970711068,0.6071428571428571,0.34782608695652173,0.7878787878787878,0.42105263157894735
no_kurtosis,P,RF,6,0.685039937417655,0.6361607142857143,0.598237812911726,0.7149209486166007,0.6416337285902504,0.6892489843518682,0.3858695652173913,0.8106060606060606,0.46557377049180326,0.6319040697726023,0.6785714285714286,0.43478260869565216,0.8484848484848485,0.5263157894736842
no_kurtosis,P,RF,7,0.7259654973649539,0.6897321428571429,0.6601613965744401,0.7595520421607378,0.6643610013175231,0.597399898352575,0.4945652173913043,0.8257575757575758,0.5669781931464174,0.6067345884015951,0.7053571428571429,0.43478260869565216,0.8939393939393939,0.547945205479452
no_kurtosis,P,RF,8,0.6963624011857709,0.6741071428571429,0.6444334650856389,0.7299077733860343,0.6525032938076416,0.6187934247030684,0.4782608695652174,0.8106060606060606,0.546583850931677,0.6145332977554511,0.6875,0.45652173913043476,0.8484848484848485,0.5454545454545454
no_kurtosis,P,RF,9,0.7239789196310936,0.6584821428571429,0.6287055335968379,0.7485177865612648,0.6959815546772068,0.6395989079449157,0.46195652173913043,0.7954545454545454,0.5263157894736842,0.5443615724362814,0.7232142857142857,0.5434782608695652,0.8484848484848485,0.6172839506172839
no_kurtosis,P,RF,10,0.6817152503293807,0.6294642857142857,0.5909090909090908,0.7086627140974967,0.6133069828722002,0.6992232374083208,0.375,0.8068181818181818,0.45394736842105265,0.6864684888981586,0.6607142857142857,0.34782608695652173,0.8787878787878788,0.45714285714285713
no_kurtosis,P,RF,11,0.7362998188405797,0.7165178571428571,0.6870059288537549,0.7667984189723319,0.7154150197628458,0.5596501308777999,0.5217391304347826,0.8522727272727273,0.6018808777429467,0.5234637202586582,0.75,0.5217391304347826,0.9090909090909091,0.631578947368421
no_kurtosis,P,RF,12,0.6924407114624506,0.6741071428571429,0.6378458498023716,0.7317193675889327,0.6426218708827405,0.6360017820521524,0.43478260869565216,0.8409090909090909,0.5228758169934641,0.6430950063895282,0.6875,0.391304347826087,0.8939393939393939,0.5070422535211268
no_kurtosis,P,RF,13,0.7113080533596838,0.6629464285714286,0.6357872200263505,0.7447299077733861,0.6231884057971014,0.6274108868843958,0.483695652173913,0.7878787878787878,0.541033434650456,0.6570707849363894,0.6607142857142857,0.41304347826086957,0.8333333333333334,0.5
no_kurtosis,P,RF,14,0.7416831357048748,0.6897321428571429,0.6593379446640316,0.7707509881422926,0.6492094861660079,0.599466236432199,0.4891304347826087,0.8295454545454546,0.5642633228840125,0.6236262924333114,0.6875,0.43478260869565216,0.8636363636363636,0.5333333333333333
no_kurtosis,P,RF,15,0.6761466567852437,0.6339285714285714,0.5996376811594203,0.7024044795783926,0.5981554677206851,0.6821967640888499,0.4076086956521739,0.7916666666666666,0.47770700636942676,0.700667688464505,0.6428571428571429,0.34782608695652173,0.8484848484848485,0.4444444444444444
no_kurtosis,P,RF,16,0.6937273550724637,0.6674107142857143,0.631340579710145,0.7154150197628458,0.6340579710144928,0.6443289402449889,0.42934782608695654,0.8333333333333334,0.5146579804560261,0.6400723649301889,0.6696428571428571,0.43478260869565216,0.8333333333333334,0.5194805194805194
no_kurtosis,P,RF,17,0.7590579710144927,0.6986607142857143,0.6735013175230566,0.7880434782608695,0.6926877470355731,0.5743950223260484,0.532608695652174,0.8143939393939394,0.5921450151057401,0.5525425882654812,0.7232142857142857,0.5217391304347826,0.8636363636363636,0.6075949367088608
no_kurtosis,P,RF,18,0.7273550724637681,0.6897321428571429,0.6609848484848485,0.7569169960474309,0.6567852437417655,0.595358778637216,0.5,0.821969696969697,0.5696594427244582,0.6152371046429266,0.6964285714285714,0.43478260869565216,0.8787878787878788,0.5405405405405406
no_kurtosis,P,RF,19,0.7580595355731226,0.6986607142857143,0.6669137022397892,0.7934782608695652,0.7154150197628458,0.5905839829814373,0.4891304347826087,0.8446969696969697,0.5714285714285714,0.5234637202586582,0.75,0.5217391304347826,0.9090909090909091,0.631578947368421
no_kurtosis,P,SVM,0,0.6641345520421607,0.6227678571428571,0.6099308300395256,0.6931818181818182,0.6353754940711462,0.6480142414284212,0.5380434782608695,0.6818181818181818,0.5395095367847411,0.6183732440902429,0.6517857142857143,0.5434782608695652,0.7272727272727273,0.5617977528089888
no_kurtosis,P,SVM,1,0.6130393610013175,0.6071428571428571,0.577733860342556,0.6462450592885376,0.6189064558629775,0.7021172243759796,0.41304347826086957,0.7424242424242424,0.4634146341463415,0.6560882032335477,0.6517857142857143,0.43478260869565216,0.803030303030303,0.5063291139240507
no_kurtosis,P,SVM,2,0.6427248023715415,0.609375,0.590332674571805,0.672266139657444,0.5843214756258235,0.6763101783060702,0.483695652173913,0.696969696969697,0.5042492917847026,0.6869612195533441,0.6071428571428571,0.45652173913043476,0.7121212121212122,0.4883720930232558
no_kurtosis,P,SVM,3,0.6132349308300395,0.59375,0.5729578392621871,0.63965744400527,0.6070487483530962,0.6982507022886649,0.45652173913043476,0.6893939393939394,0.48,0.663735362917955,0.6339285714285714,0.45652173913043476,0.7575757575757576,0.5060240963855421
no_kurtosis,P,SVM,4,0.6820858036890647,0.6316964285714286,0.5969202898550725,0.7236495388669302,0.5938735177865613,0.6862234531972564,0.40217391304347827,0.7916666666666666,0.4728434504792332,0.6979949698117517,0.6339285714285714,0.3695652173913043,0.8181818181818182,0.4533333333333333
no_kurtosis,P,SVM,5,0.6368062417654808,0.5959821428571429,0.550971673254282,0.6584321475625824,0.5362318840579711,0.7572428121586589,0.29891304347826086,0.803030303030303,0.37800687285223367,0.7902948867104984,0.5892857142857143,0.2391304347826087,0.8333333333333334,0.3235294117647059
no_kurtosis,P,SVM,6,0.639739789196311,0.6049107142857143,0.5741930171277998,0.6561264822134387,0.5787220026350461,0.7079277079168432,0.40217391304347827,0.7462121212121212,0.4553846153846154,0.7120033686567199,0.6160714285714286,0.3695652173913043,0.7878787878787878,0.44155844155844154
no_kurtosis,P,SVM,7,0.6267807147562583,0.6160714285714286,0.599308300395257,0.6498682476943346,0.5876152832674573,0.6636833031692474,0.5054347826086957,0.6931818181818182,0.5195530726256983,0.6799611857657604,0.6071428571428571,0.4782608695652174,0.696969696969697,0.5
no_kurtosis,P,SVM,8,0.7048748353096179,0.6651785714285714,0.6459156785243741,0.729578392621871,0.6548089591567852,0.6067450504166817,0.5380434782608695,0.7537878787878788,0.5689655172413793,0.5987315724268397,0.6785714285714286,0.5217391304347826,0.7878787878787878,0.5714285714285714
no_kurtosis,P,SVM,9,0.7260375494071146,0.6629464285714286,0.6456686429512517,0.7608695652173912,0.6841238471673254,0.6055799121531752,0.5489130434782609,0.7424242424242424,0.5722379603399433,0.5560976156071724,0.7053571428571429,0.5652173913043478,0.803030303030303,0.611764705882353
no_kurtosis,P,SVM,10,0.5904458992094863,0.5870535714285714,0.5623353096179183,0.6030961791831357,0.5668642951251647,0.714394630467928,0.42391304347826086,0.7007575757575758,0.4574780058651026,0.7172552534209791,0.5982142857142857,0.391304347826087,0.7424242424242424,0.4444444444444444
no_kurtosis,P,SVM,11,0.6639389822134386,0.6026785714285714,0.5821805006587616,0.6938405797101449,0.6212121212121212,0.6872470219506625,0.4673913043478261,0.696969696969697,0.49142857142857144,0.640695199629083,0.6428571428571429,0.5,0.7424242424242424,0.5348837209302325
no_kurtosis,P,SVM,12,0.5985671936758894,0.5870535714285714,0.5689229249011858,0.6226943346508564,0.5540184453227931,0.7004794555892145,0.4673913043478261,0.6704545454545454,0.48179271708683474,0.7166063988969913,0.5714285714285714,0.45652173913043476,0.6515151515151515,0.4666666666666667
no_kurtosis,P,SVM,13,0.6701045783926218,0.65625,0.6309288537549407,0.711133069828722,0.6330698287220027,0.631804262103915,0.4891304347826087,0.7727272727272727,0.5389221556886228,0.6314891574133416,0.6607142857142857,0.4782608695652174,0.7878787878787878,0.5365853658536586
no_kurtosis,P,SVM,14,0.6850090579710144,0.625,0.601943346508564,0.7180500658761528,0.6179183135704875,0.6660092805628041,0.47282608695652173,0.7310606060606061,0.5087719298245614,0.6480494912601333,0.6428571428571429,0.4782608695652174,0.7575757575757576,0.5238095238095238
no_kurtosis,P,SVM,15,0.6903203227931489,0.6450892857142857,0.61816534914361,0.7234848484848484,0.6297760210803689,0.6498489271749583,0.4673913043478261,0.7689393939393939,0.5196374622356495,0.6396085871137902,0.6607142857142857,0.45652173913043476,0.803030303030303,0.525
no_kurtosis,P,SVM,16,0.6903717885375494,0.6361607142857143,0.615530303030303,0.7124505928853755,0.6179183135704875,0.64693705114624,0.5,0.7310606060606061,0.5302593659942363,0.6480494912601333,0.6428571428571429,0.4782608695652174,0.7575757575757576,0.5238095238095238
no_kurtosis,P,SVM,17,0.5834156785243743,0.5736607142857143,0.5616765480895916,0.6004611330698287,0.5573122529644269,0.7040039193690621,0.4945652173913043,0.6287878787878788,0.4879356568364611,0.7103484012761312,0.5714285714285714,0.4782608695652174,0.6363636363636364,0.4782608695652174
no_kurtosis,P,SVM,18,0.6891469038208169,0.6517857142857143,0.6320816864295125,0.7167325428194994,0.6363636363636364,0.6251355358217969,0.5217391304347826,0.7424242424242424,0.5517241379310345,0.6237680996041425,0.6607142857142857,0.5,0.7727272727272727,0.5476190476190477
no_kurtosis,P,SVM,19,0.6887145915678524,0.6450892857142857,0.6272233201581028,0.7223320158102767,0.6515151515151515,0.62989604350772,0.5271739130434783,0.7272727272727273,0.5495750708215298,0.6064203653473431,0.6785714285714286,0.5,0.803030303030303,0.5609756097560976
primary,N1,RF,0,0.8736515974967062,0.7946428571428571,0.7747035573122529,0.9207839262187089,0.7849143610013176,0.4176733646268585,0.6630434782608695,0.8863636363636364,0.7261904761904762,0.4060133338308838,0.8125,0.6304347826086957,0.9393939393939394,0.7341772151898734
primary,N1,RF,1,0.8731575263504612,0.7834821428571429,0.7635869565217391,0.9199604743083004,0.8000658761528328,0.43555950304522156,0.6521739130434783,0.875,0.712166172106825,0.3827675873660156,0.8303571428571429,0.6304347826086957,0.9696969696969697,0.7532467532467533
primary,N1,RF,2,0.8759572628458498,0.7879464285714286,0.7665513833992095,0.9240777338603425,0.8185111989459816,0.43169220965933747,0.6467391304347826,0.8863636363636364,0.7147147147147147,0.350532466640782,0.8482142857142857,0.6521739130434783,0.9848484848484849,0.7792207792207793
primary,N1,RF,3,0.8709444993412385,0.7834821428571429,0.7602931488801055,0.9123847167325427,0.8000658761528328,0.4428936781734963,0.6304347826086957,0.8901515151515151,0.7051671732522796,0.3827675873660156,0.8303571428571429,0.6304347826086957,0.9696969696969697,0.7532467532467533
primary,N1,RF,4,0.8619791666666667,0.7879464285714286,0.7690217391304348,0.9097496706192358,0.7849143610013176,0.4263182550741039,0.6630434782608695,0.875,0.7197640117994101,0.4060133338308838,0.8125,0.6304347826086957,0.9393939393939394,0.7341772151898734
primary,N1,RF,5,0.8680418313570488,0.8013392857142857,0.7828557312252964,0.9115612648221344,0.7957839262187089,0.40362654077398086,0.6793478260869565,0.8863636363636364,0.7374631268436578,0.3863576351464809,0.8214285714285714,0.6521739130434783,0.9393939393939394,0.75
primary,N1,RF,6,0.8666728425559947,0.7924107142857143,0.7728096179183135,0.9049736495388669,0.8033596837944664,0.4205621328968941,0.6630434782608695,0.8825757575757576,0.7240356083086054,0.374505400623491,0.8303571428571429,0.6521739130434783,0.9545454545454546,0.759493670886076
primary,N1,RF,7,0.8635128458498025,0.796875,0.7749505928853755,0.900197628458498,0.7891963109354414,0.4184214378857161,0.6521739130434783,0.8977272727272727,0.7250755287009063,0.40292431469737944,0.8214285714285714,0.6086956521739131,0.9696969696969697,0.7368421052631579
primary,N1,RF,8,0.8702754446640315,0.7946428571428571,0.7714097496706191,0.9148550724637681,0.7924901185770752,0.42502007300365924,0.6413043478260869,0.9015151515151515,0.7195121951219512,0.3944393300317099,0.8214285714285714,0.6304347826086957,0.9545454545454546,0.7435897435897436
primary,N1,RF,9,0.8755558300395258,0.8058035714285714,0.7858201581027668,0.919631093544137,0.810935441370224,0.399495390110937,0.6739130434782609,0.8977272727272727,0.7402985074626866,0.3625606239386626,0.8392857142857143,0.6521739130434783,0.9696969696969697,0.7692307692307693
primary,N1,SVM,0,0.8612689393939394,0.7611607142857143,0.7545289855072463,0.8926218708827405,0.7796442687747036,0.445281844000871,0.717391304347826,0.7916666666666666,0.7115902964959568,0.40742705743385504,0.7946428571428571,0.6956521739130435,0.8636363636363636,0.735632183908046
primary,N1,SVM,1,0.8428853754940712,0.7321428571428571,0.7241436100131753,0.8708827404479578,0.7308959156785244,0.4914536377291557,0.6793478260869565,0.7689393939393939,0.6756756756756757,0.4819853826670432,0.7410714285714286,0.6739130434782609,0.7878787878787878,0.6813186813186813
primary,N1,SVM,2,0.8648097826086957,0.7678571428571429,0.7610342555994729,0.8945981554677207,0.7493412384716732,0.43520027387554056,0.7228260869565217,0.7992424242424242,0.7189189189189189,0.45379810511994717,0.7589285714285714,0.6956521739130435,0.803030303030303,0.7032967032967034
primary,N1,SVM,3,0.8550107048748352,0.7566964285714286,0.7482707509881423,0.8889986824769434,0.7644927536231885,0.4551961247855944,0.7010869565217391,0.7954545454545454,0.7029972752043597,0.43085028811487985,0.7767857142857143,0.6956521739130435,0.8333333333333334,0.7191011235955056
primary,N1,SVM,4,0.8405797101449275,0.7477678571428571,0.7390480895915679,0.8735177865612649,0.7602108036890645,0.4693202932936966,0.6902173913043478,0.7878787878787878,0.6920980926430518,0.43658392997033696,0.7678571428571429,0.717391304347826,0.803030303030303,0.717391304347826
primary,N1,SVM,5,0.8635128458498024,0.7723214285714286,0.7656455862977603,0.8889986824769434,0.7677865612648221,0.42796541698895463,0.7282608695652174,0.803030303030303,0.7243243243243244,0.4248822535593506,0.7767857142857143,0.717391304347826,0.8181818181818182,0.7252747252747253
primary,N1,SVM,6,0.8522315546772069,0.7477678571428571,0.7398715415019763,0.8827404479578393,0.7569169960474309,0.4678991538011596,0.6956521739130435,0.7840909090909091,0.6937669376693767,0.4423837901692835,0.7678571428571429,0.6956521739130435,0.8181818181818182,0.7111111111111111
primary,N1,SVM,7,0.8564723320158103,0.7700892857142857,0.7612812911725955,0.8853754940711462,0.7677865612648221,0.4350906655998787,0.7119565217391305,0.8106060606060606,0.7178082191780822,0.4248822535593506,0.7767857142857143,0.717391304347826,0.8181818181818182,0.7252747252747253
primary,N1,SVM,8,0.8638833992094861,0.7767857142857143,0.7719038208168643,0.8916337285902503,0.7569169960474309,0.4180239906731981,0.7445652173913043,0.7992424242424242,0.732620320855615,0.4423837901692835,0.7678571428571429,0.6956521739130435,0.8181818181818182,0.7111111111111111
primary,N1,SVM,9,0.8476408102766799,0.7366071428571429,0.7287549407114624,0.886034255599473,0.738471673254282,0.484579996441971,0.6847826086956522,0.7727272727272727,0.6810810810810811,0.47097489085723176,0.75,0.6739130434782609,0.803030303030303,0.6888888888888889
primary,N2,RF,0,0.8610424901185771,0.7924107142857143,0.7744565217391304,0.907608695652174,0.7882081686429512,0.417064678028286,0.6739130434782609,0.875,0.7272727272727273,0.39811018043318713,0.8125,0.6521739130434783,0.9242424242424242,0.7407407407407407
primary,N2,RF,1,0.8529623682476943,0.7834821428571429,0.7602931488801055,0.905467720685112,0.7924901185770752,0.4428936781734963,0.6304347826086957,0.8901515151515151,0.7051671732522796,0.3944393300317099,0.8214285714285714,0.6304347826086957,0.9545454545454546,0.7435897435897436
primary,N2,RF,2,0.8752161561264822,0.7879464285714286,0.7632575757575757,0.9277009222661396,0.8000658761528328,0.43921480910674854,0.625,0.9015151515151515,0.7076923076923077,0.3827675873660156,0.8303571428571429,0.6304347826086957,0.9696969696969697,0.7532467532467533
primary,N2,RF,3,0.8640686758893281,0.7790178571428571,0.7581521739130435,0.9113965744400527,0.7924901185770752,0.4447880047403941,0.6413043478260869,0.875,0.7044776119402985,0.3944393300317099,0.8214285714285714,0.6304347826086957,0.9545454545454546,0.7435897435897436
primary,N2,RF,4,0.8476408102766799,0.78125,0.764163372859025,0.9008563899868248,0.7773386034255599,0.43319069122516374,0.6684782608695652,0.8598484848484849,0.7151162790697675,0.41748389809510095,0.8035714285714286,0.6304347826086957,0.9242424242424242,0.725
primary,N2,RF,5,0.8608160408432147,0.8035714285714286,0.7863965744400527,0.9067852437417655,0.7924901185770752,0.3972259380937931,0.6902173913043478,0.8825757575757576,0.7426900584795322,0.3944393300317099,0.8214285714285714,0.6304347826086957,0.9545454545454546,0.7435897435897436
primary,N2,RF,6,0.8564929183135706,0.7857142857142857,0.7654808959156785,0.9013504611330698,0.8175230566534915,0.43272097940717136,0.6521739130434783,0.8787878787878788,0.7142857142857143,0.3468916090086253,0.8392857142857143,0.6956521739130435,0.9393939393939394,0.7804878048780488
primary,N2,RF,7,0.8594985177865613,0.7857142857142857,0.7621870882740448,0.897068511198946,0.7924901185770752,0.44009839127661,0.6304347826086957,0.8939393939393939,0.7073170731707317,0.3944393300317099,0.8214285714285714,0.6304347826086957,0.9545454545454546,0.7435897435897436
primary,N2,RF,8,0.8642127799736495,0.7879464285714286,0.765727931488801,0.9127140974967062,0.7891963109354414,0.4335346707933066,0.6413043478260869,0.8901515151515151,0.7129909365558912,0.40292431469737944,0.8214285714285714,0.6086956521739131,0.9696969696969697,0.7368421052631579
primary,N2,RF,9,0.8727869729907773,0.7901785714285714,0.7717391304347826,0.9247364953886693,0.8033596837944664,0.42169298011943146,0.6684782608695652,0.875,0.7235294117647059,0.374505400623491,0.8303571428571429,0.6521739130434783,0.9545454545454546,0.759493670886076
primary,N2,SVM,0,0.8386445981554679,0.7455357142857143,0.7371541501976284,0.8794466403162056,0.7677865612648221,0.4721079241615123,0.6902173913043478,0.7840909090909091,0.6902173913043478,0.4248822535593506,0.7767857142857143,0.717391304347826,0.8181818181818182,0.7252747252747253
primary,N2,SVM,1,0.8002305665349143,0.7075892857142857,0.6991930171277998,0.8389328063241107,0.7233201581027668,0.5277365702477294,0.6521739130434783,0.7462121212121212,0.6469002695417789,0.49287888458017615,0.7321428571428571,0.6739130434782609,0.7727272727272727,0.6739130434782609
primary,N2,SVM,2,0.8411561264822134,0.7254464285714286,0.7176383399209486,0.8873517786561265,0.785243741765481,0.50097294460303,0.6739130434782609,0.7613636363636364,0.6684636118598383,0.39722615420191704,0.7857142857142857,0.782608695652174,0.7878787878787878,0.75
primary,N2,SVM,3,0.8237812911725955,0.7366071428571429,0.7238142292490118,0.8642951251646904,0.7460474308300395,0.4934852195290377,0.6521739130434783,0.7954545454545454,0.6703910614525139,0.4598465518445056,0.7589285714285714,0.6739130434782609,0.8181818181818182,0.6966292134831461
primary,N2,SVM,4,0.8107913372859024,0.7165178571428571,0.7067687747035574,0.8550724637681159,0.7266139657444005,0.5173263666389163,0.6521739130434783,0.7613636363636364,0.6539509536784741,0.48733225149467835,0.7321428571428571,0.6956521739130435,0.7575757575757576,0.6808510638297872
primary,N2,SVM,5,0.8404561923583663,0.7410714285714286,0.7374835309617918,0.8764822134387352,0.7417654808959157,0.47097154571425626,0.717391304347826,0.7575757575757576,0.6947368421052632,0.465093700083493,0.75,0.6956521739130435,0.7878787878787878,0.6956521739130435
primary,N2,SVM,6,0.8147850790513834,0.7455357142857143,0.7379776021080369,0.8570487483530962,0.7341897233201581,0.4706972629667535,0.6956521739130435,0.7803030303030303,0.6918918918918919,0.476271507323853,0.7410714285714286,0.6956521739130435,0.7727272727272727,0.6881720430107527
primary,N2,SVM,7,0.8302248023715415,0.7366071428571429,0.7304018445322793,0.8751646903820817,0.7493412384716732,0.48181651306251405,0.6956521739130435,0.7651515151515151,0.6844919786096256,0.45379810511994717,0.7589285714285714,0.6956521739130435,0.803030303030303,0.7032967032967034
primary,N2,SVM,8,0.8292366600790514,0.75,0.7450592885375493,0.8722002635046113,0.7450592885375493,0.45962955394746946,0.717391304347826,0.7727272727272727,0.7021276595744681,0.45962955394746946,0.75,0.717391304347826,0.7727272727272727,0.7021276595744681
primary,N2,SVM,9,0.8259428524374177,0.7120535714285714,0.7029808959156785,0.8679183135704875,0.7157444005270093,0.522545609329901,0.6521739130434783,0.7537878787878788,0.6504065040650406,0.5036565786613405,0.7232142857142857,0.6739130434782609,0.7575757575757576,0.6666666666666666
primary,N3,RF,0,0.6967123682476942,0.640625,0.6119071146245059,0.7246376811594203,0.644927536231884,0.6597765814423564,0.45108695652173914,0.7727272727272727,0.5076452599388379,0.6230000947516897,0.6785714285714286,0.45652173913043476,0.8333333333333334,0.5384615384615384
primary,N3,RF,1,0.6898262516469038,0.640625,0.6135540184453228,0.7119565217391304,0.6373517786561265,0.6558281618110506,0.46195652173913043,0.7651515151515151,0.513595166163142,0.6313579286216441,0.6696428571428571,0.45652173913043476,0.8181818181818182,0.5316455696202531
primary,N3,RF,2,0.6742938899868247,0.625,0.5994729907773386,0.69433465085639,0.6037549407114624,0.671575110591232,0.45652173913043476,0.7424242424242424,0.5,0.6716890366663395,0.6339285714285714,0.43478260869565216,0.7727272727272727,0.49382716049382713
primary,N3,RF,3,0.680768280632411,0.6540178571428571,0.6306818181818181,0.7043807641633729,0.6146245059288538,0.6301643640097259,0.5,0.7613636363636364,0.5427728613569321,0.6557955288736061,0.6428571428571429,0.45652173913043476,0.7727272727272727,0.5121951219512195
primary,N3,RF,4,0.6780097167325428,0.640625,0.6143774703557312,0.6887351778656127,0.5895915678524374,0.6538910662572329,0.4673913043478261,0.7613636363636364,0.5165165165165165,0.6960660925772871,0.625,0.391304347826087,0.7878787878787878,0.46153846153846156
primary,N3,RF,5,0.6153141469038208,0.5758928571428571,0.5462779973649539,0.6258234519104084,0.5082345191040843,0.7381602248788262,0.3804347826086957,0.7121212121212122,0.42424242424242425,0.7881686325437836,0.5446428571428571,0.30434782608695654,0.7121212121212122,0.35443037974683544
primary,N3,RF,6,0.6962491765480896,0.6473214285714286,0.6266469038208169,0.7239789196310935,0.6222002635046113,0.6329250308333836,0.5108695652173914,0.7424242424242424,0.5433526011560693,0.6477538597202604,0.6517857142857143,0.45652173913043476,0.7878787878787878,0.5185185185185185
primary,N3,RF,7,0.679790431488801,0.6339285714285714,0.6095191040843215,0.7037220026350461,0.5853096179183136,0.6580292427916666,0.47282608695652173,0.7462121212121212,0.514792899408284,0.6948564528363865,0.6160714285714286,0.41304347826086957,0.7575757575757576,0.4691358024691358
primary,N3,RF,8,0.7009428524374177,0.6450892857142857,0.6156949934123848,0.7266139657444005,0.6189064558629775,0.655804961997479,0.45108695652173914,0.7803030303030303,0.5107692307692308,0.6560882032335477,0.6517857142857143,0.43478260869565216,0.803030303030303,0.5063291139240507
primary,N3,RF,9,0.6808300395256917,0.625,0.5937088274044796,0.6992753623188406,0.5678524374176548,0.6854214850275132,0.41847826086956524,0.7689393939393939,0.4782608695652174,0.7278544970711068,0.6071428571428571,0.34782608695652173,0.7878787878787878,0.42105263157894735
primary,N3,SVM,0,0.7313488142292491,0.6540178571428571,0.6257411067193676,0.7638339920948616,0.6297760210803689,0.6416877330841774,0.4673913043478261,0.7840909090909091,0.5259938837920489,0.6396085871137902,0.6607142857142857,0.45652173913043476,0.803030303030303,0.525
primary,N3,SVM,1,0.6756217061923584,0.609375,0.57715744400527,0.7055335968379447,0.597167325428195,0.706437693219237,0.3967391304347826,0.7575757575757576,0.45482866043613707,0.6888095418843102,0.6339285714285714,0.391304347826087,0.803030303030303,0.4675324675324675
primary,N3,SVM,2,0.6959815546772068,0.6339285714285714,0.6169301712779973,0.7318840579710145,0.6429512516469038,0.6422175445409191,0.5217391304347826,0.7121212121212122,0.5393258426966292,0.6095001836667521,0.6607142857142857,0.5434782608695652,0.7424242424242424,0.5681818181818182
primary,N3,SVM,3,0.6784214426877471,0.640625,0.6152009222661396,0.7117918313570488,0.6515151515151515,0.6519785803464457,0.47282608695652173,0.7575757575757576,0.5194029850746269,0.6064203653473431,0.6785714285714286,0.5,0.803030303030303,0.5609756097560976
primary,N3,SVM,4,0.740139163372859,0.6830357142857143,0.6668313570487483,0.7707509881422925,0.6245059288537549,0.5765122921377018,0.5760869565217391,0.7575757575757576,0.5988700564971752,0.6337275549041123,0.6428571428571429,0.5217391304347826,0.7272727272727273,0.5454545454545454
primary,N3,SVM,5,0.620800395256917,0.6116071428571429,0.5930500658761528,0.6495388669301714,0.5691699604743082,0.6726538472391537,0.4891304347826087,0.696969696969697,0.5084745762711864,0.7019673202640179,0.5892857142857143,0.45652173913043476,0.6818181818181818,0.4772727272727273
primary,N3,SVM,6,0.7466856060606061,0.7098214285714286,0.696969696969697,0.7783267457180499,0.6831357048748353,0.5326276061402877,0.625,0.7689393939393939,0.6388888888888888,0.5523545997210517,0.6964285714285714,0.6086956521739131,0.7575757575757576,0.6222222222222222
primary,N3,SVM,7,0.7280755928853755,0.6495535714285714,0.6351284584980237,0.7644927536231884,0.6320816864295125,0.617359657905204,0.5543478260869565,0.7159090909090909,0.5650969529085873,0.6251355358217969,0.6517857142857143,0.5217391304347826,0.7424242424242424,0.5517241379310345
primary,N3,SVM,8,0.7451828063241106,0.6741071428571429,0.6625494071146245,0.7786561264822135,0.6646903820816865,0.5796759977576131,0.5978260869565217,0.7272727272727273,0.6010928961748634,0.5780163823893565,0.6785714285714286,0.5869565217391305,0.7424242424242424,0.6
primary,N3,SVM,9,0.7397480237154149,0.6808035714285714,0.6599967061923584,0.77832674571805,0.6472332015810276,0.5891487332410801,0.5434782608695652,0.7765151515151515,0.5830903790087464,0.6076390959244277,0.6696428571428571,0.5217391304347826,0.7727272727272727,0.5647058823529412
primary,N4,RF,0,0.6478713768115942,0.6183035714285714,0.5880270092226614,0.6635375494071147,0.5678524374176548,0.6909850681817422,0.41847826086956524,0.7575757575757576,0.47384615384615386,0.7278544970711068,0.6071428571428571,0.34782608695652173,0.7878787878787878,0.42105263157894735
primary,N4,RF,1,0.6561779479578393,0.6183035714285714,0.5937911725955204,0.6722661396574441,0.6189064558629775,0.6773902782965726,0.45652173913043476,0.7310606060606061,0.49557522123893805,0.6560882032335477,0.6517857142857143,0.43478260869565216,0.803030303030303,0.5063291139240507
primary,N4,RF,2,0.6438364624505929,0.6071428571428571,0.5802042160737813,0.650197628458498,0.5862977602108037,0.6962508601660252,0.42934782608695654,0.7310606060606061,0.47305389221556887,0.7050481523628074,0.625,0.3695652173913043,0.803030303030303,0.4473684210526316
primary,N4,RF,3,0.644237895256917,0.6049107142857143,0.5750164690382081,0.6702898550724639,0.5862977602108037,0.7059102139931682,0.4076086956521739,0.7424242424242424,0.45871559633027525,0.7050481523628074,0.625,0.3695652173913043,0.803030303030303,0.4473684210526316
primary,N4,RF,4,0.6363739295125166,0.59375,0.561429512516469,0.6464097496706193,0.5385375494071146,0.7247899820155866,0.3804347826086957,0.7424242424242424,0.43478260869565216,0.7652368341481279,0.5803571428571429,0.30434782608695654,0.7727272727272727,0.37333333333333335
primary,N4,RF,5,0.5693758234519104,0.5602678571428571,0.5338438735177865,0.577239789196311,0.5451251646903821,0.7477039456308433,0.3858695652173913,0.6818181818181818,0.41887905604719766,0.7472537192734436,0.5803571428571429,0.34782608695652173,0.7424242424242424,0.4050632911392405
primary,N4,RF,6,0.6421895586297761,0.6026785714285714,0.5764163372859026,0.6622200263504611,0.5744400527009222,0.6999185814721839,0.42934782608695654,0.7234848484848485,0.47023809523809523,0.7102870242461959,0.6071428571428571,0.391304347826087,0.7575757575757576,0.45
primary,N4,RF,7,0.6399456521739131,0.5848214285714286,0.5555006587615283,0.6493741765480896,0.5602766798418972,0.7275349910797664,0.391304347826087,0.7196969696969697,0.43636363636363634,0.7344118439407766,0.5982142857142857,0.34782608695652173,0.7727272727272727,0.4155844155844156
primary,N4,RF,8,0.6873147233201581,0.6183035714285714,0.585556653491436,0.7124505928853755,0.5895915678524374,0.6971843156295066,0.40217391304347827,0.7689393939393939,0.46394984326018807,0.6960660925772871,0.625,0.391304347826087,0.7878787878787878,0.46153846153846156
primary,N4,RF,9,0.6446702075098814,0.6049107142857143,0.5733695652173914,0.6663372859025033,0.6047430830039526,0.7099702034765196,0.3967391304347826,0.75,0.4520123839009288,0.6814529403520153,0.6428571428571429,0.391304347826087,0.8181818181818182,0.47368421052631576
primary,N4,SVM,0,0.6773509552042161,0.6049107142857143,0.5791337285902504,0.705862977602108,0.6070487483530962,0.6961932814260117,0.43478260869565216,0.7234848484848485,0.47477744807121663,0.663735362917955,0.6339285714285714,0.45652173913043476,0.7575757575757576,0.5060240963855421
primary,N4,SVM,1,0.6209136198945981,0.578125,0.5366436100131753,0.6330698287220027,0.5210803689064558,0.7667093122862584,0.30434782608695654,0.7689393939393939,0.37209302325581395,0.8006942779142266,0.5714285714285714,0.2391304347826087,0.803030303030303,0.3142857142857143
primary,N4,SVM,2,0.6091176712779973,0.5959821428571429,0.5666172595520422,0.6266469038208169,0.5668642951251647,0.7149722477466871,0.40217391304347827,0.7310606060606061,0.44984802431610943,0.7172552534209791,0.5982142857142857,0.391304347826087,0.7424242424242424,0.4444444444444444
primary,N4,SVM,3,0.5288722826086957,0.5647321428571429,0.5277503293807642,0.5418313570487483,0.5233860342555995,0.7687772008215352,0.32065217391304346,0.7348484848484849,0.3769968051118211,0.7768679987675232,0.5625,0.30434782608695654,0.7424242424242424,0.36363636363636365
primary,N4,SVM,4,0.6429718379446641,0.6004464285714286,0.5769927536231885,0.6622200263504611,0.6093544137022397,0.6962048959920452,0.44565217391304346,0.7083333333333334,0.478134110787172,0.6506071019156129,0.625,0.5217391304347826,0.696969696969697,0.5333333333333333
primary,N4,SVM,5,0.5300148221343873,0.5334821428571429,0.5086462450592886,0.5393610013175232,0.4746376811594203,0.7720368131138974,0.3695652173913043,0.6477272727272727,0.39420289855072466,0.8177006417708496,0.5089285714285714,0.2826086956521739,0.6666666666666666,0.32098765432098764
primary,N4,SVM,6,0.6444952239789197,0.6160714285714286,0.5968379446640316,0.6569499341238471,0.6027667984189724,0.6686804403597946,0.4891304347826087,0.7045454545454546,0.5113636363636364,0.664202390874771,0.625,0.4782608695652174,0.7272727272727273,0.5116279069767442
primary,N4,SVM,7,0.642879199604743,0.6116071428571429,0.5897562582345192,0.6656785243741766,0.5994729907773386,0.6795565011149688,0.4673913043478261,0.7121212121212122,0.49710982658959535,0.671575110591232,0.625,0.45652173913043476,0.7424242424242424,0.5
primary,N4,SVM,8,0.6700531126482213,0.6339285714285714,0.5979907773386034,0.6903820816864296,0.6047430830039526,0.6865792525398745,0.3967391304347826,0.7992424242424242,0.47096774193548385,0.6814529403520153,0.6428571428571429,0.391304347826087,0.8181818181818182,0.47368421052631576
primary,N4,SVM,9,0.632225790513834,0.625,0.5978260869565217,0.664361001317523,0.61034255599473,0.6754075613083608,0.44565217391304346,0.75,0.4939759036144578,0.656176032093326,0.6339285714285714,0.4782608695652174,0.7424242424242424,0.5176470588235295
primary,P,RF,0,0.693150938735178,0.6651785714285714,0.6343873517786561,0.7280961791831357,0.5981554677206851,0.6334055167370586,0.46195652173913043,0.8068181818181818,0.53125,0.700667688464505,0.6428571428571429,0.34782608695652173,0.8484848484848485,0.4444444444444444
primary,P,RF,1,0.7074790019762847,0.6808035714285714,0.6468214756258235,0.7297430830039527,0.6492094861660079,0.6208936804453111,0.45652173913043476,0.8371212121212122,0.5401929260450161,0.6236262924333114,0.6875,0.43478260869565216,0.8636363636363636,0.5333333333333333
primary,P,RF,2,0.6680253623188406,0.6227678571428571,0.5860507246376812,0.6954874835309618,0.568840579710145,0.7022780159769515,0.3804347826086957,0.7916666666666666,0.45307443365695793,0.7409206645221005,0.6160714285714286,0.30434782608695654,0.8333333333333334,0.39436619718309857
primary,P,RF,3,0.6743762351778656,0.6540178571428571,0.6232707509881423,0.6956521739130435,0.6416337285902504,0.6477847859295629,0.45108695652173914,0.7954545454545454,0.5171339563862928,0.6319040697726023,0.6785714285714286,0.43478260869565216,0.8484848484848485,0.5263157894736842
primary,P,RF,4,0.7174427700922267,0.6674107142857143,0.6371047430830039,0.7402832674571805,0.644927536231884,0.6292504105294303,0.4673913043478261,0.8068181818181818,0.5358255451713395,0.6230000947516897,0.6785714285714286,0.45652173913043476,0.8333333333333334,0.5384615384615384
primary,P,RF,5,0.6211091897233201,0.609375,0.5796277997364954,0.6424571805006588,0.5678524374176548,0.7003109568742292,0.41304347826086957,0.7462121212121212,0.4648318042813456,0.7278544970711068,0.6071428571428571,0.34782608695652173,0.7878787878787878,0.42105263157894735
primary,P,RF,6,0.6885499011857708,0.6316964285714286,0.590332674571805,0.7165678524374177,0.6416337285902504,0.704495541624821,0.358695652173913,0.821969696969697,0.4444444444444444,0.6319040697726023,0.6785714285714286,0.43478260869565216,0.8484848484848485,0.5263157894736842
primary,P,RF,7,0.7163414031620553,0.6830357142857143,0.652832674571805,0.7458827404479579,0.6492094861660079,0.6081126850580968,0.483695652173913,0.821969696969697,0.55625,0.6236262924333114,0.6875,0.43478260869565216,0.8636363636363636,0.5333333333333333
primary,P,RF,8,0.6854825428194994,0.6696428571428571,0.6389986824769434,0.7236495388669302,0.6492094861660079,0.6271543637711278,0.4673913043478261,0.8106060606060606,0.5375,0.6236262924333114,0.6875,0.43478260869565216,0.8636363636363636,0.5333333333333333
primary,P,RF,9,0.7196557971014492,0.6607142857142857,0.6330698287220027,0.7465415019762845,0.6851119894598156,0.6314891574133416,0.4782608695652174,0.7878787878787878,0.5365853658536586,0.5620050531089446,0.7142857142857143,0.5217391304347826,0.8484848484848485,0.6
primary,P,RF,10,0.6811285408432148,0.6361607142857143,0.5990612648221344,0.7053689064558629,0.6133069828722002,0.6869798510274787,0.391304347826087,0.8068181818181818,0.46905537459283386,0.6864684888981586,0.6607142857142857,0.34782608695652173,0.8787878787878788,0.45714285714285713
primary,P,RF,11,0.7476634552042161,0.7120535714285714,0.6823945981554678,0.7793148880105403,0.7220026350461133,0.5664056722336319,0.5163043478260869,0.8484848484848485,0.5956112852664577,0.5064516727068299,0.75,0.5652173913043478,0.8787878787878788,0.65
primary,P,RF,12,0.6873044301712781,0.6629464285714286,0.6275527009222661,0.7254611330698287,0.6426218708827405,0.6483352561994078,0.42934782608695654,0.8257575757575758,0.511326860841424,0.6430950063895282,0.6875,0.391304347826087,0.8939393939393939,0.5070422535211268
primary,P,RF,13,0.6859045619235836,0.640625,0.6119071146245059,0.7170619235836627,0.5787220026350461,0.6597765814423564,0.45108695652173914,0.7727272727272727,0.5076452599388379,0.7120033686567199,0.6160714285714286,0.3695652173913043,0.7878787878787878,0.44155844155844154
primary,P,RF,14,0.7387804677206851,0.6763392857142857,0.6430335968379447,0.7666337285902504,0.6350461133069829,0.6250996988025239,0.45652173913043476,0.8295454545454546,0.536741214057508,0.6509839004914441,0.6785714285714286,0.391304347826087,0.8787878787878788,0.5
primary,P,RF,15,0.6814373353096179,0.6540178571428571,0.6191534914361001,0.7076745718050066,0.6350461133069829,0.6584535023119481,0.42391304347826086,0.8143939393939394,0.5016077170418006,0.6509839004914441,0.6785714285714286,0.391304347826087,0.8787878787878788,0.5
primary,P,RF,16,0.6981328227931487,0.6629464285714286,0.6275527009222661,0.717885375494071,0.6340579710144928,0.6483352561994078,0.42934782608695654,0.8257575757575758,0.511326860841424,0.6400723649301889,0.6696428571428571,0.43478260869565216,0.8333333333333334,0.5194805194805194
primary,P,RF,17,0.693264163372859,0.65625,0.6309288537549407,0.7170619235836627,0.6330698287220027,0.631804262103915,0.4891304347826087,0.7727272727272727,0.5389221556886228,0.6314891574133416,0.6607142857142857,0.4782608695652174,0.7878787878787878,0.5365853658536586
primary,P,RF,18,0.7215600296442688,0.6629464285714286,0.6316699604743082,0.7503293807641633,0.6676548089591567,0.6375558722598922,0.45652173913043476,0.8068181818181818,0.5266457680250783,0.5972657400035988,0.7053571428571429,0.45652173913043476,0.8787878787878788,0.56
primary,P,RF,19,0.7578433794466404,0.71875,0.6880764163372859,0.7952898550724637,0.7078392621870883,0.5593743043578052,0.5163043478260869,0.8598484848484849,0.6012658227848101,0.533272731590941,0.7410714285714286,0.5217391304347826,0.8939393939393939,0.6233766233766234
primary,P,SVM,0,0.6563117588932806,0.6026785714285714,0.5895915678524374,0.6912055335968379,0.5951910408432148,0.6726568721340213,0.5163043478260869,0.6628787878787878,0.5163043478260869,0.6721302277457323,0.6160714285714286,0.4782608695652174,0.7121212121212122,0.5057471264367817
primary,P,SVM,1,0.5734724967061924,0.5558035714285714,0.5349967061923584,0.5886034255599473,0.5691699604743082,0.7403855066246229,0.41847826086956524,0.6515151515151515,0.43626062322946174,0.7019673202640179,0.5892857142857143,0.45652173913043476,0.6818181818181818,0.4772727272727273
primary,P,SVM,2,0.6175065876152832,0.59375,0.5737812911725955,0.6325757575757576,0.5843214756258235,0.6965352070726701,0.46195652173913043,0.6856060606060606,0.48295454545454547,0.6869612195533441,0.6071428571428571,0.45652173913043476,0.7121212121212122,0.4883720930232558
primary,P,SVM,3,0.608994153491436,0.59375,0.5737812911725955,0.6327404479578392,0.6179183135704875,0.6965352070726701,0.46195652173913043,0.6856060606060606,0.48295454545454547,0.6480494912601333,0.6428571428571429,0.4782608695652174,0.7575757575757576,0.5238095238095238
primary,P,SVM,4,0.6486742424242424,0.6160714285714286,0.5894268774703557,0.6834650856389988,0.5886034255599473,0.6849597819479136,0.44021739130434784,0.7386363636363636,0.48502994011976047,0.6868896994030615,0.6160714285714286,0.43478260869565216,0.7424242424242424,0.4819277108433735
primary,P,SVM,5,0.6261631258234519,0.59375,0.549901185770751,0.6413043478260869,0.502635046113307,0.7562874541406001,0.30434782608695654,0.7954545454545454,0.38095238095238093,0.8210793529916982,0.5535714285714286,0.21739130434782608,0.7878787878787878,0.2857142857142857
primary,P,SVM,6,0.6320405138339922,0.6138392857142857,0.585062582345191,0.6571146245059288,0.5787220026350461,0.6926719583139577,0.42391304347826086,0.7462121212121212,0.47416413373860183,0.7120033686567199,0.6160714285714286,0.3695652173913043,0.7878787878787878,0.44155844155844154
primary,P,SVM,7,0.6086030138339922,0.609375,0.5895092226613966,0.6294466403162055,0.5843214756258235,0.6780124395020062,0.4782608695652174,0.7007575757575758,0.5014245014245015,0.6869612195533441,0.6071428571428571,0.45652173913043476,0.7121212121212122,0.4883720930232558
primary,P,SVM,8,0.6662343544137023,0.6540178571428571,0.6339756258234519,0.6923583662714098,0.6439393939393939,0.6229714030628113,0.5217391304347826,0.7462121212121212,0.553314121037464,0.6151476128044391,0.6696428571428571,0.5,0.7878787878787878,0.5542168674698795
primary,P,SVM,9,0.7081892292490118,0.671875,0.6573616600790514,0.733201581027668,0.6538208168642952,0.5882460458918409,0.5760869565217391,0.7386363636363636,0.5905292479108635,0.5937925522512811,0.6696428571428571,0.5652173913043478,0.7424242424242424,0.5842696629213483
primary,P,SVM,10,0.5872756093544137,0.5915178571428571,0.5652997364953887,0.5968379446640316,0.5559947299077734,0.7127026336159027,0.41847826086956524,0.7121212121212122,0.456973293768546,0.7323014814987076,0.5892857142857143,0.3695652173913043,0.7424242424242424,0.425
primary,P,SVM,11,0.6053092061923584,0.59375,0.5589591567852438,0.6291172595520422,0.5862977602108037,0.731107440092058,0.3641304347826087,0.7537878787878788,0.4240506329113924,0.7050481523628074,0.625,0.3695652173913043,0.803030303030303,0.4473684210526316
primary,P,SVM,12,0.59766139657444,0.59375,0.5787220026350461,0.6170948616600791,0.572463768115942,0.6867336117660869,0.4945652173913043,0.6628787878787878,0.5,0.6953389410734401,0.5892857142857143,0.4782608695652174,0.6666666666666666,0.4888888888888889
primary,P,SVM,13,0.6868309453227931,0.6517857142857143,0.631258234519104,0.7279314888010541,0.6439393939393939,0.6268862144793396,0.5163043478260869,0.7462121212121212,0.5491329479768786,0.6151476128044391,0.6696428571428571,0.5,0.7878787878787878,0.5542168674698795
primary,P,SVM,14,0.6262763504611331,0.6071428571428571,0.5909090909090908,0.6393280632411067,0.5648880105401844,0.673339193482466,0.5,0.6818181818181818,0.5111111111111111,0.7028889250657353,0.5803571428571429,0.4782608695652174,0.6515151515151515,0.4835164835164835
primary,P,SVM,15,0.635931324110672,0.625,0.5879446640316206,0.6543148880105402,0.6014492753623188,0.7005045355925399,0.3804347826086957,0.7954545454545454,0.45454545454545453,0.6908416918627253,0.6428571428571429,0.3695652173913043,0.8333333333333334,0.4594594594594595
primary,P,SVM,16,0.6594305830039526,0.5982142857142857,0.575098814229249,0.6877470355731226,0.5810276679841897,0.6980599357183856,0.44565217391304346,0.7045454545454546,0.47674418604651164,0.6943444591873862,0.6071428571428571,0.43478260869565216,0.7272727272727273,0.47619047619047616
primary,P,SVM,17,0.5851861001317523,0.5758928571428571,0.5652173913043479,0.599802371541502,0.5573122529644269,0.6992068709497393,0.5054347826086957,0.625,0.4946808510638298,0.7103484012761312,0.5714285714285714,0.4782608695652174,0.6363636363636364,0.4782608695652174
primary,P,SVM,18,0.7218585309617919,0.6651785714285714,0.641798418972332,0.7559288537549407,0.6548089591567852,0.6157129315568833,0.5108695652173914,0.7727272727272727,0.5562130177514792,0.5987315724268397,0.6785714285714286,0.5217391304347826,0.7878787878787878,0.5714285714285714
primary,P,SVM,19,0.6510622529644269,0.6116071428571429,0.6021080368906455,0.672266139657444,0.6212121212121212,0.6556090500499504,0.5489130434782609,0.6553030303030303,0.5372340425531915,0.640695199629083,0.6428571428571429,0.5,0.7424242424242424,0.5348837209302325
verified_100,N1,RF,0,0.8669444444444445,0.775,0.7702020202020202,0.9157575757575758,0.8272727272727273,0.41673866220982864,0.7222222222222222,0.8181818181818182,0.7428571428571429,0.32255762898876394,0.83,0.8,0.8545454545454545,0.8089887640449438
verified_100,N1,RF,1,0.8639898989898989,0.7725,0.766919191919192,0.9175757575757576,0.8161616161616161,0.42256079792254814,0.7111111111111111,0.8227272727272728,0.7377521613832853,0.3416896135465357,0.82,0.7777777777777778,0.8545454545454545,0.7954545454545454
verified_100,N1,RF,2,0.8701515151515151,0.785,0.7813131313131314,0.9195959595959596,0.8383838383838383,0.398371059565148,0.7444444444444445,0.8181818181818182,0.7570621468926554,0.3034165161266844,0.84,0.8222222222222222,0.8545454545454545,0.8222222222222222
verified_100,N1,RF,3,0.8667045454545456,0.7875,0.7825757575757575,0.9218181818181819,0.8383838383838383,0.39723982177995143,0.7333333333333333,0.8318181818181818,0.7564469914040115,0.3034165161266844,0.84,0.8222222222222222,0.8545454545454545,0.8222222222222222
verified_100,N1,RF,4,0.8653914141414142,0.7925,0.7881313131313131,0.9193939393939393,0.8383838383838383,0.38792265877163673,0.7444444444444445,0.8318181818181818,0.7635327635327636,0.3034165161266844,0.84,0.8222222222222222,0.8545454545454545,0.8222222222222222
verified_100,N1,RF,5,0.8708459595959596,0.7825,0.7780303030303031,0.9242424242424242,0.8323232323232324,0.4041282212469651,0.7333333333333333,0.8227272727272728,0.7521367521367521,0.31728706328305994,0.84,0.7555555555555555,0.9090909090909091,0.8095238095238095
verified_100,N1,RF,6,0.8644949494949494,0.7825,0.779040404040404,0.9105050505050505,0.8181818181818181,0.40183668385357746,0.7444444444444445,0.8136363636363636,0.7549295774647887,0.33751395835679326,0.82,0.8,0.8363636363636363,0.8
verified_100,N1,RF,7,0.8637247474747476,0.7875,0.7851010101010101,0.9157575757575758,0.8494949494949495,0.3916241902558668,0.7611111111111111,0.8090909090909091,0.7632311977715878,0.2842869065233484,0.85,0.8444444444444444,0.8545454545454545,0.8351648351648352
verified_100,N1,RF,8,0.8683333333333334,0.795,0.7914141414141413,0.9226262626262627,0.8454545454545455,0.3821310229850329,0.7555555555555555,0.8272727272727273,0.768361581920904,0.29225489847869457,0.85,0.8,0.8909090909090909,0.8275862068965517
verified_100,N1,RF,9,0.8664141414141415,0.7825,0.7785353535353536,0.9232323232323233,0.8383838383838383,0.4029664919806195,0.7388888888888889,0.8181818181818182,0.7535410764872521,0.3034165161266844,0.84,0.8222222222222222,0.8545454545454545,0.8222222222222222
verified_100,N1,SVM,0,0.8193434343434343,0.73,0.7378787878787878,0.8436363636363636,0.7808080808080808,0.4638184959891012,0.8166666666666667,0.6590909090909091,0.7313432835820896,0.4023159104345957,0.77,0.8888888888888888,0.6727272727272727,0.7766990291262136
verified_100,N1,SVM,1,0.8167424242424242,0.7425,0.7497474747474747,0.8416161616161616,0.7919191919191919,0.4461288045977334,0.8222222222222222,0.6772727272727272,0.7418546365914787,0.3866537703814071,0.78,0.9111111111111111,0.6727272727272727,0.7884615384615384
verified_100,N1,SVM,2,0.8165909090909091,0.7275,0.7366161616161616,0.8448484848484848,0.7898989898989899,0.4663446242274416,0.8277777777777777,0.6454545454545455,0.7321867321867321,0.3874696676524036,0.78,0.8888888888888888,0.6909090909090909,0.7843137254901961
verified_100,N1,SVM,3,0.8090909090909091,0.72,0.7277777777777779,0.8347474747474748,0.7696969696969698,0.4783254977488039,0.8055555555555556,0.65,0.7213930348258707,0.41803982171863074,0.76,0.8666666666666667,0.6727272727272727,0.7647058823529411
verified_100,N1,SVM,4,0.8203030303030303,0.73,0.7373737373737375,0.8464646464646465,0.7808080808080808,0.4643125152256578,0.8111111111111111,0.6636363636363637,0.73,0.4023159104345957,0.77,0.8888888888888888,0.6727272727272727,0.7766990291262136
verified_100,N1,SVM,5,0.8185353535353536,0.73,0.7373737373737375,0.8488888888888888,0.7919191919191919,0.4643125152256578,0.8111111111111111,0.6636363636363637,0.73,0.3866537703814071,0.78,0.9111111111111111,0.6727272727272727,0.7884615384615384
verified_100,N1,SVM,6,0.8217424242424243,0.735,0.7424242424242424,0.8460606060606061,0.7898989898989899,0.4569769840240877,0.8166666666666667,0.6681818181818182,0.735,0.3874696676524036,0.78,0.8888888888888888,0.6909090909090909,0.7843137254901961
verified_100,N1,SVM,7,0.8163888888888889,0.73,0.7378787878787878,0.8444444444444444,0.7696969696969698,0.4638184959891012,0.8166666666666667,0.6590909090909091,0.7313432835820896,0.41803982171863074,0.76,0.8666666666666667,0.6727272727272727,0.7647058823529411
verified_100,N1,SVM,8,0.812550505050505,0.7225,0.7310606060606061,0.8371717171717172,0.7808080808080808,0.47400944087101726,0.8166666666666667,0.6454545454545455,0.725925925925926,0.4023159104345957,0.77,0.8888888888888888,0.6727272727272727,0.7766990291262136
verified_100,N1,SVM,9,0.8073484848484849,0.72,0.7272727272727273,0.8303030303030303,0.7696969696969698,0.47883799765454965,0.8,0.6545454545454545,0.72,0.41803982171863074,0.76,0.8666666666666667,0.6727272727272727,0.7647058823529411
verified_100,N2,RF,0,0.8620454545454546,0.755,0.75,0.9066666666666667,0.807070707070707,0.448194055354974,0.7,0.8,0.72,0.3562933648814102,0.81,0.7777777777777778,0.8363636363636363,0.7865168539325843
verified_100,N2,RF,1,0.8611868686868687,0.7675,0.7633838383838384,0.9185858585858586,0.8252525252525252,0.4268537471124665,0.7222222222222222,0.8045454545454546,0.7365439093484419,0.32695459444282093,0.83,0.7777777777777778,0.8727272727272727,0.8045977011494253
verified_100,N2,RF,2,0.8764141414141413,0.805,0.8025252525252525,0.9268686868686868,0.8313131313131313,0.3635441882566421,0.7777777777777778,0.8272727272727273,0.7821229050279329,0.31545976442777063,0.83,0.8444444444444444,0.8181818181818182,0.8172043010752689
verified_100,N2,RF,3,0.8662121212121212,0.765,0.7595959595959596,0.9274747474747476,0.8474747474747475,0.4338033518737093,0.7055555555555556,0.8136363636363636,0.7298850574712644,0.28796714158016545,0.85,0.8222222222222222,0.8727272727272727,0.8314606741573034
verified_100,N2,RF,4,0.8617171717171718,0.785,0.7818181818181817,0.92,0.8383838383838383,0.39726057290184574,0.75,0.8136363636363636,0.7584269662921348,0.3034165161266844,0.84,0.8222222222222222,0.8545454545454545,0.8222222222222222
verified_100,N2,RF,5,0.8608712121212121,0.785,0.7797979797979797,0.9250505050505051,0.8474747474747475,0.40189472518426544,0.7277777777777777,0.8318181818181818,0.7528735632183908,0.28796714158016545,0.85,0.8222222222222222,0.8727272727272727,0.8314606741573034
verified_100,N2,RF,6,0.8623232323232323,0.76,0.7575757575757576,0.9098989898989899,0.8090909090909091,0.434700503162152,0.7333333333333333,0.7818181818181819,0.7333333333333333,0.35233322239661324,0.81,0.8,0.8181818181818182,0.7912087912087912
verified_100,N2,RF,7,0.8686742424242424,0.78,0.7757575757575758,0.9230303030303031,0.8383838383838383,0.4075596643695818,0.7333333333333333,0.8181818181818182,0.75,0.3034165161266844,0.84,0.8222222222222222,0.8545454545454545,0.8222222222222222
verified_100,N2,RF,8,0.8781060606060607,0.8,0.795959595959596,0.9305050505050505,0.8545454545454545,0.3750537061803985,0.7555555555555555,0.8363636363636363,0.7727272727272727,0.2769301541060345,0.86,0.8,0.9090909090909091,0.8372093023255814
verified_100,N2,RF,9,0.8644949494949495,0.79,0.7848484848484848,0.9268686868686868,0.8111111111111111,0.3937829704084638,0.7333333333333333,0.8363636363636363,0.7586206896551724,0.34889877069178515,0.81,0.8222222222222222,0.8,0.7956989247311828
verified_100,N2,SVM,0,0.8091161616161617,0.725,0.7338383838383838,0.8311111111111111,0.7919191919191919,0.47017690766197956,0.8222222222222222,0.6454545454545455,0.729064039408867,0.3866537703814071,0.78,0.9111111111111111,0.6727272727272727,0.7884615384615384
verified_100,N2,SVM,1,0.808131313131313,0.7375,0.7457070707070708,0.8440404040404041,0.7919191919191919,0.4525832636479536,0.8277777777777777,0.6636363636363637,0.739454094292804,0.3866537703814071,0.78,0.9111111111111111,0.6727272727272727,0.7884615384615384
verified_100,N2,SVM,2,0.8112626262626264,0.7225,0.7310606060606061,0.8412121212121212,0.7696969696969698,0.47400944087101726,0.8166666666666667,0.6454545454545455,0.725925925925926,0.41803982171863074,0.76,0.8666666666666667,0.6727272727272727,0.7647058823529411
verified_100,N2,SVM,3,0.8118434343434344,0.725,0.7318181818181819,0.8335353535353535,0.7808080808080808,0.47213222714282,0.8,0.6636363636363637,0.7236180904522613,0.4023159104345957,0.77,0.8888888888888888,0.6727272727272727,0.7766990291262136
verified_100,N2,SVM,4,0.817979797979798,0.7275,0.73510101010101,0.8472727272727272,0.7919191919191919,0.46770905658861694,0.8111111111111111,0.6590909090909091,0.7281795511221946,0.3866537703814071,0.78,0.9111111111111111,0.6727272727272727,0.7884615384615384
verified_100,N2,SVM,5,0.8222222222222222,0.735,0.7424242424242424,0.8569696969696969,0.7989898989898989,0.4569769840240877,0.8166666666666667,0.6681818181818182,0.735,0.3724544766083906,0.79,0.8888888888888888,0.7090909090909091,0.7920792079207921
verified_100,N2,SVM,6,0.8168686868686867,0.725,0.7313131313131314,0.8444444444444444,0.7787878787878788,0.47269419446442057,0.7944444444444444,0.6681818181818182,0.7222222222222222,0.40350049073918043,0.77,0.8666666666666667,0.6909090909090909,0.7722772277227723
verified_100,N2,SVM,7,0.8150252525252525,0.7375,0.7452020202020202,0.8387878787878789,0.7585858585858586,0.4530476922927161,0.8222222222222222,0.6681818181818182,0.7381546134663342,0.4338048355683962,0.75,0.8444444444444444,0.6727272727272727,0.7524752475247525
verified_100,N2,SVM,8,0.8199242424242424,0.725,0.7338383838383838,0.8375757575757575,0.7696969696969698,0.47017690766197956,0.8222222222222222,0.6454545454545455,0.729064039408867,0.41803982171863074,0.76,0.8666666666666667,0.6727272727272727,0.7647058823529411
verified_100,N2,SVM,9,0.8059343434343434,0.7175,0.723989898989899,0.8234343434343434,0.7808080808080808,0.48326867029731113,0.7888888888888889,0.6590909090909091,0.7153652392947103,0.4023159104345957,0.77,0.8888888888888888,0.6727272727272727,0.7766990291262136
verified_100,N3,RF,0,0.639709595959596,0.585,0.5782828282828283,0.6573737373737373,0.5696969696969697,0.6807673765300699,0.5111111111111111,0.6454545454545455,0.5257142857142857,0.696709799372148,0.58,0.4666666666666667,0.6727272727272727,0.5
verified_100,N3,RF,1,0.6480429292929293,0.5925,0.5815656565656566,0.6591919191919191,0.5898989898989899,0.6841800978791199,0.4722222222222222,0.6909090909090909,0.5105105105105106,0.672772817578425,0.6,0.4888888888888889,0.6909090909090909,0.5238095238095238
verified_100,N3,RF,2,0.6566287878787878,0.605,0.5984848484848485,0.6771717171717172,0.6323232323232324,0.6566398736043532,0.5333333333333333,0.6636363636363637,0.5485714285714286,0.6164234368391411,0.64,0.5555555555555556,0.7090909090909091,0.5813953488372093
verified_100,N3,RF,3,0.6507070707070708,0.605,0.5974747474747475,0.6640404040404041,0.5606060606060606,0.6593607699624681,0.5222222222222223,0.6727272727272727,0.5433526011560693,0.7053384994760465,0.57,0.4666666666666667,0.6545454545454545,0.49411764705882355
verified_100,N3,RF,4,0.6647222222222222,0.5975,0.5946969696969697,0.6832323232323233,0.6181818181818182,0.656549727065469,0.5666666666666667,0.6227272727272727,0.5589041095890411,0.6271550747060567,0.62,0.6,0.6363636363636364,0.5869565217391305
verified_100,N3,RF,5,0.6808333333333334,0.625,0.6146464646464647,0.7074747474747475,0.6191919191919192,0.6431526979909031,0.5111111111111111,0.7181818181818181,0.5508982035928144,0.6383184667924965,0.63,0.5111111111111111,0.7272727272727273,0.5542168674698795
verified_100,N3,RF,6,0.6796590909090909,0.6225,0.6154040404040404,0.7042424242424242,0.6121212121212121,0.6368418513297207,0.5444444444444444,0.6863636363636364,0.5648414985590778,0.6420863096486018,0.62,0.5333333333333333,0.6909090909090909,0.5581395348837209
verified_100,N3,RF,7,0.6842929292929293,0.625,0.6191919191919192,0.7042424242424242,0.6787878787878787,0.6303382049784026,0.5611111111111111,0.6772727272727272,0.5738636363636364,0.5480019556174391,0.68,0.6666666666666666,0.6909090909090909,0.6521739130434783
verified_100,N3,RF,8,0.6698484848484849,0.6175,0.6103535353535353,0.6789898989898989,0.601010101010101,0.6431461665204867,0.5388888888888889,0.6818181818181818,0.5590778097982709,0.657477016528685,0.61,0.5111111111111111,0.6909090909090909,0.5411764705882353
verified_100,N3,RF,9,0.6837878787878788,0.63,0.6252525252525252,0.7052525252525252,0.6474747474747475,0.6214232517458945,0.5777777777777777,0.6727272727272727,0.5842696629213483,0.5906985439113939,0.65,0.6222222222222222,0.6727272727272727,0.6153846153846154
verified_100,N3,SVM,0,0.6728535353535353,0.6425,0.6477272727272727,0.6905050505050505,0.6868686868686869,0.5864272539540518,0.7,0.5954545454545455,0.6379746835443038,0.5349858139803892,0.68,0.7555555555555555,0.6181818181818182,0.68
verified_100,N3,SVM,1,0.663989898989899,0.635,0.6378787878787879,0.6876767676767677,0.6939393939393939,0.5995161962767727,0.6666666666666666,0.6090909090909091,0.6217616580310881,0.5251986177483374,0.69,0.7333333333333333,0.6545454545454545,0.6804123711340206
verified_100,N3,SVM,2,0.6816919191919192,0.645,0.6525252525252525,0.7074747474747475,0.6686868686868687,0.5803244323608667,0.7277777777777777,0.5772727272727273,0.6485148514851485,0.5596418775410269,0.66,0.7555555555555555,0.5818181818181818,0.6666666666666666
verified_100,N3,SVM,3,0.6633838383838384,0.625,0.6262626262626263,0.6901010101010101,0.6494949494949496,0.614858674860004,0.6388888888888888,0.6136363636363636,0.6052631578947368,0.586458740987226,0.65,0.6444444444444445,0.6545454545454545,0.6236559139784946
verified_100,N3,SVM,4,0.6808838383838384,0.6525,0.6603535353535354,0.6985858585858586,0.6868686868686869,0.5702900007474214,0.7388888888888889,0.5818181818181818,0.6567901234567901,0.5349858139803892,0.68,0.7555555555555555,0.6181818181818182,0.68
verified_100,N3,SVM,5,0.6973484848484848,0.6575,0.6638888888888889,0.7151515151515151,0.6979797979797979,0.5654972500447755,0.7277777777777777,0.6,0.656641604010025,0.5201493378983153,0.69,0.7777777777777778,0.6181818181818182,0.693069306930693
verified_100,N3,SVM,6,0.6829040404040403,0.6375,0.6426767676767677,0.6977777777777777,0.7070707070707071,0.5928656287850447,0.6944444444444444,0.5909090909090909,0.6329113924050633,0.507303984837546,0.7,0.7777777777777778,0.6363636363636364,0.7
verified_100,N3,SVM,7,0.6980808080808081,0.66,0.6676767676767676,0.7191919191919193,0.6868686868686869,0.5607065587527208,0.7444444444444445,0.5909090909090909,0.6633663366336634,0.5349858139803892,0.68,0.7555555555555555,0.6181818181818182,0.68
verified_100,N3,SVM,8,0.6932070707070708,0.6525,0.6588383838383838,0.7159595959595959,0.6979797979797979,0.5720751531362525,0.7222222222222222,0.5954545454545455,0.6516290726817042,0.5201493378983153,0.69,0.7777777777777778,0.6181818181818182,0.693069306930693
verified_100,N3,SVM,9,0.7055555555555555,0.655,0.6621212121212121,0.7280808080808081,0.6868686868686869,0.5678736609159881,0.7333333333333333,0.5909090909090909,0.6567164179104478,0.5349858139803892,0.68,0.7555555555555555,0.6181818181818182,0.68
verified_100,N4,RF,0,0.6433585858585859,0.5825,0.577020202020202,0.6638383838383839,0.6141414141414141,0.6804629069993482,0.5222222222222223,0.6318181818181818,0.5295774647887324,0.6366645484180516,0.62,0.5555555555555556,0.6727272727272727,0.5681818181818182
verified_100,N4,RF,1,0.6110984848484848,0.5625,0.5492424242424242,0.6155555555555555,0.5272727272727273,0.7257903500322566,0.4166666666666667,0.6818181818181818,0.46153846153846156,0.7482939333660052,0.54,0.4,0.6545454545454545,0.43902439024390244
verified_100,N4,RF,2,0.6231691919191918,0.5775,0.5694444444444444,0.6335353535353536,0.5808080808080808,0.6930256753187741,0.4888888888888889,0.65,0.5101449275362319,0.681844922492911,0.59,0.4888888888888889,0.6727272727272727,0.5176470588235295
verified_100,N4,RF,3,0.655378787878788,0.62,0.6131313131313131,0.6751515151515152,0.6191919191919192,0.6393195843929427,0.5444444444444444,0.6818181818181818,0.5632183908045977,0.6383184667924965,0.63,0.5111111111111111,0.7272727272727273,0.5542168674698795
verified_100,N4,RF,4,0.6267550505050505,0.5625,0.5578282828282828,0.64,0.595959595959596,0.7011222229909808,0.5111111111111111,0.6045454545454545,0.5125348189415042,0.6564257420818299,0.6,0.5555555555555556,0.6363636363636364,0.5555555555555556
verified_100,N4,RF,5,0.6729545454545454,0.595,0.5863636363636364,0.6933333333333334,0.6141414141414141,0.6743746292420804,0.5,0.6727272727272727,0.5263157894736842,0.6366645484180516,0.62,0.5555555555555556,0.6727272727272727,0.5681818181818182
verified_100,N4,RF,6,0.6767929292929293,0.62,0.6156565656565656,0.7117171717171717,0.6161616161616161,0.632890472751723,0.5722222222222222,0.6590909090909091,0.5754189944134078,0.6316879138147259,0.62,0.5777777777777777,0.6545454545454545,0.5777777777777777
verified_100,N4,RF,7,0.652070707070707,0.595,0.5863636363636364,0.6634343434343434,0.6181818181818182,0.6743746292420804,0.5,0.6727272727272727,0.5263157894736842,0.6271550747060567,0.62,0.6,0.6363636363636364,0.5869565217391305
verified_100,N4,RF,8,0.6489015151515152,0.615,0.604040404040404,0.6650505050505051,0.6080808080808081,0.6573516419596597,0.49444444444444446,0.7136363636363636,0.536144578313253,0.6542820050002285,0.62,0.4888888888888889,0.7272727272727273,0.5365853658536586
verified_100,N4,RF,9,0.657209595959596,0.595,0.5898989898989899,0.6769696969696969,0.6232323232323232,0.6649287323894278,0.5388888888888889,0.6409090909090909,0.5449438202247191,0.6266047234142719,0.63,0.5555555555555556,0.6909090909090909,0.5747126436781609
verified_100,N4,SVM,0,0.6221843434343435,0.625,0.6237373737373737,0.6424242424242425,0.6161616161616161,0.61978622368685,0.6111111111111112,0.6363636363636364,0.5945945945945946,0.6316879138147259,0.62,0.5777777777777777,0.6545454545454545,0.5777777777777777
verified_100,N4,SVM,1,0.5755555555555555,0.5525,0.5426767676767676,0.6032323232323232,0.5656565656565656,0.7259200381222145,0.4444444444444444,0.6409090909090909,0.471976401179941,0.709875755136119,0.58,0.4222222222222222,0.7090909090909091,0.475
verified_100,N4,SVM,2,0.5985353535353535,0.5925,0.5856060606060607,0.6181818181818182,0.603030303030303,0.6724921362865105,0.5166666666666667,0.6545454545454545,0.5329512893982808,0.6518182203844688,0.61,0.5333333333333333,0.6727272727272727,0.5517241379310345
verified_100,N4,SVM,3,0.6191287878787879,0.585,0.5742424242424242,0.6448484848484849,0.5898989898989899,0.6923538578034706,0.4666666666666667,0.6818181818181818,0.5029940119760479,0.672772817578425,0.6,0.4888888888888889,0.6909090909090909,0.5238095238095238
verified_100,N4,SVM,4,0.5758838383838384,0.5725,0.567929292929293,0.5870707070707071,0.5868686868686869,0.6896564860842296,0.5222222222222223,0.6136363636363636,0.5236768802228412,0.6661304088660872,0.59,0.5555555555555556,0.6181818181818182,0.5494505494505495
verified_100,N4,SVM,5,0.6513636363636364,0.635,0.6353535353535353,0.6642424242424242,0.6202020202020202,0.6040056759161633,0.6388888888888888,0.6318181818181818,0.6117021276595744,0.62304998517488,0.62,0.6222222222222222,0.6181818181818182,0.5957446808510638
verified_100,N4,SVM,6,0.590189393939394,0.5925,0.5931818181818181,0.6008080808080809,0.6111111111111112,0.6552948492420743,0.6,0.5863636363636363,0.5699208443271768,0.6335740540586253,0.61,0.6222222222222222,0.6,0.5894736842105263
verified_100,N4,SVM,7,0.6467171717171718,0.6125,0.6103535353535354,0.6531313131313131,0.6272727272727272,0.6370614659545372,0.5888888888888889,0.6318181818181818,0.5776566757493188,0.6166883132144271,0.63,0.6,0.6545454545454545,0.5934065934065934
verified_100,N4,SVM,8,0.6159848484848485,0.5925,0.5926767676767677,0.6270707070707071,0.5909090909090908,0.6562593462411798,0.5944444444444444,0.5909090909090909,0.5676392572944297,0.6578060490788957,0.59,0.6,0.5818181818181818,0.5684210526315789
verified_100,N4,SVM,9,0.6657070707070707,0.6375,0.6381313131313131,0.6775757575757575,0.6404040404040404,0.6003064712855289,0.6444444444444445,0.6318181818181818,0.6153846153846154,0.5975537515973115,0.64,0.6444444444444445,0.6363636363636364,0.6170212765957447
verified_100,P,RF,0,0.6537247474747474,0.6125,0.6073232323232323,0.6751515151515152,0.6343434343434343,0.6441305763408226,0.5555555555555556,0.6590909090909091,0.5633802816901409,0.6110365749191923,0.64,0.5777777777777777,0.6909090909090909,0.5909090909090909
verified_100,P,RF,1,0.5636742424242424,0.56,0.545959595959596,0.5701010101010102,0.5232323232323233,0.7311883361568327,0.40555555555555556,0.6863636363636364,0.453416149068323,0.7623545063847972,0.54,0.35555555555555557,0.6909090909090909,0.41025641025641024
verified_100,P,RF,2,0.6605681818181819,0.625,0.6136363636363636,0.6721212121212121,0.6131313131313132,0.6463119431619542,0.5,0.7272727272727273,0.5454545454545454,0.6593446583029676,0.63,0.4444444444444444,0.7818181818181819,0.5194805194805194
verified_100,P,RF,3,0.6619823232323231,0.6325,0.626010101010101,0.6892929292929293,0.6525252525252525,0.6227206254028212,0.5611111111111111,0.6909090909090909,0.5787965616045845,0.5898913630048267,0.66,0.5777777777777777,0.7272727272727273,0.6046511627906976
verified_100,P,RF,4,0.6594191919191918,0.64,0.6353535353535353,0.6785858585858585,0.6656565656565656,0.6085118558116484,0.5888888888888889,0.6818181818181818,0.5955056179775281,0.5684942915407343,0.67,0.6222222222222222,0.7090909090909091,0.6292134831460674
verified_100,P,RF,5,0.6607070707070706,0.6125,0.5982323232323232,0.6846464646464646,0.6262626262626263,0.6713736988343311,0.45555555555555555,0.740909090909091,0.5141065830721003,0.635318940862311,0.64,0.4888888888888889,0.7636363636363637,0.55
verified_100,P,RF,6,0.6611994949494949,0.615,0.6035353535353535,0.6802020202020201,0.6373737373737374,0.6589485132926317,0.4888888888888889,0.7181818181818181,0.5333333333333333,0.6186795884317675,0.65,0.5111111111111111,0.7636363636363637,0.5679012345679012
verified_100,P,RF,7,0.6556313131313131,0.6125,0.6047979797979798,0.6763636363636364,0.6080808080808081,0.6507823003628523,0.5277777777777778,0.6818181818181818,0.5507246376811594,0.6542820050002285,0.62,0.4888888888888889,0.7272727272727273,0.5365853658536586
verified_100,P,RF,8,0.6543434343434343,0.62,0.6136363636363636,0.6717171717171717,0.6121212121212121,0.6379781360560467,0.55,0.6772727272727272,0.5657142857142857,0.6420863096486018,0.62,0.5333333333333333,0.6909090909090909,0.5581395348837209
verified_100,P,RF,9,0.7177777777777778,0.67,0.6616161616161615,0.7515151515151516,0.6818181818181819,0.5791303518506731,0.5777777777777777,0.7454545454545455,0.611764705882353,0.5512686231027638,0.69,0.6,0.7636363636363637,0.6352941176470588
verified_100,P,RF,10,0.6550883838383839,0.595,0.5873737373737373,0.6886868686868687,0.6303030303030304,0.671537625336877,0.5111111111111111,0.6636363636363637,0.5317919075144508,0.6222630258965552,0.64,0.5333333333333333,0.7272727272727273,0.5714285714285714
verified_100,P,RF,11,0.6822979797979798,0.6225,0.6133838383838384,0.7218181818181818,0.6323232323232324,0.6425401180360846,0.5222222222222223,0.7045454545454546,0.5545722713864307,0.6164234368391411,0.64,0.5555555555555556,0.7090909090909091,0.5813953488372093
verified_100,P,RF,12,0.6283459595959596,0.5725,0.5669191919191918,0.6494949494949495,0.5757575757575757,0.6921453146883688,0.5111111111111111,0.6227272727272727,0.5183098591549296,0.6803128419806386,0.58,0.5333333333333333,0.6181818181818182,0.5333333333333333
verified_100,P,RF,13,0.6719570707070708,0.62,0.6176767676767676,0.6967676767676767,0.6606060606060606,0.6282467198644954,0.5944444444444444,0.6409090909090909,0.5846994535519126,0.5712270981511406,0.66,0.6666666666666666,0.6545454545454545,0.6382978723404256
verified_100,P,RF,14,0.6681186868686868,0.6275,0.6194444444444445,0.6955555555555555,0.6303030303030304,0.6332724009523704,0.5388888888888889,0.7,0.565597667638484,0.6222630258965552,0.64,0.5333333333333333,0.7272727272727273,0.5714285714285714
verified_100,P,RF,15,0.6959343434343435,0.6375,0.6305555555555555,0.7260606060606061,0.6707070707070707,0.617604154359165,0.5611111111111111,0.7,0.5821325648414986,0.5682423560708245,0.68,0.5777777777777777,0.7636363636363637,0.6190476190476191
verified_100,P,RF,16,0.6315151515151515,0.595,0.5843434343434344,0.6476767676767676,0.5969696969696969,0.6803839355140429,0.4777777777777778,0.6909090909090909,0.5149700598802395,0.6701502102028851,0.61,0.4666666666666667,0.7272727272727273,0.5185185185185185
verified_100,P,RF,17,0.6860227272727273,0.6525,0.6441919191919192,0.7157575757575757,0.6797979797979798,0.6020700926106107,0.5611111111111111,0.7272727272727273,0.592375366568915,0.5572265642947973,0.69,0.5777777777777777,0.7818181818181819,0.6265060240963856
verified_100,P,RF,18,0.6915782828282828,0.63,0.6222222222222222,0.7147474747474748,0.6707070707070707,0.6293635396226113,0.5444444444444444,0.7,0.5697674418604651,0.5682423560708245,0.68,0.5777777777777777,0.7636363636363637,0.6190476190476191
verified_100,P,RF,19,0.6772853535353537,0.63,0.6237373737373737,0.6997979797979798,0.6303030303030304,0.6252674135629681,0.5611111111111111,0.6863636363636364,0.5771428571428572,0.6222630258965552,0.64,0.5333333333333333,0.7272727272727273,0.5714285714285714
verified_100,P,SVM,0,0.6084217171717171,0.595,0.5898989898989899,0.6311111111111111,0.5737373737373737,0.6649287323894278,0.5388888888888889,0.6409090909090909,0.5449438202247191,0.685339636663798,0.58,0.5111111111111111,0.6363636363636364,0.5227272727272727
verified_100,P,SVM,1,0.6084848484848484,0.585,0.5808080808080808,0.635959595959596,0.5737373737373737,0.6744208211807309,0.5388888888888889,0.6227272727272727,0.5388888888888889,0.685339636663798,0.58,0.5111111111111111,0.6363636363636364,0.5227272727272727
verified_100,P,SVM,2,0.6061616161616162,0.59,0.5848484848484848,0.6327272727272727,0.603030303030303,0.6709299117152627,0.5333333333333333,0.6363636363636364,0.5393258426966292,0.6518182203844688,0.61,0.5333333333333333,0.6727272727272727,0.5517241379310345
verified_100,P,SVM,3,0.5729671717171718,0.5375,0.5280303030303031,0.5890909090909091,0.5787878787878789,0.7409158702300035,0.43333333333333335,0.6227272727272727,0.4574780058651026,0.6879699212359198,0.59,0.4666666666666667,0.6909090909090909,0.5060240963855421
verified_100,P,SVM,4,0.516439393939394,0.485,0.48232323232323226,0.5272727272727273,0.5151515151515151,0.7765021621522568,0.45555555555555555,0.509090909090909,0.44324324324324327,0.7468700788956457,0.52,0.4666666666666667,0.5636363636363636,0.4666666666666667
verified_100,P,SVM,5,0.626540404040404,0.595,0.5878787878787879,0.6452525252525252,0.6161616161616161,0.6701607268594534,0.5166666666666667,0.6590909090909091,0.5344827586206896,0.6316879138147259,0.62,0.5777777777777777,0.6545454545454545,0.5777777777777777
verified_100,P,SVM,6,0.5773232323232322,0.585,0.5772727272727273,0.5886868686868687,0.5696969696969697,0.68349764613201,0.5,0.6545454545454545,0.5202312138728323,0.696709799372148,0.58,0.4666666666666667,0.6727272727272727,0.5
verified_100,P,SVM,7,0.6359343434343435,0.625,0.6338383838383839,0.6509090909090909,0.6282828282828283,0.6041231336368713,0.7222222222222222,0.5454545454545454,0.6341463414634146,0.6108888248610164,0.62,0.7111111111111111,0.5454545454545454,0.6274509803921569
verified_100,P,SVM,8,0.6403030303030304,0.575,0.5727272727272728,0.653939393939394,0.5868686868686869,0.6815542180283038,0.55,0.5954545454545455,0.5380434782608695,0.6661304088660872,0.59,0.5555555555555556,0.6181818181818182,0.5494505494505495
verified_100,P,SVM,9,0.6465656565656565,0.585,0.5858585858585859,0.6638383838383839,0.6161616161616161,0.6637350913532782,0.5944444444444444,0.5772727272727273,0.5631578947368421,0.6316879138147259,0.62,0.5777777777777777,0.6545454545454545,0.5777777777777777
verified_100,P,SVM,10,0.634949494949495,0.5875,0.5886363636363636,0.6531313131313131,0.6222222222222222,0.6603100170878747,0.6,0.5772727272727273,0.5669291338582677,0.6193600892424911,0.62,0.6444444444444445,0.6,0.6041666666666666
verified_100,P,SVM,11,0.566010101010101,0.535,0.5277777777777778,0.5808080808080809,0.5313131313131313,0.7373118720029518,0.45555555555555555,0.6,0.4685714285714286,0.736041822857361,0.54,0.4444444444444444,0.6181818181818182,0.46511627906976744
verified_100,P,SVM,12,0.5369696969696969,0.525,0.5186868686868686,0.5533333333333333,0.5202020202020202,0.7453509415948266,0.45555555555555555,0.5818181818181818,0.4632768361581921,0.7497018962762175,0.53,0.4222222222222222,0.6181818181818182,0.4470588235294118
verified_100,P,SVM,13,0.6042045454545455,0.58,0.5813131313131313,0.6254545454545455,0.5666666666666667,0.6686824102389163,0.5944444444444444,0.5681818181818182,0.5602094240837696,0.6895827497684853,0.57,0.5333333333333333,0.6,0.5274725274725275
verified_100,P,SVM,14,0.5080555555555555,0.49,0.4767676767676768,0.5292929292929294,0.49797979797979797,0.7998278358084127,0.34444444444444444,0.6090909090909091,0.3780487804878049,0.7766676726234891,0.51,0.37777777777777777,0.6181818181818182,0.40963855421686746
verified_100,P,SVM,15,0.6334722222222222,0.6275,0.6255050505050506,0.6343434343434343,0.6252525252525252,0.6182150435112029,0.6055555555555555,0.6454545454545455,0.5940054495912807,0.6214232517458945,0.63,0.5777777777777777,0.6727272727272727,0.5842696629213483
verified_100,P,SVM,16,0.6018434343434342,0.5625,0.5593434343434344,0.6165656565656565,0.5707070707070707,0.6975868684100781,0.5277777777777778,0.5909090909090909,0.5205479452054794,0.6812126002797546,0.57,0.5777777777777777,0.5636363636363636,0.5473684210526316
verified_100,P,SVM,17,0.6446969696969698,0.6275,0.6255050505050506,0.658989898989899,0.6585858585858586,0.6182150435112029,0.6055555555555555,0.6454545454545455,0.5940054495912807,0.57522702394635,0.66,0.6444444444444445,0.6727272727272727,0.6304347826086957
verified_100,P,SVM,18,0.6623358585858586,0.635,0.6358585858585859,0.667878787878788,0.6919191919191919,0.6030510901207048,0.6444444444444445,0.6272727272727273,0.6137566137566137,0.5284024333031492,0.69,0.7111111111111111,0.6727272727272727,0.6736842105263158
verified_100,P,SVM,19,0.5663383838383839,0.5525,0.5507575757575758,0.5703030303030303,0.5797979797979798,0.7055378849087262,0.5333333333333333,0.5681818181818182,0.5175202156334232,0.6715500432719994,0.58,0.5777777777777777,0.5818181818181818,0.5531914893617021
