test,i,saved_5rep,recomputed_5rep,matched_20rep
03(a),0,0.6437037037037037,0.6437037037037037,0.6417592592592593
03(a),1,0.6796296296296296,0.6796296296296296,0.6662037037037037
03(a),2,0.49722222222222223,0.49722222222222223,0.4574537037037037
03(a),3,0.45425925925925925,0.45425925925925925,0.49134259259259255
03(a),4,0.45425925925925925,0.45425925925925925,0.47018518518518526
03(a),5,0.5468518518518518,0.5468518518518518,0.5130092592592593
03(a),6,0.4242592592592592,0.4242592592592592,0.42972222222222234
03(a),7,0.5703703703703704,0.5703703703703704,0.5950925925925926
03(a),8,0.44296296296296295,0.44296296296296295,0.4584259259259259
03(a),9,0.4731481481481482,0.4731481481481482,0.4694444444444444
03(a),10,0.5161111111111112,0.5161111111111112,0.5210185185185185
03(a),11,0.4438888888888889,0.4438888888888889,0.4410185185185186
03(a),12,0.5537037037037036,0.5537037037037036,0.5311574074074075
03(a),13,0.5414814814814815,0.5414814814814815,0.5417129629629629
03(a),14,0.5707407407407408,0.5707407407407408,0.5573611111111111
03(a),15,0.4138888888888889,0.4138888888888889,0.38481481481481483
03(a),16,0.512962962962963,0.512962962962963,0.5181944444444444
03(a),17,0.6148148148148148,0.6148148148148148,0.5888425925925926
03(a),18,0.5125925925925925,0.5125925925925925,0.5137037037037038
03(a),19,0.5000000000000001,0.5000000000000001,0.5093055555555555
03(a),20,0.487962962962963,0.487962962962963,0.44370370370370366
03(a),21,0.612037037037037,0.612037037037037,0.6178703703703703
03(a),22,0.4992592592592592,0.4992592592592592,0.4981481481481482
03(a),23,0.4890740740740741,0.4890740740740741,0.48157407407407415
03(a),24,0.4875925925925926,0.4875925925925926,0.4902314814814816
03(a),25,0.507962962962963,0.507962962962963,0.5342129629629631
03(a),26,0.4051851851851852,0.4051851851851852,0.38523148148148145
03(a),27,0.5407407407407407,0.5407407407407407,0.5718981481481482
03(a),28,0.4574074074074074,0.4574074074074074,0.4455555555555556
03(a),29,0.48629629629629634,0.48629629629629634,0.45777777777777773
03(a),30,0.5551851851851852,0.5551851851851852,0.5610185185185185
03(a),31,0.5335185185185185,0.5335185185185185,0.5375925925925926
03(a),32,0.5972222222222222,0.5972222222222222,0.5977314814814816
03(a),33,0.47074074074074074,0.47074074074074074,0.47398148148148145
03(a),34,0.5237037037037038,0.5237037037037038,0.5332870370370371
03(a),35,0.5229629629629631,0.5229629629629631,0.5304166666666668
03(a),36,0.557037037037037,0.557037037037037,0.5758796296296296
03(a),37,0.655925925925926,0.655925925925926,0.6152777777777777
03(a),38,0.4805555555555555,0.4805555555555555,0.45939814814814817
03(a),39,0.4851851851851852,0.4851851851851852,0.46305555555555544
03(a),40,0.47888888888888886,0.47888888888888886,0.4507407407407408
03(a),41,0.4670370370370371,0.4670370370370371,0.45537037037037037
03(a),42,0.4601851851851852,0.4601851851851852,0.44527777777777783
03(a),43,0.44722222222222224,0.44722222222222224,0.4558796296296296
03(a),44,0.4068518518518519,0.4068518518518519,0.38537037037037036
03(a),45,0.4892592592592592,0.4892592592592592,0.5051851851851852
03(a),46,0.5188888888888888,0.5188888888888888,0.49921296296296286
03(a),47,0.5666666666666667,0.5666666666666667,0.5451851851851852
03(a),48,0.552962962962963,0.552962962962963,0.5302777777777778
03(a),49,0.5725925925925925,0.5725925925925925,0.5152314814814816
03(a),50,0.5272222222222223,0.5272222222222223,0.5301388888888888
03(a),51,0.47703703703703704,0.47703703703703704,0.4848148148148148
03(a),52,0.5811111111111111,0.5811111111111111,0.5861574074074074
03(a),53,0.37203703703703705,0.37203703703703705,0.4053240740740741
03(a),54,0.4609259259259259,0.4609259259259259,0.47092592592592586
03(a),55,0.495,0.495,0.5054629629629628
03(a),56,0.4851851851851851,0.4851851851851851,0.4830092592592593
03(a),57,0.417962962962963,0.417962962962963,0.41060185185185183
03(a),58,0.4892592592592592,0.4892592592592592,0.5074999999999998
03(a),59,0.47944444444444445,0.47944444444444445,0.4785648148148149
03(a),60,0.5601851851851852,0.5601851851851852,0.5291666666666667
03(a),61,0.4116666666666666,0.4116666666666666,0.4212037037037037
03(a),62,0.3031481481481481,0.3031481481481481,0.33625
03(a),63,0.5725925925925927,0.5725925925925927,0.5461574074074074
03(a),64,0.5285185185185186,0.5285185185185186,0.5053240740740741
03(a),65,0.4538888888888889,0.4538888888888889,0.49916666666666665
03(a),66,0.4298148148148149,0.4298148148148149,0.4351388888888888
03(a),67,0.4746296296296296,0.4746296296296296,0.5069907407407407
03(a),68,0.5201851851851852,0.5201851851851852,0.5340277777777778
03(a),69,0.5064814814814815,0.5064814814814815,0.5076851851851851
03(a),70,0.5725925925925927,0.5725925925925927,0.5622685185185186
03(a),71,0.5951851851851853,0.5951851851851853,0.6017592592592591
03(a),72,0.5844444444444445,0.5844444444444445,0.5626851851851853
03(a),73,0.5955555555555556,0.5955555555555556,0.578888888888889
03(a),74,0.492037037037037,0.492037037037037,0.46652777777777776
03(a),75,0.7277777777777777,0.7277777777777777,0.7114814814814814
03(a),76,0.5377777777777777,0.5377777777777777,0.5034259259259259
03(a),77,0.36537037037037046,0.36537037037037046,0.3652314814814815
03(a),78,0.5353703703703704,0.5353703703703704,0.5093981481481482
03(a),79,0.5455555555555556,0.5455555555555556,0.5736574074074074
03(a),80,0.3511111111111111,0.3511111111111111,0.3774537037037037
03(a),81,0.42518518518518517,0.42518518518518517,0.4225
03(a),82,0.6314814814814815,0.6314814814814815,0.6130092592592592
03(a),83,0.5120370370370371,0.5120370370370371,0.5149537037037035
03(a),84,0.6274074074074074,0.6274074074074074,0.6392592592592593
03(a),85,0.4796296296296296,0.4796296296296296,0.4406944444444444
03(a),86,0.5233333333333334,0.5233333333333334,0.5503703703703704
03(a),87,0.46759259259259256,0.46759259259259256,0.45462962962962966
03(a),88,0.4374074074074074,0.4374074074074074,0.46726851851851847
03(a),89,0.48314814814814816,0.48314814814814816,0.4851388888888889
03(a),90,0.4381481481481481,0.4381481481481481,0.44453703703703695
03(a),91,0.497037037037037,0.497037037037037,0.5085185185185184
03(a),92,0.44592592592592606,0.44592592592592606,0.4893518518518519
03(a),93,0.4151851851851852,0.4151851851851852,0.41759259259259257
03(a),94,0.6377777777777778,0.6377777777777778,0.624861111111111
03(a),95,0.49870370370370376,0.49870370370370376,0.5175925925925926
03(a),96,0.39648148148148143,0.39648148148148143,0.42879629629629623
03(a),97,0.6374074074074074,0.6374074074074074,0.6093055555555557
03(a),98,0.44296296296296295,0.44296296296296295,0.46759259259259267
03(a),99,0.4035185185185185,0.4035185185185185,0.40499999999999997
03(a),100,0.5633333333333332,0.5633333333333332,0.5445370370370369
03(a),101,0.5211111111111111,0.5211111111111111,0.5127777777777777
03(a),102,0.53,0.53,0.5334722222222222
03(a),103,0.4394444444444444,0.4394444444444444,0.47638888888888886
03(a),104,0.4496296296296297,0.4496296296296297,0.429537037037037
03(a),105,0.43148148148148147,0.43148148148148147,0.418287037037037
03(a),106,0.48537037037037034,0.48537037037037034,0.4728703703703704
03(a),107,0.4666666666666667,0.4666666666666667,0.4831944444444445
03(a),108,0.5651851851851852,0.5651851851851852,0.5293981481481482
03(a),109,0.42592592592592593,0.42592592592592593,0.44384259259259257
03(a),110,0.49907407407407406,0.49907407407407406,0.48902777777777773
03(a),111,0.42703703703703705,0.42703703703703705,0.45106481481481486
03(a),112,0.39722222222222225,0.39722222222222225,0.40129629629629626
03(a),113,0.5238888888888888,0.5238888888888888,0.5075462962962962
03(a),114,0.4931481481481482,0.4931481481481482,0.49370370370370364
03(a),115,0.5377777777777778,0.5377777777777778,0.5603703703703704
03(a),116,0.5277777777777779,0.5277777777777779,0.48263888888888895
03(a),117,0.6185185185185185,0.6185185185185185,0.6135648148148148
03(a),118,0.5664814814814815,0.5664814814814815,0.5780092592592593
03(a),119,0.5881481481481482,0.5881481481481482,0.5812962962962963
03(a),120,0.4561111111111111,0.4561111111111111,0.44731481481481483
03(a),121,0.6637037037037038,0.6637037037037038,0.6423148148148148
03(a),122,0.5037037037037038,0.5037037037037038,0.5099074074074075
03(a),123,0.41722222222222227,0.41722222222222227,0.44578703703703704
03(a),124,0.4477777777777778,0.4477777777777778,0.43287037037037035
03(a),125,0.45240740740740737,0.45240740740740737,0.42296296296296304
03(a),126,0.4681481481481482,0.4681481481481482,0.4845833333333333
03(a),127,0.5225925925925926,0.5225925925925926,0.518888888888889
03(a),128,0.6205555555555555,0.6205555555555555,0.6253240740740741
03(a),129,0.5053703703703704,0.5053703703703704,0.49370370370370376
03(a),130,0.4272222222222222,0.4272222222222222,0.45143518518518516
03(a),131,0.5727777777777778,0.5727777777777778,0.5896296296296297
03(a),132,0.4981481481481481,0.4981481481481481,0.4708333333333333
03(a),133,0.5668518518518518,0.5668518518518518,0.564398148148148
03(a),134,0.5061111111111112,0.5061111111111112,0.4964814814814815
03(a),135,0.3396296296296296,0.3396296296296296,0.3349537037037037
03(a),136,0.43611111111111106,0.43611111111111106,0.43180555555555555
03(a),137,0.5437037037037037,0.5437037037037037,0.5586574074074074
03(a),138,0.38296296296296295,0.38296296296296295,0.38023148148148145
03(a),139,0.4522222222222222,0.4522222222222222,0.4420370370370369
03(a),140,0.6444444444444445,0.6444444444444445,0.6181481481481483
03(a),141,0.5153703703703704,0.5153703703703704,0.5180092592592593
03(a),142,0.5746296296296296,0.5746296296296296,0.5874074074074074
03(a),143,0.6492592592592592,0.6492592592592592,0.6436111111111111
03(a),144,0.40888888888888886,0.40888888888888886,0.43314814814814817
03(a),145,0.447962962962963,0.447962962962963,0.4477777777777778
03(a),146,0.5568518518518519,0.5568518518518519,0.5690740740740741
03(a),147,0.5172222222222222,0.5172222222222222,0.506435185185185
03(a),148,0.3888888888888889,0.3888888888888889,0.4225462962962963
03(a),149,0.3975925925925926,0.3975925925925926,0.4320370370370371
03(a),150,0.5320370370370371,0.5320370370370371,0.5079166666666668
03(a),151,0.5744444444444443,0.5744444444444443,0.587638888888889
03(a),152,0.35018518518518527,0.35018518518518527,0.3591666666666667
03(a),153,0.38055555555555554,0.38055555555555554,0.42620370370370375
03(a),154,0.4653703703703703,0.4653703703703703,0.4375925925925926
03(a),155,0.4877777777777778,0.4877777777777778,0.5077777777777779
03(a),156,0.5459259259259259,0.5459259259259259,0.5166203703703702
03(a),157,0.4098148148148148,0.4098148148148148,0.41194444444444445
03(a),158,0.5518518518518518,0.5518518518518518,0.5563425925925927
03(a),159,0.5203703703703704,0.5203703703703704,0.5323611111111111
03(a),160,0.6561111111111111,0.6561111111111111,0.6677777777777778
03(a),161,0.6362962962962964,0.6362962962962964,0.6483333333333333
03(a),162,0.5046296296296297,0.5046296296296297,0.5106944444444446
03(a),163,0.440925925925926,0.440925925925926,0.4606944444444444
03(a),164,0.5320370370370371,0.5320370370370371,0.5758796296296297
03(a),165,0.5266666666666667,0.5266666666666667,0.5387962962962962
03(a),166,0.5133333333333333,0.5133333333333333,0.5027777777777778
03(a),167,0.5437037037037037,0.5437037037037037,0.5380092592592592
03(a),168,0.4962962962962963,0.4962962962962963,0.4982870370370371
03(a),169,0.32703703703703707,0.32703703703703707,0.37342592592592594
03(a),170,0.4105555555555556,0.4105555555555556,0.37671296296296297
03(a),171,0.3825925925925926,0.3825925925925926,0.37249999999999994
03(a),172,0.48018518518518516,0.48018518518518516,0.4690277777777778
03(a),173,0.45240740740740737,0.45240740740740737,0.4524537037037038
03(a),174,0.4587037037037037,0.4587037037037037,0.43532407407407414
03(a),175,0.487962962962963,0.487962962962963,0.5028240740740741
03(a),176,0.525,0.525,0.5143981481481481
03(a),177,0.4420370370370371,0.4420370370370371,0.4569444444444445
03(a),178,0.4140740740740741,0.4140740740740741,0.4223148148148148
03(a),179,0.5003703703703704,0.5003703703703704,0.4999074074074074
03(a),180,0.4094444444444444,0.4094444444444444,0.4182407407407408
03(a),181,0.5716666666666667,0.5716666666666667,0.562037037037037
03(a),182,0.4807407407407407,0.4807407407407407,0.47851851851851857
03(a),183,0.5353703703703704,0.5353703703703704,0.5174537037037037
03(a),184,0.6101851851851852,0.6101851851851852,0.5981481481481482
03(a),185,0.42333333333333334,0.42333333333333334,0.4478240740740741
03(a),186,0.4411111111111111,0.4411111111111111,0.4531944444444444
03(a),187,0.48462962962962963,0.48462962962962963,0.49509259259259253
03(a),188,0.41259259259259257,0.41259259259259257,0.39935185185185185
03(a),189,0.4598148148148148,0.4598148148148148,0.48574074074074075
03(a),190,0.47074074074074074,0.47074074074074074,0.505787037037037
03(a),191,0.4616666666666667,0.4616666666666667,0.43606481481481485
03(a),192,0.44981481481481483,0.44981481481481483,0.4770833333333334
03(a),193,0.4961111111111111,0.4961111111111111,0.492037037037037
03(a),194,0.5046296296296297,0.5046296296296297,0.517824074074074
03(a),195,0.6024074074074074,0.6024074074074074,0.5993055555555555
03(a),196,0.46648148148148144,0.46648148148148144,0.460787037037037
03(a),197,0.5138888888888888,0.5138888888888888,0.5435185185185185
03(a),198,0.3966666666666667,0.3966666666666667,0.3884259259259259
03(a),199,0.45444444444444443,0.45444444444444443,0.47861111111111115
03(a),200,0.5337037037037036,0.5337037037037036,0.5351388888888888
03(a),201,0.5085185185185186,0.5085185185185186,0.4758796296296296
03(a),202,0.3768518518518519,0.3768518518518519,0.3645833333333333
03(a),203,0.4068518518518519,0.4068518518518519,0.4210648148148148
03(a),204,0.5933333333333334,0.5933333333333334,0.5684722222222223
03(a),205,0.43592592592592594,0.43592592592592594,0.4524074074074075
03(a),206,0.5305555555555556,0.5305555555555556,0.5450925925925926
03(a),207,0.4192592592592592,0.4192592592592592,0.43597222222222226
03(a),208,0.4929629629629629,0.4929629629629629,0.49236111111111114
03(a),209,0.5785185185185184,0.5785185185185184,0.5741203703703703
03(a),210,0.46611111111111114,0.46611111111111114,0.4676388888888889
03(a),211,0.6364814814814814,0.6364814814814814,0.6105092592592593
03(a),212,0.6416666666666667,0.6416666666666667,0.6466203703703703
03(a),213,0.4614814814814815,0.4614814814814815,0.47175925925925927
03(a),214,0.5437037037037037,0.5437037037037037,0.5421296296296296
03(a),215,0.6140740740740741,0.6140740740740741,0.588287037037037
03(a),216,0.4459259259259259,0.4459259259259259,0.4526388888888889
03(a),217,0.6262962962962962,0.6262962962962962,0.6266666666666667
03(a),218,0.5257407407407407,0.5257407407407407,0.5166666666666666
03(a),219,0.505,0.505,0.5187962962962963
03(a),220,0.5981481481481482,0.5981481481481482,0.5801851851851851
03(a),221,0.5053703703703704,0.5053703703703704,0.5299537037037036
03(a),222,0.5631481481481482,0.5631481481481482,0.5389814814814815
03(a),223,0.44796296296296295,0.44796296296296295,0.45569444444444446
03(a),224,0.49851851851851847,0.49851851851851847,0.48986111111111114
03(a),225,0.452962962962963,0.452962962962963,0.4469444444444445
03(a),226,0.3762962962962963,0.3762962962962963,0.3447222222222222
03(a),227,0.4974074074074074,0.4974074074074074,0.5091666666666668
03(a),228,0.5174074074074074,0.5174074074074074,0.4946296296296297
03(a),229,0.4731481481481481,0.4731481481481481,0.5012037037037038
03(a),230,0.4490740740740741,0.4490740740740741,0.45481481481481484
03(a),231,0.382962962962963,0.382962962962963,0.38541666666666663
03(a),232,0.45814814814814814,0.45814814814814814,0.4565740740740741
03(a),233,0.5675925925925925,0.5675925925925925,0.5587500000000001
03(a),234,0.5064814814814815,0.5064814814814815,0.5245370370370369
03(a),235,0.4855555555555555,0.4855555555555555,0.4746296296296296
03(a),236,0.3201851851851852,0.3201851851851852,0.30652777777777773
03(a),237,0.49259259259259264,0.49259259259259264,0.44879629629629625
03(a),238,0.5896296296296296,0.5896296296296296,0.6071296296296297
03(a),239,0.540925925925926,0.540925925925926,0.5426851851851852
03(a),240,0.5614814814814814,0.5614814814814814,0.5732407407407407
03(a),241,0.48537037037037034,0.48537037037037034,0.5015740740740741
03(a),242,0.5892592592592594,0.5892592592592594,0.5679166666666667
03(a),243,0.45111111111111113,0.45111111111111113,0.47078703703703706
03(a),244,0.48018518518518516,0.48018518518518516,0.4842129629629629
03(a),245,0.6131481481481481,0.6131481481481481,0.6139814814814815
03(a),246,0.46759259259259256,0.46759259259259256,0.46648148148148155
03(a),247,0.38666666666666666,0.38666666666666666,0.42694444444444446
03(a),248,0.5468518518518518,0.5468518518518518,0.554537037037037
03(a),249,0.5524074074074073,0.5524074074074073,0.538425925925926
03(a),250,0.4792592592592593,0.4792592592592593,0.5011574074074074
03(a),251,0.4659259259259259,0.4659259259259259,0.4730555555555556
03(a),252,0.5325925925925926,0.5325925925925926,0.4981944444444445
03(a),253,0.5955555555555555,0.5955555555555555,0.5972222222222222
03(a),254,0.6512962962962964,0.6512962962962964,0.6561574074074075
03(a),255,0.45500000000000007,0.45500000000000007,0.461574074074074
03(a),256,0.49944444444444447,0.49944444444444447,0.47898148148148145
03(a),257,0.5074074074074074,0.5074074074074074,0.5048148148148148
03(a),258,0.5725925925925927,0.5725925925925927,0.5581018518518519
03(a),259,0.6861111111111111,0.6861111111111111,0.6709722222222221
03(a),260,0.5035185185185185,0.5035185185185185,0.5137037037037037
03(a),261,0.5540740740740742,0.5540740740740742,0.5672222222222222
03(a),262,0.4805555555555555,0.4805555555555555,0.46624999999999994
03(a),263,0.4188888888888889,0.4188888888888889,0.4247685185185185
03(a),264,0.52,0.52,0.5148148148148148
03(a),265,0.49944444444444447,0.49944444444444447,0.5155092592592592
03(a),266,0.5498148148148148,0.5498148148148148,0.5606481481481482
03(a),267,0.5022222222222222,0.5022222222222222,0.49421296296296297
03(a),268,0.3944444444444445,0.3944444444444445,0.4064814814814815
03(a),269,0.5951851851851853,0.5951851851851853,0.6077777777777779
03(a),270,0.46185185185185185,0.46185185185185185,0.44810185185185186
03(a),271,0.5227777777777778,0.5227777777777778,0.5106944444444446
03(a),272,0.4772222222222222,0.4772222222222222,0.4523611111111111
03(a),273,0.48555555555555563,0.48555555555555563,0.4825462962962962
03(a),274,0.45092592592592595,0.45092592592592595,0.44212962962962965
03(a),275,0.4457407407407407,0.4457407407407407,0.4693518518518517
03(a),276,0.5144444444444444,0.5144444444444444,0.5181944444444444
03(a),277,0.380925925925926,0.380925925925926,0.3994907407407407
03(a),278,0.5725925925925925,0.5725925925925925,0.520462962962963
03(a),279,0.35,0.35,0.33402777777777776
03(a),280,0.49777777777777776,0.49777777777777776,0.5189351851851851
03(a),281,0.5283333333333334,0.5283333333333334,0.5424537037037038
03(a),282,0.41203703703703703,0.41203703703703703,0.46263888888888893
03(a),283,0.4883333333333333,0.4883333333333333,0.47125000000000006
03(a),284,0.42388888888888887,0.42388888888888887,0.4336111111111112
03(a),285,0.6483333333333332,0.6483333333333332,0.6561574074074075
03(a),286,0.5222222222222223,0.5222222222222223,0.5031944444444444
03(a),287,0.5201851851851852,0.5201851851851852,0.5004166666666667
03(a),288,0.4487037037037037,0.4487037037037037,0.4662962962962962
03(a),289,0.5164814814814814,0.5164814814814814,0.5116666666666666
03(a),290,0.5324074074074073,0.5324074074074073,0.5309722222222221
03(a),291,0.48851851851851846,0.48851851851851846,0.4927777777777777
03(a),292,0.3366666666666667,0.3366666666666667,0.35782407407407407
03(a),293,0.5105555555555555,0.5105555555555555,0.49796296296296294
03(a),294,0.4514814814814815,0.4514814814814815,0.42430555555555555
03(a),295,0.41722222222222227,0.41722222222222227,0.4296296296296297
03(a),296,0.5894444444444444,0.5894444444444444,0.5907407407407408
03(a),297,0.5842592592592594,0.5842592592592594,0.5867129629629629
03(a),298,0.5374074074074073,0.5374074074074073,0.5313425925925926
03(a),299,0.6194444444444446,0.6194444444444446,0.6066666666666667
03(a),300,0.5711111111111111,0.5711111111111111,0.5468981481481482
03(a),301,0.4564814814814815,0.4564814814814815,0.46976851851851864
03(a),302,0.46759259259259267,0.46759259259259267,0.47398148148148156
03(a),303,0.5722222222222222,0.5722222222222222,0.5693518518518517
03(a),304,0.6911111111111111,0.6911111111111111,0.6771296296296297
03(a),305,0.31018518518518523,0.31018518518518523,0.32842592592592595
03(a),306,0.4203703703703704,0.4203703703703704,0.4458796296296296
03(a),307,0.42666666666666664,0.42666666666666664,0.4426851851851851
03(a),308,0.5605555555555556,0.5605555555555556,0.5970833333333333
03(a),309,0.45148148148148143,0.45148148148148143,0.4562962962962963
03(a),310,0.4640740740740741,0.4640740740740741,0.47726851851851854
03(a),311,0.5214814814814814,0.5214814814814814,0.5160648148148148
03(a),312,0.5092592592592593,0.5092592592592593,0.47884259259259265
03(a),313,0.4798148148148148,0.4798148148148148,0.46587962962962964
03(a),314,0.5188888888888888,0.5188888888888888,0.512037037037037
03(a),315,0.4414814814814815,0.4414814814814815,0.4570833333333334
03(a),316,0.44148148148148153,0.44148148148148153,0.4883796296296297
03(a),317,0.48685185185185187,0.48685185185185187,0.4679166666666667
03(a),318,0.5553703703703703,0.5553703703703703,0.5453703703703703
03(a),319,0.41111111111111115,0.41111111111111115,0.423287037037037
03(a),320,0.44074074074074077,0.44074074074074077,0.44847222222222216
03(a),321,0.4538888888888889,0.4538888888888889,0.4693518518518519
03(a),322,0.655,0.655,0.6167129629629629
03(a),323,0.5568518518518518,0.5568518518518518,0.5200462962962964
03(a),324,0.5557407407407408,0.5557407407407408,0.5525925925925926
03(a),325,0.5033333333333333,0.5033333333333333,0.4559722222222223
03(a),326,0.46611111111111114,0.46611111111111114,0.45925925925925926
03(a),327,0.5844444444444445,0.5844444444444445,0.5547222222222222
03(a),328,0.5985185185185186,0.5985185185185186,0.5658796296296297
03(a),329,0.6770370370370371,0.6770370370370371,0.6809722222222222
03(a),330,0.4775925925925926,0.4775925925925926,0.49800925925925926
03(a),331,0.4572222222222222,0.4572222222222222,0.4857407407407407
03(a),332,0.38,0.38,0.3616203703703704
03(a),333,0.40425925925925926,0.40425925925925926,0.4210648148148148
03(a),334,0.4079629629629629,0.4079629629629629,0.4132407407407407
03(a),335,0.562037037037037,0.562037037037037,0.5522685185185185
03(a),336,0.48555555555555563,0.48555555555555563,0.49453703703703694
03(a),337,0.4688888888888888,0.4688888888888888,0.5011111111111111
03(a),338,0.42703703703703705,0.42703703703703705,0.4188425925925926
03(a),339,0.4311111111111111,0.4311111111111111,0.44148148148148153
03(a),340,0.5916666666666667,0.5916666666666667,0.5655555555555557
03(a),341,0.4146296296296296,0.4146296296296296,0.45606481481481487
03(a),342,0.43388888888888894,0.43388888888888894,0.41287037037037033
03(a),343,0.35444444444444445,0.35444444444444445,0.36504629629629626
03(a),344,0.5561111111111112,0.5561111111111112,0.5277777777777778
03(a),345,0.7470370370370372,0.7470370370370372,0.733101851851852
03(a),346,0.6081481481481481,0.6081481481481481,0.5730092592592594
03(a),347,0.5081481481481481,0.5081481481481481,0.502175925925926
03(a),348,0.5381481481481482,0.5381481481481482,0.5345833333333332
03(a),349,0.5590740740740741,0.5590740740740741,0.5437037037037037
03(a),350,0.4203703703703704,0.4203703703703704,0.45046296296296295
03(a),351,0.4746296296296297,0.4746296296296297,0.4448611111111111
03(a),352,0.4837037037037037,0.4837037037037037,0.47564814814814815
03(a),353,0.6857407407407409,0.6857407407407409,0.6932407407407407
03(a),354,0.44759259259259265,0.44759259259259265,0.4818518518518518
03(a),355,0.5661111111111111,0.5661111111111111,0.5091203703703703
03(a),356,0.35944444444444446,0.35944444444444446,0.31180555555555556
03(a),357,0.5966666666666667,0.5966666666666667,0.5815277777777779
03(a),358,0.48092592592592587,0.48092592592592587,0.48194444444444445
03(a),359,0.4731481481481481,0.4731481481481481,0.4714351851851852
03(a),360,0.5346296296296297,0.5346296296296297,0.569675925925926
03(a),361,0.4905555555555555,0.4905555555555555,0.48791666666666655
03(a),362,0.4587037037037037,0.4587037037037037,0.5281944444444445
03(a),363,0.55,0.55,0.5213425925925926
03(a),364,0.6350000000000001,0.6350000000000001,0.6127314814814815
03(a),365,0.4644444444444444,0.4644444444444444,0.5026388888888887
03(a),366,0.44185185185185183,0.44185185185185183,0.43898148148148153
03(a),367,0.5627777777777778,0.5627777777777778,0.5437962962962964
03(a),368,0.6883333333333334,0.6883333333333334,0.6722222222222223
03(a),369,0.482962962962963,0.482962962962963,0.506712962962963
03(a),370,0.5688888888888889,0.5688888888888889,0.5720370370370371
03(a),371,0.4424074074074074,0.4424074074074074,0.4793055555555556
03(a),372,0.3485185185185185,0.3485185185185185,0.3890740740740741
03(a),373,0.3825925925925926,0.3825925925925926,0.3907407407407407
03(a),374,0.5314814814814814,0.5314814814814814,0.5318981481481482
03(a),375,0.5448148148148148,0.5448148148148148,0.5529166666666666
03(a),376,0.43740740740740736,0.43740740740740736,0.42004629629629636
03(a),377,0.5981481481481482,0.5981481481481482,0.5881481481481481
03(a),378,0.49759259259259264,0.49759259259259264,0.5077777777777778
03(a),379,0.5731481481481482,0.5731481481481482,0.5753703703703704
03(a),380,0.45,0.45,0.4743055555555554
03(a),381,0.35296296296296303,0.35296296296296303,0.3909722222222222
03(a),382,0.4461111111111111,0.4461111111111111,0.43226851851851855
03(a),383,0.5827777777777778,0.5827777777777778,0.5968981481481482
03(a),384,0.5114814814814815,0.5114814814814815,0.49851851851851847
03(a),385,0.39574074074074084,0.39574074074074084,0.40865740740740747
03(a),386,0.5155555555555555,0.5155555555555555,0.49481481481481476
03(a),387,0.48240740740740745,0.48240740740740745,0.4912962962962964
03(a),388,0.4375925925925926,0.4375925925925926,0.4200925925925926
03(a),389,0.5175925925925926,0.5175925925925926,0.5508796296296297
03(a),390,0.3757407407407407,0.3757407407407407,0.40819444444444447
03(a),391,0.49444444444444446,0.49444444444444446,0.47564814814814815
03(a),392,0.5107407407407407,0.5107407407407407,0.5128703703703703
03(a),393,0.332037037037037,0.332037037037037,0.35148148148148145
03(a),394,0.6142592592592593,0.6142592592592593,0.6429629629629631
03(a),395,0.5590740740740742,0.5590740740740742,0.5210185185185185
03(a),396,0.5488888888888889,0.5488888888888889,0.5599537037037037
03(a),397,0.5322222222222222,0.5322222222222222,0.5440277777777778
03(a),398,0.537037037037037,0.537037037037037,0.5589814814814814
03(a),399,0.5166666666666667,0.5166666666666667,0.5108796296296297
03(a),400,0.42259259259259263,0.42259259259259263,0.3873148148148148
03(a),401,0.4601851851851852,0.4601851851851852,0.4611574074074074
03(a),402,0.55,0.55,0.5310185185185184
03(a),403,0.5033333333333333,0.5033333333333333,0.4671296296296297
03(a),404,0.5020370370370371,0.5020370370370371,0.5348148148148147
03(a),405,0.5059259259259259,0.5059259259259259,0.5070833333333334
03(a),406,0.3301851851851852,0.3301851851851852,0.32370370370370366
03(a),407,0.45888888888888885,0.45888888888888885,0.4445833333333333
03(a),408,0.4518518518518519,0.4518518518518519,0.46277777777777773
03(a),409,0.46611111111111114,0.46611111111111114,0.4427777777777778
03(a),410,0.6494444444444445,0.6494444444444445,0.6372685185185185
03(a),411,0.6727777777777778,0.6727777777777778,0.6463425925925925
03(a),412,0.39,0.39,0.4226851851851852
03(a),413,0.43925925925925924,0.43925925925925924,0.4462962962962963
03(a),414,0.475,0.475,0.4895833333333333
03(a),415,0.38981481481481484,0.38981481481481484,0.42138888888888887
03(a),416,0.5405555555555555,0.5405555555555555,0.5400925925925927
03(a),417,0.3844444444444445,0.3844444444444445,0.3806018518518518
03(a),418,0.528888888888889,0.528888888888889,0.4765277777777778
03(a),419,0.26166666666666666,0.26166666666666666,0.32939814814814816
03(a),420,0.4955555555555556,0.4955555555555556,0.4770833333333333
03(a),421,0.5059259259259259,0.5059259259259259,0.5225925925925925
03(a),422,0.6351851851851852,0.6351851851851852,0.6455092592592593
03(a),423,0.49462962962962964,0.49462962962962964,0.5194907407407408
03(a),424,0.6131481481481481,0.6131481481481481,0.6068981481481482
03(a),425,0.5542592592592592,0.5542592592592592,0.5231481481481483
03(a),426,0.48111111111111116,0.48111111111111116,0.4886574074074074
03(a),427,0.5864814814814816,0.5864814814814816,0.5910185185185186
03(a),428,0.462037037037037,0.462037037037037,0.46564814814814814
03(a),429,0.45999999999999996,0.45999999999999996,0.42870370370370364
03(a),430,0.4598148148148148,0.4598148148148148,0.4575925925925925
03(a),431,0.524074074074074,0.524074074074074,0.5248611111111112
03(a),432,0.4453703703703704,0.4453703703703704,0.4277777777777777
03(a),433,0.36314814814814816,0.36314814814814816,0.3766666666666667
03(a),434,0.5281481481481481,0.5281481481481481,0.5778703703703705
03(a),435,0.4525925925925926,0.4525925925925926,0.4502314814814815
03(a),436,0.4298148148148148,0.4298148148148148,0.4264814814814814
03(a),437,0.43000000000000005,0.43000000000000005,0.42027777777777775
03(a),438,0.37962962962962965,0.37962962962962965,0.35064814814814815
03(a),439,0.5059259259259259,0.5059259259259259,0.5067592592592592
03(a),440,0.475925925925926,0.475925925925926,0.4994907407407407
03(a),441,0.4564814814814815,0.4564814814814815,0.463425925925926
03(a),442,0.527962962962963,0.527962962962963,0.5274074074074074
03(a),443,0.45537037037037037,0.45537037037037037,0.465324074074074
03(a),444,0.5359259259259259,0.5359259259259259,0.5483333333333335
03(a),445,0.5894444444444444,0.5894444444444444,0.5992129629629629
03(a),446,0.5205555555555555,0.5205555555555555,0.48671296296296296
03(a),447,0.44333333333333336,0.44333333333333336,0.43532407407407414
03(a),448,0.6464814814814814,0.6464814814814814,0.644861111111111
03(a),449,0.5001851851851852,0.5001851851851852,0.5128703703703703
03(a),450,0.7168518518518519,0.7168518518518519,0.6875000000000001
03(a),451,0.4527777777777778,0.4527777777777778,0.46351851851851855
03(a),452,0.5940740740740741,0.5940740740740741,0.5891203703703705
03(a),453,0.4875925925925927,0.4875925925925927,0.4871296296296297
03(a),454,0.447037037037037,0.447037037037037,0.45365740740740745
03(a),455,0.46222222222222226,0.46222222222222226,0.4459722222222223
03(a),456,0.5222222222222223,0.5222222222222223,0.5105092592592592
03(a),457,0.49259259259259264,0.49259259259259264,0.4606018518518519
03(a),458,0.34944444444444445,0.34944444444444445,0.3316203703703704
03(a),459,0.4409259259259259,0.4409259259259259,0.43819444444444444
03(a),460,0.5579629629629629,0.5579629629629629,0.5037962962962962
03(a),461,0.39055555555555554,0.39055555555555554,0.3806944444444444
03(a),462,0.42407407407407405,0.42407407407407405,0.3944907407407408
03(a),463,0.5018518518518519,0.5018518518518519,0.4914351851851852
03(a),464,0.3605555555555556,0.3605555555555556,0.3610648148148149
03(a),465,0.5674074074074075,0.5674074074074075,0.5855555555555555
03(a),466,0.5412962962962963,0.5412962962962963,0.5605092592592593
03(a),467,0.605925925925926,0.605925925925926,0.5910185185185186
03(a),468,0.5270370370370371,0.5270370370370371,0.5035648148148149
03(a),469,0.40777777777777785,0.40777777777777785,0.3980555555555556
03(a),470,0.5864814814814816,0.5864814814814816,0.5994444444444444
03(a),471,0.46351851851851855,0.46351851851851855,0.45958333333333334
03(a),472,0.4885185185185185,0.4885185185185185,0.5048148148148148
03(a),473,0.5977777777777777,0.5977777777777777,0.5934259259259259
03(a),474,0.4648148148148148,0.4648148148148148,0.4539351851851852
03(a),475,0.5935185185185186,0.5935185185185186,0.6248148148148147
03(a),476,0.5274074074074073,0.5274074074074073,0.5596759259259259
03(a),477,0.4714814814814815,0.4714814814814815,0.46374999999999994
03(a),478,0.4533333333333333,0.4533333333333333,0.4704166666666666
03(a),479,0.5114814814814815,0.5114814814814815,0.509212962962963
03(a),480,0.5953703703703704,0.5953703703703704,0.5916666666666668
03(a),481,0.4957407407407407,0.4957407407407407,0.4885185185185185
03(a),482,0.4098148148148148,0.4098148148148148,0.41708333333333336
03(a),483,0.5285185185185185,0.5285185185185185,0.5067592592592592
03(a),484,0.5505555555555557,0.5505555555555557,0.5427777777777778
03(a),485,0.33018518518518525,0.33018518518518525,0.3637962962962963
03(a),486,0.4962962962962963,0.4962962962962963,0.4932407407407407
03(a),487,0.47833333333333333,0.47833333333333333,0.50125
03(a),488,0.49259259259259264,0.49259259259259264,0.504212962962963
03(a),489,0.3324074074074074,0.3324074074074074,0.3548148148148148
03(a),490,0.5105555555555557,0.5105555555555557,0.5125462962962963
03(a),491,0.3824074074074074,0.3824074074074074,0.4119907407407407
03(a),492,0.5170370370370371,0.5170370370370371,0.5482407407407408
03(a),493,0.4938888888888888,0.4938888888888888,0.5069907407407408
03(a),494,0.4792592592592593,0.4792592592592593,0.46023148148148146
03(a),495,0.4035185185185185,0.4035185185185185,0.3935648148148148
03(a),496,0.3898148148148149,0.3898148148148149,0.40949074074074077
03(a),497,0.4446296296296296,0.4446296296296296,0.40152777777777776
03(a),498,0.6325925925925926,0.6325925925925926,0.6314351851851852
03(a),499,0.4935185185185185,0.4935185185185185,0.4752777777777778
03(a),500,0.40240740740740744,0.40240740740740744,0.4219907407407407
03(a),501,0.43592592592592594,0.43592592592592594,0.4413888888888889
03(a),502,0.42592592592592593,0.42592592592592593,0.4497685185185185
03(a),503,0.5094444444444445,0.5094444444444445,0.4951388888888889
03(a),504,0.5664814814814815,0.5664814814814815,0.5787037037037036
03(a),505,0.5407407407407406,0.5407407407407406,0.5467592592592594
03(a),506,0.5507407407407408,0.5507407407407408,0.5411574074074074
03(a),507,0.5511111111111111,0.5511111111111111,0.5574537037037037
03(a),508,0.47333333333333333,0.47333333333333333,0.4768518518518519
03(a),509,0.4457407407407407,0.4457407407407407,0.44782407407407404
03(a),510,0.586111111111111,0.586111111111111,0.5800925925925926
03(a),511,0.4362962962962963,0.4362962962962963,0.4438425925925927
03(a),512,0.5740740740740741,0.5740740740740741,0.5616666666666668
03(a),513,0.5064814814814815,0.5064814814814815,0.472824074074074
03(a),514,0.4261111111111111,0.4261111111111111,0.44699074074074074
03(a),515,0.5451851851851852,0.5451851851851852,0.5306944444444446
03(a),516,0.4746296296296296,0.4746296296296296,0.48189814814814824
03(a),517,0.4753703703703704,0.4753703703703704,0.5179166666666667
03(a),518,0.4142592592592593,0.4142592592592593,0.3777777777777778
03(a),519,0.45537037037037037,0.45537037037037037,0.48300925925925925
03(a),520,0.47018518518518515,0.47018518518518515,0.4718981481481482
03(a),521,0.5096296296296297,0.5096296296296297,0.4758796296296296
03(a),522,0.5429629629629629,0.5429629629629629,0.5567592592592592
03(a),523,0.6048148148148147,0.6048148148148147,0.594212962962963
03(a),524,0.4307407407407407,0.4307407407407407,0.43740740740740736
03(a),525,0.586111111111111,0.586111111111111,0.5978240740740739
03(a),526,0.4772222222222222,0.4772222222222222,0.48634259259259255
03(a),527,0.4983333333333334,0.4983333333333334,0.523425925925926
03(a),528,0.5603703703703704,0.5603703703703704,0.5443518518518518
03(a),529,0.3524074074074074,0.3524074074074074,0.392175925925926
03(a),530,0.4687037037037037,0.4687037037037037,0.4648148148148148
03(a),531,0.45666666666666667,0.45666666666666667,0.4803703703703704
03(a),532,0.5175925925925926,0.5175925925925926,0.517361111111111
03(a),533,0.44833333333333336,0.44833333333333336,0.4658333333333333
03(a),534,0.5766666666666667,0.5766666666666667,0.5759722222222222
03(a),535,0.4731481481481481,0.4731481481481481,0.48305555555555557
03(a),536,0.40092592592592596,0.40092592592592596,0.38726851851851846
03(a),537,0.6051851851851853,0.6051851851851853,0.607962962962963
03(a),538,0.43425925925925923,0.43425925925925923,0.40935185185185186
03(a),539,0.4066666666666666,0.4066666666666666,0.4149074074074074
03(a),540,0.5812962962962963,0.5812962962962963,0.5494907407407408
03(a),541,0.4761111111111111,0.4761111111111111,0.48226851851851854
03(a),542,0.5535185185185185,0.5535185185185185,0.5315740740740741
03(a),543,0.4377777777777778,0.4377777777777778,0.4453240740740741
03(a),544,0.5918518518518519,0.5918518518518519,0.5854166666666666
03(a),545,0.5368518518518518,0.5368518518518518,0.5526388888888889
03(a),546,0.48685185185185176,0.48685185185185176,0.5061111111111111
03(a),547,0.4953703703703704,0.4953703703703704,0.4587037037037037
03(a),548,0.4572222222222223,0.4572222222222223,0.46981481481481485
03(a),549,0.6238888888888889,0.6238888888888889,0.6291666666666667
03(a),550,0.5651851851851852,0.5651851851851852,0.5831481481481481
03(a),551,0.4998148148148148,0.4998148148148148,0.47800925925925924
03(a),552,0.5303703703703704,0.5303703703703704,0.5143055555555555
03(a),553,0.40092592592592596,0.40092592592592596,0.42555555555555563
03(a),554,0.5314814814814816,0.5314814814814816,0.5247222222222223
03(a),555,0.36833333333333335,0.36833333333333335,0.36953703703703705
03(a),556,0.6331481481481482,0.6331481481481482,0.5856481481481481
03(a),557,0.5870370370370371,0.5870370370370371,0.5907407407407408
03(a),558,0.4624074074074073,0.4624074074074073,0.5090277777777777
03(a),559,0.5603703703703704,0.5603703703703704,0.5618055555555554
03(a),560,0.5866666666666667,0.5866666666666667,0.5787037037037036
03(a),561,0.5846296296296296,0.5846296296296296,0.5944907407407406
03(a),562,0.6212962962962962,0.6212962962962962,0.6258796296296296
03(a),563,0.5046296296296298,0.5046296296296298,0.4969444444444445
03(a),564,0.44759259259259254,0.44759259259259254,0.4410648148148148
03(a),565,0.5283333333333334,0.5283333333333334,0.5412037037037037
03(a),566,0.3666666666666667,0.3666666666666667,0.4250925925925927
03(a),567,0.5433333333333333,0.5433333333333333,0.4953240740740741
03(a),568,0.5575925925925926,0.5575925925925926,0.564861111111111
03(a),569,0.6175925925925926,0.6175925925925926,0.6077777777777779
03(a),570,0.5459259259259259,0.5459259259259259,0.5090277777777776
03(a),571,0.5083333333333334,0.5083333333333334,0.5036111111111111
03(a),572,0.3987037037037037,0.3987037037037037,0.3740740740740741
03(a),573,0.544074074074074,0.544074074074074,0.5570833333333333
03(a),574,0.5935185185185186,0.5935185185185186,0.6125462962962964
03(a),575,0.3681481481481482,0.3681481481481482,0.37671296296296297
03(a),576,0.5157407407407406,0.5157407407407406,0.4870370370370371
03(a),577,0.6085185185185186,0.6085185185185186,0.6211574074074073
03(a),578,0.5142592592592592,0.5142592592592592,0.5162037037037036
03(a),579,0.5537037037037037,0.5537037037037037,0.5479166666666667
03(a),580,0.5170370370370371,0.5170370370370371,0.5337962962962963
03(a),581,0.31962962962962965,0.31962962962962965,0.31620370370370365
03(a),582,0.4683333333333334,0.4683333333333334,0.42351851851851857
03(a),583,0.5285185185185185,0.5285185185185185,0.4956944444444444
03(a),584,0.3633333333333334,0.3633333333333334,0.4014351851851852
03(a),585,0.3961111111111112,0.3961111111111112,0.3862500000000001
03(a),586,0.6074074074074074,0.6074074074074074,0.6004629629629629
03(a),587,0.46296296296296297,0.46296296296296297,0.43990740740740736
03(a),588,0.5081481481481481,0.5081481481481481,0.5124537037037037
03(a),589,0.505,0.505,0.5189814814814814
03(a),590,0.6394444444444444,0.6394444444444444,0.6275000000000001
03(a),591,0.5396296296296297,0.5396296296296297,0.5604166666666666
03(a),592,0.48555555555555563,0.48555555555555563,0.4734259259259258
03(a),593,0.555,0.555,0.5421296296296295
03(a),594,0.5148148148148148,0.5148148148148148,0.5413888888888889
03(a),595,0.6533333333333333,0.6533333333333333,0.665138888888889
03(a),596,0.442037037037037,0.442037037037037,0.4653703703703703
03(a),597,0.41962962962962963,0.41962962962962963,0.4159722222222223
03(a),598,0.5168518518518519,0.5168518518518519,0.5646296296296296
03(a),599,0.4692592592592593,0.4692592592592593,0.5122222222222221
03(a),600,0.4633333333333334,0.4633333333333334,0.5025000000000001
03(a),601,0.548148148148148,0.548148148148148,0.5328240740740741
03(a),602,0.6333333333333333,0.6333333333333333,0.5952314814814815
03(a),603,0.38055555555555565,0.38055555555555565,0.4069907407407408
03(a),604,0.46907407407407414,0.46907407407407414,0.48129629629629633
03(a),605,0.5801851851851852,0.5801851851851852,0.5718518518518518
03(a),606,0.4448148148148149,0.4448148148148149,0.47078703703703695
03(a),607,0.4803703703703704,0.4803703703703704,0.47750000000000004
03(a),608,0.5292592592592593,0.5292592592592593,0.5119907407407407
03(a),609,0.38,0.38,0.3875925925925926
03(a),610,0.6598148148148149,0.6598148148148149,0.648935185185185
03(a),611,0.44740740740740736,0.44740740740740736,0.44898148148148137
03(a),612,0.4481481481481482,0.4481481481481482,0.42837962962962967
03(a),613,0.38370370370370377,0.38370370370370377,0.38050925925925927
03(a),614,0.44296296296296295,0.44296296296296295,0.42287037037037034
03(a),615,0.5581481481481483,0.5581481481481483,0.5296296296296296
03(a),616,0.525,0.525,0.531574074074074
03(a),617,0.4948148148148149,0.4948148148148149,0.4997685185185186
03(a),618,0.4414814814814815,0.4414814814814815,0.4499074074074074
03(a),619,0.5725925925925927,0.5725925925925927,0.5440740740740739
03(a),620,0.48314814814814816,0.48314814814814816,0.47712962962962974
03(a),621,0.6133333333333333,0.6133333333333333,0.5990277777777777
03(a),622,0.6281481481481481,0.6281481481481481,0.6293518518518518
03(a),623,0.642962962962963,0.642962962962963,0.6238425925925926
03(a),624,0.6531481481481481,0.6531481481481481,0.6495370370370371
03(a),625,0.5048148148148148,0.5048148148148148,0.5128240740740739
03(a),626,0.6688888888888889,0.6688888888888889,0.6463888888888889
03(a),627,0.5537037037037037,0.5537037037037037,0.556574074074074
03(a),628,0.4061111111111112,0.4061111111111112,0.4185185185185185
03(a),629,0.49296296296296294,0.49296296296296294,0.48023148148148137
03(a),630,0.4974074074074074,0.4974074074074074,0.513287037037037
03(a),631,0.47555555555555556,0.47555555555555556,0.4766666666666667
03(a),632,0.6377777777777778,0.6377777777777778,0.6637962962962962
03(a),633,0.5688888888888889,0.5688888888888889,0.5654629629629631
03(a),634,0.43240740740740746,0.43240740740740746,0.46773148148148147
03(a),635,0.5340740740740741,0.5340740740740741,0.5413425925925927
03(a),636,0.42388888888888887,0.42388888888888887,0.41680555555555554
03(a),637,0.45092592592592595,0.45092592592592595,0.4700925925925927
03(a),638,0.5072222222222222,0.5072222222222222,0.5046296296296297
03(a),639,0.5012962962962962,0.5012962962962962,0.49523148148148144
03(a),640,0.3685185185185186,0.3685185185185186,0.36819444444444444
03(a),641,0.4555555555555556,0.4555555555555556,0.45731481481481484
03(a),642,0.4483333333333334,0.4483333333333334,0.4766203703703703
03(a),643,0.4844444444444445,0.4844444444444445,0.4776851851851852
03(a),644,0.41833333333333333,0.41833333333333333,0.4335185185185185
03(a),645,0.5464814814814815,0.5464814814814815,0.5489814814814815
03(a),646,0.4003703703703704,0.4003703703703704,0.4325925925925926
03(a),647,0.43166666666666664,0.43166666666666664,0.4357870370370369
03(a),648,0.40277777777777785,0.40277777777777785,0.4013888888888889
03(a),649,0.38333333333333336,0.38333333333333336,0.3861111111111111
03(a),650,0.397037037037037,0.397037037037037,0.4105092592592593
03(a),651,0.41981481481481475,0.41981481481481475,0.4306481481481481
03(a),652,0.4833333333333333,0.4833333333333333,0.43990740740740747
03(a),653,0.5012962962962962,0.5012962962962962,0.5183333333333334
03(a),654,0.5224074074074073,0.5224074074074073,0.5337037037037036
03(a),655,0.6670370370370371,0.6670370370370371,0.6273148148148148
03(a),656,0.4990740740740741,0.4990740740740741,0.5080092592592592
03(a),657,0.42296296296296293,0.42296296296296293,0.4848148148148149
03(a),658,0.47370370370370374,0.47370370370370374,0.43597222222222226
03(a),659,0.5359259259259259,0.5359259259259259,0.51875
03(a),660,0.38777777777777783,0.38777777777777783,0.4017592592592593
03(a),661,0.5572222222222222,0.5572222222222222,0.5377314814814815
03(a),662,0.4453703703703703,0.4453703703703703,0.45726851851851846
03(a),663,0.43888888888888883,0.43888888888888883,0.4757407407407408
03(a),664,0.3701851851851852,0.3701851851851852,0.39351851851851855
03(a),665,0.39851851851851855,0.39851851851851855,0.41930555555555554
03(a),666,0.49296296296296294,0.49296296296296294,0.5116666666666666
03(a),667,0.5942592592592593,0.5942592592592593,0.5988425925925925
03(a),668,0.6064814814814815,0.6064814814814815,0.5945833333333334
03(a),669,0.5527777777777778,0.5527777777777778,0.5292592592592593
03(a),670,0.67,0.67,0.6547222222222222
03(a),671,0.6385185185185185,0.6385185185185185,0.6138888888888888
03(a),672,0.4414814814814815,0.4414814814814815,0.4546296296296296
03(a),673,0.5222222222222223,0.5222222222222223,0.49819444444444444
03(a),674,0.45,0.45,0.479212962962963
03(a),675,0.4053703703703704,0.4053703703703704,0.39555555555555555
03(a),676,0.5457407407407407,0.5457407407407407,0.5652777777777777
03(a),677,0.43388888888888894,0.43388888888888894,0.43754629629629627
03(a),678,0.4644444444444444,0.4644444444444444,0.4902777777777777
03(a),679,0.5457407407407407,0.5457407407407407,0.5906018518518519
03(a),680,0.5705555555555556,0.5705555555555556,0.5507407407407408
03(a),681,0.41314814814814815,0.41314814814814815,0.45541666666666664
03(a),682,0.4538888888888889,0.4538888888888889,0.45902777777777787
03(a),683,0.5375925925925926,0.5375925925925926,0.5214351851851851
03(a),684,0.42666666666666664,0.42666666666666664,0.4498148148148148
03(a),685,0.4612962962962962,0.4612962962962962,0.46712962962962956
03(a),686,0.5270370370370371,0.5270370370370371,0.5342592592592592
03(a),687,0.6270370370370371,0.6270370370370371,0.5818055555555556
03(a),688,0.6694444444444445,0.6694444444444445,0.6580092592592591
03(a),689,0.3524074074074074,0.3524074074074074,0.3713425925925926
03(a),690,0.4607407407407408,0.4607407407407408,0.4546296296296296
03(a),691,0.4142592592592592,0.4142592592592592,0.4200925925925926
03(a),692,0.5361111111111111,0.5361111111111111,0.524212962962963
03(a),693,0.5216666666666667,0.5216666666666667,0.5151851851851853
03(a),694,0.4518518518518519,0.4518518518518519,0.46254629629629623
03(a),695,0.45203703703703707,0.45203703703703707,0.4771296296296296
03(a),696,0.34611111111111115,0.34611111111111115,0.36083333333333334
03(a),697,0.45259259259259255,0.45259259259259255,0.47486111111111107
03(a),698,0.5198148148148147,0.5198148148148147,0.514074074074074
03(a),699,0.4090740740740741,0.4090740740740741,0.42203703703703715
03(a),700,0.4075925925925926,0.4075925925925926,0.4607870370370371
03(a),701,0.5762962962962963,0.5762962962962963,0.5726851851851851
03(a),702,0.3401851851851852,0.3401851851851852,0.3593055555555556
03(a),703,0.5331481481481481,0.5331481481481481,0.5548611111111111
03(a),704,0.5961111111111111,0.5961111111111111,0.5772222222222224
03(a),705,0.39981481481481485,0.39981481481481485,0.36995370370370373
03(a),706,0.4325925925925926,0.4325925925925926,0.437962962962963
03(a),707,0.4340740740740741,0.4340740740740741,0.42000000000000004
03(a),708,0.43499999999999994,0.43499999999999994,0.4303703703703704
03(a),709,0.4774074074074074,0.4774074074074074,0.4456481481481481
03(a),710,0.48740740740740734,0.48740740740740734,0.4988888888888889
03(a),711,0.5342592592592592,0.5342592592592592,0.5554166666666667
03(a),712,0.5377777777777777,0.5377777777777777,0.4966666666666666
03(a),713,0.42759259259259264,0.42759259259259264,0.4325462962962964
03(a),714,0.5914814814814815,0.5914814814814815,0.5410185185185186
03(a),715,0.4729629629629629,0.4729629629629629,0.45625
03(a),716,0.4974074074074074,0.4974074074074074,0.5188425925925927
03(a),717,0.5864814814814815,0.5864814814814815,0.593888888888889
03(a),718,0.5822222222222223,0.5822222222222223,0.5699074074074073
03(a),719,0.5196296296296297,0.5196296296296297,0.4839351851851853
03(a),720,0.5627777777777778,0.5627777777777778,0.5664814814814816
03(a),721,0.3707407407407407,0.3707407407407407,0.3645833333333333
03(a),722,0.39481481481481484,0.39481481481481484,0.3866203703703704
03(a),723,0.5059259259259259,0.5059259259259259,0.5206481481481482
03(a),724,0.5235185185185186,0.5235185185185186,0.5485185185185186
03(a),725,0.5685185185185185,0.5685185185185185,0.5637500000000001
03(a),726,0.6211111111111112,0.6211111111111112,0.6051851851851853
03(a),727,0.5311111111111111,0.5311111111111111,0.5402777777777776
03(a),728,0.5646296296296296,0.5646296296296296,0.5689814814814815
03(a),729,0.5261111111111112,0.5261111111111112,0.515787037037037
03(a),730,0.5792592592592593,0.5792592592592593,0.5676851851851852
03(a),731,0.6053703703703703,0.6053703703703703,0.5971296296296297
03(a),732,0.4924074074074074,0.4924074074074074,0.46958333333333335
03(a),733,0.4955555555555556,0.4955555555555556,0.490925925925926
03(a),734,0.49185185185185193,0.49185185185185193,0.4720833333333333
03(a),735,0.6212962962962963,0.6212962962962963,0.6077314814814815
03(a),736,0.4866666666666667,0.4866666666666667,0.4805555555555555
03(a),737,0.42166666666666675,0.42166666666666675,0.4180555555555556
03(a),738,0.625925925925926,0.625925925925926,0.57875
03(a),739,0.4064814814814815,0.4064814814814815,0.3775925925925926
03(a),740,0.3622222222222223,0.3622222222222223,0.37791666666666657
03(a),741,0.6125925925925926,0.6125925925925926,0.6186574074074075
03(a),742,0.4988888888888889,0.4988888888888889,0.4938888888888888
03(a),743,0.5609259259259259,0.5609259259259259,0.5756944444444445
03(a),744,0.47111111111111115,0.47111111111111115,0.4686574074074074
03(a),745,0.4848148148148148,0.4848148148148148,0.480462962962963
03(a),746,0.4018518518518519,0.4018518518518519,0.4223148148148149
03(a),747,0.6301851851851852,0.6301851851851852,0.6036574074074074
03(a),748,0.5318518518518518,0.5318518518518518,0.5087962962962963
03(a),749,0.4583333333333333,0.4583333333333333,0.46374999999999994
03(a),750,0.4024074074074074,0.4024074074074074,0.3663425925925926
03(a),751,0.3627777777777778,0.3627777777777778,0.3863425925925926
03(a),752,0.4203703703703704,0.4203703703703704,0.44972222222222225
03(a),753,0.5740740740740741,0.5740740740740741,0.6023148148148147
03(a),754,0.5168518518518519,0.5168518518518519,0.5198611111111111
03(a),755,0.5414814814814815,0.5414814814814815,0.5379166666666666
03(a),756,0.6172222222222222,0.6172222222222222,0.6086574074074074
03(a),757,0.4170370370370371,0.4170370370370371,0.4402777777777779
03(a),758,0.33388888888888885,0.33388888888888885,0.31819444444444445
03(a),759,0.415925925925926,0.415925925925926,0.45129629629629625
03(a),760,0.4920370370370371,0.4920370370370371,0.4802777777777777
03(a),761,0.6196296296296296,0.6196296296296296,0.6214351851851853
03(a),762,0.44351851851851853,0.44351851851851853,0.4825925925925926
03(a),763,0.44370370370370366,0.44370370370370366,0.4499537037037037
03(a),764,0.5274074074074073,0.5274074074074073,0.5458796296296297
03(a),765,0.6092592592592593,0.6092592592592593,0.6189814814814815
03(a),766,0.4777777777777777,0.4777777777777777,0.47893518518518513
03(a),767,0.42444444444444446,0.42444444444444446,0.41930555555555554
03(a),768,0.47148148148148145,0.47148148148148145,0.47398148148148156
03(a),769,0.41037037037037044,0.41037037037037044,0.4383796296296296
03(a),770,0.4537037037037037,0.4537037037037037,0.399212962962963
03(a),771,0.5540740740740742,0.5540740740740742,0.5431018518518519
03(a),772,0.5196296296296297,0.5196296296296297,0.48569444444444454
03(a),773,0.5455555555555556,0.5455555555555556,0.5841666666666665
03(a),774,0.5533333333333333,0.5533333333333333,0.5700462962962962
03(a),775,0.6127777777777779,0.6127777777777779,0.602638888888889
03(a),776,0.6366666666666666,0.6366666666666666,0.6356944444444445
03(a),777,0.5218518518518518,0.5218518518518518,0.5323148148148148
03(a),778,0.5183333333333333,0.5183333333333333,0.5250925925925926
03(a),779,0.3333333333333333,0.3333333333333333,0.3509722222222222
03(a),780,0.5146296296296295,0.5146296296296295,0.5236111111111111
03(a),781,0.5812962962962963,0.5812962962962963,0.5915277777777778
03(a),782,0.4998148148148148,0.4998148148148148,0.4935185185185184
03(a),783,0.42444444444444446,0.42444444444444446,0.41907407407407404
03(a),784,0.4053703703703704,0.4053703703703704,0.38680555555555557
03(a),785,0.4575925925925926,0.4575925925925926,0.40421296296296294
03(a),786,0.4461111111111111,0.4461111111111111,0.4143518518518518
03(a),787,0.4292592592592593,0.4292592592592593,0.4412037037037037
03(a),788,0.5535185185185185,0.5535185185185185,0.5747222222222221
03(a),789,0.5185185185185186,0.5185185185185186,0.4878240740740741
03(a),790,0.46685185185185196,0.46685185185185196,0.45032407407407404
03(a),791,0.49074074074074076,0.49074074074074076,0.4571759259259259
03(a),792,0.4181481481481481,0.4181481481481481,0.4274537037037037
03(a),793,0.41722222222222227,0.41722222222222227,0.4418981481481481
03(a),794,0.5640740740740741,0.5640740740740741,0.5585648148148149
03(a),795,0.43611111111111106,0.43611111111111106,0.45555555555555555
03(a),796,0.4925925925925926,0.4925925925925926,0.4768518518518519
03(a),797,0.5124074074074074,0.5124074074074074,0.5182407407407409
03(a),798,0.5651851851851852,0.5651851851851852,0.5560648148148147
03(a),799,0.47444444444444456,0.47444444444444456,0.4524537037037037
03(a),800,0.37722222222222224,0.37722222222222224,0.40791666666666676
03(a),801,0.45925925925925926,0.45925925925925926,0.4687500000000001
03(a),802,0.6264814814814814,0.6264814814814814,0.6232407407407408
03(a),803,0.42333333333333334,0.42333333333333334,0.40782407407407406
03(a),804,0.5137037037037038,0.5137037037037038,0.5194907407407408
03(a),805,0.5568518518518518,0.5568518518518518,0.547962962962963
03(a),806,0.5688888888888888,0.5688888888888888,0.5513425925925926
03(a),807,0.678888888888889,0.678888888888889,0.6558333333333334
03(a),808,0.44685185185185183,0.44685185185185183,0.4625
03(a),809,0.41833333333333333,0.41833333333333333,0.4361574074074074
03(a),810,0.607037037037037,0.607037037037037,0.5656944444444445
03(a),811,0.5420370370370371,0.5420370370370371,0.532037037037037
03(a),812,0.43277777777777776,0.43277777777777776,0.4465740740740741
03(a),813,0.3753703703703704,0.3753703703703704,0.37819444444444444
03(a),814,0.3681481481481481,0.3681481481481481,0.3853240740740741
03(a),815,0.5211111111111111,0.5211111111111111,0.5465277777777777
03(a),816,0.5107407407407407,0.5107407407407407,0.5451388888888888
03(a),817,0.41222222222222227,0.41222222222222227,0.4242592592592593
03(a),818,0.5898148148148149,0.5898148148148149,0.6104166666666666
03(a),819,0.585925925925926,0.585925925925926,0.5772685185185185
03(a),820,0.5185185185185185,0.5185185185185185,0.5038888888888889
03(a),821,0.5742592592592592,0.5742592592592592,0.5506018518518518
03(a),822,0.4187037037037037,0.4187037037037037,0.43291666666666667
03(a),823,0.547962962962963,0.547962962962963,0.5609259259259259
03(a),824,0.4762962962962963,0.4762962962962963,0.47453703703703703
03(a),825,0.508148148148148,0.508148148148148,0.5212962962962964
03(a),826,0.5211111111111111,0.5211111111111111,0.5410648148148147
03(a),827,0.45388888888888895,0.45388888888888895,0.4450925925925927
03(a),828,0.4490740740740741,0.4490740740740741,0.42421296296296296
03(a),829,0.5542592592592592,0.5542592592592592,0.5780555555555555
03(a),830,0.38,0.38,0.41513888888888884
03(a),831,0.457962962962963,0.457962962962963,0.4477777777777778
03(a),832,0.5751851851851852,0.5751851851851852,0.5637962962962964
03(a),833,0.47000000000000003,0.47000000000000003,0.4993981481481481
03(a),834,0.4822222222222222,0.4822222222222222,0.4564814814814816
03(a),835,0.4996296296296296,0.4996296296296296,0.47273148148148153
03(a),836,0.6062962962962961,0.6062962962962961,0.5684259259259259
03(a),837,0.46574074074074073,0.46574074074074073,0.45509259259259255
03(a),838,0.47000000000000003,0.47000000000000003,0.484675925925926
03(a),839,0.5905555555555556,0.5905555555555556,0.5562962962962963
03(a),840,0.35259259259259257,0.35259259259259257,0.35097222222222224
03(a),841,0.539074074074074,0.539074074074074,0.5509259259259258
03(a),842,0.5159259259259259,0.5159259259259259,0.5237037037037038
03(a),843,0.4264814814814815,0.4264814814814815,0.4293055555555555
03(a),844,0.5331481481481483,0.5331481481481483,0.53
03(a),845,0.6301851851851852,0.6301851851851852,0.6093055555555555
03(a),846,0.522962962962963,0.522962962962963,0.5081944444444445
03(a),847,0.46018518518518514,0.46018518518518514,0.4650925925925926
03(a),848,0.49370370370370376,0.49370370370370376,0.48569444444444443
03(a),849,0.48314814814814816,0.48314814814814816,0.4982407407407409
03(a),850,0.4518518518518519,0.4518518518518519,0.46324074074074073
03(a),851,0.5581481481481482,0.5581481481481482,0.5556018518518517
03(a),852,0.5075925925925926,0.5075925925925926,0.49541666666666667
03(a),853,0.4609259259259259,0.4609259259259259,0.43768518518518523
03(a),854,0.34611111111111115,0.34611111111111115,0.35592592592592587
03(a),855,0.46425925925925926,0.46425925925925926,0.5062962962962961
03(a),856,0.5801851851851852,0.5801851851851852,0.6362037037037037
03(a),857,0.4325925925925926,0.4325925925925926,0.44273148148148145
03(a),858,0.3912962962962963,0.3912962962962963,0.39722222222222225
03(a),859,0.4211111111111111,0.4211111111111111,0.43583333333333335
03(a),860,0.49148148148148146,0.49148148148148146,0.5230092592592592
03(a),861,0.49444444444444446,0.49444444444444446,0.5268981481481482
03(a),862,0.5787037037037037,0.5787037037037037,0.5562037037037038
03(a),863,0.5914814814814815,0.5914814814814815,0.6042129629629629
03(a),864,0.5616666666666666,0.5616666666666666,0.5604629629629632
03(a),865,0.4381481481481481,0.4381481481481481,0.4478703703703705
03(a),866,0.4761111111111111,0.4761111111111111,0.4766666666666667
03(a),867,0.46018518518518514,0.46018518518518514,0.47703703703703704
03(a),868,0.5672222222222223,0.5672222222222223,0.5666203703703704
03(a),869,0.3112962962962963,0.3112962962962963,0.3416203703703703
03(a),870,0.44074074074074066,0.44074074074074066,0.39875
03(a),871,0.5542592592592592,0.5542592592592592,0.5282407407407408
03(a),872,0.48277777777777775,0.48277777777777775,0.47351851851851856
03(a),873,0.44185185185185183,0.44185185185185183,0.4499074074074073
03(a),874,0.5151851851851852,0.5151851851851852,0.5564351851851852
03(a),875,0.4027777777777778,0.4027777777777778,0.46870370370370373
03(a),876,0.4537037037037037,0.4537037037037037,0.43986111111111115
03(a),877,0.6051851851851853,0.6051851851851853,0.5821759259259259
03(a),878,0.6222222222222222,0.6222222222222222,0.6170833333333333
03(a),879,0.5342592592592592,0.5342592592592592,0.5514351851851852
03(a),880,0.5277777777777778,0.5277777777777778,0.5387962962962964
03(a),881,0.4898148148148147,0.4898148148148147,0.5027777777777778
03(a),882,0.5105555555555554,0.5105555555555554,0.5366203703703705
03(a),883,0.5235185185185185,0.5235185185185185,0.5102777777777777
03(a),884,0.5088888888888888,0.5088888888888888,0.5025462962962963
03(a),885,0.5459259259259259,0.5459259259259259,0.5431944444444444
03(a),886,0.32407407407407407,0.32407407407407407,0.2975925925925925
03(a),887,0.617037037037037,0.617037037037037,0.6380555555555556
03(a),888,0.2759259259259259,0.2759259259259259,0.33537037037037043
03(a),889,0.4453703703703703,0.4453703703703703,0.4627314814814814
03(a),890,0.5020370370370371,0.5020370370370371,0.5169907407407407
03(a),891,0.5366666666666667,0.5366666666666667,0.5570370370370369
03(a),892,0.4916666666666667,0.4916666666666667,0.4803703703703704
03(a),893,0.600925925925926,0.600925925925926,0.6131018518518518
03(a),894,0.5059259259259259,0.5059259259259259,0.5161574074074075
03(a),895,0.547962962962963,0.547962962962963,0.5512499999999999
03(a),896,0.5320370370370371,0.5320370370370371,0.5630555555555556
03(a),897,0.5207407407407407,0.5207407407407407,0.539675925925926
03(a),898,0.5792592592592593,0.5792592592592593,0.5619444444444444
03(a),899,0.5148148148148148,0.5148148148148148,0.4910185185185186
03(a),900,0.4427777777777777,0.4427777777777777,0.40828703703703706
03(a),901,0.3307407407407407,0.3307407407407407,0.3571759259259259
03(a),902,0.5416666666666666,0.5416666666666666,0.5424074074074074
03(a),903,0.4864814814814814,0.4864814814814814,0.5135648148148148
03(a),904,0.4564814814814815,0.4564814814814815,0.478888888888889
03(a),905,0.37296296296296294,0.37296296296296294,0.38509259259259265
03(a),906,0.4690740740740741,0.4690740740740741,0.5074537037037036
03(a),907,0.5844444444444445,0.5844444444444445,0.6044444444444446
03(a),908,0.4851851851851852,0.4851851851851852,0.49101851851851863
03(a),909,0.4053703703703704,0.4053703703703704,0.4395833333333334
03(a),910,0.417962962962963,0.417962962962963,0.43527777777777776
03(a),911,0.4187037037037037,0.4187037037037037,0.41162037037037036
03(a),912,0.5540740740740742,0.5540740740740742,0.5799537037037037
03(a),913,0.43425925925925923,0.43425925925925923,0.427962962962963
03(a),914,0.585925925925926,0.585925925925926,0.6125925925925927
03(a),915,0.41907407407407404,0.41907407407407404,0.4146296296296296
03(a),916,0.4735185185185185,0.4735185185185185,0.4571759259259259
03(a),917,0.4912962962962963,0.4912962962962963,0.4843981481481481
03(a),918,0.4181481481481482,0.4181481481481482,0.41615740740740736
03(a),919,0.4322222222222223,0.4322222222222223,0.425
03(a),920,0.48962962962962975,0.48962962962962975,0.49541666666666667
03(a),921,0.35277777777777775,0.35277777777777775,0.3565740740740741
03(a),922,0.47055555555555556,0.47055555555555556,0.46685185185185185
03(a),923,0.5270370370370371,0.5270370370370371,0.5284259259259261
03(a),924,0.5114814814814814,0.5114814814814814,0.5275000000000001
03(a),925,0.4018518518518518,0.4018518518518518,0.39523148148148146
03(a),926,0.5203703703703704,0.5203703703703704,0.4762500000000001
03(a),927,0.4372222222222222,0.4372222222222222,0.43495370370370373
03(a),928,0.4931481481481482,0.4931481481481482,0.5045833333333334
03(a),929,0.507037037037037,0.507037037037037,0.4975462962962962
03(a),930,0.4292592592592593,0.4292592592592593,0.4073611111111111
03(a),931,0.562962962962963,0.562962962962963,0.5555092592592594
03(a),932,0.632962962962963,0.632962962962963,0.6247685185185186
03(a),933,0.5038888888888888,0.5038888888888888,0.5114351851851852
03(a),934,0.5725925925925927,0.5725925925925927,0.5848148148148148
03(a),935,0.42222222222222217,0.42222222222222217,0.4370833333333334
03(a),936,0.48685185185185187,0.48685185185185187,0.48240740740740745
03(a),937,0.4494444444444444,0.4494444444444444,0.4867592592592592
03(a),938,0.542037037037037,0.542037037037037,0.5243981481481481
03(a),939,0.5424074074074074,0.5424074074074074,0.5128703703703703
03(a),940,0.46722222222222226,0.46722222222222226,0.4475462962962964
03(a),941,0.48703703703703705,0.48703703703703705,0.5319907407407408
03(a),942,0.5042592592592592,0.5042592592592592,0.5309259259259259
03(a),943,0.42111111111111105,0.42111111111111105,0.40055555555555555
03(a),944,0.4961111111111111,0.4961111111111111,0.5012037037037037
03(a),945,0.4722222222222222,0.4722222222222222,0.44259259259259254
03(a),946,0.38851851851851854,0.38851851851851854,0.4039351851851851
03(a),947,0.5311111111111111,0.5311111111111111,0.5268518518518519
03(a),948,0.38000000000000006,0.38000000000000006,0.44365740740740744
03(a),949,0.4614814814814815,0.4614814814814815,0.45898148148148143
03(a),950,0.5164814814814815,0.5164814814814815,0.493287037037037
03(a),951,0.557962962962963,0.557962962962963,0.5642129629629629
03(a),952,0.4727777777777778,0.4727777777777778,0.4766666666666667
03(a),953,0.6405555555555555,0.6405555555555555,0.6550462962962962
03(a),954,0.4818518518518518,0.4818518518518518,0.48842592592592593
03(a),955,0.44703703703703707,0.44703703703703707,0.4724074074074074
03(a),956,0.602037037037037,0.602037037037037,0.5975925925925927
03(a),957,0.5059259259259259,0.5059259259259259,0.5130092592592594
03(a),958,0.5420370370370371,0.5420370370370371,0.5442129629629631
03(a),959,0.518888888888889,0.518888888888889,0.5055555555555556
03(a),960,0.6633333333333334,0.6633333333333334,0.6622222222222222
03(a),961,0.44074074074074077,0.44074074074074077,0.4287962962962964
03(a),962,0.45777777777777773,0.45777777777777773,0.4722685185185186
03(a),963,0.5262962962962963,0.5262962962962963,0.5571296296296296
03(a),964,0.47740740740740745,0.47740740740740745,0.464212962962963
03(a),965,0.5001851851851852,0.5001851851851852,0.4871296296296297
03(a),966,0.7114814814814815,0.7114814814814815,0.6709259259259259
03(a),967,0.5944444444444444,0.5944444444444444,0.5856944444444444
03(a),968,0.4894444444444444,0.4894444444444444,0.46972222222222226
03(a),969,0.5744444444444443,0.5744444444444443,0.5537037037037037
03(a),970,0.6975925925925927,0.6975925925925927,0.7049537037037037
03(a),971,0.5655555555555555,0.5655555555555555,0.5651851851851851
03(a),972,0.41185185185185186,0.41185185185185186,0.40129629629629626
03(a),973,0.5940740740740741,0.5940740740740741,0.5986574074074074
03(a),974,0.482962962962963,0.482962962962963,0.48546296296296293
03(a),975,0.5211111111111112,0.5211111111111112,0.5080555555555556
03(a),976,0.625925925925926,0.625925925925926,0.6372685185185185
03(a),977,0.5640740740740741,0.5640740740740741,0.6006018518518517
03(a),978,0.5053703703703704,0.5053703703703704,0.48888888888888893
03(a),979,0.44370370370370366,0.44370370370370366,0.44787037037037036
03(a),980,0.5140740740740741,0.5140740740740741,0.5124537037037038
03(a),981,0.3088888888888889,0.3088888888888889,0.3298148148148148
03(a),982,0.4609259259259259,0.4609259259259259,0.4561574074074074
03(a),983,0.610925925925926,0.610925925925926,0.6158796296296296
03(a),984,0.5703703703703703,0.5703703703703703,0.5627314814814814
03(a),985,0.4185185185185185,0.4185185185185185,0.4306481481481482
03(a),986,0.47740740740740745,0.47740740740740745,0.5043981481481481
03(a),987,0.6272222222222222,0.6272222222222222,0.6043981481481482
03(a),988,0.5525925925925927,0.5525925925925927,0.5660648148148147
03(a),989,0.508888888888889,0.508888888888889,0.4962037037037037
03(a),990,0.43425925925925923,0.43425925925925923,0.4691203703703704
03(a),991,0.32425925925925925,0.32425925925925925,0.35078703703703706
03(a),992,0.5153703703703704,0.5153703703703704,0.5212962962962963
03(a),993,0.518888888888889,0.518888888888889,0.5117592592592592
03(a),994,0.48611111111111105,0.48611111111111105,0.5022685185185185
03(a),995,0.5040740740740741,0.5040740740740741,0.5215740740740741
03(a),996,0.5177777777777777,0.5177777777777777,0.5472685185185184
03(a),997,0.4583333333333333,0.4583333333333333,0.45921296296296293
03(a),998,0.44037037037037036,0.44037037037037036,0.4339814814814814
03(a),999,0.45888888888888885,0.45888888888888885,0.4784722222222223
07 A,0,0.44694949494949493,0.44694949494949493,0.4967878787878789
07 A,1,0.48266666666666663,0.48266666666666663,0.46927272727272723
07 A,2,0.527030303030303,0.527030303030303,0.5211717171717172
07 A,3,0.3956363636363636,0.3956363636363636,0.38973737373737377
07 A,4,0.5823838383838383,0.5823838383838383,0.5657777777777777
07 A,5,0.4203636363636364,0.4203636363636364,0.41781818181818176
07 A,6,0.44985858585858585,0.44985858585858585,0.43434343434343436
07 A,7,0.5887676767676767,0.5887676767676767,0.608080808080808
07 A,8,0.46957575757575765,0.46957575757575765,0.4339191919191919
07 A,9,0.4149494949494949,0.4149494949494949,0.43040404040404034
07 A,10,0.35903030303030303,0.35903030303030303,0.3672525252525252
07 A,11,0.5171717171717172,0.5171717171717172,0.5497171717171716
07 A,12,0.41042424242424236,0.41042424242424236,0.4321010101010101
07 A,13,0.4561616161616161,0.4561616161616161,0.4735353535353535
07 A,14,0.493979797979798,0.493979797979798,0.48391919191919186
07 A,15,0.44080808080808076,0.44080808080808076,0.4431515151515151
07 A,16,0.5312323232323233,0.5312323232323233,0.531131313131313
07 A,17,0.5149090909090909,0.5149090909090909,0.4976565656565656
07 A,18,0.4856565656565657,0.4856565656565657,0.46915151515151504
07 A,19,0.4215757575757576,0.4215757575757576,0.46238383838383845
07 A,20,0.4763636363636364,0.4763636363636364,0.48684848484848475
07 A,21,0.4784646464646465,0.4784646464646465,0.4751515151515152
07 A,22,0.4801616161616161,0.4801616161616161,0.49531313131313126
07 A,23,0.4598787878787879,0.4598787878787879,0.4710707070707071
07 A,24,0.49042424242424254,0.49042424242424254,0.5157777777777778
07 A,25,0.4113131313131313,0.4113131313131313,0.430949494949495
07 A,26,0.4917171717171717,0.4917171717171717,0.466040404040404
07 A,27,0.5057777777777778,0.5057777777777778,0.5225454545454545
07 A,28,0.5328484848484848,0.5328484848484848,0.5287070707070708
07 A,29,0.4301414141414141,0.4301414141414141,0.437070707070707
07 A,30,0.43466666666666665,0.43466666666666665,0.40567676767676775
07 A,31,0.42529292929292933,0.42529292929292933,0.4650707070707071
07 A,32,0.5193535353535353,0.5193535353535353,0.5226060606060606
07 A,33,0.43402020202020203,0.43402020202020203,0.4488282828282829
07 A,34,0.3945858585858586,0.3945858585858586,0.40034343434343433
07 A,35,0.5978181818181818,0.5978181818181818,0.5674949494949495
07 A,36,0.4625454545454545,0.4625454545454545,0.45052525252525244
07 A,37,0.5296161616161615,0.5296161616161615,0.553939393939394
07 A,38,0.4654545454545455,0.4654545454545455,0.4375151515151515
07 A,39,0.6308686868686869,0.6308686868686869,0.6323434343434343
07 A,40,0.6251313131313132,0.6251313131313132,0.6528686868686868
07 A,41,0.46165656565656565,0.46165656565656565,0.457030303030303
07 A,42,0.46529292929292926,0.46529292929292926,0.4496969696969696
07 A,43,0.42593939393939395,0.42593939393939395,0.44915151515151513
07 A,44,0.5587070707070707,0.5587070707070707,0.5482020202020201
07 A,45,0.4448484848484848,0.4448484848484848,0.44478787878787873
07 A,46,0.5501414141414142,0.5501414141414142,0.5377171717171717
07 A,47,0.38133333333333336,0.38133333333333336,0.3881010101010101
07 A,48,0.41478787878787865,0.41478787878787865,0.40298989898989895
07 A,49,0.5495757575757575,0.5495757575757575,0.5555757575757575
07 A,50,0.5073131313131313,0.5073131313131313,0.5052727272727272
07 A,51,0.5252525252525253,0.5252525252525253,0.5447272727272727
07 A,52,0.41600000000000004,0.41600000000000004,0.44498989898989905
07 A,53,0.5902222222222222,0.5902222222222222,0.5745656565656566
07 A,54,0.4930909090909091,0.4930909090909091,0.4862626262626262
07 A,55,0.49195959595959593,0.49195959595959593,0.5038585858585859
07 A,56,0.5694545454545453,0.5694545454545453,0.5703030303030303
07 A,57,0.4983434343434343,0.4983434343434343,0.5085656565656567
07 A,58,0.44129292929292924,0.44129292929292924,0.4462424242424243
07 A,59,0.48258585858585856,0.48258585858585856,0.4967272727272728
07 A,60,0.509090909090909,0.509090909090909,0.48440404040404034
07 A,61,0.38682828282828285,0.38682828282828285,0.4095757575757576
07 A,62,0.48274747474747476,0.48274747474747476,0.49715151515151507
07 A,63,0.434989898989899,0.434989898989899,0.4334343434343434
07 A,64,0.46836363636363637,0.46836363636363637,0.4496363636363637
07 A,65,0.5111111111111111,0.5111111111111111,0.5323434343434343
07 A,66,0.4981818181818182,0.4981818181818182,0.5133737373737375
07 A,67,0.4466262626262626,0.4466262626262626,0.44131313131313127
07 A,68,0.44492929292929284,0.44492929292929284,0.4975959595959596
07 A,69,0.506020202020202,0.506020202020202,0.5367272727272727
07 A,70,0.5444040404040404,0.5444040404040404,0.5179191919191919
07 A,71,0.4663434343434343,0.4663434343434343,0.4581414141414141
07 A,72,0.362020202020202,0.362020202020202,0.3821212121212121
07 A,73,0.563070707070707,0.563070707070707,0.5244444444444445
07 A,74,0.5139393939393939,0.5139393939393939,0.5296565656565656
07 A,75,0.5314747474747474,0.5314747474747474,0.54010101010101
07 A,76,0.5356767676767678,0.5356767676767678,0.514989898989899
07 A,77,0.45292929292929285,0.45292929292929285,0.424060606060606
07 A,78,0.4446868686868687,0.4446868686868687,0.43533333333333335
07 A,79,0.498989898989899,0.498989898989899,0.5234747474747474
07 A,80,0.4182626262626262,0.4182626262626262,0.44296969696969696
07 A,81,0.5477171717171717,0.5477171717171717,0.514929292929293
07 A,82,0.4989090909090909,0.4989090909090909,0.4986868686868687
07 A,83,0.4393535353535354,0.4393535353535354,0.4551717171717172
07 A,84,0.4610909090909091,0.4610909090909091,0.46987878787878784
07 A,85,0.5126464646464646,0.5126464646464646,0.4942626262626262
07 A,86,0.36387878787878786,0.36387878787878786,0.37329292929292934
07 A,87,0.4460606060606061,0.4460606060606061,0.4569494949494949
07 A,88,0.4222222222222222,0.4222222222222222,0.4296363636363636
07 A,89,0.4995555555555556,0.4995555555555556,0.5045858585858587
07 A,90,0.5318787878787878,0.5318787878787878,0.5291717171717172
07 A,91,0.47111111111111104,0.47111111111111104,0.48846464646464655
07 A,92,0.4222222222222222,0.4222222222222222,0.4187272727272727
07 A,93,0.47143434343434343,0.47143434343434343,0.4748888888888888
07 A,94,0.3818181818181818,0.3818181818181818,0.39973737373737367
07 A,95,0.6122020202020202,0.6122020202020202,0.6075353535353536
07 A,96,0.406949494949495,0.406949494949495,0.412121212121212
07 A,97,0.401050505050505,0.401050505050505,0.4307272727272727
07 A,98,0.4141414141414141,0.4141414141414141,0.41787878787878785
07 A,99,0.49066666666666664,0.49066666666666664,0.4693939393939394
07 A,100,0.4496161616161617,0.4496161616161617,0.44078787878787873
07 A,101,0.5743030303030303,0.5743030303030303,0.5664646464646463
07 A,102,0.5069898989898991,0.5069898989898991,0.5115757575757576
07 A,103,0.4735353535353536,0.4735353535353536,0.4546262626262626
07 A,104,0.5088484848484849,0.5088484848484849,0.5105252525252526
07 A,105,0.49406060606060603,0.49406060606060603,0.49313131313131314
07 A,106,0.5335757575757576,0.5335757575757576,0.5113131313131314
07 A,107,0.415030303030303,0.415030303030303,0.4503030303030303
07 A,108,0.4214141414141414,0.4214141414141414,0.434888888888889
07 A,109,0.4473535353535353,0.4473535353535353,0.4363030303030303
07 A,110,0.44129292929292935,0.44129292929292935,0.4362222222222222
07 A,111,0.4742626262626263,0.4742626262626263,0.43993939393939385
07 A,112,0.49632323232323233,0.49632323232323233,0.5061010101010102
07 A,113,0.42028282828282837,0.42028282828282837,0.4254141414141414
07 A,114,0.5343030303030303,0.5343030303030303,0.5371919191919192
07 A,115,0.47612121212121206,0.47612121212121206,0.4812525252525253
07 A,116,0.4387070707070707,0.4387070707070707,0.4525252525252525
07 A,117,0.4821010101010101,0.4821010101010101,0.49014141414141416
07 A,118,0.5462626262626262,0.5462626262626262,0.5296767676767675
07 A,119,0.4932525252525252,0.4932525252525252,0.47452525252525246
07 A,120,0.5465858585858585,0.5465858585858585,0.53610101010101
07 A,121,0.546909090909091,0.546909090909091,0.5263636363636364
07 A,122,0.597979797979798,0.597979797979798,0.576080808080808
07 A,123,0.4981010101010101,0.4981010101010101,0.4898585858585858
07 A,124,0.5410909090909091,0.5410909090909091,0.5197171717171718
07 A,125,0.4373333333333333,0.4373333333333333,0.4443434343434343
07 A,126,0.50610101010101,0.50610101010101,0.5171515151515151
07 A,127,0.49486868686868685,0.49486868686868685,0.4749090909090909
07 A,128,0.516121212121212,0.516121212121212,0.5023636363636363
07 A,129,0.4973737373737374,0.4973737373737374,0.5035555555555556
07 A,130,0.42109090909090907,0.42109090909090907,0.40925252525252526
07 A,131,0.5196767676767677,0.5196767676767677,0.5178989898989899
07 A,132,0.5157171717171718,0.5157171717171718,0.5284444444444445
07 A,133,0.46117171717171707,0.46117171717171707,0.46042424242424246
07 A,134,0.4706262626262626,0.4706262626262626,0.4869494949494949
07 A,135,0.5411717171717172,0.5411717171717172,0.5447676767676768
07 A,136,0.40816161616161617,0.40816161616161617,0.4316161616161617
07 A,137,0.5020606060606061,0.5020606060606061,0.5247070707070707
07 A,138,0.45656565656565656,0.45656565656565656,0.4872121212121212
07 A,139,0.5942626262626262,0.5942626262626262,0.6112323232323233
07 A,140,0.42593939393939395,0.42593939393939395,0.42523232323232324
07 A,141,0.43054545454545445,0.43054545454545445,0.4077373737373737
07 A,142,0.4826666666666667,0.4826666666666667,0.5038181818181818
07 A,143,0.4277171717171718,0.4277171717171718,0.4443838383838384
07 A,144,0.4872727272727272,0.4872727272727272,0.47145454545454546
07 A,145,0.41583838383838384,0.41583838383838384,0.44505050505050503
07 A,146,0.3952323232323232,0.3952323232323232,0.4135757575757576
07 A,147,0.46585858585858586,0.46585858585858586,0.4813131313131313
07 A,148,0.5045656565656567,0.5045656565656567,0.5122222222222221
07 A,149,0.5311515151515152,0.5311515151515152,0.5003838383838384
07 A,150,0.42319191919191923,0.42319191919191923,0.41656565656565653
07 A,151,0.5454545454545454,0.5454545454545454,0.5364242424242425
07 A,152,0.4412121212121212,0.4412121212121212,0.4574747474747475
07 A,153,0.5086868686868687,0.5086868686868687,0.5148282828282829
07 A,154,0.523070707070707,0.523070707070707,0.5245454545454546
07 A,155,0.49389898989898995,0.49389898989898995,0.5211111111111111
07 A,156,0.5338181818181817,0.5338181818181817,0.5383636363636363
07 A,157,0.5566060606060605,0.5566060606060605,0.5376161616161614
07 A,158,0.4437171717171717,0.4437171717171717,0.4414545454545455
07 A,159,0.46173737373737367,0.46173737373737367,0.4621616161616161
07 A,160,0.44363636363636366,0.44363636363636366,0.42438383838383836
07 A,161,0.4212525252525253,0.4212525252525253,0.4464848484848484
07 A,162,0.463030303030303,0.463030303030303,0.4517777777777778
07 A,163,0.42149494949494953,0.42149494949494953,0.4282222222222223
07 A,164,0.4416969696969697,0.4416969696969697,0.4303232323232324
07 A,165,0.43846464646464645,0.43846464646464645,0.4332727272727273
07 A,166,0.4461414141414141,0.4461414141414141,0.47351515151515156
07 A,167,0.5197575757575758,0.5197575757575758,0.49925252525252517
07 A,168,0.4471111111111111,0.4471111111111111,0.4262626262626263
07 A,169,0.4497777777777777,0.4497777777777777,0.4502020202020202
07 A,170,0.5194343434343434,0.5194343434343434,0.4980202020202021
07 A,171,0.6130909090909091,0.6130909090909091,0.5721818181818181
07 A,172,0.5183838383838384,0.5183838383838384,0.5279191919191919
07 A,173,0.49785858585858583,0.49785858585858583,0.5029898989898991
07 A,174,0.43555555555555553,0.43555555555555553,0.43206060606060603
07 A,175,0.4964848484848485,0.4964848484848485,0.4812525252525252
07 A,176,0.5351111111111111,0.5351111111111111,0.5300000000000001
07 A,177,0.5513535353535354,0.5513535353535354,0.5635757575757576
07 A,178,0.43983838383838386,0.43983838383838386,0.46305050505050505
07 A,179,0.4849292929292929,0.4849292929292929,0.47951515151515156
07 A,180,0.4503434343434344,0.4503434343434344,0.45832323232323235
07 A,181,0.49616161616161614,0.49616161616161614,0.49933333333333324
07 A,182,0.48145454545454547,0.48145454545454547,0.5116363636363636
07 A,183,0.448969696969697,0.448969696969697,0.44232323232323234
07 A,184,0.4571313131313131,0.4571313131313131,0.46034343434343433
07 A,185,0.5436767676767678,0.5436767676767678,0.540949494949495
07 A,186,0.44000000000000006,0.44000000000000006,0.42080808080808085
07 A,187,0.4421818181818182,0.4421818181818182,0.45501010101010103
07 A,188,0.5139393939393939,0.5139393939393939,0.4954949494949495
07 A,189,0.4964848484848484,0.4964848484848484,0.5131919191919192
07 A,190,0.4198787878787879,0.4198787878787879,0.4093333333333334
07 A,191,0.43846464646464645,0.43846464646464645,0.4506666666666666
07 A,192,0.4511515151515152,0.4511515151515152,0.4442424242424242
07 A,193,0.3776969696969697,0.3776969696969697,0.39317171717171717
07 A,194,0.47458585858585856,0.47458585858585856,0.48737373737373735
07 A,195,0.4327272727272728,0.4327272727272728,0.45539393939393946
07 A,196,0.49947474747474746,0.49947474747474746,0.495090909090909
07 A,197,0.48638383838383836,0.48638383838383836,0.4709090909090909
07 A,198,0.5197575757575756,0.5197575757575756,0.5363636363636364
07 A,199,0.445979797979798,0.445979797979798,0.4744848484848485
07 B,0,0.5356767676767678,0.5356767676767678,0.5493737373737375
07 B,1,0.49656565656565654,0.49656565656565654,0.5004242424242424
07 B,2,0.3831919191919192,0.3831919191919192,0.4165454545454545
07 B,3,0.42456565656565654,0.42456565656565654,0.3890505050505051
07 B,4,0.4766060606060606,0.4766060606060606,0.4808888888888888
07 B,5,0.44048484848484853,0.44048484848484853,0.45169696969696976
07 B,6,0.43563636363636365,0.43563636363636365,0.4246464646464646
07 B,7,0.5053737373737374,0.5053737373737374,0.5197979797979798
07 B,8,0.48404040404040405,0.48404040404040405,0.4594343434343434
07 B,9,0.45882828282828286,0.45882828282828286,0.4846262626262626
07 B,10,0.41325252525252526,0.41325252525252526,0.3962222222222222
07 B,11,0.5980606060606061,0.5980606060606061,0.6133333333333333
07 B,12,0.5284848484848486,0.5284848484848486,0.5385050505050504
07 B,13,0.4087272727272727,0.4087272727272727,0.4261818181818183
07 B,14,0.39854545454545454,0.39854545454545454,0.4285252525252525
07 B,15,0.4496969696969696,0.4496969696969696,0.44858585858585853
07 B,16,0.5145050505050506,0.5145050505050506,0.5021414141414142
07 B,17,0.5258181818181817,0.5258181818181817,0.5203838383838384
07 B,18,0.4347474747474747,0.4347474747474747,0.4583636363636363
07 B,19,0.487919191919192,0.487919191919192,0.516969696969697
07 B,20,0.5326868686868688,0.5326868686868688,0.5195555555555555
07 B,21,0.4656969696969696,0.4656969696969696,0.45353535353535357
07 B,22,0.4491313131313131,0.4491313131313131,0.48004040404040393
07 B,23,0.3701818181818182,0.3701818181818182,0.3790909090909091
07 B,24,0.5744646464646465,0.5744646464646465,0.5712525252525253
07 B,25,0.407030303030303,0.407030303030303,0.402020202020202
07 B,26,0.512888888888889,0.512888888888889,0.5204040404040404
07 B,27,0.4708686868686868,0.4708686868686868,0.4709090909090909
07 B,28,0.6109898989898991,0.6109898989898991,0.6115353535353536
07 B,29,0.45058585858585865,0.45058585858585865,0.4487474747474747
07 B,30,0.38335353535353534,0.38335353535353534,0.37507070707070705
07 B,31,0.4427474747474748,0.4427474747474748,0.44147474747474746
07 B,32,0.4322424242424242,0.4322424242424242,0.45127272727272727
07 B,33,0.45575757575757575,0.45575757575757575,0.45163636363636367
07 B,34,0.3856969696969697,0.3856969696969697,0.38189898989898985
07 B,35,0.5806868686868687,0.5806868686868687,0.5703838383838382
07 B,36,0.4676363636363637,0.4676363636363637,0.45838383838383834
07 B,37,0.49923232323232325,0.49923232323232325,0.49777777777777776
07 B,38,0.5263030303030304,0.5263030303030304,0.5288080808080808
07 B,39,0.6408080808080808,0.6408080808080808,0.643878787878788
07 B,40,0.5482828282828283,0.5482828282828283,0.5407272727272727
07 B,41,0.4123636363636363,0.4123636363636363,0.42985858585858583
07 B,42,0.49664646464646467,0.49664646464646467,0.4818585858585859
07 B,43,0.4758787878787879,0.4758787878787879,0.480020202020202
07 B,44,0.5708282828282829,0.5708282828282829,0.5420404040404041
07 B,45,0.43975757575757574,0.43975757575757574,0.4213333333333334
07 B,46,0.4686868686868687,0.4686868686868687,0.4699191919191919
07 B,47,0.42513131313131314,0.42513131313131314,0.43046464646464644
07 B,48,0.4323232323232323,0.4323232323232323,0.4430505050505051
07 B,49,0.5268686868686869,0.5268686868686869,0.5311515151515152
07 B,50,0.5932929292929293,0.5932929292929293,0.5922020202020202
07 B,51,0.49131313131313126,0.49131313131313126,0.47240404040404044
07 B,52,0.5342222222222223,0.5342222222222223,0.5232323232323234
07 B,53,0.4314343434343434,0.4314343434343434,0.4285454545454545
07 B,54,0.5381818181818182,0.5381818181818182,0.4843030303030303
07 B,55,0.6002424242424242,0.6002424242424242,0.5643434343434343
07 B,56,0.474909090909091,0.474909090909091,0.4900202020202021
07 B,57,0.47426262626262633,0.47426262626262633,0.4894747474747475
07 B,58,0.5064242424242424,0.5064242424242424,0.5024242424242426
07 B,59,0.4394343434343434,0.4394343434343434,0.45717171717171723
07 B,60,0.4626262626262626,0.4626262626262626,0.4942828282828282
07 B,61,0.41042424242424247,0.41042424242424247,0.4498383838383838
07 B,62,0.39725252525252525,0.39725252525252525,0.42543434343434344
07 B,63,0.42351515151515146,0.42351515151515146,0.39575757575757575
07 B,64,0.47450505050505054,0.47450505050505054,0.4869494949494949
07 B,65,0.5513535353535353,0.5513535353535353,0.5584444444444444
07 B,66,0.5563636363636364,0.5563636363636364,0.5512727272727272
07 B,67,0.4062222222222222,0.4062222222222222,0.39955555555555555
07 B,68,0.5027878787878788,0.5027878787878788,0.5026262626262626
07 B,69,0.4693333333333333,0.4693333333333333,0.4921414141414141
07 B,70,0.35733333333333334,0.35733333333333334,0.36589898989898983
07 B,71,0.4421818181818182,0.4421818181818182,0.43694949494949487
07 B,72,0.47830303030303034,0.47830303030303034,0.46048484848484855
07 B,73,0.4571313131313131,0.4571313131313131,0.4517171717171717
07 B,74,0.4003232323232323,0.4003232323232323,0.4255555555555556
07 B,75,0.48969696969696963,0.48969696969696963,0.5055151515151515
07 B,76,0.49664646464646467,0.49664646464646467,0.4837575757575758
07 B,77,0.45365656565656565,0.45365656565656565,0.46226262626262626
07 B,78,0.4655353535353536,0.4655353535353536,0.4516565656565656
07 B,79,0.5097373737373738,0.5097373737373738,0.5072727272727273
07 B,80,0.5773737373737373,0.5773737373737373,0.610848484848485
07 B,81,0.4454141414141414,0.4454141414141414,0.4249898989898989
07 B,82,0.5470707070707072,0.5470707070707072,0.548040404040404
07 B,83,0.4605252525252525,0.4605252525252525,0.4714141414141414
07 B,84,0.4875959595959595,0.4875959595959595,0.47488888888888886
07 B,85,0.4764444444444445,0.4764444444444445,0.4172727272727272
07 B,86,0.4048484848484848,0.4048484848484848,0.41846464646464643
07 B,87,0.40880808080808084,0.40880808080808084,0.38999999999999996
07 B,88,0.44339393939393934,0.44339393939393934,0.42624242424242426
07 B,89,0.5258989898989899,0.5258989898989899,0.5271515151515151
07 B,90,0.5734141414141414,0.5734141414141414,0.5959191919191921
07 B,91,0.4192323232323232,0.4192323232323232,0.44836363636363635
07 B,92,0.45785858585858585,0.45785858585858585,0.45199999999999996
07 B,93,0.4617373737373738,0.4617373737373738,0.46072727272727276
07 B,94,0.4635959595959596,0.4635959595959596,0.47925252525252515
07 B,95,0.5242828282828282,0.5242828282828282,0.5389090909090909
07 B,96,0.43919191919191913,0.43919191919191913,0.4204040404040404
07 B,97,0.44565656565656553,0.44565656565656553,0.45838383838383834
07 B,98,0.4055757575757576,0.4055757575757576,0.39882828282828287
07 B,99,0.4808080808080808,0.4808080808080808,0.4555959595959595
07 B,100,0.3881212121212121,0.3881212121212121,0.39369696969696966
07 B,101,0.5803636363636364,0.5803636363636364,0.5811515151515152
07 B,102,0.4995555555555556,0.4995555555555556,0.5082626262626262
07 B,103,0.4576969696969697,0.4576969696969697,0.45212121212121203
07 B,104,0.5655757575757576,0.5655757575757576,0.6041010101010101
07 B,105,0.48040404040404033,0.48040404040404033,0.4498181818181818
07 B,106,0.4982626262626262,0.4982626262626262,0.5003838383838384
07 B,107,0.5054545454545455,0.5054545454545455,0.5103030303030305
07 B,108,0.49713131313131315,0.49713131313131315,0.4707272727272727
07 B,109,0.41688888888888886,0.41688888888888886,0.4192323232323233
07 B,110,0.5115959595959596,0.5115959595959596,0.5073939393939393
07 B,111,0.43903030303030305,0.43903030303030305,0.4546868686868687
07 B,112,0.6402424242424243,0.6402424242424243,0.6143636363636364
07 B,113,0.5010909090909091,0.5010909090909091,0.492080808080808
07 B,114,0.5297777777777778,0.5297777777777778,0.5205454545454545
07 B,115,0.44412121212121214,0.44412121212121214,0.4545454545454546
07 B,116,0.4926060606060606,0.4926060606060606,0.500040404040404
07 B,117,0.40501010101010104,0.40501010101010104,0.42719191919191923
07 B,118,0.5154747474747474,0.5154747474747474,0.5078585858585859
07 B,119,0.5558787878787879,0.5558787878787879,0.5568282828282829
07 B,120,0.4828282828282829,0.4828282828282829,0.5006868686868686
07 B,121,0.5334141414141415,0.5334141414141415,0.5405858585858587
07 B,122,0.526060606060606,0.526060606060606,0.5109696969696971
07 B,123,0.5050505050505051,0.5050505050505051,0.4657575757575757
07 B,124,0.4164040404040403,0.4164040404040403,0.44456565656565655
07 B,125,0.43975757575757574,0.43975757575757574,0.4469696969696971
07 B,126,0.4368484848484848,0.4368484848484848,0.4286464646464646
07 B,127,0.45931313131313134,0.45931313131313134,0.4569494949494949
07 B,128,0.5114343434343435,0.5114343434343435,0.5002626262626262
07 B,129,0.558060606060606,0.558060606060606,0.5838585858585857
07 B,130,0.43555555555555553,0.43555555555555553,0.4134141414141414
07 B,131,0.4793535353535353,0.4793535353535353,0.4854747474747475
07 B,132,0.4404040404040404,0.4404040404040404,0.4625454545454546
07 B,133,0.4229494949494949,0.4229494949494949,0.44579797979797975
07 B,134,0.441050505050505,0.441050505050505,0.4321616161616162
07 B,135,0.47119191919191916,0.47119191919191916,0.4773131313131313
07 B,136,0.48258585858585856,0.48258585858585856,0.4630909090909091
07 B,137,0.44929292929292924,0.44929292929292924,0.4526868686868687
07 B,138,0.41535353535353536,0.41535353535353536,0.43054545454545456
07 B,139,0.5863434343434344,0.5863434343434344,0.580868686868687
07 B,140,0.5081212121212121,0.5081212121212121,0.4805454545454545
07 B,141,0.44646464646464645,0.44646464646464645,0.4555757575757576
07 B,142,0.5856969696969696,0.5856969696969696,0.5901414141414141
07 B,143,0.4883232323232323,0.4883232323232323,0.51
07 B,144,0.5305050505050505,0.5305050505050505,0.5037979797979798
07 B,145,0.48509090909090913,0.48509090909090913,0.4863232323232324
07 B,146,0.47709090909090907,0.47709090909090907,0.49430303030303024
07 B,147,0.4126060606060606,0.4126060606060606,0.3838585858585858
07 B,148,0.488,0.488,0.4886060606060606
07 B,149,0.5128888888888888,0.5128888888888888,0.4585454545454545
07 B,150,0.44290909090909086,0.44290909090909086,0.4555353535353535
07 B,151,0.5609696969696969,0.5609696969696969,0.5861212121212122
07 B,152,0.4308686868686869,0.4308686868686869,0.42167676767676776
07 B,153,0.47450505050505054,0.47450505050505054,0.48274747474747465
07 B,154,0.426989898989899,0.426989898989899,0.4158989898989899
07 B,155,0.5064242424242424,0.5064242424242424,0.520141414141414
07 B,156,0.5362424242424242,0.5362424242424242,0.5362626262626262
07 B,157,0.5237171717171717,0.5237171717171717,0.5132727272727272
07 B,158,0.5482020202020201,0.5482020202020201,0.5198181818181818
07 B,159,0.5393131313131312,0.5393131313131312,0.4865454545454545
07 B,160,0.39822222222222214,0.39822222222222214,0.4003636363636363
07 B,161,0.40993939393939394,0.40993939393939394,0.40581818181818186
07 B,162,0.4564040404040404,0.4564040404040404,0.47056565656565663
07 B,163,0.4055757575757576,0.4055757575757576,0.405979797979798
07 B,164,0.4496161616161616,0.4496161616161616,0.4575555555555555
07 B,165,0.4602828282828283,0.4602828282828283,0.48428282828282826
07 B,166,0.5340606060606061,0.5340606060606061,0.586040404040404
07 B,167,0.39838383838383834,0.39838383838383834,0.39818181818181814
07 B,168,0.443959595959596,0.443959595959596,0.44080808080808087
07 B,169,0.5169292929292928,0.5169292929292928,0.5013535353535354
07 B,170,0.399030303030303,0.399030303030303,0.39486868686868687
07 B,171,0.5519999999999998,0.5519999999999998,0.5364242424242424
07 B,172,0.43490909090909086,0.43490909090909086,0.4321010101010102
07 B,173,0.49632323232323233,0.49632323232323233,0.49787878787878787
07 B,174,0.4368484848484848,0.4368484848484848,0.45309090909090904
07 B,175,0.448969696969697,0.448969696969697,0.4428080808080807
07 B,176,0.563070707070707,0.563070707070707,0.543858585858586
07 B,177,0.5423838383838384,0.5423838383838384,0.5686060606060606
07 B,178,0.4605252525252526,0.4605252525252526,0.4532525252525253
07 B,179,0.4655353535353536,0.4655353535353536,0.4714141414141414
07 B,180,0.5011717171717172,0.5011717171717172,0.47874747474747475
07 B,181,0.509090909090909,0.509090909090909,0.5290303030303031
07 B,182,0.5696161616161616,0.5696161616161616,0.5655959595959597
07 B,183,0.42973737373737375,0.42973737373737375,0.45402020202020205
07 B,184,0.4402424242424242,0.4402424242424242,0.4181616161616161
07 B,185,0.5542626262626262,0.5542626262626262,0.5357777777777778
07 B,186,0.4143030303030303,0.4143030303030303,0.42733333333333334
07 B,187,0.4876767676767676,0.4876767676767676,0.5063636363636362
07 B,188,0.44985858585858585,0.44985858585858585,0.44626262626262625
07 B,189,0.5087676767676769,0.5087676767676769,0.5244444444444445
07 B,190,0.4484040404040404,0.4484040404040404,0.4269494949494949
07 B,191,0.4368484848484848,0.4368484848484848,0.466909090909091
07 B,192,0.4597171717171717,0.4597171717171717,0.45404040404040397
07 B,193,0.3440808080808081,0.3440808080808081,0.3656767676767677
07 B,194,0.5082828282828282,0.5082828282828282,0.49678787878787867
07 B,195,0.37915151515151513,0.37915151515151513,0.392989898989899
07 B,196,0.514989898989899,0.514989898989899,0.49424242424242426
07 B,197,0.4482424242424242,0.4482424242424242,0.4290505050505051
07 B,198,0.566949494949495,0.566949494949495,0.5441212121212121
07 B,199,0.5438383838383839,0.5438383838383839,0.5522626262626262
07a closed,0,0.5714747474747475,0.5714747474747475,0.5893939393939395
07a closed,1,0.47911111111111104,0.47911111111111104,0.4853737373737374
07a closed,2,0.4110707070707071,0.4110707070707071,0.4094747474747475
07a closed,3,0.3802828282828283,0.3802828282828283,0.36137373737373735
07a closed,4,0.5155555555555555,0.5155555555555555,0.492060606060606
07a closed,5,0.41793939393939394,0.41793939393939394,0.4004848484848485
07a closed,6,0.489050505050505,0.489050505050505,0.5042828282828282
07a closed,7,0.49042424242424243,0.49042424242424243,0.4798585858585859
07a closed,8,0.42052525252525247,0.42052525252525247,0.40981818181818175
07a closed,9,0.5098181818181817,0.5098181818181817,0.5196565656565657
07a closed,10,0.47329292929292927,0.47329292929292927,0.4878585858585859
07a closed,11,0.6105050505050506,0.6105050505050506,0.6092727272727273
07a closed,12,0.5082020202020202,0.5082020202020202,0.48931313131313126
07a closed,13,0.4105858585858585,0.4105858585858585,0.40814141414141414
07a closed,14,0.38602020202020204,0.38602020202020204,0.4296565656565658
07a closed,15,0.45882828282828286,0.45882828282828286,0.4578181818181818
07a closed,16,0.5198383838383839,0.5198383838383839,0.49284848484848476
07a closed,17,0.5101414141414141,0.5101414141414141,0.5013333333333333
07a closed,18,0.4068686868686869,0.4068686868686869,0.42274747474747476
07a closed,19,0.43846464646464645,0.43846464646464645,0.47864646464646465
07a closed,20,0.5541818181818182,0.5541818181818182,0.5346464646464646
07a closed,21,0.47919191919191917,0.47919191919191917,0.4759393939393938
07a closed,22,0.4677171717171717,0.4677171717171717,0.46927272727272723
07a closed,23,0.376080808080808,0.376080808080808,0.36785858585858583
07a closed,24,0.5345454545454545,0.5345454545454545,0.5182020202020203
07a closed,25,0.40808080808080804,0.40808080808080804,0.41379797979797983
07a closed,26,0.5492525252525252,0.5492525252525252,0.5400202020202021
07a closed,27,0.4864646464646465,0.4864646464646465,0.5006262626262626
07a closed,28,0.6174545454545454,0.6174545454545454,0.6152525252525254
07a closed,29,0.46812121212121205,0.46812121212121205,0.4597777777777778
07a closed,30,0.38246464646464645,0.38246464646464645,0.3959191919191919
07a closed,31,0.4538181818181818,0.4538181818181818,0.46515151515151515
07a closed,32,0.40379797979797977,0.40379797979797977,0.42094949494949496
07a closed,33,0.46626262626262627,0.46626262626262627,0.48238383838383836
07a closed,34,0.435959595959596,0.435959595959596,0.41004040404040404
07a closed,35,0.5823838383838384,0.5823838383838384,0.5676363636363636
07a closed,36,0.473050505050505,0.473050505050505,0.4815555555555554
07a closed,37,0.45317171717171717,0.45317171717171717,0.46650505050505053
07a closed,38,0.4857373737373737,0.4857373737373737,0.48464646464646466
07a closed,39,0.64589898989899,0.64589898989899,0.6321818181818182
07a closed,40,0.45074747474747473,0.45074747474747473,0.44797979797979803
07a closed,41,0.4471111111111111,0.4471111111111111,0.4798787878787879
07a closed,42,0.4564040404040404,0.4564040404040404,0.46098989898989895
07a closed,43,0.4043636363636363,0.4043636363636363,0.4313535353535354
07a closed,44,0.5008484848484848,0.5008484848484848,0.5051313131313133
07a closed,45,0.4873535353535353,0.4873535353535353,0.501070707070707
07a closed,46,0.4322424242424242,0.4322424242424242,0.4506262626262626
07a closed,47,0.4607676767676767,0.4607676767676767,0.45933333333333326
07a closed,48,0.4475959595959596,0.4475959595959596,0.4401818181818181
07a closed,49,0.5410101010101009,0.5410101010101009,0.5625454545454545
07a closed,50,0.6155151515151515,0.6155151515151515,0.6049696969696969
07a closed,51,0.41834343434343424,0.41834343434343424,0.4542828282828283
07a closed,52,0.5593535353535353,0.5593535353535353,0.5374343434343435
07a closed,53,0.43539393939393933,0.43539393939393933,0.44480808080808076
07a closed,54,0.5094141414141413,0.5094141414141413,0.48412121212121206
07a closed,55,0.5574141414141415,0.5574141414141415,0.5541818181818182
07a closed,56,0.4909090909090909,0.4909090909090909,0.4973131313131313
07a closed,57,0.47757575757575754,0.47757575757575754,0.5142626262626263
07a closed,58,0.43644444444444447,0.43644444444444447,0.41561616161616166
07a closed,59,0.5271919191919191,0.5271919191919191,0.5468484848484848
07a closed,60,0.41761616161616166,0.41761616161616166,0.46028282828282824
07a closed,61,0.44565656565656564,0.44565656565656564,0.4696969696969697
07a closed,62,0.3936969696969697,0.3936969696969697,0.3988282828282828
07a closed,63,0.4243232323232323,0.4243232323232323,0.3893333333333333
07a closed,64,0.4998787878787879,0.4998787878787879,0.521050505050505
07a closed,65,0.530989898989899,0.530989898989899,0.5225050505050506
07a closed,66,0.5710707070707072,0.5710707070707072,0.553939393939394
07a closed,67,0.46682828282828276,0.46682828282828276,0.4619191919191919
07a closed,68,0.45438383838383833,0.45438383838383833,0.48571717171717177
07a closed,69,0.40727272727272723,0.40727272727272723,0.420060606060606
07a closed,70,0.4762020202020202,0.4762020202020202,0.4571919191919192
07a closed,71,0.5081212121212122,0.5081212121212122,0.493010101010101
07a closed,72,0.4640808080808081,0.4640808080808081,0.476080808080808
07a closed,73,0.4446060606060606,0.4446060606060606,0.4563838383838383
07a closed,74,0.4486464646464646,0.4486464646464646,0.4368282828282828
07a closed,75,0.41002020202020206,0.41002020202020206,0.421050505050505
07a closed,76,0.47111111111111115,0.47111111111111115,0.47242424242424236
07a closed,77,0.4937373737373737,0.4937373737373737,0.512040404040404
07a closed,78,0.49478787878787883,0.49478787878787883,0.4726464646464647
07a closed,79,0.4252121212121212,0.4252121212121212,0.4371717171717172
07a closed,80,0.5115959595959596,0.5115959595959596,0.5373535353535355
07a closed,81,0.4875151515151515,0.4875151515151515,0.4568080808080809
07a closed,82,0.5772121212121212,0.5772121212121212,0.5872121212121212
07a closed,83,0.47402020202020195,0.47402020202020195,0.4753333333333332
07a closed,84,0.49333333333333335,0.49333333333333335,0.4670303030303031
07a closed,85,0.501090909090909,0.501090909090909,0.48331313131313125
07a closed,86,0.46294949494949494,0.46294949494949494,0.45379797979797976
07a closed,87,0.4155151515151515,0.4155151515151515,0.4172727272727273
07a closed,88,0.5707474747474748,0.5707474747474748,0.5700606060606059
07a closed,89,0.5199999999999999,0.5199999999999999,0.5272323232323232
07a closed,90,0.6050909090909091,0.6050909090909091,0.6127272727272726
07a closed,91,0.45058585858585853,0.45058585858585853,0.45991919191919195
07a closed,92,0.4692525252525252,0.4692525252525252,0.4247676767676768
07a closed,93,0.5044848484848485,0.5044848484848485,0.5018181818181817
07a closed,94,0.4378181818181818,0.4378181818181818,0.45626262626262626
07a closed,95,0.502060606060606,0.502060606060606,0.5007878787878788
07a closed,96,0.4604444444444445,0.4604444444444445,0.4334141414141414
07a closed,97,0.43507070707070705,0.43507070707070705,0.48157575757575755
07a closed,98,0.38739393939393935,0.38739393939393935,0.3846464646464646
07a closed,99,0.46965656565656566,0.46965656565656566,0.4609898989898989
07a closed,100,0.3694545454545455,0.3694545454545455,0.36375757575757567
07a closed,101,0.4370909090909091,0.4370909090909091,0.514080808080808
07a closed,102,0.4983434343434344,0.4983434343434344,0.5081616161616161
07a closed,103,0.3995151515151515,0.3995151515151515,0.40719191919191927
07a closed,104,0.536888888888889,0.536888888888889,0.5440404040404039
07a closed,105,0.4221414141414142,0.4221414141414142,0.41286868686868694
07a closed,106,0.5278383838383838,0.5278383838383838,0.521090909090909
07a closed,107,0.4641616161616162,0.4641616161616162,0.4543030303030304
07a closed,108,0.43022222222222223,0.43022222222222223,0.4481414141414142
07a closed,109,0.48347474747474745,0.48347474747474745,0.46224242424242423
07a closed,110,0.47959595959595963,0.47959595959595963,0.46151515151515154
07a closed,111,0.5103030303030304,0.5103030303030304,0.4957777777777778
07a closed,112,0.5555555555555556,0.5555555555555556,0.5587070707070707
07a closed,113,0.5037575757575757,0.5037575757575757,0.5097979797979797
07a closed,114,0.6464646464646465,0.6464646464646465,0.6408080808080809
07a closed,115,0.4293333333333333,0.4293333333333333,0.4331111111111111
07a closed,116,0.5027878787878788,0.5027878787878788,0.4944040404040403
07a closed,117,0.512969696969697,0.512969696969697,0.5376969696969697
07a closed,118,0.4980202020202021,0.4980202020202021,0.5076969696969698
07a closed,119,0.5776161616161616,0.5776161616161616,0.5647272727272726
07a closed,120,0.46804040404040403,0.46804040404040403,0.4677777777777778
07a closed,121,0.520888888888889,0.520888888888889,0.5171111111111111
07a closed,122,0.4526060606060606,0.4526060606060606,0.4731919191919192
07a closed,123,0.5031919191919192,0.5031919191919192,0.498060606060606
07a closed,124,0.394909090909091,0.394909090909091,0.45579797979797976
07a closed,125,0.5016565656565657,0.5016565656565657,0.510040404040404
07a closed,126,0.4548686868686869,0.4548686868686869,0.4685252525252525
07a closed,127,0.498020202020202,0.498020202020202,0.48569696969696974
07a closed,128,0.5201616161616162,0.5201616161616162,0.5012929292929293
07a closed,129,0.4816161616161616,0.4816161616161616,0.49965656565656563
07a closed,130,0.3916767676767677,0.3916767676767677,0.42383838383838396
07a closed,131,0.4785454545454545,0.4785454545454545,0.4886868686868688
07a closed,132,0.41349494949494947,0.41349494949494947,0.42793939393939395
07a closed,133,0.4541414141414141,0.4541414141414141,0.4432323232323231
07a closed,134,0.4931717171717172,0.4931717171717172,0.4902828282828283
07a closed,135,0.5410909090909092,0.5410909090909092,0.5194141414141414
07a closed,136,0.4764444444444445,0.4764444444444445,0.4728282828282828
07a closed,137,0.48840404040404045,0.48840404040404045,0.48824242424242426
07a closed,138,0.4997171717171717,0.4997171717171717,0.4755353535353536
07a closed,139,0.5988686868686868,0.5988686868686868,0.6150303030303029
07a closed,140,0.48969696969696963,0.48969696969696963,0.5206060606060607
07a closed,141,0.4450909090909091,0.4450909090909091,0.4525050505050506
07a closed,142,0.5565252525252525,0.5565252525252525,0.5466262626262627
07a closed,143,0.517979797979798,0.517979797979798,0.5020404040404041
07a closed,144,0.4854949494949494,0.4854949494949494,0.47474747474747475
07a closed,145,0.5044040404040404,0.5044040404040404,0.5077777777777778
07a closed,146,0.513050505050505,0.513050505050505,0.526929292929293
07a closed,147,0.4424242424242425,0.4424242424242425,0.4169090909090909
07a closed,148,0.546909090909091,0.546909090909091,0.5294949494949497
07a closed,149,0.4614141414141414,0.4614141414141414,0.4746464646464646
07a closed,150,0.40088888888888885,0.40088888888888885,0.43234343434343436
07a closed,151,0.5279999999999999,0.5279999999999999,0.5393131313131312
07a closed,152,0.4374949494949495,0.4374949494949495,0.45482828282828286
07a closed,153,0.44266666666666665,0.44266666666666665,0.43547474747474746
07a closed,154,0.4756363636363636,0.4756363636363636,0.43115151515151506
07a closed,155,0.4568888888888889,0.4568888888888889,0.46151515151515154
07a closed,156,0.5301010101010102,0.5301010101010102,0.5313333333333333
07a closed,157,0.5397171717171718,0.5397171717171718,0.5522828282828284
07a closed,158,0.5613737373737374,0.5613737373737374,0.5219191919191919
07a closed,159,0.4715151515151515,0.4715151515151515,0.42628282828282826
07a closed,160,0.4098585858585858,0.4098585858585858,0.4239191919191919
07a closed,161,0.4149494949494949,0.4149494949494949,0.45408080808080814
07a closed,162,0.481939393939394,0.481939393939394,0.4907070707070707
07a closed,163,0.42553535353535354,0.42553535353535354,0.4429292929292929
07a closed,164,0.5182222222222223,0.5182222222222223,0.5252121212121211
07a closed,165,0.44420202020202015,0.44420202020202015,0.4869090909090909
07a closed,166,0.46602020202020206,0.46602020202020206,0.5062020202020202
07a closed,167,0.47676767676767673,0.47676767676767673,0.46121212121212124
07a closed,168,0.45438383838383845,0.45438383838383845,0.44551515151515153
07a closed,169,0.5004444444444445,0.5004444444444445,0.4851919191919191
07a closed,170,0.3996767676767677,0.3996767676767677,0.40800000000000003
07a closed,171,0.5457777777777778,0.5457777777777778,0.5491111111111111
07a closed,172,0.42690909090909096,0.42690909090909096,0.4603838383838384
07a closed,173,0.4303838383838384,0.4303838383838384,0.4565050505050506
07a closed,174,0.49131313131313126,0.49131313131313126,0.4828888888888888
07a closed,175,0.43199999999999994,0.43199999999999994,0.43632323232323234
07a closed,176,0.48630303030303024,0.48630303030303024,0.4898989898989899
07a closed,177,0.4273939393939393,0.4273939393939393,0.45911111111111114
07a closed,178,0.4596363636363637,0.4596363636363637,0.4348686868686869
07a closed,179,0.4764444444444445,0.4764444444444445,0.46783838383838383
07a closed,180,0.5117575757575757,0.5117575757575757,0.49757575757575767
07a closed,181,0.48428282828282826,0.48428282828282826,0.5069898989898991
07a closed,182,0.5355151515151515,0.5355151515151515,0.5122828282828283
07a closed,183,0.46319191919191915,0.46319191919191915,0.46185858585858586
07a closed,184,0.4133333333333333,0.4133333333333333,0.3948282828282828
07a closed,185,0.5009292929292929,0.5009292929292929,0.5258181818181817
07a closed,186,0.4702222222222222,0.4702222222222222,0.48731313131313136
07a closed,187,0.43628282828282827,0.43628282828282827,0.4648282828282827
07a closed,188,0.4707878787878788,0.4707878787878788,0.45672727272727276
07a closed,189,0.47175757575757576,0.47175757575757576,0.5042626262626262
07a closed,190,0.4303838383838383,0.4303838383838383,0.42525252525252527
07a closed,191,0.4123636363636363,0.4123636363636363,0.42587878787878786
07a closed,192,0.4133333333333333,0.4133333333333333,0.4064040404040403
07a closed,193,0.38286868686868686,0.38286868686868686,0.3637171717171717
07a closed,194,0.45010101010101006,0.45010101010101006,0.4673333333333334
07a closed,195,0.43773737373737376,0.43773737373737376,0.4438181818181818
07a closed,196,0.5048080808080808,0.5048080808080808,0.5246868686868686
07a closed,197,0.4772525252525253,0.4772525252525253,0.4843838383838384
07a closed,198,0.5311515151515152,0.5311515151515152,0.5142626262626262
07a closed,199,0.5048080808080808,0.5048080808080808,0.5211717171717172
07a open,0,0.49486868686868685,0.49486868686868685,0.482888888888889
07a open,1,0.4584242424242424,0.4584242424242424,0.46646464646464647
07a open,2,0.41325252525252526,0.41325252525252526,0.42866666666666664
07a open,3,0.4973737373737374,0.4973737373737374,0.4710303030303031
07a open,4,0.4947878787878787,0.4947878787878787,0.4784242424242424
07a open,5,0.4345858585858585,0.4345858585858585,0.47618181818181815
07a open,6,0.4538181818181819,0.4538181818181819,0.43125252525252533
07a open,7,0.5869090909090909,0.5869090909090909,0.5786464646464646
07a open,8,0.49947474747474746,0.49947474747474746,0.4942626262626263
07a open,9,0.47903030303030303,0.47903030303030303,0.50989898989899
07a open,10,0.4546262626262626,0.4546262626262626,0.4306464646464646
07a open,11,0.5713131313131312,0.5713131313131312,0.5753939393939393
07a open,12,0.4985858585858585,0.4985858585858585,0.4792727272727272
07a open,13,0.4397575757575757,0.4397575757575757,0.4632727272727273
07a open,14,0.48913131313131314,0.48913131313131314,0.4722222222222222
07a open,15,0.4351515151515152,0.4351515151515152,0.45365656565656565
07a open,16,0.5018989898989898,0.5018989898989898,0.47579797979797966
07a open,17,0.557979797979798,0.557979797979798,0.5817373737373737
07a open,18,0.5081212121212121,0.5081212121212121,0.4921616161616161
07a open,19,0.4715959595959596,0.4715959595959596,0.48113131313131313
07a open,20,0.4664242424242424,0.4664242424242424,0.45256565656565656
07a open,21,0.45074747474747473,0.45074747474747473,0.4286262626262626
07a open,22,0.5028686868686868,0.5028686868686868,0.5079393939393939
07a open,23,0.4478383838383838,0.4478383838383838,0.4218989898989899
07a open,24,0.5768080808080807,0.5768080808080807,0.5796363636363637
07a open,25,0.409050505050505,0.409050505050505,0.4237575757575757
07a open,26,0.5014141414141414,0.5014141414141414,0.4958787878787879
07a open,27,0.43482828282828284,0.43482828282828284,0.4679595959595958
07a open,28,0.5465050505050504,0.5465050505050504,0.539959595959596
07a open,29,0.3937777777777778,0.3937777777777778,0.39674747474747474
07a open,30,0.47579797979797983,0.47579797979797983,0.4673333333333334
07a open,31,0.5604848484848485,0.5604848484848485,0.5592525252525252
07a open,32,0.4723232323232323,0.4723232323232323,0.48824242424242437
07a open,33,0.4951919191919192,0.4951919191919192,0.49387878787878786
07a open,34,0.4123636363636363,0.4123636363636363,0.4507272727272727
07a open,35,0.6129292929292929,0.6129292929292929,0.5985252525252526
07a open,36,0.39216161616161616,0.39216161616161616,0.37729292929292924
07a open,37,0.5216969696969697,0.5216969696969697,0.5221010101010102
07a open,38,0.5265454545454545,0.5265454545454545,0.5268484848484848
07a open,39,0.5971717171717172,0.5971717171717172,0.5863838383838383
07a open,40,0.5443232323232323,0.5443232323232323,0.5509696969696971
07a open,41,0.43337373737373736,0.43337373737373736,0.4432121212121213
07a open,42,0.43854545454545446,0.43854545454545446,0.45016161616161615
07a open,43,0.48218181818181816,0.48218181818181816,0.5063030303030303
07a open,44,0.5900606060606061,0.5900606060606061,0.5662828282828283
07a open,45,0.40145454545454545,0.40145454545454545,0.41331313131313124
07a open,46,0.5355959595959595,0.5355959595959595,0.5124848484848484
07a open,47,0.4144646464646464,0.4144646464646464,0.45038383838383844
07a open,48,0.4612525252525252,0.4612525252525252,0.4292929292929292
07a open,49,0.47709090909090907,0.47709090909090907,0.5212727272727272
07a open,50,0.5296161616161617,0.5296161616161617,0.5188484848484848
07a open,51,0.5068282828282829,0.5068282828282829,0.5113737373737374
07a open,52,0.4916363636363636,0.4916363636363636,0.5060606060606061
07a open,53,0.5092525252525253,0.5092525252525253,0.5065656565656564
07a open,54,0.5032727272727272,0.5032727272727272,0.47583838383838384
07a open,55,0.5022222222222222,0.5022222222222222,0.49472727272727274
07a open,56,0.44492929292929295,0.44492929292929295,0.45498989898989894
07a open,57,0.4944646464646465,0.4944646464646465,0.49422222222222223
07a open,58,0.4859797979797979,0.4859797979797979,0.4958585858585858
07a open,59,0.453010101010101,0.453010101010101,0.4724646464646464
07a open,60,0.5142626262626264,0.5142626262626264,0.5376767676767678
07a open,61,0.40016161616161616,0.40016161616161616,0.43238383838383837
07a open,62,0.4294141414141414,0.4294141414141414,0.42167676767676765
07a open,63,0.4193939393939393,0.4193939393939393,0.41840404040404044
07a open,64,0.4352323232323233,0.4352323232323233,0.4319595959595959
07a open,65,0.5768080808080807,0.5768080808080807,0.5673737373737373
07a open,66,0.5747878787878788,0.5747878787878788,0.570121212121212
07a open,67,0.3914343434343434,0.3914343434343434,0.3892727272727272
07a open,68,0.5027070707070708,0.5027070707070708,0.48915151515151517
07a open,69,0.5056969696969696,0.5056969696969696,0.5029494949494949
07a open,70,0.34335353535353536,0.34335353535353536,0.37197979797979797
07a open,71,0.4257777777777777,0.4257777777777777,0.4613939393939394
07a open,72,0.4531717171717172,0.4531717171717172,0.4513737373737374
07a open,73,0.5064242424242424,0.5064242424242424,0.510969696969697
07a open,74,0.4474343434343434,0.4474343434343434,0.44858585858585853
07a open,75,0.5032727272727272,0.5032727272727272,0.5264444444444444
07a open,76,0.49155555555555547,0.49155555555555547,0.4826666666666667
07a open,77,0.46957575757575765,0.46957575757575765,0.4521616161616162
07a open,78,0.4084848484848485,0.4084848484848485,0.4379191919191919
07a open,79,0.517090909090909,0.517090909090909,0.5263232323232324
07a open,80,0.5794747474747475,0.5794747474747475,0.6078787878787878
07a open,81,0.4770909090909091,0.4770909090909091,0.48189898989898994
07a open,82,0.5354343434343434,0.5354343434343434,0.5238383838383839
07a open,83,0.467959595959596,0.467959595959596,0.4658181818181818
07a open,84,0.5394747474747474,0.5394747474747474,0.5235959595959596
07a open,85,0.48121212121212115,0.48121212121212115,0.44414141414141417
07a open,86,0.4394343434343434,0.4394343434343434,0.44793939393939386
07a open,87,0.43991919191919193,0.43991919191919193,0.3997373737373737
07a open,88,0.5155555555555555,0.5155555555555555,0.47185858585858587
07a open,89,0.5628282828282828,0.5628282828282828,0.5572929292929294
07a open,90,0.5303434343434343,0.5303434343434343,0.5472121212121211
07a open,91,0.49179797979797985,0.49179797979797985,0.49616161616161614
07a open,92,0.45721212121212124,0.45721212121212124,0.43353535353535344
07a open,93,0.4545454545454546,0.4545454545454546,0.4499191919191919
07a open,94,0.5338989898989899,0.5338989898989899,0.5063434343434344
07a open,95,0.5048888888888888,0.5048888888888888,0.5066666666666667
07a open,96,0.4566464646464647,0.4566464646464647,0.42678787878787877
07a open,97,0.461979797979798,0.461979797979798,0.4607676767676767
07a open,98,0.44298989898989893,0.44298989898989893,0.44339393939393934
07a open,99,0.5020606060606061,0.5020606060606061,0.4848080808080809
07a open,100,0.5121616161616162,0.5121616161616162,0.5086262626262625
07a open,101,0.6172929292929293,0.6172929292929293,0.5947070707070707
07a open,102,0.5043232323232323,0.5043232323232323,0.4984040404040403
07a open,103,0.4831515151515152,0.4831515151515152,0.4704242424242424
07a open,104,0.5788282828282829,0.5788282828282829,0.5954747474747475
07a open,105,0.5970909090909091,0.5970909090909091,0.5691717171717172
07a open,106,0.47531313131313124,0.47531313131313124,0.4922020202020202
07a open,107,0.5051313131313131,0.5051313131313131,0.5268484848484849
07a open,108,0.49616161616161614,0.49616161616161614,0.47737373737373734
07a open,109,0.41963636363636364,0.41963636363636364,0.42781818181818193
07a open,110,0.5335757575757576,0.5335757575757576,0.516888888888889
07a open,111,0.4666666666666667,0.4666666666666667,0.466989898989899
07a open,112,0.6368484848484848,0.6368484848484848,0.6232929292929292
07a open,113,0.44872727272727264,0.44872727272727264,0.439030303030303
07a open,114,0.5182222222222221,0.5182222222222221,0.4908686868686868
07a open,115,0.4561616161616161,0.4561616161616161,0.4622626262626263
07a open,116,0.531151515151515,0.531151515151515,0.5313131313131312
07a open,117,0.40072727272727277,0.40072727272727277,0.41785858585858576
07a open,118,0.49979797979797985,0.49979797979797985,0.508020202020202
07a open,119,0.5433535353535353,0.5433535353535353,0.5553333333333332
07a open,120,0.5169292929292929,0.5169292929292929,0.5319393939393937
07a open,121,0.5632323232323232,0.5632323232323232,0.5522828282828284
07a open,122,0.5195151515151515,0.5195151515151515,0.5253333333333334
07a open,123,0.5055353535353535,0.5055353535353535,0.4643434343434344
07a open,124,0.45939393939393935,0.45939393939393935,0.4568282828282829
07a open,125,0.40145454545454545,0.40145454545454545,0.44579797979797975
07a open,126,0.41349494949494947,0.41349494949494947,0.39862626262626266
07a open,127,0.42868686868686867,0.42868686868686867,0.416969696969697
07a open,128,0.49721212121212127,0.49721212121212127,0.512020202020202
07a open,129,0.5239595959595958,0.5239595959595958,0.5595353535353536
07a open,130,0.4411313131313131,0.4411313131313131,0.427010101010101
07a open,131,0.4336969696969697,0.4336969696969697,0.43969696969696964
07a open,132,0.4527676767676768,0.4527676767676768,0.4668484848484848
07a open,133,0.43208080808080807,0.43208080808080807,0.4597777777777779
07a open,134,0.39498989898989895,0.39498989898989895,0.39761616161616165
07a open,135,0.46214141414141424,0.46214141414141424,0.45735353535353535
07a open,136,0.4421818181818182,0.4421818181818182,0.45212121212121215
07a open,137,0.4560808080808081,0.4560808080808081,0.4745656565656565
07a open,138,0.4110707070707071,0.4110707070707071,0.43066666666666664
07a open,139,0.5584646464646463,0.5584646464646463,0.5514343434343435
07a open,140,0.45648484848484844,0.45648484848484844,0.4414747474747475
07a open,141,0.47733333333333333,0.47733333333333333,0.48250505050505044
07a open,142,0.5464242424242424,0.5464242424242424,0.556969696969697
07a open,143,0.5119999999999999,0.5119999999999999,0.5163030303030303
07a open,144,0.47094949494949495,0.47094949494949495,0.5055757575757575
07a open,145,0.4706262626262626,0.4706262626262626,0.47787878787878774
07a open,146,0.4625454545454545,0.4625454545454545,0.46951515151515155
07a open,147,0.44767676767676773,0.44767676767676773,0.45684848484848484
07a open,148,0.5410909090909091,0.5410909090909091,0.5511717171717172
07a open,149,0.453010101010101,0.453010101010101,0.4611919191919191
07a open,150,0.5204848484848486,0.5204848484848486,0.4882828282828283
07a open,151,0.5802828282828283,0.5802828282828283,0.5940404040404039
07a open,152,0.4502626262626263,0.4502626262626263,0.45305050505050504
07a open,153,0.4579393939393939,0.4579393939393939,0.46179797979797976
07a open,154,0.4127676767676768,0.4127676767676768,0.39808080808080804
07a open,155,0.49866666666666665,0.49866666666666665,0.5079393939393939
07a open,156,0.46618181818181814,0.46618181818181814,0.46448484848484856
07a open,157,0.5470707070707072,0.5470707070707072,0.5224040404040405
07a open,158,0.4802424242424242,0.4802424242424242,0.4734949494949494
07a open,159,0.5456969696969697,0.5456969696969697,0.5042020202020201
07a open,160,0.4303838383838384,0.4303838383838384,0.429050505050505
07a open,161,0.39062626262626265,0.39062626262626265,0.3971919191919192
07a open,162,0.45317171717171717,0.45317171717171717,0.49319191919191924
07a open,163,0.4623030303030303,0.4623030303030303,0.45
07a open,164,0.4924444444444445,0.4924444444444445,0.4842424242424242
07a open,165,0.43539393939393933,0.43539393939393933,0.4501818181818182
07a open,166,0.5056969696969696,0.5056969696969696,0.5238989898989899
07a open,167,0.42828282828282827,0.42828282828282827,0.4169090909090909
07a open,168,0.4938181818181818,0.4938181818181818,0.4664848484848485
07a open,169,0.46456565656565657,0.46456565656565657,0.48020202020202013
07a open,170,0.45309090909090904,0.45309090909090904,0.43913131313131315
07a open,171,0.5355151515151515,0.5355151515151515,0.5451111111111112
07a open,172,0.46981818181818175,0.46981818181818175,0.4522828282828283
07a open,173,0.549010101010101,0.549010101010101,0.5207878787878789
07a open,174,0.4365252525252525,0.4365252525252525,0.42640404040404045
07a open,175,0.46456565656565657,0.46456565656565657,0.46084848484848484
07a open,176,0.5870707070707071,0.5870707070707071,0.5767474747474747
07a open,177,0.49503030303030304,0.49503030303030304,0.5227878787878788
07a open,178,0.42892929292929294,0.42892929292929294,0.4357373737373737
07a open,179,0.4923636363636364,0.4923636363636364,0.4923838383838383
07a open,180,0.47224242424242424,0.47224242424242424,0.4435353535353535
07a open,181,0.5408484848484848,0.5408484848484848,0.5466464646464646
07a open,182,0.6437979797979798,0.6437979797979798,0.6613535353535352
07a open,183,0.4258585858585858,0.4258585858585858,0.43480808080808087
07a open,184,0.47038383838383835,0.47038383838383835,0.44165656565656575
07a open,185,0.5347878787878788,0.5347878787878788,0.5576969696969697
07a open,186,0.40525252525252525,0.40525252525252525,0.4154949494949495
07a open,187,0.5519191919191918,0.5519191919191918,0.5482222222222222
07a open,188,0.47175757575757576,0.47175757575757576,0.45002020202020193
07a open,189,0.4916363636363636,0.4916363636363636,0.4879595959595959
07a open,190,0.5145050505050506,0.5145050505050506,0.4941212121212121
07a open,191,0.4712727272727273,0.4712727272727273,0.46812121212121205
07a open,192,0.5036767676767677,0.5036767676767677,0.4888686868686869
07a open,193,0.43612121212121213,0.43612121212121213,0.4642222222222222
07a open,194,0.46311111111111103,0.46311111111111103,0.4669494949494949
07a open,195,0.3831919191919192,0.3831919191919192,0.4051515151515151
07a open,196,0.4324848484848484,0.4324848484848484,0.43432323232323233
07a open,197,0.5267878787878788,0.5267878787878788,0.5036363636363637
07a open,198,0.530989898989899,0.530989898989899,0.5391111111111111
07a open,199,0.5462626262626263,0.5462626262626263,0.5392525252525252
07b,0,0.5328484848484848,0.5328484848484848,0.5416767676767676
07b,1,0.48040404040404044,0.48040404040404044,0.4952121212121212
07b,2,0.41074747474747475,0.41074747474747475,0.3875757575757576
07b,3,0.36226262626262623,0.36226262626262623,0.35525252525252526
07b,4,0.5120808080808081,0.5120808080808081,0.4894141414141414
07b,5,0.42488888888888887,0.42488888888888887,0.4136969696969698
07b,6,0.5080404040404041,0.5080404040404041,0.5284040404040404
07b,7,0.4512323232323232,0.4512323232323232,0.4521414141414142
07b,8,0.42747474747474745,0.42747474747474745,0.43153535353535355
07b,9,0.5467474747474748,0.5467474747474748,0.5307878787878787
07b,10,0.44646464646464645,0.44646464646464645,0.4578383838383838
07b,11,0.5758383838383838,0.5758383838383838,0.5864444444444444
07b,12,0.49713131313131315,0.49713131313131315,0.5021212121212121
07b,13,0.40509090909090906,0.40509090909090906,0.3973737373737373
07b,14,0.3745454545454545,0.3745454545454545,0.40002020202020205
07b,15,0.4862222222222222,0.4862222222222222,0.4721616161616161
07b,16,0.501010101010101,0.501010101010101,0.5022424242424243
07b,17,0.5222626262626262,0.5222626262626262,0.5064444444444444
07b,18,0.42181818181818176,0.42181818181818176,0.4466262626262626
07b,19,0.4602828282828283,0.4602828282828283,0.49393939393939384
07b,20,0.5481212121212121,0.5481212121212121,0.5552323232323232
07b,21,0.4447676767676768,0.4447676767676768,0.43030303030303035
07b,22,0.4858989898989899,0.4858989898989899,0.4706666666666666
07b,23,0.386989898989899,0.386989898989899,0.3606060606060606
07b,24,0.523959595959596,0.523959595959596,0.526909090909091
07b,25,0.3937777777777778,0.3937777777777778,0.4062020202020202
07b,26,0.5636363636363636,0.5636363636363636,0.5470707070707072
07b,27,0.5277575757575758,0.5277575757575758,0.5232727272727273
07b,28,0.5673535353535355,0.5673535353535355,0.5709292929292928
07b,29,0.44832323232323235,0.44832323232323235,0.46078787878787886
07b,30,0.3880404040404041,0.3880404040404041,0.3883232323232323
07b,31,0.47967676767676765,0.47967676767676765,0.4862222222222223
07b,32,0.4170505050505051,0.4170505050505051,0.44749494949494945
07b,33,0.43927272727272726,0.43927272727272726,0.45119191919191926
07b,34,0.47030303030303033,0.47030303030303033,0.4423838383838383
07b,35,0.6266666666666666,0.6266666666666666,0.6036767676767676
07b,36,0.49123232323232324,0.49123232323232324,0.49159595959595953
07b,37,0.4560808080808081,0.4560808080808081,0.46072727272727276
07b,38,0.4888080808080808,0.4888080808080808,0.48476767676767674
07b,39,0.5825454545454545,0.5825454545454545,0.6025858585858586
07b,40,0.46674747474747474,0.46674747474747474,0.48163636363636364
07b,41,0.46424242424242423,0.46424242424242423,0.4715959595959596
07b,42,0.46731313131313135,0.46731313131313135,0.47270707070707063
07b,43,0.3843232323232323,0.3843232323232323,0.423959595959596
07b,44,0.48767676767676765,0.48767676767676765,0.503959595959596
07b,45,0.4947878787878787,0.4947878787878787,0.48533333333333345
07b,46,0.4757171717171717,0.4757171717171717,0.46911111111111115
07b,47,0.4947070707070707,0.4947070707070707,0.5113333333333332
07b,48,0.44282828282828285,0.44282828282828285,0.4374141414141414
07b,49,0.5569292929292929,0.5569292929292929,0.5653737373737374
07b,50,0.6347474747474747,0.6347474747474747,0.614969696969697
07b,51,0.4257777777777777,0.4257777777777777,0.4466868686868687
07b,52,0.5387474747474748,0.5387474747474748,0.5292323232323232
07b,53,0.4294949494949495,0.4294949494949495,0.4410909090909091
07b,54,0.5292121212121212,0.5292121212121212,0.5032121212121212
07b,55,0.6067878787878788,0.6067878787878788,0.5811111111111111
07b,56,0.47975757575757577,0.47975757575757577,0.5074343434343433
07b,57,0.42820202020202014,0.42820202020202014,0.4616767676767677
07b,58,0.3851313131313131,0.3851313131313131,0.3768888888888889
07b,59,0.5462626262626262,0.5462626262626262,0.5519191919191918
07b,60,0.477979797979798,0.477979797979798,0.4948282828282828
07b,61,0.41971717171717166,0.41971717171717166,0.4664242424242425
07b,62,0.4082424242424242,0.4082424242424242,0.41927272727272724
07b,63,0.41309090909090906,0.41309090909090906,0.39820202020202017
07b,64,0.5034343434343435,0.5034343434343435,0.5188484848484849
07b,65,0.4746666666666667,0.4746666666666667,0.5142222222222224
07b,66,0.578020202020202,0.578020202020202,0.5436767676767678
07b,67,0.43547474747474746,0.43547474747474746,0.45438383838383833
07b,68,0.4836363636363636,0.4836363636363636,0.48587878787878785
07b,69,0.41163636363636363,0.41163636363636363,0.41195959595959597
07b,70,0.49074747474747465,0.49074747474747465,0.46238383838383834
07b,71,0.5313131313131313,0.5313131313131313,0.5012929292929293
07b,72,0.47709090909090907,0.47709090909090907,0.4744646464646465
07b,73,0.47458585858585856,0.47458585858585856,0.4776161616161616
07b,74,0.43264646464646467,0.43264646464646467,0.43876767676767664
07b,75,0.4105858585858585,0.4105858585858585,0.42648484848484847
07b,76,0.47757575757575754,0.47757575757575754,0.4818585858585858
07b,77,0.49357575757575756,0.49357575757575756,0.5200202020202019
07b,78,0.4663434343434344,0.4663434343434344,0.47181818181818186
07b,79,0.43991919191919193,0.43991919191919193,0.45511111111111113
07b,80,0.5335757575757576,0.5335757575757576,0.5474343434343434
07b,81,0.47119191919191916,0.47119191919191916,0.4417777777777777
07b,82,0.5827878787878789,0.5827878787878789,0.5943232323232323
07b,83,0.48711111111111105,0.48711111111111105,0.49258585858585846
07b,84,0.5218585858585859,0.5218585858585859,0.4816767676767677
07b,85,0.48581818181818176,0.48581818181818176,0.48482828282828283
07b,86,0.4584242424242424,0.4584242424242424,0.4563030303030303
07b,87,0.4085656565656565,0.4085656565656565,0.4023838383838384
07b,88,0.5811717171717172,0.5811717171717172,0.5836363636363636
07b,89,0.5433535353535353,0.5433535353535353,0.531111111111111
07b,90,0.6157575757575757,0.6157575757575757,0.6269898989898988
07b,91,0.4032323232323233,0.4032323232323233,0.4255151515151515
07b,92,0.4562424242424242,0.4562424242424242,0.42733333333333334
07b,93,0.5181414141414142,0.5181414141414142,0.5038181818181818
07b,94,0.4724040404040403,0.4724040404040403,0.4795151515151515
07b,95,0.5350303030303031,0.5350303030303031,0.5007878787878788
07b,96,0.44638383838383844,0.44638383838383844,0.4382828282828283
07b,97,0.44347474747474747,0.44347474747474747,0.4677373737373737
07b,98,0.42335353535353537,0.42335353535353537,0.4102626262626263
07b,99,0.4499393939393939,0.4499393939393939,0.4627878787878788
07b,100,0.38585858585858585,0.38585858585858585,0.3608888888888889
07b,101,0.47903030303030303,0.47903030303030303,0.5197171717171717
07b,102,0.5260606060606061,0.5260606060606061,0.5205454545454545
07b,103,0.43628282828282827,0.43628282828282827,0.39955555555555555
07b,104,0.5650909090909091,0.5650909090909091,0.5567878787878788
07b,105,0.5047272727272727,0.5047272727272727,0.4846666666666667
07b,106,0.4638383838383838,0.4638383838383838,0.4921414141414141
07b,107,0.473050505050505,0.473050505050505,0.47050505050505054
07b,108,0.42044444444444445,0.42044444444444445,0.44541414141414143
07b,109,0.48177777777777775,0.48177777777777775,0.4551919191919193
07b,110,0.45599999999999996,0.45599999999999996,0.44432323232323234
07b,111,0.489939393939394,0.489939393939394,0.47333333333333344
07b,112,0.5455353535353535,0.5455353535353535,0.5523434343434344
07b,113,0.518949494949495,0.518949494949495,0.5249696969696969
07b,114,0.6434747474747475,0.6434747474747475,0.6519595959595961
07b,115,0.4383030303030303,0.4383030303030303,0.43262626262626264
07b,116,0.5288080808080807,0.5288080808080807,0.4918585858585859
07b,117,0.525979797979798,0.525979797979798,0.5482222222222222
07b,118,0.4735353535353536,0.4735353535353536,0.48668686868686867
07b,119,0.6350707070707071,0.6350707070707071,0.6030505050505051
07b,120,0.39830303030303027,0.39830303030303027,0.4369090909090909
07b,121,0.5100606060606061,0.5100606060606061,0.5021616161616161
07b,122,0.5173333333333333,0.5173333333333333,0.5051717171717172
07b,123,0.47296969696969704,0.47296969696969704,0.48490909090909085
07b,124,0.41680808080808085,0.41680808080808085,0.445050505050505
07b,125,0.5027878787878788,0.5027878787878788,0.5235757575757575
07b,126,0.48177777777777775,0.48177777777777775,0.4756363636363637
07b,127,0.5186262626262627,0.5186262626262627,0.5023030303030303
07b,128,0.501090909090909,0.501090909090909,0.465070707070707
07b,129,0.4842020202020202,0.4842020202020202,0.5070505050505051
07b,130,0.4090505050505051,0.4090505050505051,0.432969696969697
07b,131,0.48921212121212115,0.48921212121212115,0.4915757575757575
07b,132,0.4105050505050505,0.4105050505050505,0.4107070707070707
07b,133,0.39054545454545453,0.39054545454545453,0.41323232323232323
07b,134,0.47676767676767684,0.47676767676767684,0.46767676767676764
07b,135,0.5604040404040405,0.5604040404040405,0.5578181818181818
07b,136,0.4447676767676767,0.4447676767676767,0.4619191919191919
07b,137,0.41292929292929303,0.41292929292929303,0.41238383838383835
07b,138,0.5166868686868687,0.5166868686868687,0.48545454545454547
07b,139,0.6166464646464647,0.6166464646464647,0.630141414141414
07b,140,0.4825858585858587,0.4825858585858587,0.5064242424242424
07b,141,0.43208080808080795,0.43208080808080795,0.43519191919191913
07b,142,0.5635555555555556,0.5635555555555556,0.568060606060606
07b,143,0.5349494949494951,0.5349494949494951,0.5110101010101011
07b,144,0.48921212121212126,0.48921212121212126,0.4787878787878788
07b,145,0.4640000000000001,0.4640000000000001,0.47973737373737374
07b,146,0.5240404040404041,0.5240404040404041,0.5374747474747473
07b,147,0.4698181818181818,0.4698181818181818,0.4220606060606061
07b,148,0.48686868686868684,0.48686868686868684,0.4941818181818182
07b,149,0.4991515151515151,0.4991515151515151,0.48824242424242426
07b,150,0.40444444444444444,0.40444444444444444,0.4028282828282828
07b,151,0.5267878787878788,0.5267878787878788,0.5328686868686868
07b,152,0.4406464646464646,0.4406464646464646,0.44943434343434346
07b,153,0.45874747474747474,0.45874747474747474,0.4347070707070707
07b,154,0.49349494949494954,0.49349494949494954,0.4484040404040404
07b,155,0.4207676767676768,0.4207676767676768,0.4356161616161616
07b,156,0.49284848484848476,0.49284848484848476,0.48169696969696957
07b,157,0.5576565656565657,0.5576565656565657,0.5435757575757576
07b,158,0.5452121212121211,0.5452121212121211,0.5315353535353535
07b,159,0.4766060606060606,0.4766060606060606,0.439979797979798
07b,160,0.4401616161616161,0.4401616161616161,0.44733333333333336
07b,161,0.4151111111111111,0.4151111111111111,0.4525858585858586
07b,162,0.4792727272727273,0.4792727272727273,0.4797373737373737
07b,163,0.4244848484848485,0.4244848484848485,0.44830303030303026
07b,164,0.512969696969697,0.512969696969697,0.5067272727272727
07b,165,0.4406464646464647,0.4406464646464647,0.4660404040404041
07b,166,0.4682020202020203,0.4682020202020203,0.5132121212121212
07b,167,0.4903434343434343,0.4903434343434343,0.4767272727272728
07b,168,0.4453333333333333,0.4453333333333333,0.4475555555555556
07b,169,0.5166060606060606,0.5166060606060606,0.5017979797979797
07b,170,0.44072727272727275,0.44072727272727275,0.4447070707070707
07b,171,0.5216969696969695,0.5216969696969695,0.5390707070707071
07b,172,0.4437171717171717,0.4437171717171717,0.4637373737373737
07b,173,0.46286868686868693,0.46286868686868693,0.4647070707070708
07b,174,0.4691717171717172,0.4691717171717172,0.48448484848484846
07b,175,0.46270707070707073,0.46270707070707073,0.4449696969696969
07b,176,0.4535757575757575,0.4535757575757575,0.47331313131313124
07b,177,0.4337777777777777,0.4337777777777777,0.4648888888888888
07b,178,0.452040404040404,0.452040404040404,0.43705050505050513
07b,179,0.4945454545454545,0.4945454545454545,0.4986868686868687
07b,180,0.5071515151515151,0.5071515151515151,0.5197777777777778
07b,181,0.48824242424242426,0.48824242424242426,0.5232727272727272
07b,182,0.5048888888888889,0.5048888888888889,0.48983838383838385
07b,183,0.4393535353535354,0.4393535353535354,0.44638383838383844
07b,184,0.3837575757575758,0.3837575757575758,0.37991919191919193
07b,185,0.5408484848484848,0.5408484848484848,0.5325656565656566
07b,186,0.48048484848484846,0.48048484848484846,0.49290909090909096
07b,187,0.4372525252525253,0.4372525252525253,0.45278787878787874
07b,188,0.4678787878787879,0.4678787878787879,0.4579393939393939
07b,189,0.4849292929292929,0.4849292929292929,0.497919191919192
07b,190,0.4754747474747475,0.4754747474747475,0.46262626262626255
07b,191,0.3787474747474748,0.3787474747474748,0.415979797979798
07b,192,0.4164848484848485,0.4164848484848485,0.4213939393939393
07b,193,0.3702626262626263,0.3702626262626263,0.3799393939393939
07b,194,0.4641616161616161,0.4641616161616161,0.4814343434343435
07b,195,0.3987878787878788,0.3987878787878788,0.42125252525252527
07b,196,0.47757575757575754,0.47757575757575754,0.5013535353535354
07b,197,0.46303030303030307,0.46303030303030307,0.44571717171717173
07b,198,0.5578181818181818,0.5578181818181818,0.5302828282828284
07b,199,0.48428282828282826,0.48428282828282826,0.5211313131313132
07e,0,0.5787474747474747,0.5787474747474747,0.5670909090909091
07e,1,0.39321212121212124,0.39321212121212124,0.41379797979797983
07e,2,0.487919191919192,0.487919191919192,0.4652525252525253
07e,3,0.4741010101010101,0.4741010101010101,0.468929292929293
07e,4,0.5065050505050505,0.5065050505050505,0.4661212121212121
07e,5,0.3772121212121212,0.3772121212121212,0.38874747474747473
07e,6,0.44921212121212123,0.44921212121212123,0.44513131313131316
07e,7,0.4850909090909091,0.4850909090909091,0.4742626262626263
07e,8,0.4638383838383838,0.4638383838383838,0.4528080808080809
07e,9,0.46876767676767683,0.46876767676767683,0.4739191919191919
07e,10,0.4671515151515152,0.4671515151515152,0.497090909090909
07e,11,0.669010101010101,0.669010101010101,0.6427070707070708
07e,12,0.5154747474747474,0.5154747474747474,0.5130101010101009
07e,13,0.3874747474747474,0.3874747474747474,0.38898989898989894
07e,14,0.4778181818181818,0.4778181818181818,0.48551515151515146
07e,15,0.41268686868686866,0.41268686868686866,0.41412121212121217
07e,16,0.5111919191919192,0.5111919191919192,0.49632323232323233
07e,17,0.5402020202020201,0.5402020202020201,0.5394545454545454
07e,18,0.4138989898989899,0.4138989898989899,0.444949494949495
07e,19,0.4736161616161617,0.4736161616161617,0.4826666666666667
07e,20,0.5086060606060607,0.5086060606060607,0.49866666666666665
07e,21,0.46319191919191915,0.46319191919191915,0.4709090909090909
07e,22,0.48694949494949497,0.48694949494949497,0.47353535353535364
07e,23,0.4295757575757576,0.4295757575757576,0.38969696969696976
07e,24,0.5466666666666666,0.5466666666666666,0.5386262626262626
07e,25,0.4033131313131313,0.4033131313131313,0.36935353535353543
07e,26,0.4849292929292929,0.4849292929292929,0.4945252525252525
07e,27,0.49341414141414147,0.49341414141414147,0.5251515151515151
07e,28,0.5294545454545455,0.5294545454545455,0.5265252525252526
07e,29,0.40945454545454546,0.40945454545454546,0.4217575757575758
07e,30,0.3716363636363636,0.3716363636363636,0.3786666666666667
07e,31,0.456969696969697,0.456969696969697,0.46701010101010104
07e,32,0.4908282828282829,0.4908282828282829,0.5043030303030303
07e,33,0.4209292929292928,0.4209292929292928,0.4056969696969698
07e,34,0.39288888888888884,0.39288888888888884,0.39226262626262626
07e,35,0.6267474747474747,0.6267474747474747,0.6242626262626263
07e,36,0.4892929292929293,0.4892929292929293,0.49830303030303036
07e,37,0.4347474747474747,0.4347474747474747,0.418
07e,38,0.4726464646464647,0.4726464646464647,0.46133333333333326
07e,39,0.5734141414141415,0.5734141414141415,0.5867474747474748
07e,40,0.45341414141414144,0.45341414141414144,0.4901010101010101
07e,41,0.4987474747474748,0.4987474747474748,0.5036363636363637
07e,42,0.46585858585858586,0.46585858585858586,0.4809898989898989
07e,43,0.4083232323232323,0.4083232323232323,0.43482828282828284
07e,44,0.5292121212121212,0.5292121212121212,0.537979797979798
07e,45,0.4397575757575757,0.4397575757575757,0.4421818181818182
07e,46,0.47014141414141414,0.47014141414141414,0.49159595959595964
07e,47,0.3671919191919192,0.3671919191919192,0.3787070707070707
07e,48,0.46189898989898986,0.46189898989898986,0.46632323232323225
07e,49,0.5656565656565656,0.5656565656565656,0.5557373737373738
07e,50,0.5452121212121213,0.5452121212121213,0.5335959595959596
07e,51,0.3785858585858586,0.3785858585858586,0.40232323232323236
07e,52,0.5187070707070707,0.5187070707070707,0.510949494949495
07e,53,0.45010101010101017,0.45010101010101017,0.42979797979797985
07e,54,0.5937777777777777,0.5937777777777777,0.573979797979798
07e,55,0.4830707070707071,0.4830707070707071,0.48098989898989897
07e,56,0.43119191919191924,0.43119191919191924,0.44030303030303025
07e,57,0.4715151515151515,0.4715151515151515,0.48688888888888887
07e,58,0.45389898989898986,0.45389898989898986,0.4516767676767676
07e,59,0.5105454545454545,0.5105454545454545,0.5006464646464647
07e,60,0.4462222222222222,0.4462222222222222,0.4701616161616161
07e,61,0.48072727272727267,0.48072727272727267,0.5140202020202022
07e,62,0.42335353535353537,0.42335353535353537,0.4174141414141414
07e,63,0.4314343434343434,0.4314343434343434,0.4213535353535353
07e,64,0.5391515151515152,0.5391515151515152,0.5326060606060606
07e,65,0.5671111111111111,0.5671111111111111,0.5570303030303031
07e,66,0.48024242424242425,0.48024242424242425,0.46565656565656566
07e,67,0.5332525252525252,0.5332525252525252,0.5256363636363637
07e,68,0.4513131313131312,0.4513131313131312,0.45307070707070707
07e,69,0.4736969696969697,0.4736969696969697,0.4504848484848484
07e,70,0.48250505050505055,0.48250505050505055,0.47161616161616166
07e,71,0.5256565656565657,0.5256565656565657,0.48515151515151517
07e,72,0.4413737373737373,0.4413737373737373,0.4321010101010101
07e,73,0.39781818181818174,0.39781818181818174,0.3971313131313131
07e,74,0.4185858585858586,0.4185858585858586,0.4433535353535354
07e,75,0.4366868686868687,0.4366868686868687,0.452020202020202
07e,76,0.4911515151515151,0.4911515151515151,0.4801616161616161
07e,77,0.43385858585858583,0.43385858585858583,0.47193939393939377
07e,78,0.47248484848484845,0.47248484848484845,0.4933131313131313
07e,79,0.4691717171717172,0.4691717171717172,0.46440404040404043
07e,80,0.4821010101010101,0.4821010101010101,0.5078181818181818
07e,81,0.45090909090909087,0.45090909090909087,0.42911111111111105
07e,82,0.5765656565656566,0.5765656565656566,0.5691313131313132
07e,83,0.41381818181818186,0.41381818181818186,0.44604040404040407
07e,84,0.48137373737373734,0.48137373737373734,0.4704242424242423
07e,85,0.47612121212121217,0.47612121212121217,0.45
07e,86,0.565010101010101,0.565010101010101,0.5574949494949495
07e,87,0.3776969696969697,0.3776969696969697,0.37947474747474746
07e,88,0.4717575757575757,0.4717575757575757,0.44288888888888883
07e,89,0.48557575757575755,0.48557575757575755,0.4824848484848484
07e,90,0.5383434343434342,0.5383434343434342,0.5637575757575758
07e,91,0.48096969696969694,0.48096969696969694,0.47290909090909083
07e,92,0.4648888888888889,0.4648888888888889,0.4426262626262627
07e,93,0.469010101010101,0.469010101010101,0.4825454545454545
07e,94,0.4677171717171717,0.4677171717171717,0.48379797979797984
07e,95,0.6248888888888888,0.6248888888888888,0.6191919191919191
07e,96,0.46804040404040403,0.46804040404040403,0.43030303030303035
07e,97,0.4751515151515152,0.4751515151515152,0.49101010101010106
07e,98,0.43329292929292923,0.43329292929292923,0.39595959595959596
07e,99,0.5023838383838385,0.5023838383838385,0.48424242424242425
07e,100,0.4161616161616162,0.4161616161616162,0.42206060606060597
07e,101,0.5139393939393939,0.5139393939393939,0.5282828282828282
07e,102,0.42529292929292933,0.42529292929292933,0.44109090909090903
07e,103,0.41115151515151516,0.41115151515151516,0.40662626262626267
07e,104,0.4850909090909091,0.4850909090909091,0.4853535353535353
07e,105,0.43612121212121213,0.43612121212121213,0.4413939393939394
07e,106,0.5486060606060605,0.5486060606060605,0.5594141414141414
07e,107,0.42707070707070705,0.42707070707070705,0.4386262626262626
07e,108,0.5410101010101009,0.5410101010101009,0.5500606060606061
07e,109,0.3764040404040404,0.3764040404040404,0.3949696969696969
07e,110,0.45705050505050504,0.45705050505050504,0.44799999999999995
07e,111,0.4829090909090909,0.4829090909090909,0.4566464646464647
07e,112,0.5723636363636364,0.5723636363636364,0.5497777777777778
07e,113,0.5115959595959596,0.5115959595959596,0.5176161616161618
07e,114,0.5211313131313131,0.5211313131313131,0.5189090909090909
07e,115,0.47692929292929287,0.47692929292929287,0.4836767676767676
07e,116,0.4607676767676768,0.4607676767676768,0.44567676767676767
07e,117,0.40816161616161617,0.40816161616161617,0.42323232323232307
07e,118,0.5113535353535353,0.5113535353535353,0.4992121212121212
07e,119,0.6201212121212121,0.6201212121212121,0.6066060606060606
07e,120,0.5228282828282829,0.5228282828282829,0.5544242424242423
07e,121,0.5664646464646463,0.5664646464646463,0.5733131313131313
07e,122,0.5347878787878788,0.5347878787878788,0.5416565656565656
07e,123,0.4292525252525253,0.4292525252525253,0.44092929292929284
07e,124,0.44856565656565656,0.44856565656565656,0.47149494949494947
07e,125,0.4257777777777777,0.4257777777777777,0.4306868686868687
07e,126,0.4105050505050505,0.4105050505050505,0.4115757575757576
07e,127,0.44339393939393934,0.44339393939393934,0.45242424242424245
07e,128,0.48258585858585856,0.48258585858585856,0.48337373737373734
07e,129,0.4824242424242424,0.4824242424242424,0.4881414141414141
07e,130,0.46109090909090905,0.46109090909090905,0.45008080808080814
07e,131,0.4604444444444445,0.4604444444444445,0.48193939393939395
07e,132,0.4453333333333333,0.4453333333333333,0.4553535353535353
07e,133,0.46351515151515155,0.46351515151515155,0.46028282828282824
07e,134,0.4987474747474748,0.4987474747474748,0.5134747474747475
07e,135,0.428121212121212,0.428121212121212,0.4295555555555556
07e,136,0.48783838383838385,0.48783838383838385,0.49171717171717166
07e,137,0.4257777777777777,0.4257777777777777,0.46153535353535347
07e,138,0.49567676767676777,0.49567676767676777,0.49769696969696975
07e,139,0.5956363636363636,0.5956363636363636,0.5814141414141415
07e,140,0.4303030303030303,0.4303030303030303,0.4709292929292929
07e,141,0.4586666666666666,0.4586666666666666,0.457050505050505
07e,142,0.572040404040404,0.572040404040404,0.5687474747474748
07e,143,0.5128080808080808,0.5128080808080808,0.49810101010101004
07e,144,0.48993939393939395,0.48993939393939395,0.4873535353535353
07e,145,0.5624242424242424,0.5624242424242424,0.5843030303030302
07e,146,0.5005252525252525,0.5005252525252525,0.5042828282828283
07e,147,0.47224242424242424,0.47224242424242424,0.4833333333333332
07e,148,0.4708686868686868,0.4708686868686868,0.49577777777777776
07e,149,0.48921212121212115,0.48921212121212115,0.4818585858585859
07e,150,0.47030303030303033,0.47030303030303033,0.45824242424242423
07e,151,0.5018181818181817,0.5018181818181817,0.5074141414141415
07e,152,0.5268686868686869,0.5268686868686869,0.5282626262626262
07e,153,0.45212121212121215,0.45212121212121215,0.44923232323232315
07e,154,0.45074747474747473,0.45074747474747473,0.40795959595959597
07e,155,0.48355555555555557,0.48355555555555557,0.49626262626262624
07e,156,0.43919191919191924,0.43919191919191924,0.44301010101010113
07e,157,0.4281212121212121,0.4281212121212121,0.44616161616161615
07e,158,0.45228282828282823,0.45228282828282823,0.4574343434343434
07e,159,0.5276767676767676,0.5276767676767676,0.48822222222222217
07e,160,0.4360404040404041,0.4360404040404041,0.4378181818181819
07e,161,0.4772525252525253,0.4772525252525253,0.5037979797979798
07e,162,0.5098989898989899,0.5098989898989899,0.541050505050505
07e,163,0.4712727272727273,0.4712727272727273,0.45642424242424245
07e,164,0.5108686868686868,0.5108686868686868,0.5138181818181817
07e,165,0.45220202020202016,0.45220202020202016,0.45206060606060605
07e,166,0.49058585858585857,0.49058585858585857,0.528060606060606
07e,167,0.5028686868686869,0.5028686868686869,0.4708282828282829
07e,168,0.5416565656565655,0.5416565656565655,0.5146464646464647
07e,169,0.5071515151515151,0.5071515151515151,0.5071717171717173
07e,170,0.3903838383838384,0.3903838383838384,0.4086262626262626
07e,171,0.5372929292929293,0.5372929292929293,0.5310505050505051
07e,172,0.45632323232323235,0.45632323232323235,0.432888888888889
07e,173,0.5129696969696969,0.5129696969696969,0.5221616161616163
07e,174,0.5168484848484848,0.5168484848484848,0.5132121212121211
07e,175,0.48355555555555557,0.48355555555555557,0.4612727272727272
07e,176,0.49349494949494943,0.49349494949494943,0.5218787878787878
07e,177,0.49777777777777776,0.49777777777777776,0.47175757575757576
07e,178,0.45187878787878794,0.45187878787878794,0.46274747474747474
07e,179,0.4968888888888888,0.4968888888888888,0.505090909090909
07e,180,0.48202020202020196,0.48202020202020196,0.45238383838383844
07e,181,0.555959595959596,0.555959595959596,0.578929292929293
07e,182,0.550060606060606,0.550060606060606,0.5511515151515151
07e,183,0.4750707070707071,0.4750707070707071,0.4751515151515152
07e,184,0.3684040404040404,0.3684040404040404,0.398020202020202
07e,185,0.5203232323232323,0.5203232323232323,0.5057373737373737
07e,186,0.46989898989898987,0.46989898989898987,0.49341414141414147
07e,187,0.5152323232323232,0.5152323232323232,0.48987878787878775
07e,188,0.5528080808080807,0.5528080808080807,0.5145050505050505
07e,189,0.4968080808080808,0.4968080808080808,0.5042828282828282
07e,190,0.509090909090909,0.509090909090909,0.5165454545454546
07e,191,0.4396767676767677,0.4396767676767677,0.42721212121212115
07e,192,0.413979797979798,0.413979797979798,0.4275555555555556
07e,193,0.4243232323232323,0.4243232323232323,0.3907676767676768
07e,194,0.48662626262626263,0.48662626262626263,0.47905050505050495
07e,195,0.3713131313131314,0.3713131313131314,0.3793131313131313
07e,196,0.4692525252525253,0.4692525252525253,0.4481818181818181
07e,197,0.42901010101010106,0.42901010101010106,0.4686666666666667
07e,198,0.48096969696969694,0.48096969696969694,0.4721616161616162
07e,199,0.4684444444444444,0.4684444444444444,0.4767474747474747
07c,0,0.5901515151515151,0.5901515151515151,0.5751515151515151
07c,1,0.6321212121212121,0.6321212121212121,0.5999987373737372
07c,2,0.4668181818181818,0.4668181818181818,0.4512234848484849
07c,3,0.5469696969696971,0.5469696969696971,0.52875
07c,4,0.4287878787878787,0.4287878787878787,0.42405303030303027
07c,5,0.41939393939393943,0.41939393939393943,0.3979924242424243
07c,6,0.5254545454545454,0.5254545454545454,0.5185227272727273
07c,7,0.6018181818181818,0.6018181818181818,0.5934848484848485
07c,8,0.5474242424242425,0.5474242424242425,0.5295075757575757
07c,9,0.501969696969697,0.501969696969697,0.4762121212121212
07c,10,0.6407575757575759,0.6407575757575759,0.6515530303030302
07c,11,0.355,0.355,0.3578787878787879
07c,12,0.5275757575757576,0.5275757575757576,0.5364015151515151
07c,13,0.5354545454545454,0.5354545454545454,0.5183712121212121
07c,14,0.593939393939394,0.593939393939394,0.5910984848484848
07c,15,0.5042424242424242,0.5042424242424242,0.5060984848484847
07c,16,0.6066666666666667,0.6066666666666667,0.6073863636363638
07c,17,0.3946969696969697,0.3946969696969697,0.3958712121212121
07c,18,0.41484848484848486,0.41484848484848486,0.4342045454545455
07c,19,0.528939393939394,0.528939393939394,0.5424242424242424
07c,20,0.3787878787878788,0.3787878787878788,0.3887897727272728
07c,21,0.4942424242424243,0.4942424242424243,0.49056818181818185
07c,22,0.5230303030303031,0.5230303030303031,0.5525378787878787
07c,23,0.4057575757575759,0.4057575757575759,0.41518939393939397
07c,24,0.47787878787878785,0.47787878787878785,0.48129608585858585
07c,25,0.37803030303030305,0.37803030303030305,0.37924242424242427
07c,26,0.5243939393939394,0.5243939393939394,0.5258333333333333
07c,27,0.5113636363636364,0.5113636363636364,0.5110984848484847
07c,28,0.6398484848484849,0.6398484848484849,0.6365909090909092
07c,29,0.4669696969696969,0.4669696969696969,0.4728409090909092
07c,30,0.510909090909091,0.510909090909091,0.49295454545454537
07c,31,0.3953030303030304,0.3953030303030304,0.3969785353535354
07c,32,0.48469696969696974,0.48469696969696974,0.4820075757575758
07c,33,0.46484848484848484,0.46484848484848484,0.4519318181818182
07c,34,0.5878787878787879,0.5878787878787879,0.5835732323232323
07c,35,0.2963636363636364,0.2963636363636364,0.3234981060606061
07c,36,0.38863636363636367,0.38863636363636367,0.3937121212121212
07c,37,0.3671212121212121,0.3671212121212121,0.3782954545454546
07c,38,0.5393939393939394,0.5393939393939394,0.5376515151515151
07c,39,0.573939393939394,0.573939393939394,0.558606691919192
07c,40,0.45575757575757575,0.45575757575757575,0.4465151515151516
07c,41,0.38212121212121214,0.38212121212121214,0.3867424242424242
07c,42,0.4577272727272727,0.4577272727272727,0.470530303030303
07c,43,0.5127272727272727,0.5127272727272727,0.5181818181818181
07c,44,0.5292424242424243,0.5292424242424243,0.5291287878787879
07c,45,0.45090909090909087,0.45090909090909087,0.44439393939393945
07c,46,0.5395454545454546,0.5395454545454546,0.5456060606060606
07c,47,0.41439393939393937,0.41439393939393937,0.4371590909090909
07c,48,0.5978787878787879,0.5978787878787879,0.6047727272727272
07c,49,0.6203030303030304,0.6203030303030304,0.6126136363636363
07c,50,0.6110606060606061,0.6110606060606061,0.5913636363636364
07c,51,0.6327272727272728,0.6327272727272728,0.6473762626262626
07c,52,0.5545454545454546,0.5545454545454546,0.5522348484848484
07c,53,0.542121212121212,0.542121212121212,0.5385984848484849
07c,54,0.5745454545454546,0.5745454545454546,0.5878409090909091
07c,55,0.5459090909090909,0.5459090909090909,0.5546969696969696
07c,56,0.4624242424242424,0.4624242424242424,0.48530303030303035
07c,57,0.41121212121212114,0.41121212121212114,0.4238257575757576
07c,58,0.545,0.545,0.5202651515151515
07c,59,0.5843939393939394,0.5843939393939394,0.5931818181818181
07c,60,0.48378787878787877,0.48378787878787877,0.4526136363636364
07c,61,0.5415151515151516,0.5415151515151516,0.5596717171717172
07c,62,0.5430303030303031,0.5430303030303031,0.5740151515151515
07c,63,0.572588383838384,0.572588383838384,0.5448617424242425
07c,64,0.5660606060606062,0.5660606060606062,0.5679166666666666
07c,65,0.5118181818181818,0.5118181818181818,0.530189393939394
07c,66,0.6595454545454545,0.6595454545454545,0.6515530303030304
07c,67,0.41045454545454546,0.41045454545454546,0.40992424242424236
07c,68,0.4468181818181818,0.4468181818181818,0.4364393939393939
07c,69,0.44378787878787873,0.44378787878787873,0.45853977272727275
07c,70,0.4904545454545454,0.4904545454545454,0.4864772727272727
07c,71,0.5712121212121212,0.5712121212121212,0.5536363636363636
07c,72,0.6398484848484849,0.6398484848484849,0.6495833333333334
07c,73,0.532878787878788,0.532878787878788,0.525096590909091
07c,74,0.48530303030303035,0.48530303030303035,0.5165530303030302
07c,75,0.5166666666666666,0.5166666666666666,0.5146969696969698
07c,76,0.5824242424242424,0.5824242424242424,0.5857279040404041
07c,77,0.485,0.485,0.4703787878787879
07c,78,0.5698484848484847,0.5698484848484847,0.5794318181818181
07c,79,0.6381818181818182,0.6381818181818182,0.6106060606060606
07c,80,0.6006060606060606,0.6006060606060606,0.604659090909091
07c,81,0.5139393939393939,0.5139393939393939,0.5398863636363637
07c,82,0.5107575757575757,0.5107575757575757,0.5186742424242424
07c,83,0.48151515151515145,0.48151515151515145,0.47549242424242416
07c,84,0.46924242424242424,0.46924242424242424,0.49083333333333323
07c,85,0.5827272727272728,0.5827272727272728,0.5548402777777777
07c,86,0.6086363636363636,0.6086363636363636,0.6011325757575757
07c,87,0.5707575757575758,0.5707575757575758,0.5793181818181818
07c,88,0.6584848484848485,0.6584848484848485,0.6590151515151514
07c,89,0.4993939393939394,0.4993939393939394,0.5137500000000002
07c,90,0.5412121212121213,0.5412121212121213,0.5332954545454547
07c,91,0.5469696969696969,0.5469696969696969,0.5596066919191918
07c,92,0.532878787878788,0.532878787878788,0.5315606060606061
07c,93,0.6284848484848486,0.6284848484848486,0.6252651515151516
07c,94,0.6036363636363637,0.6036363636363637,0.5965909090909092
07c,95,0.48151515151515156,0.48151515151515156,0.49155303030303044
07c,96,0.568939393939394,0.568939393939394,0.5554166666666667
07c,97,0.36363636363636365,0.36363636363636365,0.3492140151515151
07c,98,0.4256060606060606,0.4256060606060606,0.43272727272727274
07c,99,0.562878787878788,0.562878787878788,0.5393939393939393
07c,100,0.4709090909090909,0.4709090909090909,0.4794696969696971
07c,101,0.5021212121212122,0.5021212121212122,0.48133712121212124
07c,102,0.445,0.445,0.44655303030303034
07c,103,0.4586363636363637,0.4586363636363637,0.4468181818181819
07c,104,0.5856060606060606,0.5856060606060606,0.5827651515151515
07c,105,0.5532626262626262,0.5532626262626262,0.5548308080808081
07c,106,0.5763636363636364,0.5763636363636364,0.5658958333333334
07c,107,0.4963636363636364,0.4963636363636364,0.5002272727272727
07c,108,0.49257575757575756,0.49257575757575756,0.4919696969696969
07c,109,0.5722727272727273,0.5722727272727273,0.5308333333333334
07c,110,0.46848484848484845,0.46848484848484845,0.46678030303030305
07c,111,0.5334848484848485,0.5334848484848485,0.5420833333333335
07c,112,0.5198484848484848,0.5198484848484848,0.5261363636363637
07c,113,0.42318181818181816,0.42318181818181816,0.42196969696969705
07c,114,0.5863636363636364,0.5863636363636364,0.5839772727272727
07c,115,0.553030303030303,0.553030303030303,0.544280303030303
07c,116,0.5181792929292929,0.5181792929292929,0.5156433080808082
07c,117,0.36924242424242426,0.36924242424242426,0.37806818181818186
07c,118,0.5537878787878788,0.5537878787878788,0.5541287878787878
07c,119,0.4621212121212121,0.4621212121212121,0.46935795454545454
07c,120,0.4613636363636363,0.4613636363636363,0.47318181818181804
07c,121,0.40287878787878795,0.40287878787878795,0.41583333333333333
07c,122,0.47664646464646465,0.47664646464646465,0.4591994949494949
07c,123,0.4374242424242424,0.4374242424242424,0.445955808080808
07c,124,0.5472727272727272,0.5472727272727272,0.5007954545454546
07c,125,0.603939393939394,0.603939393939394,0.5923484848484848
07c,126,0.46484848484848484,0.46484848484848484,0.47140151515151524
07c,127,0.49675252525252533,0.49675252525252533,0.5187335858585859
07c,128,0.4456060606060606,0.4456060606060606,0.439810606060606
07c,129,0.5572727272727273,0.5572727272727273,0.5799242424242425
07c,130,0.4871212121212121,0.4871212121212121,0.47575757575757577
07c,131,0.6093939393939394,0.6093939393939394,0.5861363636363636
07c,132,0.5343939393939394,0.5343939393939394,0.5179166666666667
07c,133,0.3960606060606061,0.3960606060606061,0.40227272727272734
07c,134,0.41439393939393937,0.41439393939393937,0.41113636363636363
07c,135,0.470909090909091,0.470909090909091,0.4688636363636364
07c,136,0.32590909090909087,0.32590909090909087,0.33916666666666667
07c,137,0.41560606060606053,0.41560606060606053,0.4269318181818182
07c,138,0.3896969696969697,0.3896969696969697,0.3867424242424243
07c,139,0.6634848484848485,0.6634848484848485,0.6589772727272728
07c,140,0.4574242424242424,0.4574242424242424,0.4814015151515152
07c,141,0.45272727272727276,0.45272727272727276,0.4595088383838385
07c,142,0.4323863636363637,0.4323863636363637,0.4240435606060606
07c,143,0.5262121212121212,0.5262121212121212,0.5309848484848484
07c,144,0.38712121212121214,0.38712121212121214,0.3884469696969697
07c,145,0.6090909090909091,0.6090909090909091,0.6032575757575758
07c,146,0.6803030303030303,0.6803030303030303,0.6749621212121211
07c,147,0.45272727272727276,0.45272727272727276,0.4599621212121212
07c,148,0.4348484848484849,0.4348484848484849,0.4177689393939395
07c,149,0.5663636363636363,0.5663636363636363,0.5850757575757577
07c,150,0.6451515151515153,0.6451515151515153,0.6577651515151516
07c,151,0.41454545454545455,0.41454545454545455,0.4011363636363637
07c,152,0.6010606060606062,0.6010606060606062,0.5817045454545455
07c,153,0.566060606060606,0.566060606060606,0.5759848484848484
07c,154,0.5831818181818181,0.5831818181818181,0.5772727272727273
07c,155,0.5603030303030303,0.5603030303030303,0.573560606060606
07c,156,0.5856060606060606,0.5856060606060606,0.5731060606060605
07c,157,0.38242424242424244,0.38242424242424244,0.3840909090909091
07c,158,0.4581818181818182,0.4581818181818182,0.46746212121212116
07c,159,0.42515151515151517,0.42515151515151517,0.43068181818181805
07c,160,0.418030303030303,0.418030303030303,0.3963257575757576
07c,161,0.5433333333333333,0.5433333333333333,0.5219318181818181
07c,162,0.43893939393939385,0.43893939393939385,0.44693181818181815
07c,163,0.5133333333333333,0.5133333333333333,0.5139772727272728
07c,164,0.5996969696969696,0.5996969696969696,0.6110227272727272
07c,165,0.5210606060606061,0.5210606060606061,0.5283333333333333
07c,166,0.4875757575757576,0.4875757575757576,0.48011363636363635
07c,167,0.37818181818181823,0.37818181818181823,0.3652651515151515
07c,168,0.5168181818181818,0.5168181818181818,0.5206818181818181
07c,169,0.3921212121212121,0.3921212121212121,0.39475757575757575
07c,170,0.5145454545454545,0.5145454545454545,0.5492424242424242
07c,171,0.49727272727272726,0.49727272727272726,0.519659090909091
07c,172,0.5389393939393939,0.5389393939393939,0.5217803030303031
07c,173,0.6025757575757575,0.6025757575757575,0.6176136363636362
07c,174,0.45712121212121215,0.45712121212121215,0.4473484848484849
07c,175,0.4574242424242424,0.4574242424242424,0.46450757575757573
07c,176,0.47712121212121217,0.47712121212121217,0.4739772727272727
07c,177,0.3674242424242425,0.3674242424242425,0.3883333333333333
07c,178,0.438030303030303,0.438030303030303,0.45726199494949504
07c,179,0.6640909090909091,0.6640909090909091,0.6731060606060606
07c,180,0.40954545454545455,0.40954545454545455,0.4096590909090909
07c,181,0.42181818181818176,0.42181818181818176,0.3863901515151515
07c,182,0.5195454545454546,0.5195454545454546,0.5353232323232323
07c,183,0.4354545454545454,0.4354545454545454,0.4508996212121212
07c,184,0.4793939393939393,0.4793939393939393,0.47556818181818183
07c,185,0.5813636363636364,0.5813636363636364,0.5708712121212122
07c,186,0.6486363636363636,0.6486363636363636,0.6388011363636364
07c,187,0.3866666666666666,0.3866666666666666,0.3712878787878787
07c,188,0.5975757575757574,0.5975757575757574,0.6060227272727272
07c,189,0.48,0.48,0.5017045454545455
07c,190,0.5409090909090908,0.5409090909090908,0.5469008838383839
07c,191,0.3577272727272727,0.3577272727272727,0.37867424242424236
07c,192,0.5896969696969697,0.5896969696969697,0.5730303030303029
07c,193,0.5392424242424243,0.5392424242424243,0.5495075757575757
07c,194,0.5384848484848485,0.5384848484848485,0.5270833333333333
07c,195,0.6028787878787879,0.6028787878787879,0.6079166666666667
07c,196,0.554090909090909,0.554090909090909,0.5645833333333333
07c,197,0.49106060606060603,0.49106060606060603,0.4866287878787879
07c,198,0.5731818181818182,0.5731818181818182,0.5654545454545454
07c,199,0.4186363636363636,0.4186363636363636,0.4374583333333333
07d A all,0,0.613939393939394,0.613939393939394,0.6035984848484849
07d A all,1,0.5274242424242425,0.5274242424242425,0.5215208333333333
07d A all,2,0.46545454545454545,0.46545454545454545,0.46421780303030297
07d A all,3,0.5595454545454546,0.5595454545454546,0.5859469696969697
07d A all,4,0.504090909090909,0.504090909090909,0.5136742424242424
07d A all,5,0.368939393939394,0.368939393939394,0.3844318181818182
07d A all,6,0.46484848484848484,0.46484848484848484,0.45094696969696973
07d A all,7,0.561969696969697,0.561969696969697,0.5600378787878788
07d A all,8,0.5472727272727272,0.5472727272727272,0.5046969696969696
07d A all,9,0.5436363636363637,0.5436363636363637,0.543219696969697
07d A all,10,0.5559090909090909,0.5559090909090909,0.5486363636363636
07d A all,11,0.3783333333333333,0.3783333333333333,0.38435606060606065
07d A all,12,0.5543939393939394,0.5543939393939394,0.5566666666666668
07d A all,13,0.4966666666666667,0.4966666666666667,0.4873484848484848
07d A all,14,0.516060606060606,0.516060606060606,0.514090909090909
07d A all,15,0.5228787878787878,0.5228787878787878,0.5229545454545456
07d A all,16,0.5316666666666666,0.5316666666666666,0.5157575757575757
07d A all,17,0.49287878787878786,0.49287878787878786,0.4790151515151515
07d A all,18,0.4278787878787879,0.4278787878787879,0.4485606060606061
07d A all,19,0.43924242424242427,0.43924242424242427,0.43367424242424246
07d A all,20,0.44878787878787885,0.44878787878787885,0.46147790404040406
07d A all,21,0.5743939393939395,0.5743939393939395,0.5457575757575758
07d A all,22,0.606969696969697,0.606969696969697,0.6092803030303031
07d A all,23,0.44439393939393934,0.44439393939393934,0.4538636363636363
07d A all,24,0.5236363636363637,0.5236363636363637,0.5193920454545454
07d A all,25,0.44727272727272727,0.44727272727272727,0.47481060606060616
07d A all,26,0.5375757575757575,0.5375757575757575,0.5386363636363638
07d A all,27,0.46893939393939393,0.46893939393939393,0.4676893939393939
07d A all,28,0.5443939393939393,0.5443939393939393,0.5695833333333333
07d A all,29,0.5440909090909091,0.5440909090909091,0.5402651515151515
07d A all,30,0.4880303030303031,0.4880303030303031,0.4791666666666667
07d A all,31,0.49106060606060603,0.49106060606060603,0.48765277777777777
07d A all,32,0.4421212121212121,0.4421212121212121,0.4443560606060606
07d A all,33,0.4512121212121213,0.4512121212121213,0.4506060606060607
07d A all,34,0.4827272727272726,0.4827272727272726,0.4649861111111111
07d A all,35,0.44106060606060604,0.44106060606060604,0.4403011363636364
07d A all,36,0.5048484848484848,0.5048484848484848,0.507159090909091
07d A all,37,0.4672727272727272,0.4672727272727272,0.46818181818181825
07d A all,38,0.5422727272727272,0.5422727272727272,0.5424621212121211
07d A all,39,0.47181818181818186,0.47181818181818186,0.4933339646464646
07d A all,40,0.462878787878788,0.462878787878788,0.4476136363636364
07d A all,41,0.44712121212121214,0.44712121212121214,0.4655681818181819
07d A all,42,0.46893939393939393,0.46893939393939393,0.4788636363636363
07d A all,43,0.5690909090909091,0.5690909090909091,0.5837500000000001
07d A all,44,0.4709090909090909,0.4709090909090909,0.49318181818181817
07d A all,45,0.42651515151515157,0.42651515151515157,0.4386363636363636
07d A all,46,0.5548484848484848,0.5548484848484848,0.5553030303030302
07d A all,47,0.5071212121212121,0.5071212121212121,0.5184848484848485
07d A all,48,0.4840909090909092,0.4840909090909092,0.5010606060606061
07d A all,49,0.5356060606060605,0.5356060606060605,0.5240151515151515
07d A all,50,0.5959090909090909,0.5959090909090909,0.5797348484848486
07d A all,51,0.4937878787878788,0.4937878787878788,0.5027178030303029
07d A all,52,0.55,0.55,0.540719696969697
07d A all,53,0.513030303030303,0.513030303030303,0.5118939393939395
07d A all,54,0.5807575757575758,0.5807575757575758,0.5654545454545454
07d A all,55,0.49727272727272726,0.49727272727272726,0.4784848484848485
07d A all,56,0.5763636363636364,0.5763636363636364,0.5731060606060605
07d A all,57,0.45348484848484844,0.45348484848484844,0.4405681818181818
07d A all,58,0.5165151515151515,0.5165151515151515,0.48962121212121207
07d A all,59,0.5563636363636364,0.5563636363636364,0.5647348484848485
07d A all,60,0.45227272727272727,0.45227272727272727,0.4395454545454546
07d A all,61,0.52,0.52,0.548219696969697
07d A all,62,0.5403030303030304,0.5403030303030304,0.5303030303030304
07d A all,63,0.4922550505050506,0.4922550505050506,0.5004179292929293
07d A all,64,0.48121212121212115,0.48121212121212115,0.49662878787878784
07d A all,65,0.5404545454545454,0.5404545454545454,0.5439772727272727
07d A all,66,0.5665151515151516,0.5665151515151516,0.5654924242424243
07d A all,67,0.4387878787878788,0.4387878787878788,0.4523484848484848
07d A all,68,0.526060606060606,0.526060606060606,0.5247727272727272
07d A all,69,0.5451515151515152,0.5451515151515152,0.5399614898989898
07d A all,70,0.5054545454545455,0.5054545454545455,0.5198863636363636
07d A all,71,0.4522727272727273,0.4522727272727273,0.47140151515151507
07d A all,72,0.5715151515151515,0.5715151515151515,0.5416666666666666
07d A all,73,0.49863636363636366,0.49863636363636366,0.4935738636363637
07d A all,74,0.5148484848484849,0.5148484848484849,0.5315151515151515
07d A all,75,0.5856060606060607,0.5856060606060607,0.5853787878787878
07d A all,76,0.48196969696969694,0.48196969696969694,0.47478093434343427
07d A all,77,0.5104545454545455,0.5104545454545455,0.4902651515151515
07d A all,78,0.5463636363636363,0.5463636363636363,0.5557954545454545
07d A all,79,0.5887878787878787,0.5887878787878787,0.583598484848485
07d A all,80,0.5643939393939393,0.5643939393939393,0.5492424242424242
07d A all,81,0.5575757575757576,0.5575757575757576,0.5587878787878788
07d A all,82,0.5475757575757576,0.5475757575757576,0.5498484848484848
07d A all,83,0.5374242424242424,0.5374242424242424,0.5019318181818182
07d A all,84,0.4045454545454545,0.4045454545454545,0.43261363636363637
07d A all,85,0.5403030303030303,0.5403030303030303,0.5471130050505051
07d A all,86,0.5430303030303031,0.5430303030303031,0.5419494949494948
07d A all,87,0.48666666666666664,0.48666666666666664,0.5257954545454545
07d A all,88,0.5628787878787879,0.5628787878787879,0.5467424242424243
07d A all,89,0.5324242424242425,0.5324242424242425,0.5471590909090909
07d A all,90,0.524090909090909,0.524090909090909,0.530530303030303
07d A all,91,0.5537878787878788,0.5537878787878788,0.5482342171717173
07d A all,92,0.5742424242424244,0.5742424242424244,0.5808137626262626
07d A all,93,0.45590909090909093,0.45590909090909093,0.44935606060606065
07d A all,94,0.573939393939394,0.573939393939394,0.561969696969697
07d A all,95,0.44106060606060604,0.44106060606060604,0.4407575757575758
07d A all,96,0.4616666666666667,0.4616666666666667,0.47787878787878785
07d A all,97,0.4709090909090909,0.4709090909090909,0.47531565656565655
07d A all,98,0.4089393939393939,0.4089393939393939,0.42000000000000004
07d A all,99,0.5163636363636364,0.5163636363636364,0.5205681818181818
07d A all,100,0.4307575757575758,0.4307575757575758,0.4209090909090909
07d A all,101,0.4924242424242424,0.4924242424242424,0.5079400252525254
07d A all,102,0.445,0.445,0.4462878787878788
07d A all,103,0.46075757575757575,0.46075757575757575,0.4722348484848484
07d A all,104,0.5028787878787878,0.5028787878787878,0.5250378787878788
07d A all,105,0.48595959595959587,0.48595959595959587,0.5031565656565656
07d A all,106,0.553939393939394,0.553939393939394,0.5535277777777778
07d A all,107,0.47318181818181826,0.47318181818181826,0.48045454545454547
07d A all,108,0.531060606060606,0.531060606060606,0.5351136363636363
07d A all,109,0.4603030303030303,0.4603030303030303,0.4487878787878786
07d A all,110,0.5254545454545455,0.5254545454545455,0.5206818181818181
07d A all,111,0.5981818181818183,0.5981818181818183,0.5982575757575758
07d A all,112,0.5137878787878788,0.5137878787878788,0.5106818181818182
07d A all,113,0.5096969696969698,0.5096969696969698,0.5050378787878789
07d A all,114,0.49833333333333335,0.49833333333333335,0.513030303030303
07d A all,115,0.5456060606060606,0.5456060606060606,0.5506818181818183
07d A all,116,0.5592601010101009,0.5592601010101009,0.5669362373737373
07d A all,117,0.4287878787878787,0.4287878787878787,0.4446590909090909
07d A all,118,0.5207575757575758,0.5207575757575758,0.5326893939393939
07d A all,119,0.488030303030303,0.488030303030303,0.49144065656565666
07d A all,120,0.45606060606060606,0.45606060606060606,0.44878787878787885
07d A all,121,0.5607575757575758,0.5607575757575758,0.5633712121212121
07d A all,122,0.4901767676767677,0.4901767676767677,0.478415404040404
07d A all,123,0.5216666666666667,0.5216666666666667,0.5290738636363636
07d A all,124,0.5149999999999999,0.5149999999999999,0.5129166666666666
07d A all,125,0.5504545454545455,0.5504545454545455,0.5401515151515152
07d A all,126,0.4180303030303031,0.4180303030303031,0.4098863636363636
07d A all,127,0.5725555555555555,0.5725555555555555,0.6098813131313132
07d A all,128,0.5510606060606061,0.5510606060606061,0.539810606060606
07d A all,129,0.5110606060606061,0.5110606060606061,0.5056818181818181
07d A all,130,0.5246969696969697,0.5246969696969697,0.5231439393939394
07d A all,131,0.42803030303030304,0.42803030303030304,0.4529166666666667
07d A all,132,0.44075757575757574,0.44075757575757574,0.4511742424242424
07d A all,133,0.4304545454545455,0.4304545454545455,0.4371590909090909
07d A all,134,0.4545454545454546,0.4545454545454546,0.45212121212121215
07d A all,135,0.5104545454545455,0.5104545454545455,0.5202272727272726
07d A all,136,0.48060606060606065,0.48060606060606065,0.46878787878787875
07d A all,137,0.46878787878787875,0.46878787878787875,0.4683712121212122
07d A all,138,0.45530303030303027,0.45530303030303027,0.443030303030303
07d A all,139,0.6063636363636364,0.6063636363636364,0.6107575757575758
07d A all,140,0.541060606060606,0.541060606060606,0.5374621212121211
07d A all,141,0.5033333333333333,0.5033333333333333,0.510699494949495
07d A all,142,0.41732828282828277,0.41732828282828277,0.43906691919191915
07d A all,143,0.5125757575757575,0.5125757575757575,0.5016666666666667
07d A all,144,0.5092424242424243,0.5092424242424243,0.5106060606060605
07d A all,145,0.5709090909090908,0.5709090909090908,0.5635606060606061
07d A all,146,0.5765151515151514,0.5765151515151514,0.5633712121212121
07d A all,147,0.4918181818181818,0.4918181818181818,0.49378787878787883
07d A all,148,0.49151515151515157,0.49151515151515157,0.490727904040404
07d A all,149,0.47181818181818186,0.47181818181818186,0.4739015151515152
07d A all,150,0.5446969696969697,0.5446969696969697,0.5541287878787878
07d A all,151,0.4616666666666667,0.4616666666666667,0.46378787878787875
07d A all,152,0.4871212121212121,0.4871212121212121,0.481780303030303
07d A all,153,0.5663636363636363,0.5663636363636363,0.5486742424242425
07d A all,154,0.6521212121212121,0.6521212121212121,0.6123863636363636
07d A all,155,0.5022727272727272,0.5022727272727272,0.5045833333333334
07d A all,156,0.44666666666666666,0.44666666666666666,0.4588636363636363
07d A all,157,0.445,0.445,0.4465909090909091
07d A all,158,0.5219696969696971,0.5219696969696971,0.5331439393939393
07d A all,159,0.40727272727272734,0.40727272727272734,0.4049621212121212
07d A all,160,0.509090909090909,0.509090909090909,0.48893939393939395
07d A all,161,0.4595454545454546,0.4595454545454546,0.43340909090909097
07d A all,162,0.4810606060606061,0.4810606060606061,0.49886363636363634
07d A all,163,0.4578787878787879,0.4578787878787879,0.4689015151515152
07d A all,164,0.5528787878787879,0.5528787878787879,0.5465151515151516
07d A all,165,0.4369696969696969,0.4369696969696969,0.44473484848484846
07d A all,166,0.37636363636363634,0.37636363636363634,0.3878409090909091
07d A all,167,0.4843939393939394,0.4843939393939394,0.48306818181818195
07d A all,168,0.5148484848484849,0.5148484848484849,0.515
07d A all,169,0.4163636363636363,0.4163636363636363,0.4008876262626263
07d A all,170,0.4543939393939393,0.4543939393939393,0.4459469696969697
07d A all,171,0.43060606060606066,0.43060606060606066,0.4298106060606061
07d A all,172,0.5757575757575757,0.5757575757575757,0.5628030303030302
07d A all,173,0.5196969696969698,0.5196969696969698,0.534621212121212
07d A all,174,0.5713636363636364,0.5713636363636364,0.5645454545454545
07d A all,175,0.4960606060606061,0.4960606060606061,0.4827272727272727
07d A all,176,0.5430303030303031,0.5430303030303031,0.5290909090909091
07d A all,177,0.4834848484848485,0.4834848484848485,0.48465909090909093
07d A all,178,0.4753030303030303,0.4753030303030303,0.47795643939393945
07d A all,179,0.5975757575757576,0.5975757575757576,0.6057954545454545
07d A all,180,0.43666666666666665,0.43666666666666665,0.4390151515151516
07d A all,181,0.3796969696969697,0.3796969696969697,0.40210542929292925
07d A all,182,0.47106060606060607,0.47106060606060607,0.47659659090909096
07d A all,183,0.4672727272727273,0.4672727272727273,0.4768377525252525
07d A all,184,0.5460606060606059,0.5460606060606059,0.5212121212121212
07d A all,185,0.5130303030303031,0.5130303030303031,0.5208333333333333
07d A all,186,0.5390909090909091,0.5390909090909091,0.5341944444444444
07d A all,187,0.4251515151515151,0.4251515151515151,0.45659090909090916
07d A all,188,0.4046969696969698,0.4046969696969698,0.4183712121212121
07d A all,189,0.4722727272727273,0.4722727272727273,0.47511363636363635
07d A all,190,0.4668181818181819,0.4668181818181819,0.46989962121212125
07d A all,191,0.47742424242424236,0.47742424242424236,0.4620833333333333
07d A all,192,0.5537878787878788,0.5537878787878788,0.5506439393939394
07d A all,193,0.4459090909090909,0.4459090909090909,0.46416666666666667
07d A all,194,0.48893939393939395,0.48893939393939395,0.475719696969697
07d A all,195,0.5572727272727274,0.5572727272727274,0.557651515151515
07d A all,196,0.5862121212121212,0.5862121212121212,0.5708712121212122
07d A all,197,0.48378787878787877,0.48378787878787877,0.4788257575757576
07d A all,198,0.5171212121212121,0.5171212121212121,0.4818181818181818
07d A all,199,0.5956060606060607,0.5956060606060607,0.5829722222222221
07d B all,0,0.5245454545454545,0.5245454545454545,0.5416666666666667
07d B all,1,0.5287878787878787,0.5287878787878787,0.5080315656565657
07d B all,2,0.41500000000000004,0.41500000000000004,0.40753219696969695
07d B all,3,0.6006060606060607,0.6006060606060607,0.5956060606060605
07d B all,4,0.4381818181818182,0.4381818181818182,0.44556818181818175
07d B all,5,0.40939393939393937,0.40939393939393937,0.43787878787878787
07d B all,6,0.5627272727272727,0.5627272727272727,0.5583333333333333
07d B all,7,0.6003030303030302,0.6003030303030302,0.6169318181818182
07d B all,8,0.559090909090909,0.559090909090909,0.5637121212121212
07d B all,9,0.513030303030303,0.513030303030303,0.5017424242424242
07d B all,10,0.6398484848484849,0.6398484848484849,0.6246212121212122
07d B all,11,0.3765151515151515,0.3765151515151515,0.38598484848484843
07d B all,12,0.5503030303030304,0.5503030303030304,0.549280303030303
07d B all,13,0.5163636363636364,0.5163636363636364,0.5329545454545455
07d B all,14,0.5733333333333335,0.5733333333333335,0.5866666666666667
07d B all,15,0.4624242424242424,0.4624242424242424,0.4598863636363636
07d B all,16,0.618939393939394,0.618939393939394,0.6213636363636363
07d B all,17,0.38196969696969696,0.38196969696969696,0.3936363636363636
07d B all,18,0.3695454545454545,0.3695454545454545,0.3698106060606061
07d B all,19,0.45272727272727276,0.45272727272727276,0.4379166666666666
07d B all,20,0.3989393939393939,0.3989393939393939,0.3848320707070707
07d B all,21,0.510909090909091,0.510909090909091,0.5232575757575757
07d B all,22,0.6398484848484849,0.6398484848484849,0.647840909090909
07d B all,23,0.3753030303030303,0.3753030303030303,0.37117424242424246
07d B all,24,0.45,0.45,0.4461666666666667
07d B all,25,0.408939393939394,0.408939393939394,0.40212121212121216
07d B all,26,0.5125757575757577,0.5125757575757577,0.5141666666666667
07d B all,27,0.4992424242424242,0.4992424242424242,0.4926136363636363
07d B all,28,0.5746969696969697,0.5746969696969697,0.5868181818181819
07d B all,29,0.4672727272727272,0.4672727272727272,0.46462121212121216
07d B all,30,0.4893939393939394,0.4893939393939394,0.46632575757575767
07d B all,31,0.4193939393939393,0.4193939393939393,0.4288371212121212
07d B all,32,0.4456060606060606,0.4456060606060606,0.43583333333333335
07d B all,33,0.4490909090909091,0.4490909090909091,0.44409090909090904
07d B all,34,0.5401515151515152,0.5401515151515152,0.5553914141414141
07d B all,35,0.35984848484848486,0.35984848484848486,0.37146590909090904
07d B all,36,0.40212121212121205,0.40212121212121205,0.4232954545454545
07d B all,37,0.3936363636363637,0.3936363636363637,0.39943181818181817
07d B all,38,0.5116666666666666,0.5116666666666666,0.516098484848485
07d B all,39,0.5221212121212121,0.5221212121212121,0.5271054292929293
07d B all,40,0.4678787878787879,0.4678787878787879,0.44738636363636364
07d B all,41,0.3706060606060606,0.3706060606060606,0.39109848484848486
07d B all,42,0.5303030303030304,0.5303030303030304,0.5481060606060606
07d B all,43,0.6065151515151515,0.6065151515151515,0.6139772727272728
07d B all,44,0.49333333333333335,0.49333333333333335,0.5004545454545455
07d B all,45,0.4368181818181818,0.4368181818181818,0.4377272727272727
07d B all,46,0.4818181818181818,0.4818181818181818,0.5102272727272728
07d B all,47,0.47469696969696973,0.47469696969696973,0.4730681818181818
07d B all,48,0.6015151515151516,0.6015151515151516,0.6101893939393939
07d B all,49,0.5696969696969697,0.5696969696969697,0.5525378787878787
07d B all,50,0.6233333333333334,0.6233333333333334,0.6147727272727275
07d B all,51,0.6016666666666667,0.6016666666666667,0.6143585858585858
07d B all,52,0.5801515151515152,0.5801515151515152,0.5618939393939393
07d B all,53,0.5363636363636364,0.5363636363636364,0.5101515151515151
07d B all,54,0.6318181818181818,0.6318181818181818,0.635681818181818
07d B all,55,0.5209090909090909,0.5209090909090909,0.5379545454545454
07d B all,56,0.5248484848484849,0.5248484848484849,0.5231060606060607
07d B all,57,0.3792424242424242,0.3792424242424242,0.3780681818181818
07d B all,58,0.5171212121212122,0.5171212121212122,0.5121969696969697
07d B all,59,0.6465151515151515,0.6465151515151515,0.6422348484848486
07d B all,60,0.4003030303030304,0.4003030303030304,0.40382575757575756
07d B all,61,0.551060606060606,0.551060606060606,0.5411660353535354
07d B all,62,0.6266666666666667,0.6266666666666667,0.6294696969696969
07d B all,63,0.5470656565656565,0.5470656565656565,0.5277531565656567
07d B all,64,0.5189393939393939,0.5189393939393939,0.5315151515151515
07d B all,65,0.6127272727272727,0.6127272727272727,0.5902651515151515
07d B all,66,0.6842424242424243,0.6842424242424243,0.6931439393939394
07d B all,67,0.3745454545454545,0.3745454545454545,0.38943181818181816
07d B all,68,0.44727272727272727,0.44727272727272727,0.43071969696969703
07d B all,69,0.5475757575757575,0.5475757575757575,0.557050505050505
07d B all,70,0.49363636363636365,0.49363636363636365,0.49681818181818177
07d B all,71,0.5722727272727273,0.5722727272727273,0.5689015151515151
07d B all,72,0.573030303030303,0.573030303030303,0.5567803030303031
07d B all,73,0.5298484848484849,0.5298484848484849,0.5533314393939395
07d B all,74,0.47757575757575754,0.47757575757575754,0.5085227272727273
07d B all,75,0.5762121212121212,0.5762121212121212,0.584280303030303
07d B all,76,0.5748484848484849,0.5748484848484849,0.576459595959596
07d B all,77,0.5024242424242423,0.5024242424242423,0.5029166666666667
07d B all,78,0.6342424242424243,0.6342424242424243,0.6259848484848486
07d B all,79,0.5957575757575758,0.5957575757575758,0.5882954545454545
07d B all,80,0.6362121212121211,0.6362121212121211,0.6310227272727273
07d B all,81,0.5562121212121212,0.5562121212121212,0.5534848484848485
07d B all,82,0.6019696969696969,0.6019696969696969,0.611439393939394
07d B all,83,0.5257575757575758,0.5257575757575758,0.523219696969697
07d B all,84,0.4915151515151515,0.4915151515151515,0.4918560606060606
07d B all,85,0.575,0.575,0.5410757575757577
07d B all,86,0.6592424242424242,0.6592424242424242,0.6682209595959596
07d B all,87,0.500909090909091,0.500909090909091,0.5116666666666668
07d B all,88,0.6251515151515151,0.6251515151515151,0.6156060606060606
07d B all,89,0.4587878787878788,0.4587878787878788,0.4641287878787879
07d B all,90,0.5137878787878787,0.5137878787878787,0.5084848484848485
07d B all,91,0.5881818181818183,0.5881818181818183,0.5862241161616162
07d B all,92,0.6275757575757577,0.6275757575757577,0.6455505050505052
07d B all,93,0.6292424242424243,0.6292424242424243,0.614810606060606
07d B all,94,0.5883333333333333,0.5883333333333333,0.5740530303030302
07d B all,95,0.4753030303030304,0.4753030303030304,0.47265151515151504
07d B all,96,0.47242424242424247,0.47242424242424247,0.47465909090909086
07d B all,97,0.38954545454545453,0.38954545454545453,0.3835359848484849
07d B all,98,0.4362121212121212,0.4362121212121212,0.43553030303030305
07d B all,99,0.5772727272727274,0.5772727272727274,0.5781439393939395
07d B all,100,0.49257575757575756,0.49257575757575756,0.5007954545454546
07d B all,101,0.4268181818181819,0.4268181818181819,0.41534595959595955
07d B all,102,0.38136363636363635,0.38136363636363635,0.39488636363636365
07d B all,103,0.46772727272727277,0.46772727272727277,0.45776515151515146
07d B all,104,0.6286363636363637,0.6286363636363637,0.626780303030303
07d B all,105,0.5342853535353536,0.5342853535353536,0.5195940656565657
07d B all,106,0.5766666666666667,0.5766666666666667,0.577689393939394
07d B all,107,0.563939393939394,0.563939393939394,0.5532575757575758
07d B all,108,0.5154545454545454,0.5154545454545454,0.5115151515151515
07d B all,109,0.545,0.545,0.5234090909090909
07d B all,110,0.45530303030303027,0.45530303030303027,0.43424242424242426
07d B all,111,0.5833333333333334,0.5833333333333334,0.5911363636363637
07d B all,112,0.5177272727272728,0.5177272727272728,0.5202272727272729
07d B all,113,0.42318181818181816,0.42318181818181816,0.41083333333333333
07d B all,114,0.6210606060606061,0.6210606060606061,0.6229924242424243
07d B all,115,0.5421212121212121,0.5421212121212121,0.5586363636363637
07d B all,116,0.5393712121212122,0.5393712121212122,0.5435170454545455
07d B all,117,0.4040909090909091,0.4040909090909091,0.40643939393939393
07d B all,118,0.5422727272727272,0.5422727272727272,0.5550378787878788
07d B all,119,0.48151515151515145,0.48151515151515145,0.4908282828282829
07d B all,120,0.4296969696969697,0.4296969696969697,0.4265909090909091
07d B all,121,0.40696969696969704,0.40696969696969704,0.422310606060606
07d B all,122,0.40108838383838386,0.40108838383838386,0.4051205808080808
07d B all,123,0.516969696969697,0.516969696969697,0.49755492424242426
07d B all,124,0.5536363636363637,0.5536363636363637,0.5473863636363637
07d B all,125,0.5190909090909092,0.5190909090909092,0.5126136363636363
07d B all,126,0.45287878787878794,0.45287878787878794,0.4411363636363636
07d B all,127,0.5150833333333333,0.5150833333333333,0.5266875
07d B all,128,0.46272727272727276,0.46272727272727276,0.45784090909090913
07d B all,129,0.6013636363636363,0.6013636363636363,0.625719696969697
07d B all,130,0.47030303030303033,0.47030303030303033,0.4862878787878787
07d B all,131,0.514090909090909,0.514090909090909,0.5068560606060606
07d B all,132,0.4906060606060606,0.4906060606060606,0.49147727272727276
07d B all,133,0.3945454545454545,0.3945454545454545,0.4117045454545455
07d B all,134,0.43606060606060615,0.43606060606060615,0.4316287878787879
07d B all,135,0.5368181818181819,0.5368181818181819,0.5389393939393938
07d B all,136,0.33560606060606063,0.33560606060606063,0.3522348484848486
07d B all,137,0.43393939393939396,0.43393939393939396,0.40837121212121213
07d B all,138,0.4074242424242424,0.4074242424242424,0.39935606060606055
07d B all,139,0.6212121212121213,0.6212121212121213,0.6358712121212122
07d B all,140,0.5272727272727272,0.5272727272727272,0.5267045454545454
07d B all,141,0.4631818181818182,0.4631818181818182,0.4600088383838384
07d B all,142,0.3974520202020202,0.3974520202020202,0.4073554292929293
07d B all,143,0.5763636363636364,0.5763636363636364,0.5570075757575758
07d B all,144,0.41515151515151516,0.41515151515151516,0.40696969696969704
07d B all,145,0.6454545454545455,0.6454545454545455,0.6310227272727272
07d B all,146,0.6609090909090909,0.6609090909090909,0.6739772727272728
07d B all,147,0.4716666666666667,0.4716666666666667,0.4466287878787879
07d B all,148,0.39,0.39,0.39932828282828287
07d B all,149,0.558030303030303,0.558030303030303,0.5727651515151515
07d B all,150,0.605909090909091,0.605909090909091,0.6319318181818182
07d B all,151,0.4113636363636363,0.4113636363636363,0.41321969696969696
07d B all,152,0.5871212121212122,0.5871212121212122,0.5822348484848485
07d B all,153,0.6078787878787879,0.6078787878787879,0.6034848484848486
07d B all,154,0.6163636363636364,0.6163636363636364,0.5932575757575758
07d B all,155,0.6271212121212122,0.6271212121212122,0.610719696969697
07d B all,156,0.5880303030303031,0.5880303030303031,0.579280303030303
07d B all,157,0.4346969696969697,0.4346969696969697,0.4433712121212122
07d B all,158,0.525,0.525,0.5243181818181818
07d B all,159,0.34833333333333333,0.34833333333333333,0.37988636363636363
07d B all,160,0.4413636363636363,0.4413636363636363,0.43178030303030307
07d B all,161,0.4424242424242425,0.4424242424242425,0.4329924242424242
07d B all,162,0.41424242424242425,0.41424242424242425,0.43659090909090903
07d B all,163,0.5213636363636363,0.5213636363636363,0.5380303030303031
07d B all,164,0.6304545454545455,0.6304545454545455,0.6363257575757577
07d B all,165,0.500909090909091,0.500909090909091,0.48553030303030303
07d B all,166,0.48121212121212126,0.48121212121212126,0.47428030303030305
07d B all,167,0.4600000000000001,0.4600000000000001,0.4546969696969697
07d B all,168,0.5462121212121211,0.5462121212121211,0.5574621212121211
07d B all,169,0.3990909090909091,0.3990909090909091,0.4120801767676768
07d B all,170,0.5657575757575757,0.5657575757575757,0.5589393939393938
07d B all,171,0.516969696969697,0.516969696969697,0.5134090909090909
07d B all,172,0.588939393939394,0.588939393939394,0.5797727272727273
07d B all,173,0.6325757575757576,0.6325757575757576,0.6291666666666667
07d B all,174,0.49363636363636376,0.49363636363636376,0.48992424242424243
07d B all,175,0.46848484848484845,0.46848484848484845,0.47147727272727274
07d B all,176,0.4445454545454545,0.4445454545454545,0.4506818181818182
07d B all,177,0.3990909090909091,0.3990909090909091,0.4034848484848485
07d B all,178,0.42333333333333334,0.42333333333333334,0.4444488636363637
07d B all,179,0.6715151515151516,0.6715151515151516,0.6906060606060607
07d B all,180,0.35424242424242425,0.35424242424242425,0.3826136363636363
07d B all,181,0.3690909090909091,0.3690909090909091,0.3587809343434344
07d B all,182,0.48590909090909096,0.48590909090909096,0.5180612373737373
07d B all,183,0.4969696969696969,0.4969696969696969,0.47663952020202016
07d B all,184,0.48984848484848487,0.48984848484848487,0.49162878787878783
07d B all,185,0.5266666666666667,0.5266666666666667,0.5229924242424243
07d B all,186,0.6237878787878788,0.6237878787878788,0.6229469696969696
07d B all,187,0.3693939393939394,0.3693939393939394,0.37223484848484845
07d B all,188,0.4833333333333333,0.4833333333333333,0.47469696969696973
07d B all,189,0.46742424242424246,0.46742424242424246,0.4773106060606061
07d B all,190,0.5154545454545454,0.5154545454545454,0.49901388888888887
07d B all,191,0.4263636363636364,0.4263636363636364,0.43518939393939393
07d B all,192,0.6325757575757576,0.6325757575757576,0.6129166666666667
07d B all,193,0.4545454545454546,0.4545454545454546,0.47818181818181815
07d B all,194,0.5457575757575757,0.5457575757575757,0.5533333333333333
07d B all,195,0.6028787878787878,0.6028787878787878,0.6109090909090908
07d B all,196,0.5834848484848486,0.5834848484848486,0.6097727272727274
07d B all,197,0.5193939393939393,0.5193939393939393,0.5287499999999999
07d B all,198,0.5886363636363636,0.5886363636363636,0.5872348484848484
07d B all,199,0.46848484848484856,0.46848484848484856,0.48424873737373747
07d B open,0,0.5160606060606061,0.5160606060606061,0.5354924242424242
07d B open,1,0.48893939393939395,0.48893939393939395,0.48675694444444445
07d B open,2,0.4204545454545455,0.4204545454545455,0.43978156565656573
07d B open,3,0.594848484848485,0.594848484848485,0.5828787878787879
07d B open,4,0.5256060606060606,0.5256060606060606,0.5184848484848483
07d B open,5,0.47393939393939394,0.47393939393939394,0.47556818181818183
07d B open,6,0.5624242424242424,0.5624242424242424,0.5469696969696971
07d B open,7,0.5727272727272728,0.5727272727272728,0.5812500000000002
07d B open,8,0.6056060606060607,0.6056060606060607,0.6064015151515152
07d B open,9,0.5722727272727273,0.5722727272727273,0.563219696969697
07d B open,10,0.6015151515151516,0.6015151515151516,0.5956439393939393
07d B open,11,0.40984848484848485,0.40984848484848485,0.4254924242424242
07d B open,12,0.5175757575757576,0.5175757575757576,0.5341666666666666
07d B open,13,0.5809090909090908,0.5809090909090908,0.5877651515151514
07d B open,14,0.5737878787878788,0.5737878787878788,0.5701515151515152
07d B open,15,0.44469696969696965,0.44469696969696965,0.4447727272727272
07d B open,16,0.6256060606060606,0.6256060606060606,0.617689393939394
07d B open,17,0.44106060606060604,0.44106060606060604,0.4432954545454545
07d B open,18,0.3534848484848485,0.3534848484848485,0.3508712121212122
07d B open,19,0.40121212121212124,0.40121212121212124,0.40545454545454546
07d B open,20,0.4001515151515151,0.4001515151515151,0.3970214646464647
07d B open,21,0.46954545454545454,0.46954545454545454,0.4881060606060606
07d B open,22,0.6163636363636364,0.6163636363636364,0.6364772727272727
07d B open,23,0.39121212121212123,0.39121212121212123,0.39295454545454545
07d B open,24,0.4559090909090909,0.4559090909090909,0.4584179292929293
07d B open,25,0.4916666666666667,0.4916666666666667,0.4961363636363637
07d B open,26,0.4953030303030303,0.4953030303030303,0.4931439393939394
07d B open,27,0.4954545454545455,0.4954545454545455,0.5057575757575757
07d B open,28,0.5640909090909091,0.5640909090909091,0.5731060606060605
07d B open,29,0.47242424242424247,0.47242424242424247,0.47352272727272726
07d B open,30,0.46045454545454545,0.46045454545454545,0.46462121212121216
07d B open,31,0.4998484848484848,0.4998484848484848,0.5143939393939394
07d B open,32,0.4274242424242424,0.4274242424242424,0.4362121212121212
07d B open,33,0.4636363636363637,0.4636363636363637,0.4685227272727273
07d B open,34,0.5372727272727272,0.5372727272727272,0.5476988636363637
07d B open,35,0.38106060606060604,0.38106060606060604,0.38880681818181817
07d B open,36,0.515,0.515,0.5182196969696969
07d B open,37,0.43106060606060603,0.43106060606060603,0.4309469696969697
07d B open,38,0.47742424242424236,0.47742424242424236,0.49162878787878794
07d B open,39,0.5171212121212121,0.5171212121212121,0.5112474747474748
07d B open,40,0.46984848484848485,0.46984848484848485,0.4616666666666666
07d B open,41,0.41954545454545455,0.41954545454545455,0.4282575757575757
07d B open,42,0.5272727272727273,0.5272727272727273,0.5418560606060605
07d B open,43,0.6007575757575758,0.6007575757575758,0.5989015151515151
07d B open,44,0.47363636363636363,0.47363636363636363,0.45435606060606054
07d B open,45,0.505909090909091,0.505909090909091,0.504621212121212
07d B open,46,0.4918181818181818,0.4918181818181818,0.5079545454545454
07d B open,47,0.5298484848484849,0.5298484848484849,0.5225
07d B open,48,0.5298484848484849,0.5298484848484849,0.5535606060606061
07d B open,49,0.54,0.54,0.5285227272727273
07d B open,50,0.5771212121212121,0.5771212121212121,0.5980681818181818
07d B open,51,0.5842424242424242,0.5842424242424242,0.6161306818181818
07d B open,52,0.4915151515151514,0.4915151515151514,0.4894318181818182
07d B open,53,0.5189393939393939,0.5189393939393939,0.5232954545454546
07d B open,54,0.6701515151515152,0.6701515151515152,0.6801893939393939
07d B open,55,0.45681818181818185,0.45681818181818185,0.473939393939394
07d B open,56,0.5515151515151515,0.5515151515151515,0.5467424242424241
07d B open,57,0.4371212121212122,0.4371212121212122,0.44602272727272735
07d B open,58,0.4366666666666667,0.4366666666666667,0.4478787878787879
07d B open,59,0.6098484848484848,0.6098484848484848,0.6113636363636363
07d B open,60,0.3927272727272727,0.3927272727272727,0.39416666666666667
07d B open,61,0.543939393939394,0.543939393939394,0.5320132575757576
07d B open,62,0.6207575757575757,0.6207575757575757,0.6060227272727273
07d B open,63,0.5232626262626262,0.5232626262626262,0.5189520202020201
07d B open,64,0.4801515151515153,0.4801515151515153,0.4814772727272728
07d B open,65,0.6022727272727273,0.6022727272727273,0.5876515151515151
07d B open,66,0.6498484848484848,0.6498484848484848,0.6568560606060606
07d B open,67,0.4059090909090909,0.4059090909090909,0.4031818181818182
07d B open,68,0.41833333333333333,0.41833333333333333,0.4015530303030303
07d B open,69,0.5059090909090909,0.5059090909090909,0.5034810606060607
07d B open,70,0.4540909090909091,0.4540909090909091,0.444469696969697
07d B open,71,0.5596969696969698,0.5596969696969698,0.5622348484848484
07d B open,72,0.5078787878787879,0.5078787878787879,0.4927272727272728
07d B open,73,0.5754545454545454,0.5754545454545454,0.5905170454545454
07d B open,74,0.4328787878787879,0.4328787878787879,0.4480681818181818
07d B open,75,0.5816666666666667,0.5816666666666667,0.5707196969696968
07d B open,76,0.5574242424242424,0.5574242424242424,0.5608156565656566
07d B open,77,0.5280303030303031,0.5280303030303031,0.535340909090909
07d B open,78,0.5934848484848485,0.5934848484848485,0.5984848484848484
07d B open,79,0.6071212121212121,0.6071212121212121,0.6035227272727273
07d B open,80,0.629848484848485,0.629848484848485,0.614659090909091
07d B open,81,0.5477272727272727,0.5477272727272727,0.5376136363636363
07d B open,82,0.6210606060606061,0.6210606060606061,0.6140530303030304
07d B open,83,0.5672727272727272,0.5672727272727272,0.5688257575757575
07d B open,84,0.5136363636363637,0.5136363636363637,0.5075757575757576
07d B open,85,0.5262121212121211,0.5262121212121211,0.49473863636363646
07d B open,86,0.6128787878787879,0.6128787878787879,0.6029027777777778
07d B open,87,0.5024242424242424,0.5024242424242424,0.5176515151515152
07d B open,88,0.573939393939394,0.573939393939394,0.5585227272727272
07d B open,89,0.43636363636363634,0.43636363636363634,0.44291666666666674
07d B open,90,0.45242424242424245,0.45242424242424245,0.47049242424242427
07d B open,91,0.5896969696969697,0.5896969696969697,0.5975871212121213
07d B open,92,0.6356060606060605,0.6356060606060605,0.6414804292929294
07d B open,93,0.5404545454545454,0.5404545454545454,0.5178030303030303
07d B open,94,0.5543939393939394,0.5543939393939394,0.5497348484848485
07d B open,95,0.4709090909090909,0.4709090909090909,0.46178030303030304
07d B open,96,0.43575757575757573,0.43575757575757573,0.4467045454545454
07d B open,97,0.48303030303030303,0.48303030303030303,0.4989703282828283
07d B open,98,0.4374242424242424,0.4374242424242424,0.42954545454545456
07d B open,99,0.5760606060606062,0.5760606060606062,0.5725
07d B open,100,0.5477272727272726,0.5477272727272726,0.5380681818181818
07d B open,101,0.3957575757575758,0.3957575757575758,0.3865366161616161
07d B open,102,0.4053030303030303,0.4053030303030303,0.4197348484848485
07d B open,103,0.44878787878787885,0.44878787878787885,0.47818181818181815
07d B open,104,0.6406060606060606,0.6406060606060606,0.6348484848484849
07d B open,105,0.48212626262626257,0.48212626262626257,0.47174368686868695
07d B open,106,0.5756060606060606,0.5756060606060606,0.5501969696969697
07d B open,107,0.5207575757575758,0.5207575757575758,0.5065909090909091
07d B open,108,0.48954545454545456,0.48954545454545456,0.4968181818181819
07d B open,109,0.5175757575757577,0.5175757575757577,0.5340530303030302
07d B open,110,0.425,0.425,0.40859848484848493
07d B open,111,0.5851515151515152,0.5851515151515152,0.6036742424242426
07d B open,112,0.4795454545454546,0.4795454545454546,0.4872727272727273
07d B open,113,0.45242424242424234,0.45242424242424234,0.45564393939393943
07d B open,114,0.5818181818181818,0.5818181818181818,0.5799999999999998
07d B open,115,0.5466666666666666,0.5466666666666666,0.5527272727272727
07d B open,116,0.5062702020202019,0.5062702020202019,0.5122493686868687
07d B open,117,0.47272727272727266,0.47272727272727266,0.45988636363636354
07d B open,118,0.5692424242424243,0.5692424242424243,0.5745454545454545
07d B open,119,0.4737878787878788,0.4737878787878788,0.4751123737373738
07d B open,120,0.43196969696969695,0.43196969696969695,0.4364393939393939
07d B open,121,0.5174242424242423,0.5174242424242423,0.5096590909090909
07d B open,122,0.4414848484848485,0.4414848484848485,0.45707575757575764
07d B open,123,0.5801515151515151,0.5801515151515151,0.5739917929292929
07d B open,124,0.49393939393939396,0.49393939393939396,0.5274621212121212
07d B open,125,0.5004545454545454,0.5004545454545454,0.5132954545454546
07d B open,126,0.43060606060606055,0.43060606060606055,0.42272727272727273
07d B open,127,0.5180934343434344,0.5180934343434344,0.5357733585858586
07d B open,128,0.4993939393939394,0.4993939393939394,0.4881060606060606
07d B open,129,0.6404545454545454,0.6404545454545454,0.650909090909091
07d B open,130,0.4937878787878788,0.4937878787878788,0.508219696969697
07d B open,131,0.4748484848484848,0.4748484848484848,0.4721590909090909
07d B open,132,0.5243939393939394,0.5243939393939394,0.5205681818181818
07d B open,133,0.40121212121212124,0.40121212121212124,0.38545454545454544
07d B open,134,0.4751515151515151,0.4751515151515151,0.4935984848484848
07d B open,135,0.5659090909090909,0.5659090909090909,0.5548863636363637
07d B open,136,0.42333333333333323,0.42333333333333323,0.42124999999999996
07d B open,137,0.45681818181818185,0.45681818181818185,0.43405303030303044
07d B open,138,0.44075757575757574,0.44075757575757574,0.4305681818181818
07d B open,139,0.5936363636363636,0.5936363636363636,0.6011363636363637
07d B open,140,0.5366666666666666,0.5366666666666666,0.5375
07d B open,141,0.5045454545454546,0.5045454545454546,0.4884450757575757
07d B open,142,0.41656313131313133,0.41656313131313133,0.4350498737373738
07d B open,143,0.5277272727272727,0.5277272727272727,0.49178030303030307
07d B open,144,0.4465151515151515,0.4465151515151515,0.4470454545454546
07d B open,145,0.6356060606060605,0.6356060606060605,0.6337499999999999
07d B open,146,0.5966666666666667,0.5966666666666667,0.6022348484848485
07d B open,147,0.4337878787878788,0.4337878787878788,0.4351136363636364
07d B open,148,0.458939393939394,0.458939393939394,0.45650252525252527
07d B open,149,0.49378787878787883,0.49378787878787883,0.5008712121212121
07d B open,150,0.5442424242424243,0.5442424242424243,0.5585227272727272
07d B open,151,0.48454545454545456,0.48454545454545456,0.48306818181818184
07d B open,152,0.5381818181818182,0.5381818181818182,0.519810606060606
07d B open,153,0.5886363636363636,0.5886363636363636,0.5709090909090909
07d B open,154,0.566969696969697,0.566969696969697,0.5804924242424242
07d B open,155,0.5659090909090909,0.5659090909090909,0.5728409090909092
07d B open,156,0.5340909090909092,0.5340909090909092,0.5311742424242424
07d B open,157,0.4866666666666667,0.4866666666666667,0.4879545454545454
07d B open,158,0.5437878787878787,0.5437878787878787,0.5452651515151514
07d B open,159,0.3722727272727273,0.3722727272727273,0.39871212121212124
07d B open,160,0.4431818181818182,0.4431818181818182,0.4480681818181817
07d B open,161,0.46424242424242423,0.46424242424242423,0.4590909090909091
07d B open,162,0.4381818181818183,0.4381818181818183,0.4404924242424243
07d B open,163,0.5533333333333333,0.5533333333333333,0.5619318181818181
07d B open,164,0.641060606060606,0.641060606060606,0.6212878787878787
07d B open,165,0.5104545454545455,0.5104545454545455,0.49856060606060615
07d B open,166,0.4033333333333333,0.4033333333333333,0.4031818181818182
07d B open,167,0.4974242424242424,0.4974242424242424,0.5018181818181817
07d B open,168,0.5733333333333334,0.5733333333333334,0.568219696969697
07d B open,169,0.4459090909090909,0.4459090909090909,0.43316035353535354
07d B open,170,0.5010606060606061,0.5010606060606061,0.48212121212121206
07d B open,171,0.5340909090909091,0.5340909090909091,0.5234848484848484
07d B open,172,0.5421212121212122,0.5421212121212122,0.5518939393939393
07d B open,173,0.5672727272727272,0.5672727272727272,0.5699621212121213
07d B open,174,0.5028787878787879,0.5028787878787879,0.5017045454545455
07d B open,175,0.46409090909090916,0.46409090909090916,0.4468939393939394
07d B open,176,0.40545454545454546,0.40545454545454546,0.4093560606060606
07d B open,177,0.42651515151515157,0.42651515151515157,0.41973484848484854
07d B open,178,0.40545454545454546,0.40545454545454546,0.41135101010101016
07d B open,179,0.6065151515151516,0.6065151515151516,0.6121590909090908
07d B open,180,0.4084848484848485,0.4084848484848485,0.3889015151515151
07d B open,181,0.3848484848484849,0.3848484848484849,0.38481502525252526
07d B open,182,0.45681818181818185,0.45681818181818185,0.46238888888888885
07d B open,183,0.5236363636363637,0.5236363636363637,0.5080340909090909
07d B open,184,0.5065151515151516,0.5065151515151516,0.5129166666666667
07d B open,185,0.5063636363636362,0.5063636363636362,0.49257575757575756
07d B open,186,0.5328787878787878,0.5328787878787878,0.5270170454545455
07d B open,187,0.3753030303030303,0.3753030303030303,0.3767045454545454
07d B open,188,0.4539393939393939,0.4539393939393939,0.4514015151515151
07d B open,189,0.47651515151515156,0.47651515151515156,0.43647727272727266
07d B open,190,0.5125757575757575,0.5125757575757575,0.5229299242424241
07d B open,191,0.5042424242424242,0.5042424242424242,0.5044696969696971
07d B open,192,0.5353030303030303,0.5353030303030303,0.5536742424242425
07d B open,193,0.44666666666666666,0.44666666666666666,0.45518939393939395
07d B open,194,0.5540909090909091,0.5540909090909091,0.5606060606060607
07d B open,195,0.5715151515151515,0.5715151515151515,0.5853030303030302
07d B open,196,0.6074242424242424,0.6074242424242424,0.5951893939393941
07d B open,197,0.46772727272727277,0.46772727272727277,0.45242424242424245
07d B open,198,0.5665151515151515,0.5665151515151515,0.5701893939393939
07d B open,199,0.5096969696969696,0.5096969696969696,0.504977904040404
07f,0,0.5742424242424243,0.5742424242424243,0.574280303030303
07f,1,0.5253030303030304,0.5253030303030304,0.4757638888888889
07f,2,0.4489393939393939,0.4489393939393939,0.4262544191919192
07f,3,0.621060606060606,0.621060606060606,0.6239772727272728
07f,4,0.4542424242424243,0.4542424242424243,0.44901515151515153
07f,5,0.4325757575757576,0.4325757575757576,0.45196969696969697
07f,6,0.4962121212121212,0.4962121212121212,0.4990151515151514
07f,7,0.5916666666666666,0.5916666666666666,0.5943181818181819
07f,8,0.598939393939394,0.598939393939394,0.5998484848484849
07f,9,0.5451515151515152,0.5451515151515152,0.5248863636363637
07f,10,0.5763636363636364,0.5763636363636364,0.5775378787878788
07f,11,0.41878787878787876,0.41878787878787876,0.42640151515151514
07f,12,0.5572727272727273,0.5572727272727273,0.5548863636363637
07f,13,0.4748484848484849,0.4748484848484849,0.4700378787878788
07f,14,0.5586363636363636,0.5586363636363636,0.5477272727272726
07f,15,0.4431818181818182,0.4431818181818182,0.4394318181818182
07f,16,0.5334848484848486,0.5334848484848486,0.5293181818181819
07f,17,0.41227272727272724,0.41227272727272724,0.4073484848484849
07f,18,0.4421212121212121,0.4421212121212121,0.4537878787878789
07f,19,0.4880303030303031,0.4880303030303031,0.49060606060606055
07f,20,0.4831818181818182,0.4831818181818182,0.47813320707070706
07f,21,0.49575757575757573,0.49575757575757573,0.5257575757575758
07f,22,0.639090909090909,0.639090909090909,0.6520075757575757
07f,23,0.421969696969697,0.421969696969697,0.411060606060606
07f,24,0.4745454545454545,0.4745454545454545,0.466354797979798
07f,25,0.4666666666666667,0.4666666666666667,0.48852272727272733
07f,26,0.5354545454545454,0.5354545454545454,0.5229166666666667
07f,27,0.4901515151515152,0.4901515151515152,0.47973484848484843
07f,28,0.5968181818181818,0.5968181818181818,0.5993939393939394
07f,29,0.5151515151515151,0.5151515151515151,0.4964772727272728
07f,30,0.4875757575757576,0.4875757575757576,0.48446969696969705
07f,31,0.411060606060606,0.411060606060606,0.4220050505050505
07f,32,0.5359090909090909,0.5359090909090909,0.5350378787878787
07f,33,0.508939393939394,0.508939393939394,0.47662878787878793
07f,34,0.5377272727272727,0.5377272727272727,0.5455883838383837
07f,35,0.37303030303030305,0.37303030303030305,0.38918308080808084
07f,36,0.4415151515151515,0.4415151515151515,0.4389772727272728
07f,37,0.3978787878787879,0.3978787878787879,0.3828409090909092
07f,38,0.5351515151515152,0.5351515151515152,0.5343181818181818
07f,39,0.5312121212121212,0.5312121212121212,0.5182455808080808
07f,40,0.4886363636363636,0.4886363636363636,0.4527651515151515
07f,41,0.4121212121212121,0.4121212121212121,0.4157196969696969
07f,42,0.5474242424242424,0.5474242424242424,0.5548484848484848
07f,43,0.5677272727272726,0.5677272727272726,0.5710984848484848
07f,44,0.5298484848484849,0.5298484848484849,0.5510984848484848
07f,45,0.42666666666666664,0.42666666666666664,0.42166666666666675
07f,46,0.5498484848484848,0.5498484848484848,0.5401136363636363
07f,47,0.4963636363636364,0.4963636363636364,0.47606060606060596
07f,48,0.5681818181818181,0.5681818181818181,0.5692045454545455
07f,49,0.6201515151515151,0.6201515151515151,0.6045454545454545
07f,50,0.5703030303030303,0.5703030303030303,0.5538257575757577
07f,51,0.6416666666666666,0.6416666666666666,0.6541565656565657
07f,52,0.4595454545454546,0.4595454545454546,0.4696969696969697
07f,53,0.5581818181818182,0.5581818181818182,0.5392424242424242
07f,54,0.5610606060606061,0.5610606060606061,0.5446212121212122
07f,55,0.5463636363636365,0.5463636363636365,0.5359090909090909
07f,56,0.5069696969696971,0.5069696969696971,0.5153787878787879
07f,57,0.4334848484848485,0.4334848484848485,0.44473484848484846
07f,58,0.4753030303030302,0.4753030303030302,0.4498106060606061
07f,59,0.5572727272727273,0.5572727272727273,0.5536363636363636
07f,60,0.39621212121212124,0.39621212121212124,0.3945454545454546
07f,61,0.47757575757575754,0.47757575757575754,0.4912310606060607
07f,62,0.571969696969697,0.571969696969697,0.5802272727272728
07f,63,0.5095075757575758,0.5095075757575758,0.536201388888889
07f,64,0.5186363636363637,0.5186363636363637,0.5214393939393941
07f,65,0.5006060606060606,0.5006060606060606,0.5045454545454546
07f,66,0.5243939393939394,0.5243939393939394,0.5417424242424242
07f,67,0.4162121212121212,0.4162121212121212,0.42958333333333326
07f,68,0.41196969696969693,0.41196969696969693,0.4111742424242424
07f,69,0.4286363636363636,0.4286363636363636,0.4284728535353535
07f,70,0.3510606060606061,0.3510606060606061,0.3579924242424243
07f,71,0.5428787878787878,0.5428787878787878,0.5570454545454546
07f,72,0.5622727272727273,0.5622727272727273,0.5550378787878788
07f,73,0.6010606060606062,0.6010606060606062,0.5906262626262626
07f,74,0.5072727272727272,0.5072727272727272,0.5017424242424242
07f,75,0.42833333333333334,0.42833333333333334,0.44439393939393934
07f,76,0.5753030303030302,0.5753030303030302,0.5705284090909091
07f,77,0.4303030303030303,0.4303030303030303,0.4322348484848485
07f,78,0.6025757575757575,0.6025757575757575,0.5886363636363636
07f,79,0.5583333333333333,0.5583333333333333,0.5515530303030303
07f,80,0.571969696969697,0.571969696969697,0.5620454545454545
07f,81,0.5531818181818181,0.5531818181818181,0.5590530303030303
07f,82,0.5537878787878787,0.5537878787878787,0.5596969696969697
07f,83,0.531969696969697,0.531969696969697,0.5234469696969696
07f,84,0.4410606060606061,0.4410606060606061,0.4489772727272728
07f,85,0.5177272727272728,0.5177272727272728,0.5223118686868686
07f,86,0.5365151515151515,0.5365151515151515,0.540957702020202
07f,87,0.5193939393939393,0.5193939393939393,0.5082954545454544
07f,88,0.6078787878787879,0.6078787878787879,0.6050378787878788
07f,89,0.49348484848484847,0.49348484848484847,0.49356060606060603
07f,90,0.4556060606060607,0.4556060606060607,0.46996212121212116
07f,91,0.5006060606060606,0.5006060606060606,0.49863888888888885
07f,92,0.5071212121212121,0.5071212121212121,0.4962638888888888
07f,93,0.5166666666666666,0.5166666666666666,0.5211742424242425
07f,94,0.5437878787878787,0.5437878787878787,0.5227651515151515
07f,95,0.4365151515151515,0.4365151515151515,0.4454166666666667
07f,96,0.5018181818181817,0.5018181818181817,0.5011363636363637
07f,97,0.37666666666666665,0.37666666666666665,0.398145202020202
07f,98,0.48500000000000004,0.48500000000000004,0.4721590909090909
07f,99,0.6733333333333333,0.6733333333333333,0.6385984848484847
07f,100,0.4600000000000001,0.4600000000000001,0.4490909090909091
07f,101,0.4368181818181818,0.4368181818181818,0.43836047979797976
07f,102,0.4504545454545455,0.4504545454545455,0.4503787878787879
07f,103,0.5096969696969696,0.5096969696969696,0.49704545454545446
07f,104,0.5763636363636364,0.5763636363636364,0.583598484848485
07f,105,0.4980757575757576,0.4980757575757576,0.48584469696969707
07f,106,0.43787878787878787,0.43787878787878787,0.44376136363636365
07f,107,0.5690909090909091,0.5690909090909091,0.5666287878787879
07f,108,0.5256060606060606,0.5256060606060606,0.5365909090909091
07f,109,0.5327272727272727,0.5327272727272727,0.530530303030303
07f,110,0.4254545454545455,0.4254545454545455,0.427689393939394
07f,111,0.5753030303030304,0.5753030303030304,0.584507575757576
07f,112,0.5221212121212121,0.5221212121212121,0.5162121212121213
07f,113,0.42242424242424237,0.42242424242424237,0.4134469696969697
07f,114,0.5825757575757575,0.5825757575757575,0.5839772727272727
07f,115,0.5057575757575757,0.5057575757575757,0.4822727272727273
07f,116,0.5395378787878788,0.5395378787878788,0.5477632575757576
07f,117,0.4410606060606061,0.4410606060606061,0.4435227272727273
07f,118,0.4469696969696969,0.4469696969696969,0.46931818181818186
07f,119,0.44363636363636366,0.44363636363636366,0.45217171717171717
07f,120,0.5098484848484848,0.5098484848484848,0.5083712121212123
07f,121,0.4624242424242424,0.4624242424242424,0.4515530303030303
07f,122,0.5190782828282828,0.5190782828282828,0.5200726010101009
07f,123,0.5622727272727273,0.5622727272727273,0.5441786616161615
07f,124,0.4763636363636364,0.4763636363636364,0.48984848484848487
07f,125,0.5787878787878787,0.5787878787878787,0.5765530303030303
07f,126,0.48409090909090907,0.48409090909090907,0.5112121212121212
07f,127,0.5074924242424242,0.5074924242424242,0.5103200757575758
07f,128,0.5239393939393939,0.5239393939393939,0.5143181818181818
07f,129,0.5706060606060607,0.5706060606060607,0.598560606060606
07f,130,0.47348484848484845,0.47348484848484845,0.49208333333333326
07f,131,0.5062121212121212,0.5062121212121212,0.4976515151515152
07f,132,0.5596969696969697,0.5596969696969697,0.5541666666666668
07f,133,0.3825757575757576,0.3825757575757576,0.39981060606060603
07f,134,0.3425757575757576,0.3425757575757576,0.3483333333333333
07f,135,0.43090909090909096,0.43090909090909096,0.43606060606060615
07f,136,0.43151515151515146,0.43151515151515146,0.4235227272727273
07f,137,0.5790909090909091,0.5790909090909091,0.5673484848484848
07f,138,0.4377272727272727,0.4377272727272727,0.4382196969696969
07f,139,0.6218181818181818,0.6218181818181818,0.6274621212121213
07f,140,0.4504545454545455,0.4504545454545455,0.4627651515151515
07f,141,0.4883333333333334,0.4883333333333334,0.4753333333333333
07f,142,0.41343434343434343,0.41343434343434343,0.41415404040404047
07f,143,0.5409090909090909,0.5409090909090909,0.5295454545454545
07f,144,0.38515151515151513,0.38515151515151513,0.3636742424242424
07f,145,0.5786363636363637,0.5786363636363637,0.5681818181818181
07f,146,0.5866666666666667,0.5866666666666667,0.5977272727272729
07f,147,0.5125757575757576,0.5125757575757576,0.49333333333333335
07f,148,0.43712121212121213,0.43712121212121213,0.4421881313131314
07f,149,0.5348484848484848,0.5348484848484848,0.5278030303030303
07f,150,0.5921212121212122,0.5921212121212122,0.5876136363636364
07f,151,0.48666666666666664,0.48666666666666664,0.49878787878787884
07f,152,0.6004545454545455,0.6004545454545455,0.6037499999999999
07f,153,0.5840909090909092,0.5840909090909092,0.5961742424242423
07f,154,0.5153030303030304,0.5153030303030304,0.5379924242424242
07f,155,0.5742424242424242,0.5742424242424242,0.5738636363636364
07f,156,0.5448484848484849,0.5448484848484849,0.5337878787878788
07f,157,0.4843939393939394,0.4843939393939394,0.48352272727272727
07f,158,0.44303030303030305,0.44303030303030305,0.44545454545454544
07f,159,0.445,0.445,0.4405681818181818
07f,160,0.4415151515151515,0.4415151515151515,0.46700757575757584
07f,161,0.43090909090909085,0.43090909090909085,0.43530303030303036
07f,162,0.5245454545454546,0.5245454545454546,0.5186363636363635
07f,163,0.5092424242424242,0.5092424242424242,0.5120454545454546
07f,164,0.6463636363636364,0.6463636363636364,0.6409848484848485
07f,165,0.4286363636363636,0.4286363636363636,0.4224242424242425
07f,166,0.4625757575757576,0.4625757575757576,0.46492424242424246
07f,167,0.42803030303030304,0.42803030303030304,0.4320833333333334
07f,168,0.48969696969696963,0.48969696969696963,0.48435606060606073
07f,169,0.4624242424242424,0.4624242424242424,0.4165460858585859
07f,170,0.518030303030303,0.518030303030303,0.5458712121212121
07f,171,0.5542424242424242,0.5542424242424242,0.5311742424242424
07f,172,0.5374242424242424,0.5374242424242424,0.5565151515151516
07f,173,0.516969696969697,0.516969696969697,0.521439393939394
07f,174,0.556060606060606,0.556060606060606,0.563219696969697
07f,175,0.46439393939393936,0.46439393939393936,0.44715909090909084
07f,176,0.45606060606060606,0.45606060606060606,0.4629545454545455
07f,177,0.44333333333333336,0.44333333333333336,0.4505681818181818
07f,178,0.4796969696969697,0.4796969696969697,0.48844570707070706
07f,179,0.5446969696969697,0.5446969696969697,0.5497348484848485
07f,180,0.41,0.41,0.4138257575757576
07f,181,0.4263636363636364,0.4263636363636364,0.41328598484848483
07f,182,0.523939393939394,0.523939393939394,0.5383244949494949
07f,183,0.5157575757575757,0.5157575757575757,0.518861111111111
07f,184,0.4742424242424243,0.4742424242424243,0.5031060606060607
07f,185,0.5366666666666667,0.5366666666666667,0.5379166666666667
07f,186,0.6010606060606062,0.6010606060606062,0.5813863636363636
07f,187,0.4489393939393939,0.4489393939393939,0.44526515151515145
07f,188,0.5316666666666666,0.5316666666666666,0.5431818181818182
07f,189,0.44545454545454544,0.44545454545454544,0.43886363636363646
07f,190,0.5913636363636364,0.5913636363636364,0.5911464646464646
07f,191,0.4818181818181818,0.4818181818181818,0.5020075757575757
07f,192,0.5619696969696969,0.5619696969696969,0.5620075757575759
07f,193,0.4406060606060606,0.4406060606060606,0.46712121212121216
07f,194,0.5201515151515153,0.5201515151515153,0.5127651515151513
07f,195,0.5609090909090909,0.5609090909090909,0.5524242424242425
07f,196,0.5381818181818182,0.5381818181818182,0.5437878787878787
07f,197,0.4365151515151515,0.4365151515151515,0.4266287878787879
07f,198,0.5757575757575758,0.5757575757575758,0.5767803030303031
07f,199,0.4621212121212121,0.4621212121212121,0.4490088383838383
