path,size_bytes,sha256,storage
CHANGES,52,987557fd83b5bfa1a0a86419ee2cf0254214f4edc2835356e0be3af97cbddd63,git
README.md,9136,0073931ad7a69795cdc22433f322c32d9a4726ae873f3cca464b20718d4f11c9,git
code/CAR_FREC_DATS.mat,11042883,45ce02b9a9666e9b550682f34917f4dae7f24c465a34951a4d5dddbbaeda2dc3,annex
code/FR_Dats_band_ALFA_EP_C_1_can_A1.xlsx,14222,10f74cea5d7c88b4a76b74a6067b78f8391cc888236c8aed16cf9762886e4650,annex
code/FR_Dats_band_ALFA_EP_C_1_can_A10.xlsx,14139,3475f6acb21ab93078fffbfb5c1400b774f5579d750ca4c352d41f6c4499adc7,annex
code/FR_Dats_band_ALFA_EP_C_1_can_A11.xlsx,14237,e57f20b3c4ab97dd7eb042e86179e114057cccc4eb67128a47ae2ed9c675c206,annex
code/FR_Dats_band_ALFA_EP_C_1_can_A12.xlsx,14159,485a0bb32393b5bbf076d9d897aff1cc738cdcf21c216530593d450eef185a84,annex
code/FR_Dats_band_ALFA_EP_C_1_can_A13.xlsx,14137,f6ad63c6d7b0c0f5fba0e4bcfdad6af667de8ac83574a0ceb2a47d2f7c5c8910,annex
code/FR_Dats_band_ALFA_EP_C_1_can_A14.xlsx,14208,b5e71ba4e4566448e1666c932c4adc5318e0e2427cacad25280ac6db84427cc6,annex
code/FR_Dats_band_ALFA_EP_C_1_can_A15.xlsx,14174,3c244f1191496e657cd82ad0eb41ef6039447d3d241268275f9fff392f3d7f6d,annex
code/FR_Dats_band_ALFA_EP_C_1_can_A16.xlsx,14197,136c421c36dd105df6672b53081976b49f8f642d8f8330feebc8909d2f9d52b5,annex
code/FR_Dats_band_ALFA_EP_C_1_can_A17.xlsx,14110,14bf2cf447f779537593e37ae8ee4ce895a1453a640ee6842ffa339ea902c58e,annex
code/FR_Dats_band_ALFA_EP_C_1_can_A18.xlsx,14168,11e494d0d974c34678b903a61fc4271e562cc3680494b2288201fd7b0f297521,annex
code/FR_Dats_band_ALFA_EP_C_1_can_A19.xlsx,14179,156e9b581efe68e96062b9869640eb54f1ede6162c8d4ef30c8e2b2dc4791088,annex
code/FR_Dats_band_ALFA_EP_C_1_can_A2.xlsx,14248,05f3e45f65b838b19608a059d4298df924025ff8ec930980b3e0dd2bd8da53b2,annex
code/FR_Dats_band_ALFA_EP_C_1_can_A20.xlsx,14183,7499c0e8064b4517055447937fb78d6ba75f88374bd9c69de6787d2249acef73,annex
code/FR_Dats_band_ALFA_EP_C_1_can_A21.xlsx,14150,5f28efe86f56cd7cd023d2bb23d46aa7046a65c67d6dec614ec1c9ebe842aaa2,annex
code/FR_Dats_band_ALFA_EP_C_1_can_A22.xlsx,14153,dd4ef23679afb9d85921ae3ea8ca8c51228984e3f7295148cf43c3e82b562cba,annex
code/FR_Dats_band_ALFA_EP_C_1_can_A23.xlsx,14203,3179b30823527138872e67cff56227c15fbeecf448c417a5a5eb2efcea4f3038,annex
code/FR_Dats_band_ALFA_EP_C_1_can_A24.xlsx,14169,6b6c87b7535228682214a99da46bea8defc84c78c1c043d2c23ed999c37359b9,annex
code/FR_Dats_band_ALFA_EP_C_1_can_A25.xlsx,14223,7c163942ccb9a59c081845cad5b360664dda2953c2d5294f18bb9197bb74197f,annex
code/FR_Dats_band_ALFA_EP_C_1_can_A26.xlsx,14187,8365a2d214c92058d33ac1377d388e9035166b56d9d05f79bdf2adb2ab527c1b,annex
code/FR_Dats_band_ALFA_EP_C_1_can_A27.xlsx,14249,1795bc92486a442fc98a761733817f2f0f19af7b97fb9a5e4186726944c93505,annex
code/FR_Dats_band_ALFA_EP_C_1_can_A28.xlsx,14117,b3b151de35e68fada3b86e4310f4561e877bb777816c470a6707192a3a42a8e6,annex
code/FR_Dats_band_ALFA_EP_C_1_can_A29.xlsx,14194,b3fa89c83fee5c5a60215c0d31a0e0f0f91a1d57c5e067ee8175c5748f176cbc,annex
code/FR_Dats_band_ALFA_EP_C_1_can_A3.xlsx,14226,c067d48de4562846dd5493be80f1b133e2fc612acb1d84bb2f58f33b1c3d5983,annex
code/FR_Dats_band_ALFA_EP_C_1_can_A30.xlsx,14141,18dc4e86fa217f0becbeec6c7956b07e83531ec699f4bec045e4b3f7e5544fb7,annex
code/FR_Dats_band_ALFA_EP_C_1_can_A31.xlsx,14195,e5d22101fb83d24f9ccbb3cfa0dce58f81a8037209a3692ec6aac36739c43571,annex
code/FR_Dats_band_ALFA_EP_C_1_can_A32.xlsx,14225,c213afdec1a841961d4d85384d23a30125dd7027d3c6562fbf6c2df204f84bda,annex
code/FR_Dats_band_ALFA_EP_C_1_can_A4.xlsx,14230,16132df2433fcf822e43d9b912ca8ce68a566cc977f2d2fb1877e510fc5b8866,annex
code/FR_Dats_band_ALFA_EP_C_1_can_A5.xlsx,14236,124b32cab85d98544fb7f305c1aed0235a782c72ae037df45c3b9e1f5612a84b,annex
code/FR_Dats_band_ALFA_EP_C_1_can_A6.xlsx,14268,3e35d1dd41edb9a9fa955ac5e8d856d5df2a3ffc540b2d53dd3dbaf3546de476,annex
code/FR_Dats_band_ALFA_EP_C_1_can_A7.xlsx,14223,0e4f8ca3acebb8b456880a009914c9549553d39a0fc7f375374203a02cc03cff,annex
code/FR_Dats_band_ALFA_EP_C_1_can_A8.xlsx,14258,45e7b6f2e007a7208786c5587f62c05db327ef6730ac3bba8ee3a89a0dfcec03,annex
code/FR_Dats_band_ALFA_EP_C_1_can_A9.xlsx,14191,ca95a9f06041784525b3ead4790dc131a1f570be7aa48b9a3949fdffe6898bfe,annex
code/FR_Dats_band_ALFA_EP_C_1_can_B1.xlsx,14243,b2c07e8cd4cef6935eed55cf2d93a3114988812a0ea2db9423793def75928fcc,annex
code/FR_Dats_band_ALFA_EP_C_1_can_B10.xlsx,14230,d6e5205f9e73f0b26ce51e679f27979033cfce514b2b760639ea355ba8c38d6a,annex
code/FR_Dats_band_ALFA_EP_C_1_can_B11.xlsx,14225,f315a08f716f64704f344ce02cf65856f2bf4ab47444b89f1c8daa9e4feb82b9,annex
code/FR_Dats_band_ALFA_EP_C_1_can_B12.xlsx,14211,195f2fada536d1878f3b068753d97dfd592f4f7ed45044838170cb1da8afa0f9,annex
code/FR_Dats_band_ALFA_EP_C_1_can_B13.xlsx,14241,f100c0c962ce8ff07382d9e2d08ba3772381df9e215021b791d3cc34228f511f,annex
code/FR_Dats_band_ALFA_EP_C_1_can_B14.xlsx,14187,48a83c862c7438ce81b7f510744c978ac8b0f82432d318911806875a3579cf21,annex
code/FR_Dats_band_ALFA_EP_C_1_can_B15.xlsx,14214,3a960b6daf82e91e3da1ca394f788bc56c07a85a670e112dd5a58732268fd44b,annex
code/FR_Dats_band_ALFA_EP_C_1_can_B16.xlsx,14219,9c8fdc94a84331d20d6b6a848d643e5ed5ce1660862d1aa4c48808f467c5aae8,annex
code/FR_Dats_band_ALFA_EP_C_1_can_B17.xlsx,14268,8986ff1a674daa2ab9f86ad8bfcbd52bd06fe933b743584cf6ff4d15be4dc528,annex
code/FR_Dats_band_ALFA_EP_C_1_can_B18.xlsx,14210,a8001013493e5b0ccec5e5f32640c1f70fe5b3030dfbef60ae52b81252c3a03f,annex
code/FR_Dats_band_ALFA_EP_C_1_can_B19.xlsx,14226,00dc8332801e5161bd7d262905fe98fbcc5f6cf0e5c3e1c4564e45f8d66cdc7b,annex
code/FR_Dats_band_ALFA_EP_C_1_can_B2.xlsx,14204,f2b7d735d1e7baf432e04e08d781f9b1a6048d2010a01283587951d8d52edd62,annex
code/FR_Dats_band_ALFA_EP_C_1_can_B20.xlsx,14223,b0ad1c800b456338d3152e5f9628db4571956ddd39412046caa268dde96b95a9,annex
code/FR_Dats_band_ALFA_EP_C_1_can_B21.xlsx,14241,94fe408e0a2a33de4293aebef6aa4b5be7e177b0a5783d9caefc9b2400007f2f,annex
code/FR_Dats_band_ALFA_EP_C_1_can_B22.xlsx,14274,9da81048c514775b5666434ca8906e73d709996d648f34551cf0d5dcbd0a7a51,annex
code/FR_Dats_band_ALFA_EP_C_1_can_B23.xlsx,14194,1f9a3fe935bcdc00f8df07a81bf0f28248a305c46d215526c24af8b182592d7d,annex
code/FR_Dats_band_ALFA_EP_C_1_can_B24.xlsx,14208,d04c3b1549033f668241bda757506e61b6be4d715b8e4adbb62bf85bcfb0251e,annex
code/FR_Dats_band_ALFA_EP_C_1_can_B25.xlsx,14249,16b9467db3b3ceda99b0267e7aef84798467db7e7849cac88977aa55ae517118,annex
code/FR_Dats_band_ALFA_EP_C_1_can_B26.xlsx,14225,70322dedf51ef302ce4a1e7ee95ffa76c106cbf861ca4bda261264343338dbe3,annex
code/FR_Dats_band_ALFA_EP_C_1_can_B27.xlsx,14202,70b901c5e752a1e866ec39c62f2b2410dd52be9ff6e80db7e1e0629ca9d587df,annex
code/FR_Dats_band_ALFA_EP_C_1_can_B28.xlsx,14171,d1cd24c57f2be1e8ae3ba122dd2015933fccfa5c09811be9c5882fb437c480e8,annex
code/FR_Dats_band_ALFA_EP_C_1_can_B29.xlsx,14174,68ccefa3b4fa20c1fc1d41a229ce1f356934600682dcf7b677f74eda0333d086,annex
code/FR_Dats_band_ALFA_EP_C_1_can_B3.xlsx,14188,720df3dc65693c8dcc37f720ec902c3c67a7ef38337f0607f55507f745b9b7df,annex
code/FR_Dats_band_ALFA_EP_C_1_can_B30.xlsx,14213,ca319496174e43715fb53c3e4c72427198e72ff418dbeb376d36b2aec6090d85,annex
code/FR_Dats_band_ALFA_EP_C_1_can_B31.xlsx,14225,3776c7adb8bffc9fe8941cfdfa5e5882774a0207cf3f248573a7963dd3de1294,annex
code/FR_Dats_band_ALFA_EP_C_1_can_B32.xlsx,14232,1417c0c69cdf98b4ea7ef7c89e04d826fca52d40bc8db4c6ddfff64eb536306e,annex
code/FR_Dats_band_ALFA_EP_C_1_can_B4.xlsx,14231,e9fb22dc0600fe072e013d3d12a73c18525c967f55a5ebb6016abb08ae55fb9e,annex
code/FR_Dats_band_ALFA_EP_C_1_can_B5.xlsx,14143,7b5a7448f9129f6ccf0809ecd91c2678f923cd03a5f51be264db003a8e3e2981,annex
code/FR_Dats_band_ALFA_EP_C_1_can_B6.xlsx,14123,7b5d5946186cebe83f370af35f51f3c99e317ea16b23858fe14f93b7166b7a32,annex
code/FR_Dats_band_ALFA_EP_C_1_can_B7.xlsx,14173,e82641b43562b6c3bcdf214401a63c8c6339fda82daf432bd64235c5f2c2f2bd,annex
code/FR_Dats_band_ALFA_EP_C_1_can_B8.xlsx,14184,a4c0399860615802f39c7b42c4c4d56861e9ace5e8a1c125f6428512fe8453ba,annex
code/FR_Dats_band_ALFA_EP_C_1_can_B9.xlsx,14211,3d53d19244821b9b832c8ff5257e2a0c17eaeb7561e9a51657644e51800c86f2,annex
code/FR_Dats_band_ALFA_EP_C_1_can_C1.xlsx,14256,c590ee72a5175390877fbfb3614d0e6301e4abce36004a08dbbe2145cdd4510a,annex
code/FR_Dats_band_ALFA_EP_C_1_can_C10.xlsx,14208,5b8c93ee40357ae89ed57666799113762759530ae12c4cbe061becc556567944,annex
code/FR_Dats_band_ALFA_EP_C_1_can_C11.xlsx,14190,52257f79f72414eda2598cc9eca07132958f48610f800aaaf0a50c781ffd8887,annex
code/FR_Dats_band_ALFA_EP_C_1_can_C12.xlsx,14130,96a701a20cd87b832b1fa31d9945f63886d1c6d1314a918808b392822821ca48,annex
code/FR_Dats_band_ALFA_EP_C_1_can_C13.xlsx,14202,e63306d1d30fab5819f0ee5134629e6df4993745f0693bc7410b36349923e7f7,annex
code/FR_Dats_band_ALFA_EP_C_1_can_C14.xlsx,14179,d0561754a95727104a58c2edd54234e2286e17baca45c4fc92d8ec462dcc3eb8,annex
code/FR_Dats_band_ALFA_EP_C_1_can_C15.xlsx,14179,df08f77a80047ac12467d1e626fbb929c0f271601cb7f9a13ce629847e3fb89f,annex
code/FR_Dats_band_ALFA_EP_C_1_can_C16.xlsx,14113,251629f52eeef055fbbf64356d906bc136e6a998a3864fe09e380b1ec3de983f,annex
code/FR_Dats_band_ALFA_EP_C_1_can_C17.xlsx,14172,1988cd5bfe604dae848cd012140a6b67eed85f30176320f83d13c0f12482ef14,annex
code/FR_Dats_band_ALFA_EP_C_1_can_C18.xlsx,14164,f7d78e78747cadaed3c67b3206b27df6867132ee72449fa15ba629bd93b27545,annex
code/FR_Dats_band_ALFA_EP_C_1_can_C19.xlsx,14147,7ed32863bf68d3deec551baa6a56ad2cfe26524f8bb1bb28d078ee62b5dc848d,annex
code/FR_Dats_band_ALFA_EP_C_1_can_C2.xlsx,14206,d65ff1e46adef6304faa76e3f8530a3807da8e325518c0c63e80b58772a36505,annex
code/FR_Dats_band_ALFA_EP_C_1_can_C20.xlsx,14146,5cd6e693d488e4b4bfc8094e2f4f02ea1312b499e170bdfc456b114fbb2baa94,annex
code/FR_Dats_band_ALFA_EP_C_1_can_C21.xlsx,14177,81650a4d208b1b54fc173801c01f07eddcb92ea2de9d7926f6f4082c4b82f9df,annex
code/FR_Dats_band_ALFA_EP_C_1_can_C22.xlsx,14241,9ea4c20be0f3a5e5a1877de85b4ee1651bec1a139a8a6518b68b29bc1fa149fd,annex
code/FR_Dats_band_ALFA_EP_C_1_can_C23.xlsx,14206,56a6d48d778ef2f8edcd745cd5b77ecacdcd01bba1980fe7869f170f065adc45,annex
code/FR_Dats_band_ALFA_EP_C_1_can_C24.xlsx,14236,c1a0a45a358935f5ef91454122412f5f3fb159d714eb05b59ae23c0f996f8472,annex
code/FR_Dats_band_ALFA_EP_C_1_can_C25.xlsx,14157,f6d7e27458511772d9ea0097854cdbe2a0f51f117e1d6dc8702cf48e66037341,annex
code/FR_Dats_band_ALFA_EP_C_1_can_C26.xlsx,14145,e25362555b34915be6de5866d8b3da70f95dbb26b5de04c419162f62f22df81e,annex
code/FR_Dats_band_ALFA_EP_C_1_can_C27.xlsx,14203,ba87087734b16a25d5e01c9e3479476931127afbf10687aecf81e518495bed10,annex
code/FR_Dats_band_ALFA_EP_C_1_can_C28.xlsx,14204,a75bca359e3010fcd2c650730009a1dbf8eb450b9388f4209a369e5441b0371f,annex
code/FR_Dats_band_ALFA_EP_C_1_can_C29.xlsx,14180,88c06e64599e1304ea7ce84d22b41df682cbf21f34b398a694836e0859b7d694,annex
code/FR_Dats_band_ALFA_EP_C_1_can_C3.xlsx,14266,f7877a05e424b0712262e7fb5274810fb21c5917908a5d55dbceb7f42a5e08e2,annex
code/FR_Dats_band_ALFA_EP_C_1_can_C30.xlsx,14147,94a3423e4138624189c48958cc5adc815482b803573401d9b9301ffe619e14da,annex
code/FR_Dats_band_ALFA_EP_C_1_can_C31.xlsx,14176,e7eb94599db145b5b68f6ee6851a8370eee6c373f43053bc69f422db1652f0a3,annex
code/FR_Dats_band_ALFA_EP_C_1_can_C32.xlsx,14131,8075b415b0b729b8650ca966da296763f52501a32a6a7741d2ce70da34a1f5b8,annex
code/FR_Dats_band_ALFA_EP_C_1_can_C4.xlsx,14197,37468f2815c8133189b4083d7efec434158969aef1c20e9c4da2c988bfbf9071,annex
code/FR_Dats_band_ALFA_EP_C_1_can_C5.xlsx,14215,18b0079a00ac5883d4343d90d4c35e292560952ea834c56357ea0dea02defdcd,annex
code/FR_Dats_band_ALFA_EP_C_1_can_C6.xlsx,14187,3e0ae9a83bdd01648aa30c9c1eeef09ee2ac28afdbf30091657d6efd1529b0b2,annex
code/FR_Dats_band_ALFA_EP_C_1_can_C7.xlsx,14173,c8f4df582c2d550fad8cd6f339e770c4dbbd699fc1edd91bf86230f2feccbed1,annex
code/FR_Dats_band_ALFA_EP_C_1_can_C8.xlsx,14154,bcc1212e339e17e7acaef2cc4bdc86208cc889cbb625a62a6070fa06a757e393,annex
code/FR_Dats_band_ALFA_EP_C_1_can_C9.xlsx,14212,6633dd2a6688885efd8c4a9a0512b29b0659734514f28097a40e9407074d8606,annex
code/FR_Dats_band_ALFA_EP_C_1_can_D1.xlsx,14301,fdf45efb0f7a586911267f7929742ef2c99eaa0851da7bb6c319f24695fbb106,annex
code/FR_Dats_band_ALFA_EP_C_1_can_D10.xlsx,14218,8bd91a9cb57d6db36665e6e90e40839d9b7b4f79ea34c4b71b0d8ef6530670d1,annex
code/FR_Dats_band_ALFA_EP_C_1_can_D11.xlsx,14236,e1b7a5bf5ee24eb0aedc321005fd5181a877477a247338ff025981627995031c,annex
code/FR_Dats_band_ALFA_EP_C_1_can_D12.xlsx,14212,dc3288fbf93fcdedb0d253475c4b6bb4ff5a97039d1869a52d3377e67f776ed5,annex
code/FR_Dats_band_ALFA_EP_C_1_can_D13.xlsx,14200,da8c264c46a3eca48e54cfecf04c6704010bfbde62396aa45f6cd85f76569df3,annex
code/FR_Dats_band_ALFA_EP_C_1_can_D14.xlsx,14249,6e5bd39aad8986b438db698b2b012ab9c94691fa14dd46a85962e0b0232beae9,annex
code/FR_Dats_band_ALFA_EP_C_1_can_D15.xlsx,14247,cf47ea6ec9391f46662905fcaacaec91bfb8e157f8a3dee32413bdcd1139ecfd,annex
code/FR_Dats_band_ALFA_EP_C_1_can_D16.xlsx,14198,80d9ef6429a144d6eabbca15eaac14430f3469a9b2cbc1cf9489caa78ffa511e,annex
code/FR_Dats_band_ALFA_EP_C_1_can_D17.xlsx,14266,66f792e74d2bb5d8db7fa7db8b9f04ec551ec8e8b1c90cc31a59eb2a3d4e7fe9,annex
code/FR_Dats_band_ALFA_EP_C_1_can_D18.xlsx,14240,8dc563afe25173faa9d7a82e996b7da566011f3b3cd3ddf8016fa56a5db4695e,annex
code/FR_Dats_band_ALFA_EP_C_1_can_D19.xlsx,14254,b070f9dad80d9b84e711cbc87be9b1c762b348bfe0b3b096e9bb61718497440b,annex
code/FR_Dats_band_ALFA_EP_C_1_can_D2.xlsx,14205,504a6160468a45ebca02dc71ec67752bc631b0ccadda64c372aa7e1fccd52ee6,annex
code/FR_Dats_band_ALFA_EP_C_1_can_D20.xlsx,14316,5efbfd50337fdec65544924f9b1bf7090d2625f30c4eeace4dcf992c8550bee3,annex
code/FR_Dats_band_ALFA_EP_C_1_can_D21.xlsx,14280,b010333e0d6814a791f96c1bc3392fa0554e80540c9475754b87788957546f87,annex
code/FR_Dats_band_ALFA_EP_C_1_can_D22.xlsx,14247,cb1809ea9f717603723321399d0afec15e4206fcb0a5585a84ef2001daedd065,annex
code/FR_Dats_band_ALFA_EP_C_1_can_D23.xlsx,14167,d9da0295895f305a7db250c19c6ea07b395d30b5f149040bda4aa637088de3dd,annex
code/FR_Dats_band_ALFA_EP_C_1_can_D24.xlsx,14252,bdb60f47d4310a0f1647fd4ccd64181c8fb42bd98f975a0e92a62770396acd5b,annex
code/FR_Dats_band_ALFA_EP_C_1_can_D25.xlsx,14219,824546d8dfbebed2ae9b40783fd6c4b64ff9ed6d1a9b6e82cef97e141dc6867b,annex
code/FR_Dats_band_ALFA_EP_C_1_can_D26.xlsx,14229,20b3b8a14cada80e143a3718d4e3857e3afdea104b89c543ecd657c06633b7f9,annex
code/FR_Dats_band_ALFA_EP_C_1_can_D27.xlsx,14277,4a1ff799bb79bf9044e39e257b1d8b002046b0d55892a60d01608357b7361e79,annex
code/FR_Dats_band_ALFA_EP_C_1_can_D28.xlsx,14245,2092ae13513796c144ca32db07d04130494ef0ea0bba584ca21106f55582bcdf,annex
code/FR_Dats_band_ALFA_EP_C_1_can_D29.xlsx,14265,a4fb43915b6ddd69071a6d10598ac52ddaaabde115f08837b3d3bb3e119f7fdb,annex
code/FR_Dats_band_ALFA_EP_C_1_can_D3.xlsx,14162,dadd36b95b9ce814365b49cac0289007a4bfe326f10e157120df85450b7e5ac0,annex
code/FR_Dats_band_ALFA_EP_C_1_can_D30.xlsx,14290,a1fdb9444a6713ddc7542f8c940991867c369314063c623c07b69e20a0af0bc1,annex
code/FR_Dats_band_ALFA_EP_C_1_can_D31.xlsx,14219,fc2a5c25176213a1cba522829bd8dba04e973d8fed899d1c6e1d4d343102e99e,annex
code/FR_Dats_band_ALFA_EP_C_1_can_D32.xlsx,14192,5660b0b80a6a7b8e9fa776c23ec19577328cee17a074aa7c2e52458bb8c38b09,annex
code/FR_Dats_band_ALFA_EP_C_1_can_D4.xlsx,14212,a70e49f541d8c189661a2e5bbe881a27761d6a09737dfc9513ce79dad7d5d30f,annex
code/FR_Dats_band_ALFA_EP_C_1_can_D5.xlsx,14203,bc29ccf2c31e9a605dc8c7a80d431271b9274acf71d8ea47c5abfe9f67143ec0,annex
code/FR_Dats_band_ALFA_EP_C_1_can_D6.xlsx,14226,d3b99dfac7cf4284b91e83fed82d7a33f4743ba4471ff209c253b0ef59b22434,annex
code/FR_Dats_band_ALFA_EP_C_1_can_D7.xlsx,14193,5fea85b6ce6bba71a9c52abcf635b1abf9d22564a2344a9a064a4d8f2fec65b1,annex
code/FR_Dats_band_ALFA_EP_C_1_can_D8.xlsx,14173,f74ac93ccf5885bae6f388a302c5937b7b72af365704690c9cac73ccf2f0c319,annex
code/FR_Dats_band_ALFA_EP_C_1_can_D9.xlsx,14221,488132434ee46ddd740c38e4b90334124d9929ce6b7cc249aecbfc664d590552,annex
code/FR_Dats_band_ALFA_EP_C_2_can_A1.xlsx,14186,9289d51e6c391feb63e4cd872636adfdd985437205478b526031edb448bbe307,annex
code/FR_Dats_band_ALFA_EP_C_2_can_A10.xlsx,14236,5949662f20ffca2600e9a7eb21b0d3ccd25846264cf1bc3c7bce5b96f87b8dc0,annex
code/FR_Dats_band_ALFA_EP_C_2_can_A11.xlsx,14162,7ebb342858e4a6033d5ed851013c2dee0583ab81aabc068428e97d5fb0ed6182,annex
code/FR_Dats_band_ALFA_EP_C_2_can_A12.xlsx,14092,ce5b86839eea8a923d02cc37c9f71b33393ee5bfc1fecd909780ba439366c40e,annex
code/FR_Dats_band_ALFA_EP_C_2_can_A13.xlsx,14142,79a4c3e8964752ac11646a9dc153509cc77c74b8cd86d887e46cdb669957ffb8,annex
code/FR_Dats_band_ALFA_EP_C_2_can_A14.xlsx,14159,c53cde58fbc4e3d4940ad45677d415804523ce7f75920503f3d183dacb6650de,annex
code/FR_Dats_band_ALFA_EP_C_2_can_A15.xlsx,14139,34917e1df98df8a4211ee8470d4a8ae9dd6c01e0f750cf78bd65f8d0dbf8afc3,annex
code/FR_Dats_band_ALFA_EP_C_2_can_A16.xlsx,14168,29e431effc8863c2feffc49774fa5a899af1809e5a5abccdfc8eb6b123c209b1,annex
code/FR_Dats_band_ALFA_EP_C_2_can_A17.xlsx,14171,b2d52ded61377c4f6f785a9a7ad8f03d5cda4376bf232ca9a4873c292c5bf4d7,annex
code/FR_Dats_band_ALFA_EP_C_2_can_A18.xlsx,14157,56598323f8a8386a662a93f9ce3a728555c17270708bf45f8e6880d5dcefe146,annex
code/FR_Dats_band_ALFA_EP_C_2_can_A19.xlsx,14187,167b71bf964141599a5636422b08827062ac3ac41f79a2cf871b7a90ff67898a,annex
code/FR_Dats_band_ALFA_EP_C_2_can_A2.xlsx,14220,288e091457380c3c9adabf002061d95f6f16bc874910ce0fd544702cfa4845fe,annex
code/FR_Dats_band_ALFA_EP_C_2_can_A20.xlsx,14155,0161f99624274b297836d8cc1e12d66a383fea37071b491a40b946194d646dd0,annex
code/FR_Dats_band_ALFA_EP_C_2_can_A21.xlsx,14129,1347e6879ce86a5bcd892d7ad21f99a3ed1a24dc820fc1bcb0d1a896afd1b97e,annex
code/FR_Dats_band_ALFA_EP_C_2_can_A22.xlsx,14216,06c5ef8ff126930eaa036f51a17fc8b61c3915af3a0efb755bad2e33af692180,annex
code/FR_Dats_band_ALFA_EP_C_2_can_A23.xlsx,14152,87a719ac8e924ead04f9e6aa140e0800e67e2731151c48f99b1e85b7f985c3aa,annex
code/FR_Dats_band_ALFA_EP_C_2_can_A24.xlsx,14256,f03b078b66430a849290dc0423e3aa15ce8f12e279614e62f489c438f5a4fe2a,annex
code/FR_Dats_band_ALFA_EP_C_2_can_A25.xlsx,14199,e73c7b4398659c60ad908c05386c3e646efb7f8920f404819c9d62d5d0a3dc53,annex
code/FR_Dats_band_ALFA_EP_C_2_can_A26.xlsx,14208,c3ba4be3f398bbd995ec6aa6f590c0ef31b8549a77cf3fb11e14f0f6d975e142,annex
code/FR_Dats_band_ALFA_EP_C_2_can_A27.xlsx,14196,c90ffe567b84fda58f8025c22d5c0f86dd04a1c5a128dbe9490e5ef441b41e2b,annex
code/FR_Dats_band_ALFA_EP_C_2_can_A28.xlsx,14185,2db791829ace32d8362fc63d23ff98eb4a391767f1e9af9af2f15ef9bb03a101,annex
code/FR_Dats_band_ALFA_EP_C_2_can_A29.xlsx,14168,a5d9db0d4440dcc72327f16078a81f9e8053a49ac0aee51fd73f8d3349e73279,annex
code/FR_Dats_band_ALFA_EP_C_2_can_A3.xlsx,14217,6995a140359c8f1211612fdaed77df8bcb1d86a8de682831c7c7234662d7b1df,annex
code/FR_Dats_band_ALFA_EP_C_2_can_A30.xlsx,14246,e5891d4100e85619b65749b6f2d1f5758f93147a656c5e11c20007355ac72526,annex
code/FR_Dats_band_ALFA_EP_C_2_can_A31.xlsx,14245,bcf7576c6806686cb669e97c71e905c240fddd51c199e85a0e69267fd51d08f9,annex
code/FR_Dats_band_ALFA_EP_C_2_can_A32.xlsx,14175,705cc75ffb9c4eea254fcd3c1180c81861fdd1475edcfe2b22c76c9d86b6bd1f,annex
code/FR_Dats_band_ALFA_EP_C_2_can_A4.xlsx,14219,e12450a9f54423be71743df782c6443fb1a6f0424015958c566567a32ae0a1bf,annex
code/FR_Dats_band_ALFA_EP_C_2_can_A5.xlsx,14161,bfa6645cfbd3ac58528654149cec2e63c8aa11ec8e02b1546dba3e445c03ff98,annex
code/FR_Dats_band_ALFA_EP_C_2_can_A6.xlsx,14263,2b5163e4c33372ab4e897dced547c7768c1c0fbefc5dbd20e5bccad780151360,annex
code/FR_Dats_band_ALFA_EP_C_2_can_A7.xlsx,14208,3587e1bb7a6b96fcd4f2b8eefa73b6700b8ba3214ea18cf592a515dee8b0ed9c,annex
code/FR_Dats_band_ALFA_EP_C_2_can_A8.xlsx,14195,0dd826429e72140e6000dbea1c3e9393637a691f826d36eceaa05bc748abbab3,annex
code/FR_Dats_band_ALFA_EP_C_2_can_A9.xlsx,14187,c0501078abde6b369d48fabfb95b5bcd25e91e67dd270ca4e3e883fd7f2012a2,annex
code/FR_Dats_band_ALFA_EP_C_2_can_B1.xlsx,14248,923d5be5588a9b260eb29cc93fb4b5c26c0277ef1e3166b78eed6715355366b2,annex
code/FR_Dats_band_ALFA_EP_C_2_can_B10.xlsx,14202,f83f1a211a5a974ba5fc836ef587d940586915fb80338b4d1f02ef124b1c4c54,annex
code/FR_Dats_band_ALFA_EP_C_2_can_B11.xlsx,14227,6b8601d72aecf7fe718873e5f6d4814f6d8d0179c530b05e0b34f9086c65d4ed,annex
code/FR_Dats_band_ALFA_EP_C_2_can_B12.xlsx,14254,1c76511f991c024838a21d9cea35b37743548df1836d413f217bc9daf57eeac4,annex
code/FR_Dats_band_ALFA_EP_C_2_can_B13.xlsx,14229,c4edcacf9df025b0575aa559496795fe53648d40fbf482ea49a6faf85cc5caee,annex
code/FR_Dats_band_ALFA_EP_C_2_can_B14.xlsx,14284,cb62d4264ed4dc4096c2562c5da2b94d0d3f8ccf6a31a034abb5823cc66f9410,annex
code/FR_Dats_band_ALFA_EP_C_2_can_B15.xlsx,14243,51b26b32cb62a0f0df97b22c0fb646c904f1886366201fd082ca480f02119de2,annex
code/FR_Dats_band_ALFA_EP_C_2_can_B16.xlsx,14207,ec42fb6768e46d06dc927fa43e47297aaefa8ce2e1a09de5419071e0c3ac4783,annex
code/FR_Dats_band_ALFA_EP_C_2_can_B17.xlsx,14178,ea557781e95374468106506904d6bcbeaaf01debb060c1eaef954ad47f80d076,annex
code/FR_Dats_band_ALFA_EP_C_2_can_B18.xlsx,14240,ab78cdd6a79f2144e2c9f71f7ae34efa535be1acfdb7f040af6666e3e1a7cb38,annex
code/FR_Dats_band_ALFA_EP_C_2_can_B19.xlsx,14222,2681f8893e42d51b77c2f95a1e0765262bfe22dbcec29902cec8fa669630e640,annex
code/FR_Dats_band_ALFA_EP_C_2_can_B2.xlsx,14233,4f83ea139017c7d7a7420dac925e750eb19c588b9b924a57bed5c9bd29ad7993,annex
code/FR_Dats_band_ALFA_EP_C_2_can_B20.xlsx,14290,0b90b2529a01ed3969f8108ccc184d7ca401ae9d0aefd4918be45600a29d2cfe,annex
code/FR_Dats_band_ALFA_EP_C_2_can_B21.xlsx,14227,6342132afa98a436ccee91837736e5be2cd4c01d3e10303f49706a6f05031686,annex
code/FR_Dats_band_ALFA_EP_C_2_can_B22.xlsx,14261,04cb5f774257f9c1e0ccfc0aaa8ae9975b16a53c18405e0a24dff2623070dbf9,annex
code/FR_Dats_band_ALFA_EP_C_2_can_B23.xlsx,14215,9de9d445d00dd402b7e34b58145106205894e68adabeb3c066b63366dfbfc2d4,annex
code/FR_Dats_band_ALFA_EP_C_2_can_B24.xlsx,14205,48b4e3abd180e28e869a834274ec7c1058805dd5f174603a86110e3ef16b0ee1,annex
code/FR_Dats_band_ALFA_EP_C_2_can_B25.xlsx,14226,02eabb82724e878ef6d666ef67da9b26da003bc3719a23989020ddf52588560c,annex
code/FR_Dats_band_ALFA_EP_C_2_can_B26.xlsx,14235,b7326da5055635de987499f5ac81689947c0a4de6191f02f7f9d76fd18cf33e3,annex
code/FR_Dats_band_ALFA_EP_C_2_can_B27.xlsx,14260,7e11dccfc1ef40e26c13c411aab2b47c3f78f13701d94aaa430bd8331c05bdd7,annex
code/FR_Dats_band_ALFA_EP_C_2_can_B28.xlsx,14204,cecaa52674a2448a7f2718b5896ba65ce2e2d60d993d15b524c3f9522b8e5567,annex
code/FR_Dats_band_ALFA_EP_C_2_can_B29.xlsx,14243,30b14b13e9301062ff14056c577e7fd1da4e76627d2681a2ed7dd1aaa0cec412,annex
code/FR_Dats_band_ALFA_EP_C_2_can_B3.xlsx,14230,cdffb024d1a0de6ac92d46867d646d727a4dcf4224b2150b9bab5d7ab54a43f7,annex
code/FR_Dats_band_ALFA_EP_C_2_can_B30.xlsx,14281,e86dd0632c721ff87fb7b17b19a5e6d09b84752009fd52f25d05385cc8e3cafc,annex
code/FR_Dats_band_ALFA_EP_C_2_can_B31.xlsx,14235,d3bca87a39727588fdff4f18ec4a4b6c15058be975c8f81567c161f761053fcb,annex
code/FR_Dats_band_ALFA_EP_C_2_can_B32.xlsx,14250,91d334f8670c1e0d36d3e7dd151974c9db71d177852b4fdac8a71429c9860f8e,annex
code/FR_Dats_band_ALFA_EP_C_2_can_B4.xlsx,14195,f29905eb3136eb799d8e6aa8e39a7caf1528bde2643f81e754272a8bcbfb7410,annex
code/FR_Dats_band_ALFA_EP_C_2_can_B5.xlsx,14158,36ec62f3c40897967210e422b8922a58b53c6f6c69da0c6f0764fba6268ff6a8,annex
code/FR_Dats_band_ALFA_EP_C_2_can_B6.xlsx,14065,99a5683dae54d5f3def377b3643bdbbce2b62a75bc49c33638189ef83e6af357,annex
code/FR_Dats_band_ALFA_EP_C_2_can_B7.xlsx,14219,d8a30771c5764cc5bcb7f5f85829046e034d0b199e0190abe461d9559258b2e2,annex
code/FR_Dats_band_ALFA_EP_C_2_can_B8.xlsx,14175,9c1ff6e85a4e68656895a072a59a2bd0cd6e24461b24958253a0b4d0cde458c4,annex
code/FR_Dats_band_ALFA_EP_C_2_can_B9.xlsx,14244,cbe46d8198ab76c2d58265ab5cd17a2dfa6995449ee2f4ea0e533aaf8a096570,annex
code/FR_Dats_band_ALFA_EP_C_2_can_C1.xlsx,14199,e240576b7e809d9a418b2f15046a147998faa458b70761898deb9391291cf4e2,annex
code/FR_Dats_band_ALFA_EP_C_2_can_C10.xlsx,14189,f02fd34d66341fb29b0fe4786ac06f973415c1eb43d859a5e4bc2b524374e70c,annex
code/FR_Dats_band_ALFA_EP_C_2_can_C11.xlsx,14192,d6a56dd6262677764198cc3716574a44f7f5730dc2f23831bed07f039cc00d36,annex
code/FR_Dats_band_ALFA_EP_C_2_can_C12.xlsx,14255,88cc4520fe8d53f7066c07bd9e41bec79dc8565407d7dc39cf3025a9c8b44b6b,annex
code/FR_Dats_band_ALFA_EP_C_2_can_C13.xlsx,14199,fd31a2e265877e2d15caf6dcd60769ac4047f98f8e6b3007c36c8b12999baeed,annex
code/FR_Dats_band_ALFA_EP_C_2_can_C14.xlsx,14124,142f8b9a9a036678729debeec68f37c4315aa1f59b9f7513556024ca88557557,annex
code/FR_Dats_band_ALFA_EP_C_2_can_C15.xlsx,14108,9557e88996792e6a3da2e311939608075ae517a35c23513cf2af12d9dd0e8ad2,annex
code/FR_Dats_band_ALFA_EP_C_2_can_C16.xlsx,14119,3fc0e35bd4d611f3ad0a7c4a18af079953c1c92c5c218c7a09906a1c5e93a055,annex
code/FR_Dats_band_ALFA_EP_C_2_can_C17.xlsx,14206,5fb09b1b6db5268222c9e2e639649afb17874eca15f08c294efda44eb781ba44,annex
code/FR_Dats_band_ALFA_EP_C_2_can_C18.xlsx,14189,baf20d28bc7bb94c6ac9a83b4f6cbe6d6c9ff67d9a96ac5d24d819542e8844c2,annex
code/FR_Dats_band_ALFA_EP_C_2_can_C19.xlsx,14119,9bfcc32caacc60abb3e4b1788fd0a61050823e403f35b55bb7bcbf25b22d7ebc,annex
code/FR_Dats_band_ALFA_EP_C_2_can_C2.xlsx,14301,280710525c1820be9753361a73d0a043c49d6bfd07a62d2cb84db65404578718,annex
code/FR_Dats_band_ALFA_EP_C_2_can_C20.xlsx,14212,dfc7e86764ea63cc5998ab1fccd4a441639149980eadc35d44c6d71d728d1ace,annex
code/FR_Dats_band_ALFA_EP_C_2_can_C21.xlsx,14243,21f73d246ac73243449cf8737f0e9b4f92d025142024e5a1d52b49064c1d4afa,annex
code/FR_Dats_band_ALFA_EP_C_2_can_C22.xlsx,14206,529bcd851e6679584a7cb1ec4b6e7f3c7e29192342aa8b458e9d39bbfa3a6d2e,annex
code/FR_Dats_band_ALFA_EP_C_2_can_C23.xlsx,14199,4a67e0e8609b6601125eb08ef32a90a2b6362709456dd6df7e8d1698b9a1018b,annex
code/FR_Dats_band_ALFA_EP_C_2_can_C24.xlsx,14289,2642d907e4c6c6eeeb205fea4db9965f214d252ab5feb05cffaede629e679bc1,annex
code/FR_Dats_band_ALFA_EP_C_2_can_C25.xlsx,14207,ab41b0ddf2f98d6d33ad372542fdfecbef274758419af572a6ee9acd6c723168,annex
code/FR_Dats_band_ALFA_EP_C_2_can_C26.xlsx,14190,a9ebabee796e0ca1520df7d9b47288e1306ac4e1d34e40028c3021539436c905,annex
code/FR_Dats_band_ALFA_EP_C_2_can_C27.xlsx,14123,454475588b5766f59b14d8e8e0ce4d5380ab7a38e8f1f4830e5bc171e0c55eef,annex
code/FR_Dats_band_ALFA_EP_C_2_can_C28.xlsx,14225,2843efed5175a9ac764e84d04314196ff0216cba068b80d666c4f2509c7a20ba,annex
code/FR_Dats_band_ALFA_EP_C_2_can_C29.xlsx,14181,33580d85083eb83e319b0d3de55cf8c45de7f1bcf8c520014ddf728b064938a4,annex
code/FR_Dats_band_ALFA_EP_C_2_can_C3.xlsx,14200,890e6a5fe5801bf7a9a83da03544305866016bd251c6aa755fc0eaba58839107,annex
code/FR_Dats_band_ALFA_EP_C_2_can_C30.xlsx,14182,ec470c7071aa17a23ad60cae2710bf41b84471e2c6cb7aaea2201d78b8024e39,annex
code/FR_Dats_band_ALFA_EP_C_2_can_C31.xlsx,14169,cd5f4e4a3ce73804098055298709195528b080e0c8350a5e96a9b825804c8e36,annex
code/FR_Dats_band_ALFA_EP_C_2_can_C32.xlsx,14206,971a3ae677a7d45895d8701fd13453e5d989f724bb299071153af8a4dc4b750f,annex
code/FR_Dats_band_ALFA_EP_C_2_can_C4.xlsx,14194,44274a1c9b4de62e51b038a118361e59af85ab75cdb79622c29ba2d498300940,annex
code/FR_Dats_band_ALFA_EP_C_2_can_C5.xlsx,14202,93212f7de466d36b6c980e3a5e2f06f40b12e3d77aa8d3db07d0381c9f38ea86,annex
code/FR_Dats_band_ALFA_EP_C_2_can_C6.xlsx,14182,3b513b7ff7b204edd1858f3568136553e6a110d9958a5c7baebc1045a4835301,annex
code/FR_Dats_band_ALFA_EP_C_2_can_C7.xlsx,14179,9fb54b5ca847d41b041583dface46cb0a79fce681a22a3a8dff107f962f601b8,annex
code/FR_Dats_band_ALFA_EP_C_2_can_C8.xlsx,14166,ed1da7f16a84fa0cc07b5a6eb33e967b04ea1d11e3d99b84fbedb231851bc74a,annex
code/FR_Dats_band_ALFA_EP_C_2_can_C9.xlsx,14173,33e813c23f922b2fd46a25beb53bd122bc8e349c94422c3902436f8ace2b93c1,annex
code/FR_Dats_band_ALFA_EP_C_2_can_D1.xlsx,14250,fad501274f56375a45c0108909c4e2abd62a1d3b6573232ceec318b9588eb6e8,annex
code/FR_Dats_band_ALFA_EP_C_2_can_D10.xlsx,14263,cd3e05dd5c8f17b17e9271a9662a7b492992473763eea4257fa440f9581f294f,annex
code/FR_Dats_band_ALFA_EP_C_2_can_D11.xlsx,14182,a40d71a66bbd8d5b9f6d8cfd86c03a35e488878f75997177dd4a0ebe71735203,annex
code/FR_Dats_band_ALFA_EP_C_2_can_D12.xlsx,14270,5ddb250808e35587e6938c09890a760e5491cb48c7f17a745941837f8122d9b9,annex
code/FR_Dats_band_ALFA_EP_C_2_can_D13.xlsx,14183,e830e1e8bbe20483d20097f736278f783cd497ecc47ac48152a7afe5d28b5c96,annex
code/FR_Dats_band_ALFA_EP_C_2_can_D14.xlsx,14175,20c3e022ba70b6451e93c84a1ed4735a9b962b1f9f9a48345d76ba9e5161ff77,annex
code/FR_Dats_band_ALFA_EP_C_2_can_D15.xlsx,14290,345bcfc82a6228283742450bd00ff01f051628cea11a7a93f9e21d1e30caec3b,annex
code/FR_Dats_band_ALFA_EP_C_2_can_D16.xlsx,14209,fde03e9f5f1db28b0caf59d51259f630109e8aff46543be73c60f462222ffefb,annex
code/FR_Dats_band_ALFA_EP_C_2_can_D17.xlsx,14255,5ab31c34fc57ba5045a831b21cc0051bfd00853fd771997813019f247f64e4f5,annex
code/FR_Dats_band_ALFA_EP_C_2_can_D18.xlsx,14258,b17ae7d1403a205bea0b0d5497a3eb4d9b1bb0052ea3498221fda270e61db86d,annex
code/FR_Dats_band_ALFA_EP_C_2_can_D19.xlsx,14316,ac36a63642dba93434a5643149e1b5a6bd626f0604ba4471c07f2f7024ce9757,annex
code/FR_Dats_band_ALFA_EP_C_2_can_D2.xlsx,14183,a315c8aab9103aff2164395d8abff1b610492488b05137536e8f1905f66dbdf6,annex
code/FR_Dats_band_ALFA_EP_C_2_can_D20.xlsx,14275,1329d594b206f6a86702f37f2352711fd0cc702fbc5c7a6e19c3061f1889ede5,annex
code/FR_Dats_band_ALFA_EP_C_2_can_D21.xlsx,14231,e0b86fe9f4c0f3bb06e1bc9eb7097d24071735c36905d92d6ed699cf7f4d4398,annex
code/FR_Dats_band_ALFA_EP_C_2_can_D22.xlsx,14196,48e8a5c90d17c886543508dcd37611a6d65479f303314ef0bd8ce62d32e772ed,annex
code/FR_Dats_band_ALFA_EP_C_2_can_D23.xlsx,14297,75d6d3ca2a593d8c92583563fdf8aae567af2c51e8db00f2ffe8c3f3b1da6b8a,annex
code/FR_Dats_band_ALFA_EP_C_2_can_D24.xlsx,14133,0f3aafb8e45b8b0a893931a5ce8a4b9a02c242ddf5b3512e06478335b2982e08,annex
code/FR_Dats_band_ALFA_EP_C_2_can_D25.xlsx,14240,b3c6134949e5c47e95a095cf330e04de3bab29b824cb45f51795a4e8f03beb89,annex
code/FR_Dats_band_ALFA_EP_C_2_can_D26.xlsx,14232,ff83538a43061197ad5a6504b34de5645a5feca5a5c6d8efe1a9215104f63e9e,annex
code/FR_Dats_band_ALFA_EP_C_2_can_D27.xlsx,14263,6cd54c35a4cc222c1582c4d37d2acaa36e17d3ef304ff7fe5a0fd3331aa62b12,annex
code/FR_Dats_band_ALFA_EP_C_2_can_D28.xlsx,14235,50207aa16f28cae8052230d6b57bd312cfd435a05e08f3fbc57a092f670d8ed4,annex
code/FR_Dats_band_ALFA_EP_C_2_can_D29.xlsx,14202,2338ef6e852f213ee3383c0522928dd3059f9106a650563c7d2e8757475ddc80,annex
code/FR_Dats_band_ALFA_EP_C_2_can_D3.xlsx,14239,2150533472150fd43c1f54eddce0a6f699fe4507eea541b070ea58004622454b,annex
code/FR_Dats_band_ALFA_EP_C_2_can_D30.xlsx,14239,11d389eb3ff32449847d09169101c7a27559be5eb76dfea8b0c1b9d006590e74,annex
code/FR_Dats_band_ALFA_EP_C_2_can_D31.xlsx,14270,063da67334d90ed8d25332a2ff07e6888211e980420dbdc573c77d995045d01c,annex
code/FR_Dats_band_ALFA_EP_C_2_can_D32.xlsx,14216,86bba1b22b63bf7513521dda30156829896e15be6feb5893410842d018ee93ef,annex
code/FR_Dats_band_ALFA_EP_C_2_can_D4.xlsx,14293,3d1ae3267501ed1917b828695ed2868e12ae5c6f0efd59c229706ea7558924f8,annex
code/FR_Dats_band_ALFA_EP_C_2_can_D5.xlsx,14248,b06e605a37120e63b1adef82eff0c2432b8c0a3a4cc484082b743df9a20dbd71,annex
code/FR_Dats_band_ALFA_EP_C_2_can_D6.xlsx,14184,88e3e29d0fc8e516542e0e08cc663c9c26ec20e7f4cd867756b31b27310336b1,annex
code/FR_Dats_band_ALFA_EP_C_2_can_D7.xlsx,14098,a88bffabaf46bfa491d85335dfef2e2d6886dcee49fb6f15a22d36936e4a5b58,annex
code/FR_Dats_band_ALFA_EP_C_2_can_D8.xlsx,14189,697ddc7473e5ae4f4d6ea5f76d3420ef688b40af7573842ea6df41e8f18e7d75,annex
code/FR_Dats_band_ALFA_EP_C_2_can_D9.xlsx,14230,679ba680a7e46f7d13af36b3591aa4e544e217202b4d93b5e5f94a9ef6a3c6d5,annex
code/FR_Dats_band_ALFA_EP_O_1_can_A1.xlsx,14215,9fd1b2f74456aa3ce44bb68ab4101c40934ae4e7107f62662030cbb7a3a6070b,annex
code/FR_Dats_band_ALFA_EP_O_1_can_A10.xlsx,14173,1ebfa8786ab0d037c9c42b1aea17510b21f92e95a14a131f7701f0a4c4dc2471,annex
code/FR_Dats_band_ALFA_EP_O_1_can_A11.xlsx,14186,9966a6638fb0cd4c9cbf9d6b24ab960f44c50a2400efdb530b870e0cb504e5f8,annex
code/FR_Dats_band_ALFA_EP_O_1_can_A12.xlsx,14227,213043f35947f9041462c0540cbf06b54cf4a7a7f2b0a6090ea3aa9c01842a4d,annex
code/FR_Dats_band_ALFA_EP_O_1_can_A13.xlsx,14146,e7b73fc9497518fa132192810c015f176f15eee7e0467875f2e13d0487f27216,annex
code/FR_Dats_band_ALFA_EP_O_1_can_A14.xlsx,14189,92cf4fab66d0270babd7fa0ff1badfa5db7e9dada02479eda5c5ec2b7cdf224c,annex
code/FR_Dats_band_ALFA_EP_O_1_can_A15.xlsx,14171,abc0b9c9555632e1b1befc7ae5888d8eb2b89b246fbeb36a35dbf0da0b9d1467,annex
code/FR_Dats_band_ALFA_EP_O_1_can_A16.xlsx,14171,fb5a5a1383c235d43b1136f67cc0788b28a45968784c23fe3ae4bea0f27ba0d1,annex
code/FR_Dats_band_ALFA_EP_O_1_can_A17.xlsx,14179,0401f0232aa2702d4a9e3c524105cef9abb54a8d24eac711e41c77b762b671e8,annex
code/FR_Dats_band_ALFA_EP_O_1_can_A18.xlsx,14216,f7b9ef38a4fffab6f527dcc1ce03cb64d5ec5b085ea10e2a623016653c3911cc,annex
code/FR_Dats_band_ALFA_EP_O_1_can_A19.xlsx,14173,6d14a710a88fe4cfaa03a6c0b2029ad00579efeaa1177cadd103962c05cc3c97,annex
code/FR_Dats_band_ALFA_EP_O_1_can_A2.xlsx,14226,97244556d080c11cdd3fe22ea5be44f15e4dccae3f1034d874e3752633224aed,annex
code/FR_Dats_band_ALFA_EP_O_1_can_A20.xlsx,14166,3b50364ba1b574dea99d8986e0595e4460ed8bbdbe0230904a467d4551ee934b,annex
code/FR_Dats_band_ALFA_EP_O_1_can_A21.xlsx,14152,863c6e27a0ceeb3658148cefe8822f96c01bfc520f32e9cd94f62998f46aaa8b,annex
code/FR_Dats_band_ALFA_EP_O_1_can_A22.xlsx,14184,b256ae0283e4b19443ab519b8c0b0987b5393ff2ecddb8a2f3dfc1734f0aaa8d,annex
code/FR_Dats_band_ALFA_EP_O_1_can_A23.xlsx,14239,71d2b8ce08ceac8c8071ff127cae2838bebc2396feb1506771952f06325936a1,annex
code/FR_Dats_band_ALFA_EP_O_1_can_A24.xlsx,14154,0a710c057dbd87e4db925bfa99fef9b6665aed6772672de2f549f173467a742b,annex
code/FR_Dats_band_ALFA_EP_O_1_can_A25.xlsx,14171,0d6e804819ae0b340d78e8fc7837fec984318efcf38835aed35e48c703b77358,annex
code/FR_Dats_band_ALFA_EP_O_1_can_A26.xlsx,14127,792ed834f3bc37d9190720c3b64ea4bc9b45daa395104f11690083d680db99a4,annex
code/FR_Dats_band_ALFA_EP_O_1_can_A27.xlsx,14218,16ed4619149e4e04dcdf1e6c993a494d0acfea40c89bfe40f8b2c61263fbbb81,annex
code/FR_Dats_band_ALFA_EP_O_1_can_A28.xlsx,14248,734e49077f3f08d52c87e6ac174f9137665ada4b1e727d9680094473f10c48df,annex
code/FR_Dats_band_ALFA_EP_O_1_can_A29.xlsx,14200,925363646dd59b6255ce2c380caaf46abeadf1d09f4f7937aa1e56ccd88b55dc,annex
code/FR_Dats_band_ALFA_EP_O_1_can_A3.xlsx,14217,04c9c3a78e5aedb79c497dedec9235437e4dff64527a296ec94a92ea445dda11,annex
code/FR_Dats_band_ALFA_EP_O_1_can_A30.xlsx,14199,71bb317b5c4b7f3b1694a52a217b1fe4d0f32d3939093ba16f99d202dbb2e127,annex
code/FR_Dats_band_ALFA_EP_O_1_can_A31.xlsx,14199,cc0d5e0b1cc7ab64b964552e1d521dbede5d94f3bf181b21f8a5e76f715a75aa,annex
code/FR_Dats_band_ALFA_EP_O_1_can_A32.xlsx,14270,38fcc1d7551a11bcc0826e2ed6205c8f2872b4e3ddbb3485f58827a859ea6ea2,annex
code/FR_Dats_band_ALFA_EP_O_1_can_A4.xlsx,14176,ad4ccbf8fdc09631b87092fdb893879dff98a43e3950504b1cfda4708d89313d,annex
code/FR_Dats_band_ALFA_EP_O_1_can_A5.xlsx,14225,6084038d78fd76f8a9c6697333fb9238ee3acedc2c62386bc100f813108b3a7e,annex
code/FR_Dats_band_ALFA_EP_O_1_can_A6.xlsx,14232,37c1dbdfcb8a93d76745be884c068eb6e45cf000fd8f5a80cf0fa70c952bc74c,annex
code/FR_Dats_band_ALFA_EP_O_1_can_A7.xlsx,14208,61ca3185a1b41ec31f830abbcb9624b313acaac588bf9da34915182beba5a7dc,annex
code/FR_Dats_band_ALFA_EP_O_1_can_A8.xlsx,14159,ebdf639f80193a74c756329bcbc98028b8b2c0f78ceb496f210ecc8e7fa137d2,annex
code/FR_Dats_band_ALFA_EP_O_1_can_A9.xlsx,14230,ae629f0bbc872d11d48c914313b59ef5eb30b76f7dc52a1d9c7b9ffbc7befad4,annex
code/FR_Dats_band_ALFA_EP_O_1_can_B1.xlsx,14224,911367e26ae410bd0a97599f2a6796713af4d85aa7cc80b5225617853db622ee,annex
code/FR_Dats_band_ALFA_EP_O_1_can_B10.xlsx,14276,25ffaaa4b9ad13c49d538147d091fc7a63471a586c411ed20d1eb66321abd8d6,annex
code/FR_Dats_band_ALFA_EP_O_1_can_B11.xlsx,14227,83296da7c5e7e59de1d0b36e9f874e2135d6a0319d097a04c894401456f44c40,annex
code/FR_Dats_band_ALFA_EP_O_1_can_B12.xlsx,14192,0cbd4bcb53fbb7a90a47e3e7f877071fca3b40fef09c600aa3e6effcaab2ecac,annex
code/FR_Dats_band_ALFA_EP_O_1_can_B13.xlsx,14207,96f4e3f5695d0c526cf1cc803ccf1c58cd5b30d33e58f65c63c150ca6416424a,annex
code/FR_Dats_band_ALFA_EP_O_1_can_B14.xlsx,14217,b1e58a1d8b20524a1e90dda186145ccc4b3c4343f45e4f9fedf8848eaf70bb99,annex
code/FR_Dats_band_ALFA_EP_O_1_can_B15.xlsx,14221,3dd4b194612e7723fc98a1924c0f53ed4b0efafc0230ebee8afb3c3aaefb86ca,annex
code/FR_Dats_band_ALFA_EP_O_1_can_B16.xlsx,14250,cd38ce5fb3db1dbea02582afbaa9df9f71d6ba52e4445aa6d490d7f66bff8d95,annex
code/FR_Dats_band_ALFA_EP_O_1_can_B17.xlsx,14202,ccb72562ef1883ff00442227bcca6970123264fa23dac83ec9263eea086ee941,annex
code/FR_Dats_band_ALFA_EP_O_1_can_B18.xlsx,14212,5d4943964f516c89bd8e75032733e58d95f65361931276263dbfd10abe3b57af,annex
code/FR_Dats_band_ALFA_EP_O_1_can_B19.xlsx,14203,d2ea071f5a2b69edd7991fecaef4a13a37b2698aded2f852326d51fb43040077,annex
code/FR_Dats_band_ALFA_EP_O_1_can_B2.xlsx,14174,524fee54d745eba0fd1370c4a6b4a7280f7b517cd0fac148e97e79e6bfd33233,annex
code/FR_Dats_band_ALFA_EP_O_1_can_B20.xlsx,14210,d82f888d367f84e46d50b38b7535e745bdd1e0b60256a7b63249f5ab1f962af9,annex
code/FR_Dats_band_ALFA_EP_O_1_can_B21.xlsx,14266,6887571da8c3e91dfd0279ee67c7b93eb8bce69ee350db6fe1df890c1851633c,annex
code/FR_Dats_band_ALFA_EP_O_1_can_B22.xlsx,14204,baaecdbcb13f3d1c40595a785f6d28de034686ae9088831171cc2a3d91078224,annex
code/FR_Dats_band_ALFA_EP_O_1_can_B23.xlsx,14183,a974e28aff3733deead44628bb4fc048092b5d3661d7d477d32c7f5f8d03b3ee,annex
code/FR_Dats_band_ALFA_EP_O_1_can_B24.xlsx,14235,1e93ba90699f13a317acd6ba8d5229d464294de92ddfe0426e1f5c286cb7c8a1,annex
code/FR_Dats_band_ALFA_EP_O_1_can_B25.xlsx,14225,fe2429aa3ef45e595948d16c658c4f4123e9ad70fab054d0f299ad34a503cf62,annex
code/FR_Dats_band_ALFA_EP_O_1_can_B26.xlsx,14188,78b68d40ac21c2b59db3a013df75abaad2a23587d8fcd201dbe1c4682ba61370,annex
code/FR_Dats_band_ALFA_EP_O_1_can_B27.xlsx,14117,07990fff64bb2fea6110066c372567b624497dcd9a6e505fdfc3ef9f76aeae34,annex
code/FR_Dats_band_ALFA_EP_O_1_can_B28.xlsx,14195,e0c6fd2dd99ef1d9f9f93e26b74af9c16884eb95fb5bca532059abda82b25642,annex
code/FR_Dats_band_ALFA_EP_O_1_can_B29.xlsx,14231,c9884054893cc9b3d20559ebc0b1f10479b1ad84c59e56cd3cd7a6d286f6e58f,annex
code/FR_Dats_band_ALFA_EP_O_1_can_B3.xlsx,14247,3f4d0681352bd01a58fc78ecc913d3b70575a7c07b3b7d7a80543e913163fc80,annex
code/FR_Dats_band_ALFA_EP_O_1_can_B30.xlsx,14230,6e7b18e2b19e61dcce918cde0ac0b3ace1f31de99312f5fe6e7be783ad1d3ca2,annex
code/FR_Dats_band_ALFA_EP_O_1_can_B31.xlsx,14227,95bc7b2c59d5e37da266b664112a6405a6ef653a931819c78c6364c7a90e86e7,annex
code/FR_Dats_band_ALFA_EP_O_1_can_B32.xlsx,14221,07f04250f8e86729f641fd1353ec2204237fe57dd34b15426943193b094b9b21,annex
code/FR_Dats_band_ALFA_EP_O_1_can_B4.xlsx,14209,22414eb606b21fc56a32c67ececcc02ce981189a954ee232fbbb7bfbdd972f43,annex
code/FR_Dats_band_ALFA_EP_O_1_can_B5.xlsx,14195,e08615bdfe192408db5762348a86cb4d4635bcac0ce851eb2ed04a30f6b7019e,annex
code/FR_Dats_band_ALFA_EP_O_1_can_B6.xlsx,14243,2ef2e861b8c09868235b7e1c8aaee0657a1a120497f3a30aee4f5e8dd21e3379,annex
code/FR_Dats_band_ALFA_EP_O_1_can_B7.xlsx,14207,3d182891ab79ff38c2a4b1bfa940e6cf0045b789addff762e77950c1c88a77c6,annex
code/FR_Dats_band_ALFA_EP_O_1_can_B8.xlsx,14206,913b96f08b62d0284b6d0a3e1c91ffc2463e8269b0328bb315b690d0cbd4eaee,annex
code/FR_Dats_band_ALFA_EP_O_1_can_B9.xlsx,14145,664a2c51bb5088b9e069418ccb40dbba28d4b5cc46c093357b939b70036b7b93,annex
code/FR_Dats_band_ALFA_EP_O_1_can_C1.xlsx,14223,c45459c26bf442fb328152c987ead6260a5704f2d96ff11a8e52227c1afdde3d,annex
code/FR_Dats_band_ALFA_EP_O_1_can_C10.xlsx,14151,5e85c8a2befa17de38a6cbdc0441a01c11671ef0ef12631504c852fbea107b7e,annex
code/FR_Dats_band_ALFA_EP_O_1_can_C11.xlsx,14176,821f158ed995c0a27cb6451f94ef78d89c3270a112106e515d0bf921be655fc2,annex
code/FR_Dats_band_ALFA_EP_O_1_can_C12.xlsx,14217,018d4f8e9982b53d6ef279153d7ff9cac30ae8e8fec3172ec0e507ddcea4b895,annex
code/FR_Dats_band_ALFA_EP_O_1_can_C13.xlsx,14170,e09aa98bbf93ea1b053543eeda619ec3e5b7b6a9c63976cd586a246f684c53c6,annex
code/FR_Dats_band_ALFA_EP_O_1_can_C14.xlsx,14225,30b042e8b4a8dfbaebf901ed425eaef66501aff6cb3ed22e54ea974de6bba91b,annex
code/FR_Dats_band_ALFA_EP_O_1_can_C15.xlsx,14110,9434a0b125ba03442167f2cb683cbb04c78d4b6eda6384374a1046c0f1137e1c,annex
code/FR_Dats_band_ALFA_EP_O_1_can_C16.xlsx,14154,45b987c3a86fd6354689dd05ece78633b896949f8a53846ebc9215474563095b,annex
code/FR_Dats_band_ALFA_EP_O_1_can_C17.xlsx,14150,1fa72f0e3192062b37eb0519274b5ac85d9764ca095a191741a3f871f68b6329,annex
code/FR_Dats_band_ALFA_EP_O_1_can_C18.xlsx,14162,44bc0992476c293419617f8e7dfbbbfa97bcc9ab4cfb38a88cd665e413e51d96,annex
code/FR_Dats_band_ALFA_EP_O_1_can_C19.xlsx,14208,b262f29f07ebe6af593a8df51d868164924594bcd29a842772c5b6f843d95581,annex
code/FR_Dats_band_ALFA_EP_O_1_can_C2.xlsx,14201,a33ddeb2045fe9c47542e8ef4162286bc9fc49bcc48c03a9ac65fa1e585985ad,annex
code/FR_Dats_band_ALFA_EP_O_1_can_C20.xlsx,14170,69e274ac440f13d4f0be63d94f528659ddfff49067f81a93e91efec9dbc59c16,annex
code/FR_Dats_band_ALFA_EP_O_1_can_C21.xlsx,14164,272140e12e5857532be32170cce6c8c09cec3cecc632d514c8e1b05432ab3184,annex
code/FR_Dats_band_ALFA_EP_O_1_can_C22.xlsx,14153,a5b5e23dd28e578dc270f5683a53e9478932bea28070584d673ad67a327169f0,annex
code/FR_Dats_band_ALFA_EP_O_1_can_C23.xlsx,14195,7531c3d37b8e2d10f08df896f898c7934b2e21c660c8185406242e5f0164ee69,annex
code/FR_Dats_band_ALFA_EP_O_1_can_C24.xlsx,14260,30b044f22a474418fa2fd4a1c74364c51659dc7af85281308708dfc1489e0422,annex
code/FR_Dats_band_ALFA_EP_O_1_can_C25.xlsx,14190,8e16a2af8b2fd5e9c49a7ff63ce0133b37e2389e54c9be3ff7724adb4324e88d,annex
code/FR_Dats_band_ALFA_EP_O_1_can_C26.xlsx,14167,a8fd723cfb34fad6e9ecc16da3566511345e22c405500858791bdc668cf136dd,annex
code/FR_Dats_band_ALFA_EP_O_1_can_C27.xlsx,14198,be7e4ee926a55fa04786aa5caaddd5e41ce17326febd125808b2b2bc7dbd9288,annex
code/FR_Dats_band_ALFA_EP_O_1_can_C28.xlsx,14134,184d020715c725fb70623f4d71d74f785e8edc193ac243806f8f50014a2e3a59,annex
code/FR_Dats_band_ALFA_EP_O_1_can_C29.xlsx,14110,007d79a335184f1fd2a62d11be2e4593fba85474b9b7f647b442858b008b9647,annex
code/FR_Dats_band_ALFA_EP_O_1_can_C3.xlsx,14193,0f52b9b2805668515cc6d21f7d0ecf5567125ecd1a3ce4627473764d2c57fda0,annex
code/FR_Dats_band_ALFA_EP_O_1_can_C30.xlsx,14156,070ccf85f45677febaaabd343d4c8e50f64a27710e6321ee59d1562c46c9b103,annex
code/FR_Dats_band_ALFA_EP_O_1_can_C31.xlsx,14196,a38d1bc32de0ec8c2620e128df6ee7ea5600eb2ecf62e61ed399ee2c0e3b32f7,annex
code/FR_Dats_band_ALFA_EP_O_1_can_C32.xlsx,14136,87d2cca06cf1fdd5c24b30693d30ffd11c0c8b85396b6ed01392219c7241bdfe,annex
code/FR_Dats_band_ALFA_EP_O_1_can_C4.xlsx,14174,f15a9c96d26954b4caca1e526cf75673cb450cd6100d494d0872819040198a58,annex
code/FR_Dats_band_ALFA_EP_O_1_can_C5.xlsx,14182,194cb5e5e77c1dbc44f214533104c957f54d40eb26cf8a2ef63b05a97d0436ed,annex
code/FR_Dats_band_ALFA_EP_O_1_can_C6.xlsx,14170,e4fa8a35ad24f25df19eb770b4212299cda101581ddbddd6557a64d5b906fce7,annex
code/FR_Dats_band_ALFA_EP_O_1_can_C7.xlsx,14204,acdef1fed9d3b303640f4c7f06cd9c0e94a730ee9d32ffa6505ee4d4cfbcf3a7,annex
code/FR_Dats_band_ALFA_EP_O_1_can_C8.xlsx,14110,89bbc2c1f41cb9e6b1bc12f226fd297eaf27f2fd12b0c9bbb477068d109bf1b1,annex
code/FR_Dats_band_ALFA_EP_O_1_can_C9.xlsx,14190,e66d4e977a558cc181d1ae9b2bb0640f360c2190e575fcd31bd4782acdc7999d,annex
code/FR_Dats_band_ALFA_EP_O_1_can_D1.xlsx,14205,a50f11d2b5ab0c18ffe8052131be42bd2a6f80ebe14bda481c87b4bbd1f10c63,annex
code/FR_Dats_band_ALFA_EP_O_1_can_D10.xlsx,14192,1d408a92e9e9a62027855805eecaa7cf95f7e87cabaefe1a1b1dc3bad544b1c1,annex
code/FR_Dats_band_ALFA_EP_O_1_can_D11.xlsx,14225,8dce22b68ff0e9ea912e12d1eb6c6baceccb296bc9c51ae9616963f1c2130c2c,annex
code/FR_Dats_band_ALFA_EP_O_1_can_D12.xlsx,14187,2fd6d80be026e57d84c767f8a1818ccfc291a114a4cb775e1ba86c0801eb1b91,annex
code/FR_Dats_band_ALFA_EP_O_1_can_D13.xlsx,14192,4aa3a87b85427c78e6079b2050df68e2ff41e6a164b769ab3667263a11698207,annex
code/FR_Dats_band_ALFA_EP_O_1_can_D14.xlsx,14233,92351a7beeee886ee9bebe6d2bbc647c4e65cac9dea74ff4b869b8e80f2617b0,annex
code/FR_Dats_band_ALFA_EP_O_1_can_D15.xlsx,14243,15939a689a411dbb0482fa618ae295bae6ee18bfd3f00b25b0834c951fab2fc2,annex
code/FR_Dats_band_ALFA_EP_O_1_can_D16.xlsx,14233,1f0ca534cdf4b4edbcc5aa97386df4ad9a114dbffe08379846e3f1cad3a3304d,annex
code/FR_Dats_band_ALFA_EP_O_1_can_D17.xlsx,14190,964b2217ba00e3fe1618ceaa53443be50a26e7a115c914fc385609b1634feb27,annex
code/FR_Dats_band_ALFA_EP_O_1_can_D18.xlsx,14261,af5af1501df756835f56e085a2ad6d34ed4ab75551fa2aba555db7b85c340771,annex
code/FR_Dats_band_ALFA_EP_O_1_can_D19.xlsx,14230,17febc7a648567fea9316ab4258c2d132b6afdb61e7633d3cad426e8416db0c8,annex
code/FR_Dats_band_ALFA_EP_O_1_can_D2.xlsx,14158,84cdffd59a945bec4d55ffc266991e23ca278164a6bb3204d8b504f9d7ee1f96,annex
code/FR_Dats_band_ALFA_EP_O_1_can_D20.xlsx,14235,bcacffba7c25020278f7341112c3c7d2a88079247fbd523702fe147af5f93627,annex
code/FR_Dats_band_ALFA_EP_O_1_can_D21.xlsx,14223,ea3ddce4b4dbe858cae8fda6b9fb4b190668af07b89d5b1c26d4202675b2d6cc,annex
code/FR_Dats_band_ALFA_EP_O_1_can_D22.xlsx,14193,67227cef2010fc6456aea2dccb168a94ade06d6e9d6e52fb2edecdda0f422acb,annex
code/FR_Dats_band_ALFA_EP_O_1_can_D23.xlsx,14224,be9708344be868bb281789c8abf93ed8d75c2852a78bf1164753f456347af75f,annex
code/FR_Dats_band_ALFA_EP_O_1_can_D24.xlsx,14218,17d0eca9d8264f75e69ae427a4d2e46cc5fccc4e045723e1eca667c0a2aab7f8,annex
code/FR_Dats_band_ALFA_EP_O_1_can_D25.xlsx,14251,7cb520f0e9533714ea52add922a22e952d73494e6b6fef8617c2dc1ffb6fcd3c,annex
code/FR_Dats_band_ALFA_EP_O_1_can_D26.xlsx,14189,5d10d9fffe1f2f0f55811119c2599893e97e5911ffd6f1188d8a5fd6ad698e3e,annex
code/FR_Dats_band_ALFA_EP_O_1_can_D27.xlsx,14269,635adc39872d6540827f9601cc8bd44631bff682910de147f190d2943641dbea,annex
code/FR_Dats_band_ALFA_EP_O_1_can_D28.xlsx,14250,8537abde59bcc203112f0c3e193ac209d914edb9f910f277a4ffd53292dade61,annex
code/FR_Dats_band_ALFA_EP_O_1_can_D29.xlsx,14209,99a56a98e9da39debdc23a2db40994bd807c0ed40c04b3e0abaf49c9960290ee,annex
code/FR_Dats_band_ALFA_EP_O_1_can_D3.xlsx,14170,598f22597cd68fcefcb0472da58686c26c6c8db9b7c26188e59aeef3d4db4131,annex
code/FR_Dats_band_ALFA_EP_O_1_can_D30.xlsx,14244,1d8c05c0bd5352be4a2591f3d43017acbec67656530a8b345680871c8e364c33,annex
code/FR_Dats_band_ALFA_EP_O_1_can_D31.xlsx,14200,079ecaa0ca1bd7a14358447e420bdae58258d8d1c1308d76d30e67917a872468,annex
code/FR_Dats_band_ALFA_EP_O_1_can_D32.xlsx,14180,686af0f609677eca9b829bf762cda5ccec9c7952266c1c6a2dec05747c080e02,annex
code/FR_Dats_band_ALFA_EP_O_1_can_D4.xlsx,14195,6d7c2433a1df7f0182feb1c02124cab04153615d01c04449bafae1a01b83632f,annex
code/FR_Dats_band_ALFA_EP_O_1_can_D5.xlsx,14131,885db3195d685c5f4bd479871c27ff97a7823aae93c146ff46f91efcf452b0de,annex
code/FR_Dats_band_ALFA_EP_O_1_can_D6.xlsx,14159,bebd9d31f81eac901ea5feafb244012bd3235fcf49ecf17e10666af519060dbf,annex
code/FR_Dats_band_ALFA_EP_O_1_can_D7.xlsx,14164,1d79d17b550e23f62e874c553e2a8c45042c0ae4f1ed47337ced480d8eadff57,annex
code/FR_Dats_band_ALFA_EP_O_1_can_D8.xlsx,14153,ce36af83eeb9bcefc08ab3b057030843265eb61299b521a76c22fb6105edcdf1,annex
code/FR_Dats_band_ALFA_EP_O_1_can_D9.xlsx,14210,fb20efbe9fb8839d184af43446f9bca41a623158133bc205dbf348b31cfb1de9,annex
code/FR_Dats_band_ALFA_EP_O_2_can_A1.xlsx,14187,72cac62606e7715705217a11873c02ac03c72aff632cb876442ddaafd32ba279,annex
code/FR_Dats_band_ALFA_EP_O_2_can_A10.xlsx,14163,1b1a8b00fa9a165df0234f1a004b93904d117ceddf92cca1ebca7108b607b32d,annex
code/FR_Dats_band_ALFA_EP_O_2_can_A11.xlsx,14168,dd07cd7d6265b4b1ac908187228d4e3a997a4bb5a7077ccafe274a855d3e5eff,annex
code/FR_Dats_band_ALFA_EP_O_2_can_A12.xlsx,14186,4b68a620c553b82c7f8f6ecabc69ace0ba693615233cbdc74f0b5c42cbf7cfe9,annex
code/FR_Dats_band_ALFA_EP_O_2_can_A13.xlsx,14154,daf685c06b0b150bb31f2d4194e6bd6b7b574240a00365cb6e915e3d5c13f1e2,annex
code/FR_Dats_band_ALFA_EP_O_2_can_A14.xlsx,14112,c56ee0e7a2b840f8ae2447bac02c9f5937f6c37501a4aa1ba1ad08a1678c7172,annex
code/FR_Dats_band_ALFA_EP_O_2_can_A15.xlsx,14191,c89a4ea73e47848b34cb0339244fd092d0a0f24ff75aaa752e4488889b4cc39b,annex
code/FR_Dats_band_ALFA_EP_O_2_can_A16.xlsx,14164,4eaca5868a34721990cbe8c4769fb63d99c653692f1e44342eaa08cbfd85dac0,annex
code/FR_Dats_band_ALFA_EP_O_2_can_A17.xlsx,14181,a9a2591b85ba7813e1a5ec7fd240a2975576a08471ca042cdae56f7617cb4ac6,annex
code/FR_Dats_band_ALFA_EP_O_2_can_A18.xlsx,14181,49f5ec84ef54aaee7f2902d95033fa61854073d000f254afcdb6231f21c9e975,annex
code/FR_Dats_band_ALFA_EP_O_2_can_A19.xlsx,14203,643ffb0ff18bb9ce827bb65556adf19bb8dae6f73eaba4a33873bd8a18947426,annex
code/FR_Dats_band_ALFA_EP_O_2_can_A2.xlsx,14180,4af6600f1b4bd64aa6330bafd8677474a9478a13aaa52e422952ca4383841753,annex
code/FR_Dats_band_ALFA_EP_O_2_can_A20.xlsx,14200,966c7c77be2c15020e1af277391b886fd301fbf84e1a13440b0c61b8910a9bb4,annex
code/FR_Dats_band_ALFA_EP_O_2_can_A21.xlsx,14127,bfdf4bcf927fcbe958a6ce62a6b7eec810211c64780f18c11cc91efc4bf739d9,annex
code/FR_Dats_band_ALFA_EP_O_2_can_A22.xlsx,14195,64cf9eb6c19d17759ec0bb218ded4402410f44d121fbe4925840e4014f9e8846,annex
code/FR_Dats_band_ALFA_EP_O_2_can_A23.xlsx,14226,e4af938fbe0ce4c36cdd857d28735e7eb4c56453196aefbb07976062b968d230,annex
code/FR_Dats_band_ALFA_EP_O_2_can_A24.xlsx,14260,c8d21db776940ba05834459b22169bb37a4b16602397358fd0dc8f8683ef1862,annex
code/FR_Dats_band_ALFA_EP_O_2_can_A25.xlsx,14181,68aff2c9d433a70d60bbc20c787a1b2fe3a9756807b70557e50df8bd5862fe2f,annex
code/FR_Dats_band_ALFA_EP_O_2_can_A26.xlsx,14127,f935f159b68162a4be318b4c5683df83c2a1a28846360f7b2fd20e020e008aec,annex
code/FR_Dats_band_ALFA_EP_O_2_can_A27.xlsx,14232,3864227c50b7ac13644451eb2e279a587fb7e352abae43b9149126c8b1fcb2b2,annex
code/FR_Dats_band_ALFA_EP_O_2_can_A28.xlsx,14192,c466719de9d4760a540c835a1f37bd2918e69101dce486ed30d41636e929d0f1,annex
code/FR_Dats_band_ALFA_EP_O_2_can_A29.xlsx,14209,28a46d10464c6bcae2d50b62f73918c20651e3e3b8679d3636e23489f0d338a2,annex
code/FR_Dats_band_ALFA_EP_O_2_can_A3.xlsx,14206,c33e7317cf1e662772e54be0706b7a8c65e99d9580b1d72017e19da8d485e206,annex
code/FR_Dats_band_ALFA_EP_O_2_can_A30.xlsx,14193,6be58799283b7b9a3c52ab7a0adb02445b3c665d6cd793f85d5ba9402364cb0f,annex
code/FR_Dats_band_ALFA_EP_O_2_can_A31.xlsx,14156,39a37e854cdbadd761d4142440b836824fffacd3502525512bbcb09890162c05,annex
code/FR_Dats_band_ALFA_EP_O_2_can_A32.xlsx,14198,70cfcaac21598a98fa71e2ee4e9e84b3cf3a25ce81aee2c59d57b764ffb6f25a,annex
code/FR_Dats_band_ALFA_EP_O_2_can_A4.xlsx,14186,65853a76f71bd44ccfcee1ddbf64d5697988828f5551af96d1210f072c6ba4b4,annex
code/FR_Dats_band_ALFA_EP_O_2_can_A5.xlsx,14212,da02f930c1d0cb0ce959b3ece4cc71e3022ad70fe0d8142f601701da80789fa5,annex
code/FR_Dats_band_ALFA_EP_O_2_can_A6.xlsx,14188,65e598c29f1237305d794f2fdbb97f5a8c02f5d1ed628a39208c54a5aa1952c5,annex
code/FR_Dats_band_ALFA_EP_O_2_can_A7.xlsx,14266,853a30c3b4e74b3e2730b99484029816e451416e1dce62ed1a3703cabc254c6d,annex
code/FR_Dats_band_ALFA_EP_O_2_can_A8.xlsx,14240,0290d4177065df0f3dc036dad45dbb492a4e03042f66c25e4a219f4f6245c0e8,annex
code/FR_Dats_band_ALFA_EP_O_2_can_A9.xlsx,14182,e60973849a059734578d1a42b4aee749bb685833c196d8d179f926e94504e913,annex
code/FR_Dats_band_ALFA_EP_O_2_can_B1.xlsx,14302,0fa8476c27dfcab19cb16a32434077de8aa42e1b5b99e54a64c2e526f53fce1d,annex
code/FR_Dats_band_ALFA_EP_O_2_can_B10.xlsx,14224,7c7ca5fd073311af4d49bdabcdae69d840aea223aea9dc98c7813be5746f8beb,annex
code/FR_Dats_band_ALFA_EP_O_2_can_B11.xlsx,14218,828c94f6439db571e84deb8d974447f0483b17acd0bfa49cd94807ef3b97caf1,annex
code/FR_Dats_band_ALFA_EP_O_2_can_B12.xlsx,14234,f8b63f82b1ac8817fa5cd5f00859203b165ec2b8a31d340fbfd0a0e562ded6c5,annex
code/FR_Dats_band_ALFA_EP_O_2_can_B13.xlsx,14174,65f586051aa1fa04f6bcd4565b344625ee86d73622b420321fe754594dd43e4b,annex
code/FR_Dats_band_ALFA_EP_O_2_can_B14.xlsx,14196,2355caa07d7bf997c57b4ffe321d0cf16f25821ac1237f3d435608d2bad01e30,annex
code/FR_Dats_band_ALFA_EP_O_2_can_B15.xlsx,14234,4ec395713a488e82898e6cab66a2a14fe27aadb77846cf588c81217aebc472cf,annex
code/FR_Dats_band_ALFA_EP_O_2_can_B16.xlsx,14203,d931ff271d63491314693f185ec7437ae556be0f550e7e21ff8cb4c3a188ac40,annex
code/FR_Dats_band_ALFA_EP_O_2_can_B17.xlsx,14166,cb76578900c2e93f8d87236227f8741f0544fbeaaeb9674f78de24d3ee1fa073,annex
code/FR_Dats_band_ALFA_EP_O_2_can_B18.xlsx,14192,f17f2719e756d5d01c2bb7f7d22e44177a8f803ef050654d4952acce974575e1,annex
code/FR_Dats_band_ALFA_EP_O_2_can_B19.xlsx,14222,01834f406f898df0e77c9584b364401f77f868f7ca1e2d598ee8d2dec816a862,annex
code/FR_Dats_band_ALFA_EP_O_2_can_B2.xlsx,14253,7b31936b2a2c47a45fafc2259da6ddb347b91993952c874f5d5e2e92e453c12c,annex
code/FR_Dats_band_ALFA_EP_O_2_can_B20.xlsx,14209,33c7d584311570120dfc0b7a80422c4f849e9eb4a1a6a38f2d968f4ecf621bc7,annex
code/FR_Dats_band_ALFA_EP_O_2_can_B21.xlsx,14229,a32bdf8828d49621369dfbb81991309a0f3b9dd054506c12e615d88e82ae0781,annex
code/FR_Dats_band_ALFA_EP_O_2_can_B22.xlsx,14224,95b4f205e4efaaccb29dba7a3c4ff56b19cc75888459041325a9c9533a44bf9e,annex
code/FR_Dats_band_ALFA_EP_O_2_can_B23.xlsx,14169,317fa3b0c6eaba1ac42dcabd96741442fc0b6b3faba79f7e26937b1073c1f930,annex
code/FR_Dats_band_ALFA_EP_O_2_can_B24.xlsx,14221,5f02449ab8ebe18317f10d0437badd36b8e80ddd1091aa378514146666eb2ecf,annex
code/FR_Dats_band_ALFA_EP_O_2_can_B25.xlsx,14155,7c86099490ae38eab80319611ce04d253c83f501db92d535c52b7389296fd6b0,annex
code/FR_Dats_band_ALFA_EP_O_2_can_B26.xlsx,14193,32ee818f58ec5553426bb8008e55df214d1207c31fe81709e8e62effc6a5db66,annex
code/FR_Dats_band_ALFA_EP_O_2_can_B27.xlsx,14139,5ae470bf96f194000abccc5d4a899089e1aec1f51cf1b99bb547e34810ba8f57,annex
code/FR_Dats_band_ALFA_EP_O_2_can_B28.xlsx,14222,62fd66fd9796d28a8936f6d850927a67ceec57010e365437999e9fafe5a665a0,annex
code/FR_Dats_band_ALFA_EP_O_2_can_B29.xlsx,14252,747e08accafc3bc63d9b48201bcb7f8d71ffe5f2cdb5c33c45b7bfbcd3a991aa,annex
code/FR_Dats_band_ALFA_EP_O_2_can_B3.xlsx,14205,f6a89af5b128bc9d70f9c0705b55637d3606c907c24891857c7e16019a9a4c39,annex
code/FR_Dats_band_ALFA_EP_O_2_can_B30.xlsx,14227,7563bf3ef5e83fb2240c74e849ecbd0b087b51c4a26227f2f1a3729e3e0eecb5,annex
code/FR_Dats_band_ALFA_EP_O_2_can_B31.xlsx,14191,c20f924deb29ee00c854e3a860576b7706d984f91f952241a777d3d4d8180e29,annex
code/FR_Dats_band_ALFA_EP_O_2_can_B32.xlsx,14187,9b08f51f6e95333fe88373f631af862f5a7b40b37f80cc72c56ab465dc403e7d,annex
code/FR_Dats_band_ALFA_EP_O_2_can_B4.xlsx,14208,155ea30ee0f585d320a88251dcb7d37db9a9bc0b5851b216813fc58f2b097c7c,annex
code/FR_Dats_band_ALFA_EP_O_2_can_B5.xlsx,14153,b1aec91db10c27a26fb6a224e2081666185f42ee03cb912f817146e322fa770e,annex
code/FR_Dats_band_ALFA_EP_O_2_can_B6.xlsx,14143,389e9bb6e9813aa55922684dc3ac769123588f0c506763b21d59243ec7bacc7f,annex
code/FR_Dats_band_ALFA_EP_O_2_can_B7.xlsx,14134,8e1e5a93a63e96719f4dc29101ae5092e97d8da071c852b02b7cdd97db5a9f98,annex
code/FR_Dats_band_ALFA_EP_O_2_can_B8.xlsx,14170,5d6dae4e18e4d8d827882ee33170d8aacde96e699618122320f835a2527645c9,annex
code/FR_Dats_band_ALFA_EP_O_2_can_B9.xlsx,14148,71a3fade175c90ea04268d2a9629bcdef1374c265e3d73c62a61df9653fb72e1,annex
code/FR_Dats_band_ALFA_EP_O_2_can_C1.xlsx,14248,bafab171415244910479de6064f7dad310f8bf145e429bc3c3433fa25c2f2bee,annex
code/FR_Dats_band_ALFA_EP_O_2_can_C10.xlsx,14164,25bc626af4e3dd2a010d1bcf59a0a1a93cadd14e360261fe5ca085c456dee826,annex
code/FR_Dats_band_ALFA_EP_O_2_can_C11.xlsx,14162,1d048bf8893f2f88337b953c94aeb187fb4a085a17acc86223644880623562e9,annex
code/FR_Dats_band_ALFA_EP_O_2_can_C12.xlsx,14276,5a41d97c25330cec26a7eeb3c9936ae5cab79dba5bf024c4b3c670633cf59d39,annex
code/FR_Dats_band_ALFA_EP_O_2_can_C13.xlsx,14190,d2e53f576ae2c4ad1301b2a15015afcc4845c02c1a2a21470a1a59f3f108ac88,annex
code/FR_Dats_band_ALFA_EP_O_2_can_C14.xlsx,14166,9e515919d8484a5338388e62f1fc58884584153d8f07961fbf57110be2e84917,annex
code/FR_Dats_band_ALFA_EP_O_2_can_C15.xlsx,14205,a5c2a50a0f9500c96d0663c52d3112ed98e5f8438ab8c1399ad89f1f6e0e1b26,annex
code/FR_Dats_band_ALFA_EP_O_2_can_C16.xlsx,14086,a8f2db00fc9da647d455e7bd48827af4fbd026cf9e71cb22aca156194dd1730a,annex
code/FR_Dats_band_ALFA_EP_O_2_can_C17.xlsx,14124,21e955904bf8dd42b4a41da6a8f229cf6644ccf7c960e3d49444edf489ef4e9c,annex
code/FR_Dats_band_ALFA_EP_O_2_can_C18.xlsx,14184,4dea55a05fc97b9cc61682a83f25c0a856e9d86878ac7d76cc0d70a44bfe25c4,annex
code/FR_Dats_band_ALFA_EP_O_2_can_C19.xlsx,14142,cd7fa9008ca16ca00e00294085f2f51cb39f4e20a568596747a5b0647f1f8d6a,annex
code/FR_Dats_band_ALFA_EP_O_2_can_C2.xlsx,14237,8a00bf889a427b084074f36dd8f7457a445810052edd025fdc5ead2ccf86eb09,annex
code/FR_Dats_band_ALFA_EP_O_2_can_C20.xlsx,14158,cbda2db956d1bd4447eebd4ff12901e536ad8423e15d64287e2c1a9248e5e8f1,annex
code/FR_Dats_band_ALFA_EP_O_2_can_C21.xlsx,14194,6e0d9ba289cf18a7654ba30e193515cfde763b59a99d2213f462586fff3228bd,annex
code/FR_Dats_band_ALFA_EP_O_2_can_C22.xlsx,14135,4893ce66c4e2a276a1d9d3e21aa2c8bcfad2453dd02449f7f4555f72d6b91b6e,annex
code/FR_Dats_band_ALFA_EP_O_2_can_C23.xlsx,14176,299323bdcf8c27f3fc1ceff3d13ec8dab7a37a4da427d1c6d163398f3b6355f1,annex
code/FR_Dats_band_ALFA_EP_O_2_can_C24.xlsx,14189,0a1d76176dc04ebff3c3049f01ab9a2c913449e097c8aa4d5ddf0a034fdaee93,annex
code/FR_Dats_band_ALFA_EP_O_2_can_C25.xlsx,14213,c113dfc70902a7624cf46c02e8309c4e33463269e652dca0d3cb15cf4f7246d8,annex
code/FR_Dats_band_ALFA_EP_O_2_can_C26.xlsx,14152,7932c60d614703062ef0575a23dbf609e2760014bd4d28b1f9324202ef849c31,annex
code/FR_Dats_band_ALFA_EP_O_2_can_C27.xlsx,14127,9a7dedec712dd173d20155de81115d4423a75e452a4da39783664a4100b7d238,annex
code/FR_Dats_band_ALFA_EP_O_2_can_C28.xlsx,14133,e632e2df5c8029098f8edc902537f223bbe603890a581aab7974d99cc2b54088,annex
code/FR_Dats_band_ALFA_EP_O_2_can_C29.xlsx,14130,780653988fec37c26831a6c6e8ca40458b2c17019a1042d876ca6359ebc28185,annex
code/FR_Dats_band_ALFA_EP_O_2_can_C3.xlsx,14157,3266e6d576d8ea7e3d987d77804dc6960a565773f99a960f78940e1efe924c66,annex
code/FR_Dats_band_ALFA_EP_O_2_can_C30.xlsx,14182,e95ee56ddcdd27577377700d9fd4aaba6229588530ec1bafdd74b259e6d6a8ad,annex
code/FR_Dats_band_ALFA_EP_O_2_can_C31.xlsx,14193,dfc2da39d875ab7453e1227575082d716986684c6e880d2a4ecc050effac5671,annex
code/FR_Dats_band_ALFA_EP_O_2_can_C32.xlsx,14160,07ab4dc0c50547556281970b4b26726275876c97faece685af8a6ebe05459d9d,annex
code/FR_Dats_band_ALFA_EP_O_2_can_C4.xlsx,14228,1b177641118bc7d908f2cfb9a2ffc875ee121870357e12b9b14f5474a00f7a54,annex
code/FR_Dats_band_ALFA_EP_O_2_can_C5.xlsx,14228,e446d38cc0033470d09fa9bb013807c57bd74cdf33bb385f58171921b958ac71,annex
code/FR_Dats_band_ALFA_EP_O_2_can_C6.xlsx,14188,39140b633b365729e2d42d57b8c07ce88476e28c76214c6edb847352c756bbea,annex
code/FR_Dats_band_ALFA_EP_O_2_can_C7.xlsx,14201,e79bc3df6515d8f1ca28d5697a07dc600103b7c94635f68e7c15a4b8b453d1d9,annex
code/FR_Dats_band_ALFA_EP_O_2_can_C8.xlsx,14158,05b0768a00fe60d7abec5cd6cf4b5834f288e2988c46289a5f4eeafc44f3c08f,annex
code/FR_Dats_band_ALFA_EP_O_2_can_C9.xlsx,14184,196069fdd9d5d5c78dcaa412aec4970efc3f3c22215718a4d20d46051ea9e38b,annex
code/FR_Dats_band_ALFA_EP_O_2_can_D1.xlsx,14227,c0a28d996f6c98f1ae32f7441d7ecb7b31e9af91d21bdc12afc8c4a52a21dd1a,annex
code/FR_Dats_band_ALFA_EP_O_2_can_D10.xlsx,14214,0ee27961a0e9fc105ea8be5f2741a8c16c38b5bda00e3103bed253ee057d3955,annex
code/FR_Dats_band_ALFA_EP_O_2_can_D11.xlsx,14178,9fbe032c9ffaffed36988e171f0c2941c1c5a781ceee2baaf51cb8e08d55cbcd,annex
code/FR_Dats_band_ALFA_EP_O_2_can_D12.xlsx,14211,d22bfd5f0389d77e0e86230f7655538652668accae7d3900f95612a842230a46,annex
code/FR_Dats_band_ALFA_EP_O_2_can_D13.xlsx,14225,8b179701fe6b1687f6c51e45ae918c718ff0fd29ea35b03940433f14fe6fcfaf,annex
code/FR_Dats_band_ALFA_EP_O_2_can_D14.xlsx,14233,10ccebe23370a64c39fac05fda9ee88677395a39be88d88f640d789a793602e6,annex
code/FR_Dats_band_ALFA_EP_O_2_can_D15.xlsx,14221,20e5cf940ec5f786630f406198a9148e16c3091790b62d842bce694e6e9123c9,annex
code/FR_Dats_band_ALFA_EP_O_2_can_D16.xlsx,14263,94ecdafaf91e1691d6c9f7ad60e977a00c0991d7f7915ba1d2c36e736d1280bd,annex
code/FR_Dats_band_ALFA_EP_O_2_can_D17.xlsx,14209,3a8e8a9b9689a42fde74f94eac60026241d005fde98878c9761dd3f14ed706fe,annex
code/FR_Dats_band_ALFA_EP_O_2_can_D18.xlsx,14204,ccd073b4a2cddbb5c16cd0cef2b805463c2202de151f80033d00a0201f36e698,annex
code/FR_Dats_band_ALFA_EP_O_2_can_D19.xlsx,14237,24a1a528094a4c881a8b4b9fc6db8174699959b5c966af31074130fc62e65370,annex
code/FR_Dats_band_ALFA_EP_O_2_can_D2.xlsx,14207,6e4fbf8965c8b1fc260d9a34f669eb6668708f9463c9c04c50665d9077ad44c7,annex
code/FR_Dats_band_ALFA_EP_O_2_can_D20.xlsx,14247,8cfa269aa252633f74790fcf8221b21eac1ec5b9250f72ae15d26e08fb23e3b6,annex
code/FR_Dats_band_ALFA_EP_O_2_can_D21.xlsx,14185,f7361ade0083a3b67cf8a7cda52802e4e047cc1ee76d933a6275afadf57541ca,annex
code/FR_Dats_band_ALFA_EP_O_2_can_D22.xlsx,14212,420a3245b2eca5aecb5ecbd469dea1468aeeb9d2fb32bc0e93daa2b24ba76b66,annex
code/FR_Dats_band_ALFA_EP_O_2_can_D23.xlsx,14178,97c003f6274fc282804db69857d9863fa15d41622edd152261018f40852ecb1e,annex
code/FR_Dats_band_ALFA_EP_O_2_can_D24.xlsx,14235,50086d4f79f5256622d1c0a1f91fae88c00146ae241b315c87167abcc145df73,annex
code/FR_Dats_band_ALFA_EP_O_2_can_D25.xlsx,14233,8cbee33d94f2ca705c7edf473954c725f0bf38a27bddd92f63851b5748b6a659,annex
code/FR_Dats_band_ALFA_EP_O_2_can_D26.xlsx,14199,322fa48458ff18432a9837db09e2862add96e59279d50ecc03141b42db7d400f,annex
code/FR_Dats_band_ALFA_EP_O_2_can_D27.xlsx,14269,884851f36a50292cd4330c0fa069469c33b596559845643e38c051c17ddf4912,annex
code/FR_Dats_band_ALFA_EP_O_2_can_D28.xlsx,14236,54e8e2aa3afa40eae6ed0371169340765e86b5845fa54b208abb59e15031ee2a,annex
code/FR_Dats_band_ALFA_EP_O_2_can_D29.xlsx,14240,cdf248ce8792f422de7458e831109e0b4bef90297e5d286a0927c631cb95804c,annex
code/FR_Dats_band_ALFA_EP_O_2_can_D3.xlsx,14155,8e15234500cdf657f7ccb9391a8a28b072dc385a71cf822449da6e02828a4f42,annex
code/FR_Dats_band_ALFA_EP_O_2_can_D30.xlsx,14242,0dbf8fe4d395cca2ede42dbd4ed8693d64d72d1cf1dceaf899aae5cad526b56e,annex
code/FR_Dats_band_ALFA_EP_O_2_can_D31.xlsx,14170,0b6f51bec4c2d661c39c006df6bc8d13b6dd3f6a32a77e2c12dd1e09296d9770,annex
code/FR_Dats_band_ALFA_EP_O_2_can_D32.xlsx,14175,f0453a8c82f32a7215a9c5706b0c2ce82d7d1ad2561e2aca263d0829b9e654a3,annex
code/FR_Dats_band_ALFA_EP_O_2_can_D4.xlsx,14134,3d4b875d47e7385cb4a449b6ebdd8887ec4fcde2b12935807770ff569eec9c97,annex
code/FR_Dats_band_ALFA_EP_O_2_can_D5.xlsx,14204,66a3cea91425f61df2c2cab3228d40fc57601a5ec070426263ea425468f2ab0e,annex
code/FR_Dats_band_ALFA_EP_O_2_can_D6.xlsx,14189,fa3e3caecdda22a03034184024c90c10cbe502798d1183d076e86578be47923f,annex
code/FR_Dats_band_ALFA_EP_O_2_can_D7.xlsx,14175,e7b5f7831edf6ac2bacf011e66bea51caffcb63277438f20681e360e507f7514,annex
code/FR_Dats_band_ALFA_EP_O_2_can_D8.xlsx,14211,49f6522dea19c2a1c3cbca4c6d9db7b9513634a1f100fabcbae548a1b12121d4,annex
code/FR_Dats_band_ALFA_EP_O_2_can_D9.xlsx,14223,22365e1170a517e06e3d18a922f78d6766609f8e6e649a305de022f7712adc02,annex
code/FR_Dats_band_BETA_EP_C_1_can_A1.xlsx,14149,f5ea37cda80ace53b005231134ac9353eee02ee6b8a88c894289fab4bdc337c2,annex
code/FR_Dats_band_BETA_EP_C_1_can_A10.xlsx,14179,4886aadd5230f8fb1936e55d6f9f80757468c70778c1397a650ed7ac3dfe7227,annex
code/FR_Dats_band_BETA_EP_C_1_can_A11.xlsx,14175,6d64aab94d241c81e3df09e638dd74692487cbfabc1803a11706c50f3ef261c5,annex
code/FR_Dats_band_BETA_EP_C_1_can_A12.xlsx,14160,6bd20e13c40e1e2c81d1924a5f52d9fbb1de35ac2d46358503f65685b63fe85a,annex
code/FR_Dats_band_BETA_EP_C_1_can_A13.xlsx,14141,a85c4fd7677ee02cb1b21e89a19343c78fc058402016825e6c1746f029f7528d,annex
code/FR_Dats_band_BETA_EP_C_1_can_A14.xlsx,14182,f2c62aba25108e19095b6ebb0730baeaced9b6d11e3347a2a2b683e8f64d91ee,annex
code/FR_Dats_band_BETA_EP_C_1_can_A15.xlsx,14154,dc8e826f57dc82d037cdf22e3e362f2805c056e6abd29fee6f2873d7816c7047,annex
code/FR_Dats_band_BETA_EP_C_1_can_A16.xlsx,14239,dc1899bafc125118420a2ce1729bf4040c3d33b52ae349b1a128d8f3d4dcafa0,annex
code/FR_Dats_band_BETA_EP_C_1_can_A17.xlsx,14166,58dc180eede3892f383cdbc8285a70476db36f2e220caf790636d773f841c7a0,annex
code/FR_Dats_band_BETA_EP_C_1_can_A18.xlsx,14167,ea7066a6e1fad90860c9d2341cc0be82c3c565aa6db1764556294b6b25bfd2f2,annex
code/FR_Dats_band_BETA_EP_C_1_can_A19.xlsx,14158,2800be79e6f76eb9cbd19d5a93fbe61e63d536c32d1c6d53f36f85fb37780d30,annex
code/FR_Dats_band_BETA_EP_C_1_can_A2.xlsx,14198,8e1299ffad940ff74221f7b58f834d51fa379158bdab583a44765b61c2a6668f,annex
code/FR_Dats_band_BETA_EP_C_1_can_A20.xlsx,14178,bffb699269325063d29d4cf2f6f55140d335b97d0ef06a088724a92a6a959868,annex
code/FR_Dats_band_BETA_EP_C_1_can_A21.xlsx,14182,303038edf414e08b90909cde36e63fff8f61ca7e4ca095ad15a6b8f6ae51d9d1,annex
code/FR_Dats_band_BETA_EP_C_1_can_A22.xlsx,14179,78ce8a1e62f247a9a852fafad40d0831121c39f8b02986da09f21ce42da0d3b6,annex
code/FR_Dats_band_BETA_EP_C_1_can_A23.xlsx,14211,f62d5c4188e62d26caab955d8608f622dc76a4ce2379d9489742620928f06745,annex
code/FR_Dats_band_BETA_EP_C_1_can_A24.xlsx,14171,3cd5c47adf038f047414a00b1a13e49ed9130175d49df35917638d4eb4a31f32,annex
code/FR_Dats_band_BETA_EP_C_1_can_A25.xlsx,14156,6677caa822def29dad92fdb99b0faf33826f83889bd8cf4936c0ea66f510d727,annex
code/FR_Dats_band_BETA_EP_C_1_can_A26.xlsx,14143,328c5446e973eb71bfd34c34689a7bb478fca5e03e316fe03c10169190aa4f37,annex
code/FR_Dats_band_BETA_EP_C_1_can_A27.xlsx,14244,59554a03baef06a62fbbaba4117fdbaacabd2659c08feb33ee90be10222c1e9e,annex
code/FR_Dats_band_BETA_EP_C_1_can_A28.xlsx,14119,f5f32357ae846b50198ca13dde3a9ca66eadac92178a63a2924a609671ec58a0,annex
code/FR_Dats_band_BETA_EP_C_1_can_A29.xlsx,14138,062ac6b2074a38d56fd4fca016097c3ad3f4965379075b87ab9ecc67262d6158,annex
code/FR_Dats_band_BETA_EP_C_1_can_A3.xlsx,14168,e99a296c34beff2d224d2a5c1ee57fd9431808574aa348ee2d6fd35e4fc17176,annex
code/FR_Dats_band_BETA_EP_C_1_can_A30.xlsx,14186,63240897dbe1c87b11a3f1121a7d696db8e5910846f11c517d86e95b3b944952,annex
code/FR_Dats_band_BETA_EP_C_1_can_A31.xlsx,14220,b9a42a3d7a463641bdaa75880d49927f8682b67fee5ada7a250035eed4332ba9,annex
code/FR_Dats_band_BETA_EP_C_1_can_A32.xlsx,14202,c1bc332f697945091583c70661e75c7fb2da5634660b3b9be0145f572bc5738f,annex
code/FR_Dats_band_BETA_EP_C_1_can_A4.xlsx,14202,421e547c19127a827c5e1b8905006a9d3b72fafed5f2dccf63a9c9628f6bd98f,annex
code/FR_Dats_band_BETA_EP_C_1_can_A5.xlsx,14196,5278c504d6a22e9f5f389fbc929988c34aac63dcc8b98bc08bbc49225fa5ceb2,annex
code/FR_Dats_band_BETA_EP_C_1_can_A6.xlsx,14208,08b110bcfe2b9c66f0f6aa018e2a141b43a10facb10a2c70c988c514b90849c4,annex
code/FR_Dats_band_BETA_EP_C_1_can_A7.xlsx,14209,77fb6763cfb1b24730994d21e0b6502a419bb90a1380e71228d5cd9c4a9e5ae1,annex
code/FR_Dats_band_BETA_EP_C_1_can_A8.xlsx,14245,1012fca4da135e8e20d9b4d012833b259648d50dd74c7f8a2a6a334351b5e385,annex
code/FR_Dats_band_BETA_EP_C_1_can_A9.xlsx,14177,60dc33d9eebb3256c0f20b826a0466021f6c5951ad6a8128ed87be22705b74ab,annex
code/FR_Dats_band_BETA_EP_C_1_can_B1.xlsx,14187,1723d97aefb1c6f91630b43ce758f3d60157746fdb11a220848adfc6d414e83e,annex
code/FR_Dats_band_BETA_EP_C_1_can_B10.xlsx,14232,a2d92bb6f6480e3726e4732d8c9dd00012ce1ff56c06e9e1cc3d0500edd30e0d,annex
code/FR_Dats_band_BETA_EP_C_1_can_B11.xlsx,14203,7cfa1fa4c1242b05e7cb4e2ad2d965c7c6eed7840187caacb71a8896b87c432e,annex
code/FR_Dats_band_BETA_EP_C_1_can_B12.xlsx,14241,c1496539b09a50bb7d9c66b08b081dfbcd7b6387086f6bd9b592b1010044450b,annex
code/FR_Dats_band_BETA_EP_C_1_can_B13.xlsx,14204,da6e269bd2bd674b3883f115ba8b8a71bc70e00bf28489ca1ace2b916098c40c,annex
code/FR_Dats_band_BETA_EP_C_1_can_B14.xlsx,14182,6c29baf9583aae92880b04f880629456f6dbb38a3c35297f5c8a0c26397ceafb,annex
code/FR_Dats_band_BETA_EP_C_1_can_B15.xlsx,14214,46235bb2a272de38649b20bf16691c9585683e6dbef49525846e9597b329e7e5,annex
code/FR_Dats_band_BETA_EP_C_1_can_B16.xlsx,14198,8ad4a6c27b5c9eba16ac1f5665ac8b2b89d07fc2ea0af7de922aca173bcdc4d9,annex
code/FR_Dats_band_BETA_EP_C_1_can_B17.xlsx,14238,c34572b73a1ee8739ad571dc191d7ff98cd62fe46a04c40797939fe6d38f740b,annex
code/FR_Dats_band_BETA_EP_C_1_can_B18.xlsx,14216,6055ae2317d93a37d93d2c838ec2294957a63a04a338ac8c02a5aadd1f80e006,annex
code/FR_Dats_band_BETA_EP_C_1_can_B19.xlsx,14182,e551c7a095fa2767c155267a16dd830da7b9f8177f3635b0102fe94a91a2a4b9,annex
code/FR_Dats_band_BETA_EP_C_1_can_B2.xlsx,14145,881b9348b3fa3c381fffc3ce56651df64102d8c830132e5b83a429ab44251b17,annex
code/FR_Dats_band_BETA_EP_C_1_can_B20.xlsx,14159,19d319063d39bf67f8af885793a62d62e3b22f98e7f71ab90f9c841ba9036ad0,annex
code/FR_Dats_band_BETA_EP_C_1_can_B21.xlsx,14220,30b2f3e9dc10ab6fca47b2d166b8c5443f0976694a0692bdbab93d7b364d41f2,annex
code/FR_Dats_band_BETA_EP_C_1_can_B22.xlsx,14256,b5ab5b6309a86d978cf125026873e2dce981784aea3d9b15cb0e9531e467bb63,annex
code/FR_Dats_band_BETA_EP_C_1_can_B23.xlsx,14190,022cf4a23e7f2c26c3532cabd344fda8abeae79f1dfea6e3553481fe608c9a4e,annex
code/FR_Dats_band_BETA_EP_C_1_can_B24.xlsx,14155,95b755a07a7b1ed52145a031fab0f2fec19b3e913c632f216802972a7adc10c8,annex
code/FR_Dats_band_BETA_EP_C_1_can_B25.xlsx,14225,2703e56832b34817622b674d804aa7414f62cbff105c04edd8d9c42e509f1657,annex
code/FR_Dats_band_BETA_EP_C_1_can_B26.xlsx,14182,8aae585e5b5d3951d57e37015706f4b3fa2af75cac3ea5fb4aa58e49ddd819a1,annex
code/FR_Dats_band_BETA_EP_C_1_can_B27.xlsx,14184,9c150a0253b7bab42b577ac28f903fb05c0bd9a462734272c0596ea6c5ef9640,annex
code/FR_Dats_band_BETA_EP_C_1_can_B28.xlsx,14162,9aa3d5f8c00d69e832f64a7d4c7b5edd9527303f56d87edf0814c3e947f2bbae,annex
code/FR_Dats_band_BETA_EP_C_1_can_B29.xlsx,14151,19bdd04eb2bd0ce4a0bc9161daa5451d02dcf4aa72125a3f39ae46e3ed623a5f,annex
code/FR_Dats_band_BETA_EP_C_1_can_B3.xlsx,14175,5a216e8434edb74334c8639bd8238ad3a7560b785c68379c47cdb2483a555459,annex
code/FR_Dats_band_BETA_EP_C_1_can_B30.xlsx,14198,744d6033bd3a3213bd16d82ae843588810a59907c54f240f12f8ee0493a55968,annex
code/FR_Dats_band_BETA_EP_C_1_can_B31.xlsx,14195,4df428aba2963627975841931d81f44b0bd2fc275d5156fce01cd3c9c3a3b3bc,annex
code/FR_Dats_band_BETA_EP_C_1_can_B32.xlsx,14168,c8566fb045ab402a6a534ca11095be1bc156e7a7e96c5b3d9c2ae025edecd3f8,annex
code/FR_Dats_band_BETA_EP_C_1_can_B4.xlsx,14237,e17b583748e4205e418e9f1366ff48077f406baa6e8987e6f1c9d2850a290d46,annex
code/FR_Dats_band_BETA_EP_C_1_can_B5.xlsx,14127,1e41b6304d14d98132112d8e88c22d930af06cde800fb14c621d61ba56370b44,annex
code/FR_Dats_band_BETA_EP_C_1_can_B6.xlsx,14130,1367f523fe9b981e910fe23168718dddc3e7a002968edd0dbea7385410c64e9d,annex
code/FR_Dats_band_BETA_EP_C_1_can_B7.xlsx,14220,42bad6898afa130f493fa251246573edc3a1be2d79d4f44be87dbfb9f2130185,annex
code/FR_Dats_band_BETA_EP_C_1_can_B8.xlsx,14197,90705c3288b99ca262cc98a8f35a378475265a4bb396b73805c2f47dc0778bb4,annex
code/FR_Dats_band_BETA_EP_C_1_can_B9.xlsx,14175,8430276ad192e12fc380b718185a9bcbc7f33f191c2d24df1897989f346b5cd0,annex
code/FR_Dats_band_BETA_EP_C_1_can_C1.xlsx,14208,80553c1f594e2f705e3a12116238e7439f5954180e7497a466c556fa1ad924cd,annex
code/FR_Dats_band_BETA_EP_C_1_can_C10.xlsx,14174,02b11c650b3d72cda146bb2140a42ab497ffd470994a98997dfb24f9f8a065f6,annex
code/FR_Dats_band_BETA_EP_C_1_can_C11.xlsx,14156,5617e81c4d95ce97369c28aace1768c504f334e6a882d32d984f60b562845fc4,annex
code/FR_Dats_band_BETA_EP_C_1_can_C12.xlsx,14139,843992c2815b1377bc610695ad39c452f9b7aa6df81e154eb50111368dad5060,annex
code/FR_Dats_band_BETA_EP_C_1_can_C13.xlsx,14154,b4284b46a6916d5aa0c5ededb41e85081ecaf7a95d06fa92ff2a4749e76bcb9c,annex
code/FR_Dats_band_BETA_EP_C_1_can_C14.xlsx,14175,f910f5c3ca98f232451c9be09330f2d953aee8d8d89b76c13e2b2a81ed22eab1,annex
code/FR_Dats_band_BETA_EP_C_1_can_C15.xlsx,14157,41728f93449a62067e644bd00a0beebdb650056984e4d696473738da013d71ca,annex
code/FR_Dats_band_BETA_EP_C_1_can_C16.xlsx,14109,daf23af639062a73019d2dedb52b6eece0d9d1234ba8e5697099129ebd62c76e,annex
code/FR_Dats_band_BETA_EP_C_1_can_C17.xlsx,14179,1a661c99f378c1b0f36ca2292f6861bf296a42f3b9711792efd07b312640b376,annex
code/FR_Dats_band_BETA_EP_C_1_can_C18.xlsx,14128,2ad6b7b07f44b4d2bd380baca3b87f99412ea653801cc88bc72ea362bc9a93d0,annex
code/FR_Dats_band_BETA_EP_C_1_can_C19.xlsx,14139,242b29c3ae485b36e389261251fa276da1e04a2d3508b5a24ab7c0e42df827fb,annex
code/FR_Dats_band_BETA_EP_C_1_can_C2.xlsx,14200,ec6d6d609a9c32f0ad118ce57f86c2cf75863b91284a61c7f1ec8359452c9752,annex
code/FR_Dats_band_BETA_EP_C_1_can_C20.xlsx,14163,dfaeeb5f64a39d9d7241141cd6f07e1a69ef0c4848caad75c7a8939341c852d1,annex
code/FR_Dats_band_BETA_EP_C_1_can_C21.xlsx,14128,9a2f9b76ba58be299ebe6194fb321e99257dfaf681d31bfd9c11c194c2abced7,annex
code/FR_Dats_band_BETA_EP_C_1_can_C22.xlsx,14215,40322dde3307525797e42ad1f3dfc47bb3ec40ea71c4131e8909556a0cfc1085,annex
code/FR_Dats_band_BETA_EP_C_1_can_C23.xlsx,14215,ff87495e1b2f5ed0b4e2b635118e2bb3586f490bf50ded3aa51f2f54500e7041,annex
code/FR_Dats_band_BETA_EP_C_1_can_C24.xlsx,14185,6dfd0a2455d6f00ead910d5bbad0f528ffb2f803e7f209a7d8cf7ade4295d54c,annex
code/FR_Dats_band_BETA_EP_C_1_can_C25.xlsx,14162,b7348dc32c416455950e7d8382289e493bd4a0cda46f4de8307d8b07acf76655,annex
code/FR_Dats_band_BETA_EP_C_1_can_C26.xlsx,14144,e53b12a630e5df855d475edcaa5349f326eae6bbbb2d2aeef6286a2d0f6a1489,annex
code/FR_Dats_band_BETA_EP_C_1_can_C27.xlsx,14198,e7775bd321abe6ba1faeba92d3a49466ec393427b8a03d1cd63e30b3eb8babcc,annex
code/FR_Dats_band_BETA_EP_C_1_can_C28.xlsx,14175,581775e2559c8963586c10aeea919cddcb54074b825e037ba12dc256bcfbed41,annex
code/FR_Dats_band_BETA_EP_C_1_can_C29.xlsx,14172,89dd4bae63512021d040b17a5ac4c6c89cf499cd15b18c3c545770021bec77f2,annex
code/FR_Dats_band_BETA_EP_C_1_can_C3.xlsx,14167,6e41976aa6bed169f75e9a4e87fbe054c16ab52bbb2e9f1828819f6922036b7c,annex
code/FR_Dats_band_BETA_EP_C_1_can_C30.xlsx,14159,7cd4aa6361b026d8dd971ff4a6de03f3e1a74c0385110e3b77947aa267ac3451,annex
code/FR_Dats_band_BETA_EP_C_1_can_C31.xlsx,14174,1012e7a1bcbf2bf831c4f8ce1673a53445ca0e9edcc660a8f3f6f3227626cdb9,annex
code/FR_Dats_band_BETA_EP_C_1_can_C32.xlsx,14124,d26c56169eadd294b465be784b6ceb056736533ab03e5bf8e2a97470035f4bd6,annex
code/FR_Dats_band_BETA_EP_C_1_can_C4.xlsx,14189,a67a673f83994d034a84553d32309a1155f583c73e46e143d14bb596b8598d10,annex
code/FR_Dats_band_BETA_EP_C_1_can_C5.xlsx,14173,812aec19d1baf1233cd9edbb21d7838c2b8ce4d47fa5b5c425259cc27751618f,annex
code/FR_Dats_band_BETA_EP_C_1_can_C6.xlsx,14157,48a874e0ac10f5f0c56c690fb7fc6e9c0a980d1d240e18517f88af873da54a07,annex
code/FR_Dats_band_BETA_EP_C_1_can_C7.xlsx,14157,618e8b9d53b1b0f54bbf1f5c273a6d8ad01f70f6177f82f3f39147d05fa327e6,annex
code/FR_Dats_band_BETA_EP_C_1_can_C8.xlsx,14166,ab51608beed9f428defeba5e921fe0d133fa1f92ed9b38f040b87fd6b860024f,annex
code/FR_Dats_band_BETA_EP_C_1_can_C9.xlsx,14166,d3562c588bd19157483716c18c7abe60de58676e295c99e560623461a12f31a4,annex
code/FR_Dats_band_BETA_EP_C_1_can_D1.xlsx,14236,2cb4abc3765cac2f7790e9fe61096c70185f5416ff07d48fd7b94abc88fc618e,annex
code/FR_Dats_band_BETA_EP_C_1_can_D10.xlsx,14166,83275b082748f1950694efb385533f8818c41eb6f1c02e78ef322910bd8561a8,annex
code/FR_Dats_band_BETA_EP_C_1_can_D11.xlsx,14185,fb610d82b87ca29fd29cebce5dbd083851e6364ec7bec32581f190bab0c6f14b,annex
code/FR_Dats_band_BETA_EP_C_1_can_D12.xlsx,14187,752b909d86df2f4a874912cdffabe90089cf8cce8508205a55f55545ff97ca17,annex
code/FR_Dats_band_BETA_EP_C_1_can_D13.xlsx,14175,4bd392298df58705cbfbadec61dbd5bb550e77c136b694b302e0ce8def819202,annex
code/FR_Dats_band_BETA_EP_C_1_can_D14.xlsx,14186,5605101ebfd17286a114c034de482f19f5c5c9bac82e171b55cc061449cb1c75,annex
code/FR_Dats_band_BETA_EP_C_1_can_D15.xlsx,14186,d54da2228c505ae2f89582c52dfbfb6ad089bd8960e8dc87a0799adcecb54e75,annex
code/FR_Dats_band_BETA_EP_C_1_can_D16.xlsx,14205,6c7679c03ddfeaffdd1f3f32576b8914839ceee14e9c143b3f13bdee472f2ea9,annex
code/FR_Dats_band_BETA_EP_C_1_can_D17.xlsx,14247,d30a03c4ff2953ccf345b08874f531e2c858d61341e9b80c78cfcedd36b94a8e,annex
code/FR_Dats_band_BETA_EP_C_1_can_D18.xlsx,14212,c1c5a4502522953d6bff104a9640922688dbe902c2042ffb3498bbfeef7e3d02,annex
code/FR_Dats_band_BETA_EP_C_1_can_D19.xlsx,14212,b91dc6fc1306a7816a166bafba74cc36b13fd561f32a6fcc2f27a882c8cd5d8e,annex
code/FR_Dats_band_BETA_EP_C_1_can_D2.xlsx,14153,75a2684b903ab11375171e1c1b639c936871afb8a4eabcbdf0152235a1967df8,annex
code/FR_Dats_band_BETA_EP_C_1_can_D20.xlsx,14289,0b689dba793a3ac0ad14bac5a1669f37a4262a6f39844190f55bc26ec9411ef8,annex
code/FR_Dats_band_BETA_EP_C_1_can_D21.xlsx,14253,ea6cff4f76598b532770ad7110b6e782d0fc6aab886e7a4e6e01a731131bf440,annex
code/FR_Dats_band_BETA_EP_C_1_can_D22.xlsx,14209,6b6ae04ab0e9ec54270341c951a0409e1a3f5ebad413cda162ad5d768e85d758,annex
code/FR_Dats_band_BETA_EP_C_1_can_D23.xlsx,14115,b2f81b39fc959ba0010fb6d14afcf8ce88745610588e02268bd9aeb18174728b,annex
code/FR_Dats_band_BETA_EP_C_1_can_D24.xlsx,14219,18bd8a7b6350f149545e1e573eac596b87d855a841033f879c9b257f9e251079,annex
code/FR_Dats_band_BETA_EP_C_1_can_D25.xlsx,14196,26e29a66a75865487df1fdfe966ea28b4a1b987cb8b0e700ee7224e24680c471,annex
code/FR_Dats_band_BETA_EP_C_1_can_D26.xlsx,14187,c8e82d2831d28203099eed4480c486351082e369fc6025e8711135ef3481bb2e,annex
code/FR_Dats_band_BETA_EP_C_1_can_D27.xlsx,14230,c28415c87f4d24fadee0cbde54d13de33dbc120d7e3b59a0940a3c1165e6378f,annex
code/FR_Dats_band_BETA_EP_C_1_can_D28.xlsx,14235,ebf4edf3a00264487d6f86ef5c21b558ca1f67b8615d3408b1731e4631e515bf,annex
code/FR_Dats_band_BETA_EP_C_1_can_D29.xlsx,14238,6c753ef25558a395f8622940c847aa8661f5e20ec19242f883b19e6f4c4b9031,annex
code/FR_Dats_band_BETA_EP_C_1_can_D3.xlsx,14192,85cff10ea57bfa565fba42e9ba6111ee76ef82ac0818a0075ff3e625b025c7a7,annex
code/FR_Dats_band_BETA_EP_C_1_can_D30.xlsx,14237,5d89e16e0dd433ca08ce05c81e29c6458173fcac91a262d8026b5f5c6f4094ce,annex
code/FR_Dats_band_BETA_EP_C_1_can_D31.xlsx,14254,63ce81dc09c1afa50ff40f95c2a9437ad7ba9f4b5f5716258f46710af268e51c,annex
code/FR_Dats_band_BETA_EP_C_1_can_D32.xlsx,14147,6f5dc3aaad8a783fb44c4a4615fb1f3191f058d817a8e1defe7fc135fcaa89ad,annex
code/FR_Dats_band_BETA_EP_C_1_can_D4.xlsx,14203,5e0b1cf8458ce2dfedcf2c2bcd8290a27812ad9c6362c14f0e616933f4571f1c,annex
code/FR_Dats_band_BETA_EP_C_1_can_D5.xlsx,14188,a47b7fdea65018954eba68c156eb5ddf717b0dc461b8232739418134c52694f1,annex
code/FR_Dats_band_BETA_EP_C_1_can_D6.xlsx,14217,678dc87d5607c6d09d999d0cfbafab175beab6fab68400f66c4a284269ce4e12,annex
code/FR_Dats_band_BETA_EP_C_1_can_D7.xlsx,14162,15e30d7e9ed177491d9459bdebddf3fdc1f16efe69a44154fd7397f33160ac52,annex
code/FR_Dats_band_BETA_EP_C_1_can_D8.xlsx,14145,31cd478c13705c597508c00731626b67aabda4c74f123b6d97d77c40353ce8dd,annex
code/FR_Dats_band_BETA_EP_C_1_can_D9.xlsx,14179,d85920c1da2bc65832bab6f31819c21313af28b1026348d7e42a5e473173112e,annex
code/FR_Dats_band_BETA_EP_C_2_can_A1.xlsx,14168,a3ea9c3d60c1e33251b13757b66dabe8629fe48f5f41427134683c6846502739,annex
code/FR_Dats_band_BETA_EP_C_2_can_A10.xlsx,14212,f03182998211655ba8e24ed90662f673c910bb3ba71aec10d5093d6eaa8ea382,annex
code/FR_Dats_band_BETA_EP_C_2_can_A11.xlsx,14165,3dcaeb82c3c0eddbafee613b7c609158851d8232c7509d0d077e18ee50ace1fd,annex
code/FR_Dats_band_BETA_EP_C_2_can_A12.xlsx,14119,4754845f37ef7bd012ec80f01cd332cfbbef0faf5a42f62b586ba8bad294c211,annex
code/FR_Dats_band_BETA_EP_C_2_can_A13.xlsx,14144,a60fa313fe4b8d951d8a6ddbfbb394dcdb7c0652a83d267362cca5f45682dcea,annex
code/FR_Dats_band_BETA_EP_C_2_can_A14.xlsx,14135,f69a392a05d4aa00b5f209c589c6ec309b0ed5e60f00b7eeea3cb0af7ca00be3,annex
code/FR_Dats_band_BETA_EP_C_2_can_A15.xlsx,14181,e2dae9f3ca4463d5198d0f0cbfcc431ce161cd2b9ed455f7eee66ae3adf64077,annex
code/FR_Dats_band_BETA_EP_C_2_can_A16.xlsx,14177,2454d3acb77d0c780da38e594992d0cd6d76af7ee4f15c269e83dc9c137f2e96,annex
code/FR_Dats_band_BETA_EP_C_2_can_A17.xlsx,14200,f8a96a58d77945047a83350a90ae7a0fc1201b6696155cf9dac1cc07333e6e80,annex
code/FR_Dats_band_BETA_EP_C_2_can_A18.xlsx,14150,caf4b73bb57900b26215b371d4329b88151f784d2faa3f1433a14afe7e44132f,annex
code/FR_Dats_band_BETA_EP_C_2_can_A19.xlsx,14192,0784e3bd7a375fe73e26d0787c6bb2710604132f7e189dccf2ba24cbbc390a98,annex
code/FR_Dats_band_BETA_EP_C_2_can_A2.xlsx,14171,0ca525df99e633b20ea7c2453015a5fee31beb08d30866b857f849cc9d4c135b,annex
code/FR_Dats_band_BETA_EP_C_2_can_A20.xlsx,14147,ed02f5489caed411cd7e57d2464215da0720cf66babb47a2edf397e9b891ed41,annex
code/FR_Dats_band_BETA_EP_C_2_can_A21.xlsx,14156,1722219d0f4076e66232af5fb163d2088c959f0fea557351e0f7d4881de73b2b,annex
code/FR_Dats_band_BETA_EP_C_2_can_A22.xlsx,14182,964442b3b5e26f81e21bd1e7f08cb7b2f5536d59dca51af39f168a3facca0307,annex
code/FR_Dats_band_BETA_EP_C_2_can_A23.xlsx,14166,7f81e8745a877525f6c7fa47d0be7ecba5c847908aebcda61a9b10782f546952,annex
code/FR_Dats_band_BETA_EP_C_2_can_A24.xlsx,14234,6a6aa77b98939839067bcd92dbac205e625e16cdbe703ebcdf1b4c6d61e8d99f,annex
code/FR_Dats_band_BETA_EP_C_2_can_A25.xlsx,14139,ede17a46eb18523ae5957dc303dc6d8fc06df6a9f76c1403f0941f4071a61cc4,annex
code/FR_Dats_band_BETA_EP_C_2_can_A26.xlsx,14182,405e6a6a5249c5bf0803279105405b4d3fd9f7aa54bed56144cfa74e3988d4fa,annex
code/FR_Dats_band_BETA_EP_C_2_can_A27.xlsx,14192,9ebac414b37228b76228a0b3253da2c0aec493ad4555f6172f1fa456d35b5dc3,annex
code/FR_Dats_band_BETA_EP_C_2_can_A28.xlsx,14164,40f1779257c93c2a6612d4d49b9294f25daf1079ccb8549833f6d2df9b0e0e0a,annex
code/FR_Dats_band_BETA_EP_C_2_can_A29.xlsx,14171,fa6f333364450e0111e3ec531e0d5ece3b7e64703dee265dffc8919d9cecf45f,annex
code/FR_Dats_band_BETA_EP_C_2_can_A3.xlsx,14172,82f7db98d9aa75947c3f7fad8d7c451a082543743dcbed2679d7f63f5e53029b,annex
code/FR_Dats_band_BETA_EP_C_2_can_A30.xlsx,14205,1c68bd3f15238cbaff25304eaee1e530bab884adf99d56d4b520b6f65507d365,annex
code/FR_Dats_band_BETA_EP_C_2_can_A31.xlsx,14223,16bee9456aa23ffc99acbccd1d19ada072cde19b3e56b7a14bee7b2cb2c9f06c,annex
code/FR_Dats_band_BETA_EP_C_2_can_A32.xlsx,14168,158f4721087f8b16d1e631e6c51198bd8d6896a2002d989e7b0a49d3efb9b122,annex
code/FR_Dats_band_BETA_EP_C_2_can_A4.xlsx,14192,ebda205e80828d4ad57af5d7e8772225e96c87fe8d047f6ed54fad131dd44068,annex
code/FR_Dats_band_BETA_EP_C_2_can_A5.xlsx,14142,ad86e3d7bd997699175425da73285df697131e88c3174d697a9e12c0e244b2e8,annex
code/FR_Dats_band_BETA_EP_C_2_can_A6.xlsx,14214,c9337b072c052617a24cbc46bf635d7ac8d462866cef1f3c47bca8780a19f6b1,annex
code/FR_Dats_band_BETA_EP_C_2_can_A7.xlsx,14163,3218e46a3fe51d0a287e7ad505367e0188b189a6af4d2422d5c09a6b849ae7f4,annex
code/FR_Dats_band_BETA_EP_C_2_can_A8.xlsx,14195,1fad3c043bd78411cbf9d094cac479bda3cd270389a67944bfa1213139ebf201,annex
code/FR_Dats_band_BETA_EP_C_2_can_A9.xlsx,14205,433632d9d33e84c979a37616f81a71ec7c06a12dd1e7b71042af623543fd0d10,annex
code/FR_Dats_band_BETA_EP_C_2_can_B1.xlsx,14226,3d65a7a6b4a59b5fae7d334417615c5615670cfb735789d088f43a0230f9a2c7,annex
code/FR_Dats_band_BETA_EP_C_2_can_B10.xlsx,14204,51bb84cc8ab01481a845959190c33c729e66569184ce4dde16307086b0473573,annex
code/FR_Dats_band_BETA_EP_C_2_can_B11.xlsx,14210,51a4ca1bc36d4390aaf582a236c3675ec28fd32feb93c4494b9e81d52f49e10f,annex
code/FR_Dats_band_BETA_EP_C_2_can_B12.xlsx,14235,8638b1bcb31a5e3f2898f48841ea5e7fa9c8e5b35aa1d597746fda439b5f0cbf,annex
code/FR_Dats_band_BETA_EP_C_2_can_B13.xlsx,14192,7b227f61d90354c8d42beb653a83d3d9cef2ae4ff8b7a0f5e1e5764a85931732,annex
code/FR_Dats_band_BETA_EP_C_2_can_B14.xlsx,14240,e2dbbf83430e5d78ea1ca696ed53342ed15f3bef26977d34be8a41cb27c624bf,annex
code/FR_Dats_band_BETA_EP_C_2_can_B15.xlsx,14211,08419078fefe7d836f221f8f9d24a623ca04e5a23451116fd0699fa34a268847,annex
code/FR_Dats_band_BETA_EP_C_2_can_B16.xlsx,14178,a9f150a98ae71639bbfaaa9c74541cb6172e606e20eb3e2190acd0599794664b,annex
code/FR_Dats_band_BETA_EP_C_2_can_B17.xlsx,14190,060d3c9b4f9a1190f878c2cface5c3b250f794c9337a3e9a3c57780a9ff5d95f,annex
code/FR_Dats_band_BETA_EP_C_2_can_B18.xlsx,14218,c3994801a165f2ee2a5059548eceb858aa201b9cccfb6395e4dacadfd1dc4abb,annex
code/FR_Dats_band_BETA_EP_C_2_can_B19.xlsx,14199,44863200b826b27931ba4c384b047a5fe59ddada59ecbe716ab8bf5f24fd36bc,annex
code/FR_Dats_band_BETA_EP_C_2_can_B2.xlsx,14146,7c092fcc69716ca5decb7a5e6ac5f02836cbe231a8b9b2bd1890236ced371405,annex
code/FR_Dats_band_BETA_EP_C_2_can_B20.xlsx,14193,aab425d43f9cc2d3c540cde92239d228907e78385e4d812aef0d3595f3500af3,annex
code/FR_Dats_band_BETA_EP_C_2_can_B21.xlsx,14215,97cdf6e13cb74ce43198e7616aadeededee09868e8c2c4365d4694e30cb6341d,annex
code/FR_Dats_band_BETA_EP_C_2_can_B22.xlsx,14201,ae755b1a425cfe550871416dca4ec7662032438a6ae63f9b7a6dfb6147f78e35,annex
code/FR_Dats_band_BETA_EP_C_2_can_B23.xlsx,14212,2fb670b76010d4787a906cfbec17551b3146205d71b8c242766c51febc2adf51,annex
code/FR_Dats_band_BETA_EP_C_2_can_B24.xlsx,14188,f39fc81ce182274480a9de0ceb3c0b18c1133dd76bf540ed831b5b9f0af3b6f3,annex
code/FR_Dats_band_BETA_EP_C_2_can_B25.xlsx,14224,f4c70991f0c5da0a89a3658ed2e5a9fb69649d4a9861cc402e8685aae151bbc6,annex
code/FR_Dats_band_BETA_EP_C_2_can_B26.xlsx,14206,373826a1f76550608f19788790c9804d72e7a8912e18f0cf08be44cac8986dec,annex
code/FR_Dats_band_BETA_EP_C_2_can_B27.xlsx,14226,349d3eacc021a18337d0eb89e27f0a081dd93e94abd700d1ce1626e499af082b,annex
code/FR_Dats_band_BETA_EP_C_2_can_B28.xlsx,14161,5f351ee4249adfd9a9733fb6fcaa7ca6e5ab897cfa35d7b1a230e4b225c78f5b,annex
code/FR_Dats_band_BETA_EP_C_2_can_B29.xlsx,14198,31ce52eaf89e0fcedeb4f452ce3fc1ee6a45322cc51c01334b35d2ba6c719f28,annex
code/FR_Dats_band_BETA_EP_C_2_can_B3.xlsx,14208,ae8d79329aaaaf1c6489f42e513a58db43cc7c2d7aefd55345819dd5f026ba79,annex
code/FR_Dats_band_BETA_EP_C_2_can_B30.xlsx,14259,c1ca45e76af9ac1af4a6ad1e2ee1e4693ee9cd1b1155416452d0c222e571289b,annex
code/FR_Dats_band_BETA_EP_C_2_can_B31.xlsx,14199,af257964299f56d47c14e305ad40358bb9f934476b37c8c59bb2480fcf85848a,annex
code/FR_Dats_band_BETA_EP_C_2_can_B32.xlsx,14216,23748222905ac0f415b63ff5ec4227b386f6a3303f4ba2fbc9bf168c900fc646,annex
code/FR_Dats_band_BETA_EP_C_2_can_B4.xlsx,14187,b0952eb06f721743014e94a90f5f26adf75d1592b4222bacd81f105334183757,annex
code/FR_Dats_band_BETA_EP_C_2_can_B5.xlsx,14196,bf29308fb3bd0080af2d54494fc31a4faad59581de850ba5731325743dd01457,annex
code/FR_Dats_band_BETA_EP_C_2_can_B6.xlsx,14079,f5c21d1ec07a9f28f8aea93457dc3674d146fa106ee8ea7e4cf1f2ebd9ad476a,annex
code/FR_Dats_band_BETA_EP_C_2_can_B7.xlsx,14201,40914dfa1e8e95581b0e5ca4a6543a907c76cca6181d329cae1f1d37061a5861,annex
code/FR_Dats_band_BETA_EP_C_2_can_B8.xlsx,14186,9ef2628037020b26e3d6109b002c3a07a661cbfa629e3bd78db8da7194473a0b,annex
code/FR_Dats_band_BETA_EP_C_2_can_B9.xlsx,14225,15de208288759ecceef875a2e2a718d47663d06d33b9bad6c3f94ca74d58a4b2,annex
code/FR_Dats_band_BETA_EP_C_2_can_C1.xlsx,14182,c29320a9adc6df5992d0990f62997b93b21294bf0322d5c5df752dd4407ce743,annex
code/FR_Dats_band_BETA_EP_C_2_can_C10.xlsx,14158,9619b5bc03f05e947518f848b45fb373d36a539f9dd1f7a5359d918b23d0af7e,annex
code/FR_Dats_band_BETA_EP_C_2_can_C11.xlsx,14121,fb54b5510159c09823591693671cc6a21963ecebb1b4adf90aa3d039bd46add2,annex
code/FR_Dats_band_BETA_EP_C_2_can_C12.xlsx,14208,35d9b9e218359f53d32e4240d54b5bc7632f5b0c1b00c5e5a5877a813ff85b88,annex
code/FR_Dats_band_BETA_EP_C_2_can_C13.xlsx,14165,0cea2192cc0574e9a5cb711b46f06b59ba62e8518ad5263fd32b85f51bb8a2cf,annex
code/FR_Dats_band_BETA_EP_C_2_can_C14.xlsx,14132,433c393fc84bd2fb94dbc6a2c23f5c72969b0edfa8f7984b2eaa3e9291915b9b,annex
code/FR_Dats_band_BETA_EP_C_2_can_C15.xlsx,14089,07ecc24dbbc77040ac9d205f8d4aa7a6d313fd351d400e59cabbf19ccc3fc3f8,annex
code/FR_Dats_band_BETA_EP_C_2_can_C16.xlsx,14137,a698ad3e82f1f2f03c307624400586cae709a5ad659d08c94db15b0689526e09,annex
code/FR_Dats_band_BETA_EP_C_2_can_C17.xlsx,14161,a12893b106d359db9d281545d19b1fa65616a89fca3e6509c1d8331a12c88756,annex
code/FR_Dats_band_BETA_EP_C_2_can_C18.xlsx,14146,fbf52c9b76f63811315b6c4d80fe00de849afafa0badc5c7bf8af461086cc70c,annex
code/FR_Dats_band_BETA_EP_C_2_can_C19.xlsx,14105,fefca8e1de1c2defac90b096b848ca80343fd3a25ec25aabcc9540cb5edd333d,annex
code/FR_Dats_band_BETA_EP_C_2_can_C2.xlsx,14229,7f948004001ea9074609ba3fa99debee92425abb36da0b64abf923435e49700f,annex
code/FR_Dats_band_BETA_EP_C_2_can_C20.xlsx,14159,a30bffdffe6a95b728a8e345a4dc467727339a00719579650f8145e632cc9c97,annex
code/FR_Dats_band_BETA_EP_C_2_can_C21.xlsx,14157,aa79fbf63e088fb2dfbe33f99b83d37f45956a50be39d1685874d9894593cffc,annex
code/FR_Dats_band_BETA_EP_C_2_can_C22.xlsx,14174,1db52c70b57a9f46bfd63b2b97d7320a0f229cdc4ac14e81f1d61e46e4c6862f,annex
code/FR_Dats_band_BETA_EP_C_2_can_C23.xlsx,14154,8b3bd3b5713451c016955dbf17350cfc51ba204085747f4c42acc886940150c0,annex
code/FR_Dats_band_BETA_EP_C_2_can_C24.xlsx,14241,9e68cb9d579ee22da049f6626025ee3c492fcdadc6866243f08f61d784476dc5,annex
code/FR_Dats_band_BETA_EP_C_2_can_C25.xlsx,14183,8757ebbcb0b6ddcb12f22931882e1f75d1aa3169cc0ae78445a3a6f7ccc21016,annex
code/FR_Dats_band_BETA_EP_C_2_can_C26.xlsx,14184,a23b112ec486d00e0c1e3b7db9c8643a069863c976ca6c710135e19e68aacf6a,annex
code/FR_Dats_band_BETA_EP_C_2_can_C27.xlsx,14106,c6b485d0c61f023e05409ea8e4c338c18ff01332279b18df8174bc9578d6d0b0,annex
code/FR_Dats_band_BETA_EP_C_2_can_C28.xlsx,14177,dae29cc3a9db0778910207f89208f56d75a6d79b24726144afd60f08a66e25e5,annex
code/FR_Dats_band_BETA_EP_C_2_can_C29.xlsx,14121,95758dedd1ad7bbde54744ac4244ec56f656c98d66a2c7afdbb436ca5d95d18c,annex
code/FR_Dats_band_BETA_EP_C_2_can_C3.xlsx,14146,7aabe9edf423a51ac0f5eb172f98cf248ca618fedb5cf732622baa1763e63bcf,annex
code/FR_Dats_band_BETA_EP_C_2_can_C30.xlsx,14150,8e4fea86b097d645eb736b50a26e73aeb34dc33d8f5735aeceef27cbf17d4cff,annex
code/FR_Dats_band_BETA_EP_C_2_can_C31.xlsx,14145,11d96ee8f29ce81ee9ec387ca58a14e1430162dcca9b1675ae09f317226625c7,annex
code/FR_Dats_band_BETA_EP_C_2_can_C32.xlsx,14198,2c0e75e42d7edbecf4a035f6cbb21a77b45ce82c7e1e353eb7e806e9860fa9f2,annex
code/FR_Dats_band_BETA_EP_C_2_can_C4.xlsx,14146,109939df1c097543347c64170a3d50738bbc88e78a033b8fe245c7884df69215,annex
code/FR_Dats_band_BETA_EP_C_2_can_C5.xlsx,14177,656455dd888c9a8c48e61aa515b6c998bf9a2afd5d6dc8a416d8164843537525,annex
code/FR_Dats_band_BETA_EP_C_2_can_C6.xlsx,14153,e978780808594c9c0808f118a2600bd0a7455402de4df48d841d725a7581cdaa,annex
code/FR_Dats_band_BETA_EP_C_2_can_C7.xlsx,14136,3de84bbe9d9660bb12d56e3b884c32b8d0f9ed682549733ec03629e363e53672,annex
code/FR_Dats_band_BETA_EP_C_2_can_C8.xlsx,14104,a4b56534e595467b4b1ba5db57a23e0a082a71c1e03f5875c3661d9eee2662b5,annex
code/FR_Dats_band_BETA_EP_C_2_can_C9.xlsx,14175,20a9ad9556972b1a7dfd606f9b9e85acf4855371e7f6703f0a655bc879178417,annex
code/FR_Dats_band_BETA_EP_C_2_can_D1.xlsx,14175,1c8e8a73deef18cba5e3998e1cac88344386be9cad27502ab1926c79cfb69a6f,annex
code/FR_Dats_band_BETA_EP_C_2_can_D10.xlsx,14221,3b4691e82b383f7bbcc8d25f5e638d81a72539ac0981474e63d6cb38edc9496a,annex
code/FR_Dats_band_BETA_EP_C_2_can_D11.xlsx,14151,de0994666970b39d4ed1808d3ca4fa42dcedbeb08338ed76fd8debea95c59315,annex
code/FR_Dats_band_BETA_EP_C_2_can_D12.xlsx,14221,cbed21fb4ae8a421677222cc4f36939d87dd32e80f211694a4c23c9821c93e6d,annex
code/FR_Dats_band_BETA_EP_C_2_can_D13.xlsx,14170,82e925cf1fe1337890c97e334ed9e783d637e9133135efd4eacf62eea77c6dc5,annex
code/FR_Dats_band_BETA_EP_C_2_can_D14.xlsx,14182,d89ceecc8c4db53cd85745d905b615679bce4c8b409f13494c6f3dcfc6a82f1b,annex
code/FR_Dats_band_BETA_EP_C_2_can_D15.xlsx,14231,e8c9de7f0a1ea3a456eb08df7c12489cac8f26d087f15fbaedc1bbdba1e4d3dc,annex
code/FR_Dats_band_BETA_EP_C_2_can_D16.xlsx,14155,d0758443af0cf0b4597242d4540c3f65f4b28d6fe8e6fdcd36b7831d362e3048,annex
code/FR_Dats_band_BETA_EP_C_2_can_D17.xlsx,14217,3b990b645ed0d70381dd2ad0dcefddec5bd47633ad587ab8f4018b55c4dd96b1,annex
code/FR_Dats_band_BETA_EP_C_2_can_D18.xlsx,14233,da4174ac9683176e6ef38349ec15cd4b9d0a42e4fe7c2edbe37cef561270f212,annex
code/FR_Dats_band_BETA_EP_C_2_can_D19.xlsx,14261,04ebf60d4b349d9ad19dd2f9d465d2d3e47e0b46c5348e756a314fecb8920349,annex
code/FR_Dats_band_BETA_EP_C_2_can_D2.xlsx,14179,e1966931072505279b5f001c920e675c4e28e7a37500f48299f38a2b3227c852,annex
code/FR_Dats_band_BETA_EP_C_2_can_D20.xlsx,14232,c9c05d3cfbd56dd54cd126649edc67c3a11b3f93e294feb51f342e20a80bfdcd,annex
code/FR_Dats_band_BETA_EP_C_2_can_D21.xlsx,14208,05baad787a23ddb44bb47c830d273eae75612512121d48762ac55a45d270aca8,annex
code/FR_Dats_band_BETA_EP_C_2_can_D22.xlsx,14212,4377183a698cfd0bd52172f11499f2780c6f80e5dfbc05db480276142f7968b5,annex
code/FR_Dats_band_BETA_EP_C_2_can_D23.xlsx,14231,4c7a0d5942106e3dd6fad462c28b550a1c03a99ab2632f99acd5669197478cb2,annex
code/FR_Dats_band_BETA_EP_C_2_can_D24.xlsx,14141,17be43cb0887981e9a22f9bdcb2277b7b97852931794e5d1550ce2bc55629d4c,annex
code/FR_Dats_band_BETA_EP_C_2_can_D25.xlsx,14192,d80223b3d8b2789cd2f7fc380cbbfc25d27f7c0d2c369adcc333ee19d7db8341,annex
code/FR_Dats_band_BETA_EP_C_2_can_D26.xlsx,14200,07bb27dcd14069807bea0d1884d7d0dec620bc4d520a7b49f2add7a78a5bc4dd,annex
code/FR_Dats_band_BETA_EP_C_2_can_D27.xlsx,14229,965e8e38325fb47a862fff97d2b28d238fae149dd919dc7613cd57896ffa70f9,annex
code/FR_Dats_band_BETA_EP_C_2_can_D28.xlsx,14208,4aed00b71fcaeed7b81d81802102181a4da0181f3e7a3d548f8d46f3f3bb9e2f,annex
code/FR_Dats_band_BETA_EP_C_2_can_D29.xlsx,14187,cc27b8f92015e3d1d49e57ea8a09496ad256c4a4e00318e0644b6431bdd59c92,annex
code/FR_Dats_band_BETA_EP_C_2_can_D3.xlsx,14190,6f27f80b9deadd4daa5b2cc1c6d2d666066acfd15cf836f2d3904af0c8dd1acf,annex
code/FR_Dats_band_BETA_EP_C_2_can_D30.xlsx,14198,01415583b06029decadacb79522f3b870053d0fa64ad58c13eeba0abd5a97535,annex
code/FR_Dats_band_BETA_EP_C_2_can_D31.xlsx,14269,01c759f4f790d0cd997844dac762c019484f81cfc1b0268988877cf612437582,annex
code/FR_Dats_band_BETA_EP_C_2_can_D32.xlsx,14164,d5e7d0e278c6c617af4013eccc8365be5c1edf28979d39c447898bc6328212f3,annex
code/FR_Dats_band_BETA_EP_C_2_can_D4.xlsx,14287,66b5fad218c87025a5c43e0259b6d3470b599a0f2b3a24e817ea24fbc1b91011,annex
code/FR_Dats_band_BETA_EP_C_2_can_D5.xlsx,14218,aa41319b66bac8b2a2eee0219127e655c4095f0f53d10e74489ad3f766ace0c0,annex
code/FR_Dats_band_BETA_EP_C_2_can_D6.xlsx,14187,ba56d546c7c11cec1801bb49654549541ad9b99c61b4dad5fff081a7c6ebf47a,annex
code/FR_Dats_band_BETA_EP_C_2_can_D7.xlsx,14077,a66b6205373ebff41871bf005387fecaf07f85116161fe21defc4f39eea093d8,annex
code/FR_Dats_band_BETA_EP_C_2_can_D8.xlsx,14153,c6e25b8a3f0860289012232c6ca4372e47feedc8ee0d7acbe55b866a7610b651,annex
code/FR_Dats_band_BETA_EP_C_2_can_D9.xlsx,14223,0f3ea643f31d27f76f7a4cf882980b871f0116a2757974b41ede99e5ed63f8fb,annex
code/FR_Dats_band_BETA_EP_O_1_can_A1.xlsx,14226,e49b9b7d777f9c21375da3ff7cd935643ccd86ad6cfb3ae7be643c3ca0af64cd,annex
code/FR_Dats_band_BETA_EP_O_1_can_A10.xlsx,14141,983b48a190169f9311c39b7e65dca69ef7199bb77a0797b3298623e640709e86,annex
code/FR_Dats_band_BETA_EP_O_1_can_A11.xlsx,14169,c110aa18a62670e7503773aab1e488e0c67b0e141f23058512f5128b65758568,annex
code/FR_Dats_band_BETA_EP_O_1_can_A12.xlsx,14195,cc8b964de6c080d0ac5384a7eb6e63a2863bc7ecdf81713adf1330bf2fbaffea,annex
code/FR_Dats_band_BETA_EP_O_1_can_A13.xlsx,14172,471f8190854ea723c95b253d20477ea81b8251ab124f3f97a6e1cab067806c65,annex
code/FR_Dats_band_BETA_EP_O_1_can_A14.xlsx,14161,ea8ce608aacf261805a9973925ba2ac87a1fc05471ee7ac379cfaa16023ae7fd,annex
code/FR_Dats_band_BETA_EP_O_1_can_A15.xlsx,14180,06943a1cdb21d9d0288cef9b1789fadee8f6b08cfc4ae18c2015a13514858e68,annex
code/FR_Dats_band_BETA_EP_O_1_can_A16.xlsx,14139,416f92ab41fa65423aca4e2a08ed3ff8468ce58828c601b52d61cde2c70ef744,annex
code/FR_Dats_band_BETA_EP_O_1_can_A17.xlsx,14191,3d63be8acbbf089cac2853924f4571a868c4f9d721c807489194b6b757051834,annex
code/FR_Dats_band_BETA_EP_O_1_can_A18.xlsx,14161,72aa4057994773fa6d26d890fb3a0278a740322950dbe97d3c4e735344b343d3,annex
code/FR_Dats_band_BETA_EP_O_1_can_A19.xlsx,14176,1c5b600601c6687b09a8cf7d5b50fa5e90f78f055b8f5897fdb2978deab11873,annex
code/FR_Dats_band_BETA_EP_O_1_can_A2.xlsx,14192,77488ee16e2d6408387bd2fd49ba55ffa40916d9c527e35eaed69066b5876453,annex
code/FR_Dats_band_BETA_EP_O_1_can_A20.xlsx,14146,ff3de438e8d1c41b4e1541582470391ea7f940a2cfffebb32b6cdeeda58a60c0,annex
code/FR_Dats_band_BETA_EP_O_1_can_A21.xlsx,14113,f707ae9a37dbe4eb8aeeb80bd2179eb7c82e7a20872a2b4dc8849f5a3f831a65,annex
code/FR_Dats_band_BETA_EP_O_1_can_A22.xlsx,14166,08289f5508f143aa22882b663f2dd10782e826a9228f5bd5af886a90232f4187,annex
code/FR_Dats_band_BETA_EP_O_1_can_A23.xlsx,14236,dba62487c5e65102b2d8a8dca2ed417e786e2b38dc16758ce9399038a941c2af,annex
code/FR_Dats_band_BETA_EP_O_1_can_A24.xlsx,14133,bf0aae62d861d931dd0f6027ae592eacf02f81590a2786f230c4cf43d322e65e,annex
code/FR_Dats_band_BETA_EP_O_1_can_A25.xlsx,14150,88271ee18e62c3efecf24b74d1f1233efd7da0622dc1761b093748cc51a2eb94,annex
code/FR_Dats_band_BETA_EP_O_1_can_A26.xlsx,14136,48b1a4f14c879d875870143a5edaef5d682f40cc547a0b5efa01f769e8454d5d,annex
code/FR_Dats_band_BETA_EP_O_1_can_A27.xlsx,14238,f9e022d1f5dd2870adaca872e24f6a24ac99265e954e5c29c3dadbc4147d2f3f,annex
code/FR_Dats_band_BETA_EP_O_1_can_A28.xlsx,14215,bd770461407cb352851b8cfe90894919065f7451b86b51b58117ccb58b8ad0b8,annex
code/FR_Dats_band_BETA_EP_O_1_can_A29.xlsx,14173,6223591e3ee80b0006a097ffab828f2f5a08299c4addd3ded2b3e6eeefeb25d8,annex
code/FR_Dats_band_BETA_EP_O_1_can_A3.xlsx,14144,6e03e471890a1c7289393c48903fa4fd62be8bd68fd36fdfd92f9ebeda0415b8,annex
code/FR_Dats_band_BETA_EP_O_1_can_A30.xlsx,14193,ae226ab752fdeb0e9c7cbf4b3b055d1c34f5690b6c062168b3bfce2a705a9e3b,annex
code/FR_Dats_band_BETA_EP_O_1_can_A31.xlsx,14124,9425c490e179d35de034dc481a96b82d07f391c6a1110e3aa990f8aecb3048da,annex
code/FR_Dats_band_BETA_EP_O_1_can_A32.xlsx,14232,b37cab9faaf94a86ff02531e3826340089f6dbde0d4c540b510e8be8bd60644c,annex
code/FR_Dats_band_BETA_EP_O_1_can_A4.xlsx,14156,bade52eda40b93f0c9b2b2fbe97b0bc2f6798936997ff56e550b4c1129f43af1,annex
code/FR_Dats_band_BETA_EP_O_1_can_A5.xlsx,14175,8ac7ce22928f3b39e96625c6ddb39ad9f292518c0aedb67b0a3cc161e5f328c6,annex
code/FR_Dats_band_BETA_EP_O_1_can_A6.xlsx,14203,59705848a1f61a49ebc24d1c1ef77bea0ef0fa1ff3b47b49d06933db6786307c,annex
code/FR_Dats_band_BETA_EP_O_1_can_A7.xlsx,14173,ed90a47d853652c8973bdfb435f9058a2a63d7db5f20a12b1c93ef6a9433c81e,annex
code/FR_Dats_band_BETA_EP_O_1_can_A8.xlsx,14152,72d3255deceda397916d972340afacdf7dadc823616c3c83b9c30dea14df1ffc,annex
code/FR_Dats_band_BETA_EP_O_1_can_A9.xlsx,14241,0ac77aafb215bf4a584dd1bd46a5a12369d223af0f98a23012c95ebdaecd3923,annex
code/FR_Dats_band_BETA_EP_O_1_can_B1.xlsx,14174,77e25a5494a045a4d497a912adb3208225a443755e527badab4f87ba3aa4e814,annex
code/FR_Dats_band_BETA_EP_O_1_can_B10.xlsx,14199,00616376dfd20ef539e88bc4f2c055a3d888fcd2e919d63cc08f49151068e9b9,annex
code/FR_Dats_band_BETA_EP_O_1_can_B11.xlsx,14187,df7f30d7f5b00cb5ccee3db01a483abff656c6d1dbe808e9567972aeb90b013e,annex
code/FR_Dats_band_BETA_EP_O_1_can_B12.xlsx,14209,4a0c78f38e495b5cf03bbaf73ce95675476c0847e3a1a8130dc990ea66363dba,annex
code/FR_Dats_band_BETA_EP_O_1_can_B13.xlsx,14211,b8fd3b4a86c6c052563c1c130a34f177b6b24aa752dfec4fdb5b24b82222a883,annex
code/FR_Dats_band_BETA_EP_O_1_can_B14.xlsx,14207,98550b2821ce5806a116c0410985851b7345b5aaed39f73bd574865331a83950,annex
code/FR_Dats_band_BETA_EP_O_1_can_B15.xlsx,14205,2e28d0df2633d6abfe393c6a2363a96f320b323042d6796afdacc555fe8d5139,annex
code/FR_Dats_band_BETA_EP_O_1_can_B16.xlsx,14236,cd2f4e1e19daac7b5c6373f6f88cddcf116261c0d3708cdcb3fd7ec5c86c4885,annex
code/FR_Dats_band_BETA_EP_O_1_can_B17.xlsx,14174,4e79a1b75659bca88e941ca402ac0e1d1a354cbeee6c04597a475dd6560e9e43,annex
code/FR_Dats_band_BETA_EP_O_1_can_B18.xlsx,14223,a61224bb348abac174e83d074f89cf03394f45290d5c419439a69c4a677e55ce,annex
code/FR_Dats_band_BETA_EP_O_1_can_B19.xlsx,14172,865ae257932f70e706c8f87b440f08a29b2eb04b4d142801fb6703f29fcf7f49,annex
code/FR_Dats_band_BETA_EP_O_1_can_B2.xlsx,14135,4b63b391e1a2cd7c9fcdf61c6e5be1f75771c0810132177359de5e74531dbc6e,annex
code/FR_Dats_band_BETA_EP_O_1_can_B20.xlsx,14215,ab5dc99a8e53a03ce14ed4bd42100fbff9b609a59f056a81681aca6c78865c34,annex
code/FR_Dats_band_BETA_EP_O_1_can_B21.xlsx,14211,73a6f04ef99010795ec02e68523f6584c588f9532ed61dee729fb785f76d84ff,annex
code/FR_Dats_band_BETA_EP_O_1_can_B22.xlsx,14198,4589fc85f6109457396b17ae933932ce38f94ec35882025780bb79e452cf03a9,annex
code/FR_Dats_band_BETA_EP_O_1_can_B23.xlsx,14164,c943c050feb7d2e990dbeed93118242d770ce51fb58996bf4f2366765a25c018,annex
code/FR_Dats_band_BETA_EP_O_1_can_B24.xlsx,14240,3d342b077c0252d64dbbeaf6d31deb5ea98b147d0fc9de21cc230352837a62b2,annex
code/FR_Dats_band_BETA_EP_O_1_can_B25.xlsx,14224,7dffd51c8b38f32da0fba19d3caa370588b26930944be1ff7e0022a162765de9,annex
code/FR_Dats_band_BETA_EP_O_1_can_B26.xlsx,14189,5d5615013116031586534bf6f7e1505d9aa8a5a038d444720697db9dcaab9a22,annex
code/FR_Dats_band_BETA_EP_O_1_can_B27.xlsx,14122,8f1024b146c825266c67bfa1ecd5d5c67ee44ac22e450773ae2fa0a5d1e2d627,annex
code/FR_Dats_band_BETA_EP_O_1_can_B28.xlsx,14173,355e4755e2f5efd74e60683bbe5f33c8b9dda186b3d789a4017f9e853ecba846,annex
code/FR_Dats_band_BETA_EP_O_1_can_B29.xlsx,14205,15437c47160581fe3d996ad12f60ae80fdf558c3ae0865dbb77614c9fa1d68e4,annex
code/FR_Dats_band_BETA_EP_O_1_can_B3.xlsx,14204,7380069d5de3de10c7cf527e892c19ba7d8502bf44d5285bf32e8040815fe912,annex
code/FR_Dats_band_BETA_EP_O_1_can_B30.xlsx,14199,73e427bd63841848eae19f0396a25101630cea72a33357831cc2f9bd181f395d,annex
code/FR_Dats_band_BETA_EP_O_1_can_B31.xlsx,14223,b3cf31baeb503eb462779402c67a106d511f5b18d25009513b42c7104d0cf0d3,annex
code/FR_Dats_band_BETA_EP_O_1_can_B32.xlsx,14223,e3c58a8fa7705f7658cf7c3fc8d27f5c9e6fbac1ec44deac36d16dba9a29736c,annex
code/FR_Dats_band_BETA_EP_O_1_can_B4.xlsx,14178,16aca799d10a5121105767bb5d5d4613d01b49b05d52072e8bda873d6600ab0b,annex
code/FR_Dats_band_BETA_EP_O_1_can_B5.xlsx,14168,4f59ceff4d543ce6b93fd2d4d4057220cac9f4d1894f8d6f51fdb5debc2ee83d,annex
code/FR_Dats_band_BETA_EP_O_1_can_B6.xlsx,14161,945d179519fa00241f85f3a1844b804774d16cdc0b8e31240d1c3a34fb976997,annex
code/FR_Dats_band_BETA_EP_O_1_can_B7.xlsx,14183,ac243e2857673e5e2536d62459fbb46b7881f44bc37853404c990d107d5d9c39,annex
code/FR_Dats_band_BETA_EP_O_1_can_B8.xlsx,14203,3f533e4d1ae3d1c8ba337189b5fce574ed365384790e7d97e56cf3956ae572c9,annex
code/FR_Dats_band_BETA_EP_O_1_can_B9.xlsx,14179,7e37fd100086a94f3866d14d52227ca211d825f81ce93a46df9efb83b96b8aa7,annex
code/FR_Dats_band_BETA_EP_O_1_can_C1.xlsx,14197,8b5c2df8cd303530e898bc227a22b6fc782c10cadf89e482d97e3f331549f895,annex
code/FR_Dats_band_BETA_EP_O_1_can_C10.xlsx,14135,c3bc219fd0217f02bd1e637756a3a7c5fe9c4286f3b2e0bdadf52b35f07eb64f,annex
code/FR_Dats_band_BETA_EP_O_1_can_C11.xlsx,14152,d11c1607fc4c16a10e815f9590345f8c7331aeba0a8779a8d35b667cc7b7a0ec,annex
code/FR_Dats_band_BETA_EP_O_1_can_C12.xlsx,14180,8918cf04f1102c6f1929fdf962b6cf87af429c29c09f7271fb5bc59ad3bb8493,annex
code/FR_Dats_band_BETA_EP_O_1_can_C13.xlsx,14160,c75f0bd7c3902e4c201fc1280466cdccc9c91d059e3d6683ca466ec0175c154a,annex
code/FR_Dats_band_BETA_EP_O_1_can_C14.xlsx,14166,a76bdf28e837160de570b6e429fb8abb59e1dd917e3cba464b6b7cd0a6480604,annex
code/FR_Dats_band_BETA_EP_O_1_can_C15.xlsx,14085,24d1116e0d69b835ad443711d55ad802630a1daedcb2c5728151ff08682253c7,annex
code/FR_Dats_band_BETA_EP_O_1_can_C16.xlsx,14148,620acf4dcb6fae84dfa6034ecc49f0bea688912abf1385a09969d3d3ec7cc528,annex
code/FR_Dats_band_BETA_EP_O_1_can_C17.xlsx,14165,e80092f508a1ce9b501912270363f02491520f200baecf9ea60087bb67cbdac9,annex
code/FR_Dats_band_BETA_EP_O_1_can_C18.xlsx,14141,376a1002ff24bb7cf987363ed2a71d671e211f8fc409bcf6077b24bc7fa7cb36,annex
code/FR_Dats_band_BETA_EP_O_1_can_C19.xlsx,14202,9fa6708b76b72bcddd791ff1f4fd5f792733e3e0feddaeb4caa12e10cdc3f352,annex
code/FR_Dats_band_BETA_EP_O_1_can_C2.xlsx,14183,7682a5fe7cae93b3f7794e62ffb7494fa19cd1a12dd875f96ff7008f3af02017,annex
code/FR_Dats_band_BETA_EP_O_1_can_C20.xlsx,14128,4f594d78fc811996ba15adae00dc2a9c267f5a10e7cc16fa9193dbb5c6ccfe4b,annex
code/FR_Dats_band_BETA_EP_O_1_can_C21.xlsx,14167,3343fb877e35d3806037780c972a26489fa58af8bc2f58cc60c76e3b5e69f0eb,annex
code/FR_Dats_band_BETA_EP_O_1_can_C22.xlsx,14184,df6e9d462d4d5fd96a83ffd0daf639a47e7b336b99f79044acd419f8ceb1f76f,annex
code/FR_Dats_band_BETA_EP_O_1_can_C23.xlsx,14174,0cea66a45fcfd97711cfec0c64e7d8dbc4833572c890d868533406d51884aa7e,annex
code/FR_Dats_band_BETA_EP_O_1_can_C24.xlsx,14203,4ebd0ed5172d12c64401523f78f2b5c177893dbd584cb39efca694a792e81be0,annex
code/FR_Dats_band_BETA_EP_O_1_can_C25.xlsx,14181,650625547ed4d592a3efc35bdfcc302376aee2710516d50c71e7d100f7100ec2,annex
code/FR_Dats_band_BETA_EP_O_1_can_C26.xlsx,14134,921db945b7a01606c183c844f842f8cd9784670b42c0e2c0eaf2a47d9c86acdd,annex
code/FR_Dats_band_BETA_EP_O_1_can_C27.xlsx,14189,20c6f3b426ca47286f98c3ef1c927f47ef14c931352488f200cdfa085e25b5f4,annex
code/FR_Dats_band_BETA_EP_O_1_can_C28.xlsx,14125,afc8e31c871cce5de979782d1346e77c8f13b7b87a5f3e1b71b1ec9a3851e30f,annex
code/FR_Dats_band_BETA_EP_O_1_can_C29.xlsx,14102,56056dc1e2aba836ace5742637ab86cb95c7e06386bd0f54c76dab612052645a,annex
code/FR_Dats_band_BETA_EP_O_1_can_C3.xlsx,14185,e9f7c0b9b97f2a7737867eb2be4e599f79f0da4426f1d394bf48d07435f24e70,annex
code/FR_Dats_band_BETA_EP_O_1_can_C30.xlsx,14175,9ce7ca5ffe00bbfd2bbcd7b6406327e704455deaa1fd2b6f0e04407e03dd993b,annex
code/FR_Dats_band_BETA_EP_O_1_can_C31.xlsx,14176,a2ea929e32daf8de23ca07488f6a037d59d1c2395c1446935d46f517e18e5d7d,annex
code/FR_Dats_band_BETA_EP_O_1_can_C32.xlsx,14119,e49b7fb3db1cec44224f49e3af98bf682072e74c70cddee76ccb17e8c044c68f,annex
code/FR_Dats_band_BETA_EP_O_1_can_C4.xlsx,14176,284507924bde9545b75e71c402ad5e9ac1a5b8b5e563234631f5f1512359507a,annex
code/FR_Dats_band_BETA_EP_O_1_can_C5.xlsx,14164,b1bf249873d1d92f8278bbf8375eb97f6421d6fce536d1b72430c8eb759a049c,annex
code/FR_Dats_band_BETA_EP_O_1_can_C6.xlsx,14175,f1806441bd9ffb1c9ad0ad71adee0f98885bfebfb752ab8beb059f2278033b9f,annex
code/FR_Dats_band_BETA_EP_O_1_can_C7.xlsx,14167,fb40f0aaf06839f47b4ff55d18f3cc875a0d9ccf4a7125147d0f56068e5e9c76,annex
code/FR_Dats_band_BETA_EP_O_1_can_C8.xlsx,14069,c3c7588c4561d2c6a81f7bad5730c8bc019314ef5d15a300935b29a9df530007,annex
code/FR_Dats_band_BETA_EP_O_1_can_C9.xlsx,14126,43fb02bead11f00b936c3fbe730d2da7b31f08e2398ffc89618b120292b48083,annex
code/FR_Dats_band_BETA_EP_O_1_can_D1.xlsx,14194,a5da7cdb5cbc569e5f2980d2c13f62fe9c80128b20cc730323e9c0f05a30942d,annex
code/FR_Dats_band_BETA_EP_O_1_can_D10.xlsx,14176,19efd3632c4945943bd400e86c6d8dfad0508f495f157c4db7088729138e592f,annex
code/FR_Dats_band_BETA_EP_O_1_can_D11.xlsx,14186,59d2e282a5bc9a065f2dc5f0d33c862cbe59a479df849f9c318613dab7e91361,annex
code/FR_Dats_band_BETA_EP_O_1_can_D12.xlsx,14181,e33e5415d446dabd0add5a0a69c06a2786faa527c70f43a4abc8750bb16452c3,annex
code/FR_Dats_band_BETA_EP_O_1_can_D13.xlsx,14144,0c2a395a8cb4dd396f310db6935680bb01cf77d0e7ab7bb36d8712055d08a193,annex
code/FR_Dats_band_BETA_EP_O_1_can_D14.xlsx,14176,d6ae260cd55b04689179dd61f292181e5ba2bd2d78ca199e3f499b43c41359fd,annex
code/FR_Dats_band_BETA_EP_O_1_can_D15.xlsx,14177,4b7f7699a0a2f12e856275edae98275b149a71e0fddad5feb896ae309c953a7e,annex
code/FR_Dats_band_BETA_EP_O_1_can_D16.xlsx,14169,a2e17a30501e15ea0e2b2d302052f67850004197717000a9d709bdbb4f165ebd,annex
code/FR_Dats_band_BETA_EP_O_1_can_D17.xlsx,14195,127b893be1aa1460a6d1a97e5316ffe45d5af1a74e48d1c24ce1d6534379ae53,annex
code/FR_Dats_band_BETA_EP_O_1_can_D18.xlsx,14192,0ab985e7412b87480b3897b7422a11510e94e3e69ccaa98119080c09b462f2e7,annex
code/FR_Dats_band_BETA_EP_O_1_can_D19.xlsx,14182,b76a0bd0967748dd30b44cf70be68326b14b750d781c24f583b6c0b1b7125e05,annex
code/FR_Dats_band_BETA_EP_O_1_can_D2.xlsx,14171,880129a58050081ed8d62bb3a49b21a86b2120d433fef36057a55a758f9e7967,annex
code/FR_Dats_band_BETA_EP_O_1_can_D20.xlsx,14203,8fc851f629b998b0389ff7640d6e4a89f0efddcc3a1338a72a880dfac8b367b9,annex
code/FR_Dats_band_BETA_EP_O_1_can_D21.xlsx,14216,5716902a9aed92adb187fbc7fae234f31c81cf6f275463e43e3cd0b8fa0477cf,annex
code/FR_Dats_band_BETA_EP_O_1_can_D22.xlsx,14156,c31301f33aeb8e8160f4c0598767bb820cdc7ccbc2d77539b43e9bcbc02e721a,annex
code/FR_Dats_band_BETA_EP_O_1_can_D23.xlsx,14266,032bfa028dc8a425a623726690a5b03d0a867ed48650bb8a6c28642514139f83,annex
code/FR_Dats_band_BETA_EP_O_1_can_D24.xlsx,14178,0e5a1a2635ce78750ebf9fae1bf138af09dcd9629762cad3e8a2ee22457503e3,annex
code/FR_Dats_band_BETA_EP_O_1_can_D25.xlsx,14189,390f5d4183c3230f75933bbfbef1962c93516e5d7783ab1f82023a7645ce92e8,annex
code/FR_Dats_band_BETA_EP_O_1_can_D26.xlsx,14166,0ea110a2cba86b9f76e56fbd34e234363caeedb9798343351ace0c5cbb550c1c,annex
code/FR_Dats_band_BETA_EP_O_1_can_D27.xlsx,14225,e70ad157ec4b6b512fa44cc85e0560d61dea8a9c524f79468f0f8d86a47b0bdd,annex
code/FR_Dats_band_BETA_EP_O_1_can_D28.xlsx,14187,c6b353d00411131ef04836c879b79e3fe54d61927a6efc440898da60dbb5dde2,annex
code/FR_Dats_band_BETA_EP_O_1_can_D29.xlsx,14195,e7dc565afea4b4f5c7c072974d036caccb7da4d7ab68e971e1fd40f71150f7f2,annex
code/FR_Dats_band_BETA_EP_O_1_can_D3.xlsx,14173,bec47a604ac00635e2f7fb263a448b141b0d2d8a0ee43bd73395c2e8a5667bbe,annex
code/FR_Dats_band_BETA_EP_O_1_can_D30.xlsx,14225,7c87d365d6021d45b2ecea90fb419f7e05962e157d0262142b2d9b794feb7901,annex
code/FR_Dats_band_BETA_EP_O_1_can_D31.xlsx,14186,7808d2e9779fbba95c783887df3303639d43d8b6fe43a1632f7d180d5f813240,annex
code/FR_Dats_band_BETA_EP_O_1_can_D32.xlsx,14210,69cf495d7dc5e9fe5f15f09f121c466f12f22c27818898c19127f54b034b42a1,annex
code/FR_Dats_band_BETA_EP_O_1_can_D4.xlsx,14154,6981257545ce142acb0b15fcc36ced21ac98051f3ad8d34553084f551028f482,annex
code/FR_Dats_band_BETA_EP_O_1_can_D5.xlsx,14133,333907ef09355aba934950529ce8bb6ac7e77997963e526f0fa2bbb8384a78c0,annex
code/FR_Dats_band_BETA_EP_O_1_can_D6.xlsx,14147,b477d18997b064a88b6c5052cf17762fdff2afeaa393b784641f1c30422bde09,annex
code/FR_Dats_band_BETA_EP_O_1_can_D7.xlsx,14111,102b24d933d035e69e61e78f33cc51edca2a3f81da4940819a282e917d8da88a,annex
code/FR_Dats_band_BETA_EP_O_1_can_D8.xlsx,14152,d32e309bbdddab65458fab33d4ce7dfe3e5c4c2f325ab9d10289c8b2f38ac010,annex
code/FR_Dats_band_BETA_EP_O_1_can_D9.xlsx,14222,3daf728232f100efb1556ceed4d18ff2887d0510a7a95c13691ed37bee3741aa,annex
code/FR_Dats_band_BETA_EP_O_2_can_A1.xlsx,14174,e95fc04188127141170251e26121696ec49c450e232a703c8cb2b173b03603ff,annex
code/FR_Dats_band_BETA_EP_O_2_can_A10.xlsx,14155,329c4b9c9715c6203d8002749c721c1baf13b42d64c4ae07355ebb8093f0b825,annex
code/FR_Dats_band_BETA_EP_O_2_can_A11.xlsx,14143,bc2ea16d6d936195097b31adf2b5a2f64a8bbd8fec7dd13abedb431b67994af9,annex
code/FR_Dats_band_BETA_EP_O_2_can_A12.xlsx,14172,9c46f83d2034d7cdf27601517e1446f3a37d87355906d761991cd55d97d8b428,annex
code/FR_Dats_band_BETA_EP_O_2_can_A13.xlsx,14118,3d5e8d4c2ebd362bc9d3ff5323a6862e3ec89777811e9c0383d4cb2e4160cafd,annex
code/FR_Dats_band_BETA_EP_O_2_can_A14.xlsx,14112,549b5d93f6e7885d85b3f9f4576e7df5130cac4d2c6ba04d18c771eb561d337f,annex
code/FR_Dats_band_BETA_EP_O_2_can_A15.xlsx,14201,ea353f199a33e25b9846ff6c8b108ec288682c2c415c03d22d173b37028a8b1b,annex
code/FR_Dats_band_BETA_EP_O_2_can_A16.xlsx,14146,b1157192ff587e0e1fba4d1955729a5abc03b9f677ba04752ab5464f21afb314,annex
code/FR_Dats_band_BETA_EP_O_2_can_A17.xlsx,14147,cf465fc4ef2314da5207f1ffcfdcc2d4ed78850e94a6200d98b65a1b2a92b189,annex
code/FR_Dats_band_BETA_EP_O_2_can_A18.xlsx,14163,2a6286fb53af9b4268a290e1d45ab1a3c8f006aae5cd9fdbce9cee4bf4a605aa,annex
code/FR_Dats_band_BETA_EP_O_2_can_A19.xlsx,14138,778a2a3c35200b7ba490b62d164deaba8fd55a40cef64815f56d39e03200807c,annex
code/FR_Dats_band_BETA_EP_O_2_can_A2.xlsx,14162,0a70ba4ebd67cf2f18870412300f2ea246e95125aff91a27499280a976f38b14,annex
code/FR_Dats_band_BETA_EP_O_2_can_A20.xlsx,14230,85869388955dcadb985aae5a759245188bb4ee0f6068d0c49f5c99d2412f0cd9,annex
code/FR_Dats_band_BETA_EP_O_2_can_A21.xlsx,14130,4e6365ae08e7a4454cb15709ed83acb6fff159cd68abff0807c46b9dd6d47fb2,annex
code/FR_Dats_band_BETA_EP_O_2_can_A22.xlsx,14212,0e73b031fcc6aa38b43a03c5b2615a2628718728c9ce8c160919eee7425926f4,annex
code/FR_Dats_band_BETA_EP_O_2_can_A23.xlsx,14178,16f63e58a6725a2815cd78a260b3ff1dafe2e18e5dac012350497d63614195de,annex
code/FR_Dats_band_BETA_EP_O_2_can_A24.xlsx,14216,11fd2401362029e26e9e5af370771b0701b8130318fab216d36eb522e7a5a86b,annex
code/FR_Dats_band_BETA_EP_O_2_can_A25.xlsx,14162,c469f45ce8ac3a87b3b7c6e926deaa30cb62731d3d8e343b6b14555622adb0ce,annex
code/FR_Dats_band_BETA_EP_O_2_can_A26.xlsx,14130,69b309e5536f776ab69a16c2a8367fffa929ce750b2996671e3e2b12cc5fd2b9,annex
code/FR_Dats_band_BETA_EP_O_2_can_A27.xlsx,14194,664262fa5cabf2a334096d06d735a9c7069b6c793d23eafbf5e87327057173f7,annex
code/FR_Dats_band_BETA_EP_O_2_can_A28.xlsx,14160,ede0a466afb5095edc56a8e70b2eb9d4d7c03f5935c0d05b2ae83dcd85ebb94e,annex
code/FR_Dats_band_BETA_EP_O_2_can_A29.xlsx,14211,d1a3b830e37855f514089b30235abc8aa2639b7fe21cd728b457873b58407a61,annex
code/FR_Dats_band_BETA_EP_O_2_can_A3.xlsx,14143,f5742614f5b33fbde08c9b8412f1936de226039d671579577ffd28d402db5db4,annex
code/FR_Dats_band_BETA_EP_O_2_can_A30.xlsx,14184,c78cd212a08b673cc3c66467ce8a27e17b7d8e6a4ed7f06029185a142c834394,annex
code/FR_Dats_band_BETA_EP_O_2_can_A31.xlsx,14166,be635ce023342f4b66bfc010b4f146704eb56cf1379f85ca46b471f1ff1325f3,annex
code/FR_Dats_band_BETA_EP_O_2_can_A32.xlsx,14183,67c2254ffbd0072168d92de8dfdf6e47d32759d7ef8e52302c3c8b263d22401b,annex
code/FR_Dats_band_BETA_EP_O_2_can_A4.xlsx,14171,2ec50a131cc0ef76527fd4c06f45f2731648168e4590466de664dd476155131d,annex
code/FR_Dats_band_BETA_EP_O_2_can_A5.xlsx,14184,86f4cbb270f4c514548a63a4a8746c731ff7a4fb0dcff6f420326cfe51fad30d,annex
code/FR_Dats_band_BETA_EP_O_2_can_A6.xlsx,14156,9c4ef74307863bd8e4c15a2e8ac4bd9fd0ceaeda5a4724e3eb44d7708be8babe,annex
code/FR_Dats_band_BETA_EP_O_2_can_A7.xlsx,14172,98bc8342f9266887dc343d610c42a8e6bbacdc66cca35b264e1f26857b8b11e6,annex
code/FR_Dats_band_BETA_EP_O_2_can_A8.xlsx,14178,277c6ad96af419c43b2202b2ee63a39d3952e3ee6904729eac4f9f60218234c8,annex
code/FR_Dats_band_BETA_EP_O_2_can_A9.xlsx,14170,218ae90a49b06f46cc4ad81c04e1730d78fdcb86e232ad160801b5784c88b270,annex
code/FR_Dats_band_BETA_EP_O_2_can_B1.xlsx,14248,a212178881a863008e82a091886a51be86b141a24f1f9218704878d2b9912ae2,annex
code/FR_Dats_band_BETA_EP_O_2_can_B10.xlsx,14216,83f43420904a06856810a5e7277d5facf8e42f13caf9d679b14b832de9bb762b,annex
code/FR_Dats_band_BETA_EP_O_2_can_B11.xlsx,14172,66284a927dbd4cbdf4211f7d8f4736c0901b7b34baeaec549ea13a76b6218630,annex
code/FR_Dats_band_BETA_EP_O_2_can_B12.xlsx,14231,0e0e304bb8e7d9c64b5e0717c2d8b751a2ebada9d57e7229d690cb88b40421b0,annex
code/FR_Dats_band_BETA_EP_O_2_can_B13.xlsx,14192,6a29d44975ef054f38978db750a4eebdf87d44e2bc5d661930047ad4ae007cf4,annex
code/FR_Dats_band_BETA_EP_O_2_can_B14.xlsx,14196,5bc502a5202907a8aa08d403c6267744e26804e62128fed36f8dd1255d0c7c2d,annex
code/FR_Dats_band_BETA_EP_O_2_can_B15.xlsx,14257,c50cc0d8a3d6ab8f555e4c7b364cacc1098b03d000b619f60ac0b134e017a3b3,annex
code/FR_Dats_band_BETA_EP_O_2_can_B16.xlsx,14173,c38e47d00f903442daf70aca9979e0e7191170b08eed9338f4227543d4ec6af2,annex
code/FR_Dats_band_BETA_EP_O_2_can_B17.xlsx,14148,2c978dd44fef9c034f7edb63b13f3cf1c6d81b7adb78a1720edc2513730a92f7,annex
code/FR_Dats_band_BETA_EP_O_2_can_B18.xlsx,14163,9cb16e5773425b1f87f27fa65c2e4ffa45d0e7d2e58567551f8b14954160ad1c,annex
code/FR_Dats_band_BETA_EP_O_2_can_B19.xlsx,14173,51f568bb793cc4ce566c4f0a383bdc19eb8913fd4b0357dde7d3275506297ea1,annex
code/FR_Dats_band_BETA_EP_O_2_can_B2.xlsx,14210,774b19c1e782655866cdf0bb9a789cc2d694f4d940d1cdabde9f796dd6fe2f6d,annex
code/FR_Dats_band_BETA_EP_O_2_can_B20.xlsx,14189,474b5bda766927c0d4f3a7966966b058cd8c9c00492682db0b68bdc1733197d1,annex
code/FR_Dats_band_BETA_EP_O_2_can_B21.xlsx,14221,4f48d542e531f5d99ffc202d482959b5140151db475c509ebef29292f2574f8e,annex
code/FR_Dats_band_BETA_EP_O_2_can_B22.xlsx,14171,f61db7b793fcece54422ab3f9fab2cd6b66e4eb73daf39897c7a98fcaf806422,annex
code/FR_Dats_band_BETA_EP_O_2_can_B23.xlsx,14145,e45db88b22d0b0f9d0a294a3cc4bac32f3bb7665674d553667205631b33ced31,annex
code/FR_Dats_band_BETA_EP_O_2_can_B24.xlsx,14235,8373703b5756b2229d16cfccfcb3b91ac5b5f11a264c2285afd0d8bf6dfa92f1,annex
code/FR_Dats_band_BETA_EP_O_2_can_B25.xlsx,14140,5e0026833f95581edca191f4395fb8fd81b54adf4d0fd2506d3541a586e9d8bf,annex
code/FR_Dats_band_BETA_EP_O_2_can_B26.xlsx,14147,5e57e3d998b06fee55300e237ebc196899ef8322edb34553a0e4e934f3558595,annex
code/FR_Dats_band_BETA_EP_O_2_can_B27.xlsx,14165,a0dc142f62c711ef3e38ed9a4c56a2cc8a126e113210b76633ff89ff0643cd24,annex
code/FR_Dats_band_BETA_EP_O_2_can_B28.xlsx,14212,06b94433c6854cb1cb9af1eb58dbadcc2a3d12a73e77d094f586faa0fcbb48f3,annex
code/FR_Dats_band_BETA_EP_O_2_can_B29.xlsx,14242,9bdcd9c6985b8f80d4b46084dc4512911b6ff39555004d06f14fe988ec2655f6,annex
code/FR_Dats_band_BETA_EP_O_2_can_B3.xlsx,14186,085ddce64e49ace9346c4beeae2f436f388bb1f469d707e586f081c9f426c797,annex
code/FR_Dats_band_BETA_EP_O_2_can_B30.xlsx,14209,5e084d13753d00c44c2c10858308144ed088c75a0544367f710dd183340e3f08,annex
code/FR_Dats_band_BETA_EP_O_2_can_B31.xlsx,14151,05c0f848a2dee497679ccbc520163a67c2024534964d3d18eeb8ab75eea1a3f0,annex
code/FR_Dats_band_BETA_EP_O_2_can_B32.xlsx,14148,e97d7fc100afa827ff73976cd7d6a6112ba0dbc9f067f84f43d5f9ec8027d486,annex
code/FR_Dats_band_BETA_EP_O_2_can_B4.xlsx,14168,c4f0913fb4959cf0579f8db5dd21d19a31564494554b59e8418ef89165c9d442,annex
code/FR_Dats_band_BETA_EP_O_2_can_B5.xlsx,14169,1b11c781f430dbaa48a6644b381e2f24d47347d6870fade6bfa584b26ea59aa7,annex
code/FR_Dats_band_BETA_EP_O_2_can_B6.xlsx,14136,f6a382882012e3070f8617f12e717db0e48e05c857527a9b7384ccfc807e3a1f,annex
code/FR_Dats_band_BETA_EP_O_2_can_B7.xlsx,14162,b59ef73fdb9673dfe76e40a06feb65a41124351575331e72a4d55f09a96fa4e7,annex
code/FR_Dats_band_BETA_EP_O_2_can_B8.xlsx,14145,2bd1d0111f673885ee466184083d7ea9fd45c17e7361b41bbf963f2db257cca7,annex
code/FR_Dats_band_BETA_EP_O_2_can_B9.xlsx,14118,0b5da21b78ed4614b3ed951e256837a892011aaeb7fa58c65117a04a7c2f3afe,annex
code/FR_Dats_band_BETA_EP_O_2_can_C1.xlsx,14199,68a5a69a7ab1377319e44c0500fd1a4cb38976e72afc22d576aef5f84849a95d,annex
code/FR_Dats_band_BETA_EP_O_2_can_C10.xlsx,14141,8cb50f7535cb3efdcb5c95284c8b6ffe6030bf96081d77ebf9af9ee7fc6c15ba,annex
code/FR_Dats_band_BETA_EP_O_2_can_C11.xlsx,14143,1aeb6aa0c3acd6abc43eda4f4dd47a8876651eb8717da0994209103d16f34879,annex
code/FR_Dats_band_BETA_EP_O_2_can_C12.xlsx,14243,f07435c6c3bed6be69f79fd570d053cf9f6c0a74bc82f61b8bfdbcd4e99c47dd,annex
code/FR_Dats_band_BETA_EP_O_2_can_C13.xlsx,14164,4797366f3ddedb368aec8623ca716379e3c4275ef43cd52a264cb974842daa32,annex
code/FR_Dats_band_BETA_EP_O_2_can_C14.xlsx,14137,20ba17e06ac4f41dc3997a8c4ed3b9a2782e1dd92f9b65cb31f93889777a86e5,annex
code/FR_Dats_band_BETA_EP_O_2_can_C15.xlsx,14216,d706789efcd7e29b2b0864b0b97dad787af212f4a9a8122367bbaca0cb2cd2a2,annex
code/FR_Dats_band_BETA_EP_O_2_can_C16.xlsx,14124,17ac3696bd0ceaf20411859fbd416519662de7eb30a634864b62f0b3bd1b24d8,annex
code/FR_Dats_band_BETA_EP_O_2_can_C17.xlsx,14134,f7be51aee25778345370cff41f9ce3f0df59936e35d4a2853c5dd3b3d6a3ff5b,annex
code/FR_Dats_band_BETA_EP_O_2_can_C18.xlsx,14200,9f4bba7b01837f34df060b65fa031ca0e1ba87900eafeb9ab7c8b0881036260a,annex
code/FR_Dats_band_BETA_EP_O_2_can_C19.xlsx,14144,b99acde0ebae342b8fcbed322a35302a960e5efa13a21c7d606f79b09327a34f,annex
code/FR_Dats_band_BETA_EP_O_2_can_C2.xlsx,14209,3ad09b4cf24a5ddf7b0ecdc48fb15349c8788bd267ab572dd9203b09e199ded7,annex
code/FR_Dats_band_BETA_EP_O_2_can_C20.xlsx,14175,9edd06905c10d5bca4e721ab223756241e59b13232d7791baa2e1a9f70d4f6d6,annex
code/FR_Dats_band_BETA_EP_O_2_can_C21.xlsx,14152,57a08893d269a5f6511d9e16a0c51fe66d4372dfa9b474065feec5eea3a2f368,annex
code/FR_Dats_band_BETA_EP_O_2_can_C22.xlsx,14145,5bd111034ef69dd3c6b018ced28199959c5462cedb468b32bd9609c46e1be927,annex
code/FR_Dats_band_BETA_EP_O_2_can_C23.xlsx,14167,e110cfc6d3bf1440ce47696a3a890e99a0c9a1cb813dc6248699b236ed5594ad,annex
code/FR_Dats_band_BETA_EP_O_2_can_C24.xlsx,14190,513309c01d48990ee84a91d8ec1a08eb90c7baf5009a0f0436d1041974917d3b,annex
code/FR_Dats_band_BETA_EP_O_2_can_C25.xlsx,14171,9b0973c9bd11ee94f3b43616279575ab1f3ec0dbc9d8d0ac231f55eed1dd5382,annex
code/FR_Dats_band_BETA_EP_O_2_can_C26.xlsx,14127,eaa256a0cad2ffc4f1b73c2cd5d350254d78b8cc5743aae635a7fa0a2ff04d8f,annex
code/FR_Dats_band_BETA_EP_O_2_can_C27.xlsx,14132,8a1ca0ab9f4dffef4f935794c465e029e80b1d1c33086913b2f6dfaf064d07bc,annex
code/FR_Dats_band_BETA_EP_O_2_can_C28.xlsx,14122,75ce02975b48c913bbaf32c2917418f1ee1d6747724c719547a7d3873b32d8b9,annex
code/FR_Dats_band_BETA_EP_O_2_can_C29.xlsx,14117,22ab2779e9e8eef051e9febcc04cb4343ff4326d9ddcbb77d7f411bd0841bcce,annex
code/FR_Dats_band_BETA_EP_O_2_can_C3.xlsx,14167,ec6fe5fc9885c9bfc00ce5396c9e1b8f3f87bc9e1408a6d3bd301abda6396909,annex
code/FR_Dats_band_BETA_EP_O_2_can_C30.xlsx,14202,0be19ef2d7452adf8a600d7ab904a945d7b7e82c72e67d41c35c25deb9f9c993,annex
code/FR_Dats_band_BETA_EP_O_2_can_C31.xlsx,14187,a4392211d315dfeea46c1f9b5e0551bb05af6b12087f7a511a5587d9cf9fbe74,annex
code/FR_Dats_band_BETA_EP_O_2_can_C32.xlsx,14106,3e3402bb22be7ef40fee859422583015130a7c7eacfda6795fb1ccd6efcfa9cd,annex
code/FR_Dats_band_BETA_EP_O_2_can_C4.xlsx,14197,f6a1dde83fa5fb218010583c733d412b4a843486455cdee665e97c8396b58962,annex
code/FR_Dats_band_BETA_EP_O_2_can_C5.xlsx,14199,b0c4365750d3dd4d3f73599bfb6e5047bf760e35b7213164b13c0ec70caa7678,annex
code/FR_Dats_band_BETA_EP_O_2_can_C6.xlsx,14186,5bca93df6df62730b5438e854ee4c86a7fc50789dbd3d1f97775567042d9a8dd,annex
code/FR_Dats_band_BETA_EP_O_2_can_C7.xlsx,14183,3d31422a71a02333fb2aaffc634892328ede55f5613b3b555b65e212581eb403,annex
code/FR_Dats_band_BETA_EP_O_2_can_C8.xlsx,14187,a0831901371d26c09aff90fc084a121cca5fa104c901178e02e8e1a536df15a0,annex
code/FR_Dats_band_BETA_EP_O_2_can_C9.xlsx,14159,d05bfbdaf58f944ee9d681d6817305c7c6e5534bc3d6887572cc277d1a481a64,annex
code/FR_Dats_band_BETA_EP_O_2_can_D1.xlsx,14196,5e0b863b543abdb25d5e1c03f9daeb84528ad0dcae25522ac64fe97cdc5b543b,annex
code/FR_Dats_band_BETA_EP_O_2_can_D10.xlsx,14187,a956130542eb7c172cccb0e0f176986baea68f5495ad6c6989c31332d352813f,annex
code/FR_Dats_band_BETA_EP_O_2_can_D11.xlsx,14167,566c1efb39f6cf9041275b29cd7320e81a99e4330ed9488b6e81522d7c799e25,annex
code/FR_Dats_band_BETA_EP_O_2_can_D12.xlsx,14215,8621216229f21343a3ea5827e0efb6709f2425f2b05276f08f348800ed41a6f7,annex
code/FR_Dats_band_BETA_EP_O_2_can_D13.xlsx,14187,524c69f79be1fef6e5ac2c9de1bb999e4a5668b251ac49d20602f2a560642995,annex
code/FR_Dats_band_BETA_EP_O_2_can_D14.xlsx,14166,697162e43f7cc50e1796c4e50e8b3a10212303376b5eef41ad765b6e78dc4217,annex
code/FR_Dats_band_BETA_EP_O_2_can_D15.xlsx,14192,bf7563e95fe3c3f9047e235029f7d6db7675c24b6cc45d7dbad1a7d0d30c10e3,annex
code/FR_Dats_band_BETA_EP_O_2_can_D16.xlsx,14188,0e49cd449d09d5e58564e58b93eb7bc73714f678a3eca392be5f0fbde9681ba2,annex
code/FR_Dats_band_BETA_EP_O_2_can_D17.xlsx,14181,91e3c72b7f71ac2123428f64ce978226eb72c0313c7aed999a13decda535c14a,annex
code/FR_Dats_band_BETA_EP_O_2_can_D18.xlsx,14171,c8cf8da4be2e4cb2299b008cb0a64c14b9e713d116838d3d1ad2cb61a37d9fd1,annex
code/FR_Dats_band_BETA_EP_O_2_can_D19.xlsx,14194,9516b76537349e7fe9c7f4b7cd5057fab337f1b374ec76bc0101c2e952496a26,annex
code/FR_Dats_band_BETA_EP_O_2_can_D2.xlsx,14173,c3f617b28f50687867149fb22f4f193994dafb90b431e4365637421662b7b0f6,annex
code/FR_Dats_band_BETA_EP_O_2_can_D20.xlsx,14233,3ee75f78833de7ad592e642cb61cb866d9898adce9ae29ef30f492c485f99a72,annex
code/FR_Dats_band_BETA_EP_O_2_can_D21.xlsx,14168,ac883e938871c586d034cb334153a6aeb05cfe80f33277f6c517e0a0df2c983e,annex
code/FR_Dats_band_BETA_EP_O_2_can_D22.xlsx,14184,f79b00bbeeee3f9de130179fccf5120e8e37689f9d00f0f56262ef0307c633f3,annex
code/FR_Dats_band_BETA_EP_O_2_can_D23.xlsx,14182,745112db35e4a64b010b2a3807cba1e1c8a45a9c3458e6aaac7db9d8ce066743,annex
code/FR_Dats_band_BETA_EP_O_2_can_D24.xlsx,14224,db4f6f3e612a9f5f6a015d3f8895dfa239e318f453e29ad644a1ec391899d428,annex
code/FR_Dats_band_BETA_EP_O_2_can_D25.xlsx,14214,fe97ebbb13ff387c2bb32d6d339147292dafb7299b439b417e946ba8c44cf174,annex
code/FR_Dats_band_BETA_EP_O_2_can_D26.xlsx,14179,3fd1f0b41b7fed208d8aecbdaadc8fe3fb67e190e1204e009220fd40309eb807,annex
code/FR_Dats_band_BETA_EP_O_2_can_D27.xlsx,14260,f2eb19cc4695bb605913832e4adf1b689842bb32e4c5e31a1a3f7dd1f5d1d11a,annex
code/FR_Dats_band_BETA_EP_O_2_can_D28.xlsx,14180,2410fbae264694d6358cbb7be8d4b9a03a2ceb5aac95cad6721738705e0a6f8e,annex
code/FR_Dats_band_BETA_EP_O_2_can_D29.xlsx,14234,139c2fdaf0e71db09eb39f894947e41902eb20da5f0b9180b609dc0b60ba13b4,annex
code/FR_Dats_band_BETA_EP_O_2_can_D3.xlsx,14153,5b4f77c9cd8b250dd5b43487056d74292e802f1063cf26a73da49ff68b19f827,annex
code/FR_Dats_band_BETA_EP_O_2_can_D30.xlsx,14153,613063d8f770b725b594aaa55c3e15111e1b28554606c4e14663b6e93d2f5c22,annex
code/FR_Dats_band_BETA_EP_O_2_can_D31.xlsx,14169,1c1f99418fbb609d322b9a3f251e798ba187200232a242f037f7ae5c22d52468,annex
code/FR_Dats_band_BETA_EP_O_2_can_D32.xlsx,14150,d8cb5031313b6a825940a319ed87e5dc89f2b1332ac7c98ad9632df28c235871,annex
code/FR_Dats_band_BETA_EP_O_2_can_D4.xlsx,14101,3ee3d7ffb6994953439485ae88b022d0665a510de3a0dfa68f2b26861175ed87,annex
code/FR_Dats_band_BETA_EP_O_2_can_D5.xlsx,14209,d98fe6374b69a777618126c767903ff6c6858c6be15a3f5b352a7093e2e6f89b,annex
code/FR_Dats_band_BETA_EP_O_2_can_D6.xlsx,14133,fbc330f3755f165aa0c908c86b6588ddf2917e74959bf314ecb04a87d050c5d0,annex
code/FR_Dats_band_BETA_EP_O_2_can_D7.xlsx,14166,e215f41550f70066a513ab8a04f7c1b95297c9a35390a480f2cbdc4c48f757e2,annex
code/FR_Dats_band_BETA_EP_O_2_can_D8.xlsx,14197,64cc9421b823d7e4a5258189c7001346c8a72896693412a802629dfd26e4c102,annex
code/FR_Dats_band_BETA_EP_O_2_can_D9.xlsx,14200,7b23291963adcd1d7c7d625c3c67dbf7bd6082195c80b3810981943f16b1d419,annex
code/FR_Dats_band_DELTA_EP_C_1_can_A1.xlsx,14214,ed031b8fbd0ab1301e9afb0ff22ac03e1966c68c0f44e8673faf016d8cf853ee,annex
code/FR_Dats_band_DELTA_EP_C_1_can_A10.xlsx,14166,72ef6139240799999e3b02c3a7aaf689022f9c24fc1978760c2333e4fd2cfdae,annex
code/FR_Dats_band_DELTA_EP_C_1_can_A11.xlsx,14248,1aefc898675db03c686309e2f573a73217a0462221832a56f5ae780034716e4b,annex
code/FR_Dats_band_DELTA_EP_C_1_can_A12.xlsx,14180,9e35ea09e780f7cb933cd0e2597ed8878b13139035f727cd46c243c990962696,annex
code/FR_Dats_band_DELTA_EP_C_1_can_A13.xlsx,14146,0c62fe93ed686ee55ff1e15adfe4f596d3afaca076abdf829315482c7d53ad42,annex
code/FR_Dats_band_DELTA_EP_C_1_can_A14.xlsx,14228,a07eb215044207f937a55f10e547ebc16b89f782f8bbf11c324ba841b56142e0,annex
code/FR_Dats_band_DELTA_EP_C_1_can_A15.xlsx,14175,35a5f0db7c5f20b4c54bf8b633bb5553f96a9fc85363714fdf0021f5f2ca4c3b,annex
code/FR_Dats_band_DELTA_EP_C_1_can_A16.xlsx,14246,3e9946ad3182bb823defef0db900871a9940cf27fe3b4eed2b69035b439b2932,annex
code/FR_Dats_band_DELTA_EP_C_1_can_A17.xlsx,14176,e9412f2c2059f0ca83036ac50fecdc153bd9908af3a7a8c24411c943955da4a7,annex
code/FR_Dats_band_DELTA_EP_C_1_can_A18.xlsx,14188,b0d5734fae78de111477705cfeccc2fefe823c917538f80b06e526b9b3b82ced,annex
code/FR_Dats_band_DELTA_EP_C_1_can_A19.xlsx,14202,8a4a3baab720b35e0e845f24a767e0941ced88c66bff2189b751a49a88bf8762,annex
code/FR_Dats_band_DELTA_EP_C_1_can_A2.xlsx,14236,0fdaff7fe1be9fa416e53147c7089548481b35e7f0d5b63ca97299986ba51409,annex
code/FR_Dats_band_DELTA_EP_C_1_can_A20.xlsx,14210,5a6d020b6d5470831da9a74ad240f2d4cfb239e11a9d214e83f2c3a2eadc35dc,annex
code/FR_Dats_band_DELTA_EP_C_1_can_A21.xlsx,14207,658165ac625b4ede4659a3f607c3e4662b49047b6279e9fc36d2e8147efd9449,annex
code/FR_Dats_band_DELTA_EP_C_1_can_A22.xlsx,14164,0d7e3b764d353f1d4e790585e457c5e64bd9a2933c4fd7d1f59ee07a20c1f737,annex
code/FR_Dats_band_DELTA_EP_C_1_can_A23.xlsx,14215,4f6238cff8bcf6ba07c030a412fa939782d68686da4887743d122bc8798d52fb,annex
code/FR_Dats_band_DELTA_EP_C_1_can_A24.xlsx,14205,f8e2a0c3afb44aaabbf55730643c8875cedea496469cdacf585f3372fea70bff,annex
code/FR_Dats_band_DELTA_EP_C_1_can_A25.xlsx,14189,475ec4eb0985050acc11a3a58dae0737fbe5ed7b8a745d833668f1627560252c,annex
code/FR_Dats_band_DELTA_EP_C_1_can_A26.xlsx,14159,59213d45b4ae0c9785bd5258548e2fbdb57b31c92021daeb13ff9d71038bbef0,annex
code/FR_Dats_band_DELTA_EP_C_1_can_A27.xlsx,14268,58a999d4b1f958b749895c10faa135f4b14167901d744e2a80218681778b9ed7,annex
code/FR_Dats_band_DELTA_EP_C_1_can_A28.xlsx,14123,f4013afea34302a3495cba713056e47b7175bbec9ba8f00c4b1b600fbfa58061,annex
code/FR_Dats_band_DELTA_EP_C_1_can_A29.xlsx,14181,d656f8c0e5420b7f83d30a68ebc084a2df47ad3cb23165be34fae394c446e7da,annex
code/FR_Dats_band_DELTA_EP_C_1_can_A3.xlsx,14229,7aceca55f14fff18aa8b30c0e5e55f25ce6127f7acb249d691db50f28e703cbe,annex
code/FR_Dats_band_DELTA_EP_C_1_can_A30.xlsx,14216,1db1f2ca5e340b3d6045b104189d6746933f5a735fb4473eff99395da9b6856e,annex
code/FR_Dats_band_DELTA_EP_C_1_can_A31.xlsx,14266,6d80cf708fa566317218213a7188e48cda2556f72981303d5d9c1132253f0800,annex
code/FR_Dats_band_DELTA_EP_C_1_can_A32.xlsx,14245,4a28bdc10ae0d68763cd59be64e88e9c09897b5e7149328f13242beb2d2aae3e,annex
code/FR_Dats_band_DELTA_EP_C_1_can_A4.xlsx,14256,17d007aa72e277d0d3225485584ff5c90e91fd2076d5f29fec8518648889a554,annex
code/FR_Dats_band_DELTA_EP_C_1_can_A5.xlsx,14256,942de4b649d84615146fa8e42b6b1925fa292a24e5ec65e53d7c358dee3f5e93,annex
code/FR_Dats_band_DELTA_EP_C_1_can_A6.xlsx,14257,7c49b4f9a4b0178e08e099bd5bb3995111d6c6b39c69a3ba3adc25e3816955c2,annex
code/FR_Dats_band_DELTA_EP_C_1_can_A7.xlsx,14280,e150f4e14f8dae1815270bca4c858922b377ab4f6ddade4809fe4caaa1588092,annex
code/FR_Dats_band_DELTA_EP_C_1_can_A8.xlsx,14222,f4144b4d205f2eb5b10459ae836d2b41da163182dc226c6a2aeb8b2cdac9a13c,annex
code/FR_Dats_band_DELTA_EP_C_1_can_A9.xlsx,14204,1ccee8a120f05b05a42bfb89bf1c344ef1e22d8d34ce1c395d84add4df22fdae,annex
code/FR_Dats_band_DELTA_EP_C_1_can_B1.xlsx,14223,30be6f18397931281712bfe5f81d94b44b69c94d73aa9d709289fd5d85455fbb,annex
code/FR_Dats_band_DELTA_EP_C_1_can_B10.xlsx,14231,538c0c747edbba746db2d2222c029ca118e1ebf5a6edf6d1612489c5b1682e04,annex
code/FR_Dats_band_DELTA_EP_C_1_can_B11.xlsx,14234,e1edfe3454ce3e00533b854f9b364877b8eea4117a8d786c4965a0b0084d37ab,annex
code/FR_Dats_band_DELTA_EP_C_1_can_B12.xlsx,14239,37672add8d2da34853c87315387eb73d135bd18f3711e5b16588d91593307975,annex
code/FR_Dats_band_DELTA_EP_C_1_can_B13.xlsx,14204,a2794a29303fd59aa4aca3774b48a26c7ce03d011b18364c90895bc7c9e1468d,annex
code/FR_Dats_band_DELTA_EP_C_1_can_B14.xlsx,14205,250bff1d45573f188ee8abacff64f41184f4c123fb23ad5c9948c9bcd9869466,annex
code/FR_Dats_band_DELTA_EP_C_1_can_B15.xlsx,14212,06e1109ae295130a9797af5bc3655c645601ffb95c03c1a14715bcd9109346fa,annex
code/FR_Dats_band_DELTA_EP_C_1_can_B16.xlsx,14239,894a43781bd54fee8f43c4234d6fb346b05fb705679c58eea4c12e22dc87bc6e,annex
code/FR_Dats_band_DELTA_EP_C_1_can_B17.xlsx,14293,8ff7ec9c33c5e7b3b5a91ea791b00635782f6baa7ee83d053e8aa06a18baffa3,annex
code/FR_Dats_band_DELTA_EP_C_1_can_B18.xlsx,14224,074f3d687cdfc43ec460dde465b21d461d5d04e031ce31e17d0ec390d3a61c0f,annex
code/FR_Dats_band_DELTA_EP_C_1_can_B19.xlsx,14261,8e64ae38e8f98f24fdc055ecb4b88c81e3a4137ae3538cfe0a50356412399f99,annex
code/FR_Dats_band_DELTA_EP_C_1_can_B2.xlsx,14203,e4f1e01ee7b9da431fdaad23c1638626ce602391cdab1bd279048d01150d00ef,annex
code/FR_Dats_band_DELTA_EP_C_1_can_B20.xlsx,14214,36a86fc1b82b66a967658fc254ed777c925bffaceaff9316eed303d4627ba498,annex
code/FR_Dats_band_DELTA_EP_C_1_can_B21.xlsx,14245,568283ea8d48fbb5d1346d113333bc0e21efc3a6a2160e30e3fdd44f39761e43,annex
code/FR_Dats_band_DELTA_EP_C_1_can_B22.xlsx,14268,b8a8db7aa2dae774f486a1bd2f5c106ac501f5c51185d70c9482d4e7966cf15f,annex
code/FR_Dats_band_DELTA_EP_C_1_can_B23.xlsx,14171,e8c312801e6c776d4f81a08b6201d126a23ab0ee425d49b519dd386be7cbc8bf,annex
code/FR_Dats_band_DELTA_EP_C_1_can_B24.xlsx,14215,02663b4db3e0a802dd0d3eb14d434778b225a07a2a574f1367abed49d47db265,annex
code/FR_Dats_band_DELTA_EP_C_1_can_B25.xlsx,14232,18b3d855d855b4bfab642ec8f8222c2f91f1a8fd6333625a52aa8869eb0b3384,annex
code/FR_Dats_band_DELTA_EP_C_1_can_B26.xlsx,14231,492820a888ceff9b3dbac439f38ab467435d0fc80b0aba29fe978c6b4b737238,annex
code/FR_Dats_band_DELTA_EP_C_1_can_B27.xlsx,14207,bb3dafaf966c5234427e60f15d3fae629273027f89de152d43df6b7238fb2d36,annex
code/FR_Dats_band_DELTA_EP_C_1_can_B28.xlsx,14183,55820fe5fea782b76089b108482be0cafb460a52ab2c580f49e72dd9c6825689,annex
code/FR_Dats_band_DELTA_EP_C_1_can_B29.xlsx,14168,dd0a5f0a7b8d7d80db9de4fb6007b36e76e0a6cc86beefc9d968e8ac161bc791,annex
code/FR_Dats_band_DELTA_EP_C_1_can_B3.xlsx,14210,be2a5a849b470d36be323a4b2035c9c7af6e4e2a7abab1f2ca9b7b4772a923f6,annex
code/FR_Dats_band_DELTA_EP_C_1_can_B30.xlsx,14251,43b074006ab6ce5662535c66a7f7fc597886b39e28650f4041a74dfbebaca50a,annex
code/FR_Dats_band_DELTA_EP_C_1_can_B31.xlsx,14195,8876f884bce7a8914712f901a6e612f84b6f728c4453841028275c569ecf1dd4,annex
code/FR_Dats_band_DELTA_EP_C_1_can_B32.xlsx,14224,9a19b37006a73d75ca62f5f41587aa53032f39a7627c199f1870516922f765ed,annex
code/FR_Dats_band_DELTA_EP_C_1_can_B4.xlsx,14225,c86256480d336d2e2dea084e4e277911ca61d1d26b9fe4fba9fb843be00ee325,annex
code/FR_Dats_band_DELTA_EP_C_1_can_B5.xlsx,14208,3a76bf5343d293cc93372d081ff08c457d2a6b258a0180c849ff509ce5079296,annex
code/FR_Dats_band_DELTA_EP_C_1_can_B6.xlsx,14146,a9ee02746bb32dec80eaec159f07ba58516197d3f63763ee0dae9b2145324bad,annex
code/FR_Dats_band_DELTA_EP_C_1_can_B7.xlsx,14230,e685ef4aeafff6a2f00f0109a67ddceb1a3b041788776e43245d2c7467626050,annex
code/FR_Dats_band_DELTA_EP_C_1_can_B8.xlsx,14178,851bedca74017588887dfd0d5132b869776fb7e3826f0f8b1250e94881c3955c,annex
code/FR_Dats_band_DELTA_EP_C_1_can_B9.xlsx,14210,b9d9c1212fe0546c13560d6fae8ac40661021fd769ebb787c0954a36b086c3a5,annex
code/FR_Dats_band_DELTA_EP_C_1_can_C1.xlsx,14268,0beaa32d31c10d66ac8221c830c5d53d56cfd66a5cf599f2ad29699e86e54b3b,annex
code/FR_Dats_band_DELTA_EP_C_1_can_C10.xlsx,14234,a6a955aff289f18e7993d3e63227e7311997a60ca6fc5f3438e260406c74e847,annex
code/FR_Dats_band_DELTA_EP_C_1_can_C11.xlsx,14187,8b598c553b66b84a043089450f67bac437832d371fcec45ca145d054e88607ea,annex
code/FR_Dats_band_DELTA_EP_C_1_can_C12.xlsx,14180,d679a284e45c07b67839424e17a3fd801478bdb1b648a6824510c72b3ad63fed,annex
code/FR_Dats_band_DELTA_EP_C_1_can_C13.xlsx,14219,f814907043a01e241517d1b49ddbf21b0e776bf753ee7639338e9af32c0feece,annex
code/FR_Dats_band_DELTA_EP_C_1_can_C14.xlsx,14182,a120d01bd48cfc6fb5c79be3a8202a60c5e05b0f32958d23c9cf9dce57f37db3,annex
code/FR_Dats_band_DELTA_EP_C_1_can_C15.xlsx,14197,ba93a6f1e1bb6c0302c82bbacee786b8362be170f696ad376008273f05ccd172,annex
code/FR_Dats_band_DELTA_EP_C_1_can_C16.xlsx,14148,80a47d40e25f11f2c4a80a2d042829749a46e3b8a4c7b00c562167eb71ec92ba,annex
code/FR_Dats_band_DELTA_EP_C_1_can_C17.xlsx,14198,bc11cfc928aaf7a801169c26098d333f9123a473b4ec90870940c06f957e67ed,annex
code/FR_Dats_band_DELTA_EP_C_1_can_C18.xlsx,14129,24fd00c00c2718be542f8edbfc2c6741713df3c738d46d5b4233819f0056aa39,annex
code/FR_Dats_band_DELTA_EP_C_1_can_C19.xlsx,14180,064c3588958744e8eeb5406495de3de73c5e0502cce6fce1031703186e505673,annex
code/FR_Dats_band_DELTA_EP_C_1_can_C2.xlsx,14179,c5e7ec9923edd1bcd285cdfdeb72b1e83e17f4d9fa673fbfdf41afebe4fb7621,annex
code/FR_Dats_band_DELTA_EP_C_1_can_C20.xlsx,14163,b12b80023ae9f631d023771a02b41cf6f17182cae084aa78c2a5ea5c8440145e,annex
code/FR_Dats_band_DELTA_EP_C_1_can_C21.xlsx,14192,425dfbf92283a9c5b014a9017b6678ef1a4c8759b4cc932b28c6810fb744ce0e,annex
code/FR_Dats_band_DELTA_EP_C_1_can_C22.xlsx,14212,30122749e8ed81582476853ec1cb9769219a375eab06b1b9440a6e4f7fd9dfed,annex
code/FR_Dats_band_DELTA_EP_C_1_can_C23.xlsx,14208,cefc1004d5b9c42d705df7508c5d17f851c18c0b50032fd6f8aa61eeaf3f1d2a,annex
code/FR_Dats_band_DELTA_EP_C_1_can_C24.xlsx,14248,2a0cd29e5233123a5805efafe2ae3422acd63a681fde74859c86179aff0755f4,annex
code/FR_Dats_band_DELTA_EP_C_1_can_C25.xlsx,14151,0cb98198b0d6324a284f875bcbbff855b5594d92f9fb11c8379d546415ca2d01,annex
code/FR_Dats_band_DELTA_EP_C_1_can_C26.xlsx,14154,85d4937f39d9041255459dafee5ce227884292a4b9c88894189c4f0b641cd1c6,annex
code/FR_Dats_band_DELTA_EP_C_1_can_C27.xlsx,14210,f261ba0ad464248d909f637757ae90f36327c6fa04153573c7144b1aae8395fe,annex
code/FR_Dats_band_DELTA_EP_C_1_can_C28.xlsx,14239,ab23aa2ed1151751f41ae2526e231981d91529f946ace598226120b3348ecd58,annex
code/FR_Dats_band_DELTA_EP_C_1_can_C29.xlsx,14221,715e5e701ed67640a357936809de3a015b264095bf43e4af5506fbea7a879ad9,annex
code/FR_Dats_band_DELTA_EP_C_1_can_C3.xlsx,14220,4c62f97b78196468cd82ce161e8e18ca6e43a0a184ab7e8801db0e86e44247a4,annex
code/FR_Dats_band_DELTA_EP_C_1_can_C30.xlsx,14171,82d09609132be5e99bc360bc270cf91773dcf6fa9583384dcfd1df4e0c9c7286,annex
code/FR_Dats_band_DELTA_EP_C_1_can_C31.xlsx,14230,0a5a95c74085a075f248e89ef38672a07f46e450243d6fc1d073ec246ede795d,annex
code/FR_Dats_band_DELTA_EP_C_1_can_C32.xlsx,14165,99fc90ba7a420770a6df873111b83ddf836d5f5873b632e16ec04ab0af72c00b,annex
code/FR_Dats_band_DELTA_EP_C_1_can_C4.xlsx,14224,2508faa93b3371bfb5ed96a2b1cc1c4998c29ae892a27f901ebcbfbd498134fb,annex
code/FR_Dats_band_DELTA_EP_C_1_can_C5.xlsx,14193,300ba9e92e83793f086dee0619007e8dcde871a3a1893029a30411c2534daf1d,annex
code/FR_Dats_band_DELTA_EP_C_1_can_C6.xlsx,14197,fd189f482af816090a6cbbaec1cac1f89296c46b6810f2ba95feb0aaa936308d,annex
code/FR_Dats_band_DELTA_EP_C_1_can_C7.xlsx,14158,9a4911e17317d87005b043c066b5b01133af2769bd4d540bcccbf13448fdc137,annex
code/FR_Dats_band_DELTA_EP_C_1_can_C8.xlsx,14176,ba5709a43b008cefdb1c16f1386be5dde9c969826473f3c36ef38d5a34ec5c2b,annex
code/FR_Dats_band_DELTA_EP_C_1_can_C9.xlsx,14221,ac883500742d938994039a92084583ca1d32af151603cfaf3b28a9aa6a048b2d,annex
code/FR_Dats_band_DELTA_EP_C_1_can_D1.xlsx,14326,261fa620135d19b7fd3f4483bc07c756cb9530b8c24e7a1259793af8fc23e265,annex
code/FR_Dats_band_DELTA_EP_C_1_can_D10.xlsx,14211,aa13966ffa07bec69e45ad7efe6da85aeb3ab53bab47bda791ea4e1c44164d48,annex
code/FR_Dats_band_DELTA_EP_C_1_can_D11.xlsx,14269,13d079629371b8f57b863d134270540f8ca5585fe07a278e463103876eed78bc,annex
code/FR_Dats_band_DELTA_EP_C_1_can_D12.xlsx,14184,fd871eb1099b74bcc91a86cce7b7ba2bd1cb3ae0b2b8d43bce7be3c9a7f8e69a,annex
code/FR_Dats_band_DELTA_EP_C_1_can_D13.xlsx,14200,99eedb2d26aa01623905c5d3f4a6ec215d9575e316a1871fb91f1c5419960d1a,annex
code/FR_Dats_band_DELTA_EP_C_1_can_D14.xlsx,14244,bef7c5a006abe0e419207f1c20f53ebfb5c39fe4cd1e6bedfb902b5d16d94410,annex
code/FR_Dats_band_DELTA_EP_C_1_can_D15.xlsx,14261,5eb7247d068722982a8106303106397fd0100c293d13d5dc4c4f9999ab356dab,annex
code/FR_Dats_band_DELTA_EP_C_1_can_D16.xlsx,14236,7ac4b24993b668f743f111f6d841b14317ab5ff67504726a27757c9f01523b91,annex
code/FR_Dats_band_DELTA_EP_C_1_can_D17.xlsx,14247,3ce42bef4307bbee173cdeb1c26705c30ee1265fd9e634994fafa60f9b4dd9b0,annex
code/FR_Dats_band_DELTA_EP_C_1_can_D18.xlsx,14264,740ee5aad86f7f8e50ca10ef26a662f4083b8e1533ab47a947af5dad05ce2abe,annex
code/FR_Dats_band_DELTA_EP_C_1_can_D19.xlsx,14237,4cd16c9ff54660d6df2c6e4d4e0b76b85e90715e30f1149b439884d93441be4f,annex
code/FR_Dats_band_DELTA_EP_C_1_can_D2.xlsx,14230,3aef7f6415db52bf17c0eb11aa60c2987d4b11fb107581d3902c9ed51cd6d8ed,annex
code/FR_Dats_band_DELTA_EP_C_1_can_D20.xlsx,14311,ef261085b60eccfa5cb2603dbfc214663a14e88aff7fecf153cc50573256ab4b,annex
code/FR_Dats_band_DELTA_EP_C_1_can_D21.xlsx,14303,c7403f3c37a876e0c211732b18e1fffdbd7c57ec03a1e3057aec65c62b2284fd,annex
code/FR_Dats_band_DELTA_EP_C_1_can_D22.xlsx,14262,b52dddac9667684d3d3945c9451e5cbf79ffc7b6199da475bd55d48ab931fcdf,annex
code/FR_Dats_band_DELTA_EP_C_1_can_D23.xlsx,14175,c10bc6eb94dccb564ae42f2ca549da602ed39b6508571fd9b96c55b5cbd73009,annex
code/FR_Dats_band_DELTA_EP_C_1_can_D24.xlsx,14200,17583238d1ed1dec13e42cfbfd2290add7f03e6c3aa154e05b9bca5ef3b4fe4f,annex
code/FR_Dats_band_DELTA_EP_C_1_can_D25.xlsx,14251,cfc7133b4c6518eb7c9fd80f52aea03374c13beecb4d71cdd3831c01b12fb9f4,annex
code/FR_Dats_band_DELTA_EP_C_1_can_D26.xlsx,14281,76b0b87fea2f83990bc612fbd2bb08610a1402f8ae646dd0e4238cefaf480fa6,annex
code/FR_Dats_band_DELTA_EP_C_1_can_D27.xlsx,14243,1a721596e57d7acbf4076b094cfdde68203c5781e833b361b5f249d7caf16421,annex
code/FR_Dats_band_DELTA_EP_C_1_can_D28.xlsx,14297,3475b25310882e6774f2f64a889bcb747c23d3bb4c15ca87855793b6dbb757fd,annex
code/FR_Dats_band_DELTA_EP_C_1_can_D29.xlsx,14282,f4e4ca124f0e843d2f69b45dbcb1145f8d667c810c9c5e6ff8e986bf97a1fe15,annex
code/FR_Dats_band_DELTA_EP_C_1_can_D3.xlsx,14184,3db1b920b6aba943be903a2794eac716ed3533d4434d400087180670cc3c16d4,annex
code/FR_Dats_band_DELTA_EP_C_1_can_D30.xlsx,14244,fee0b8239f2591d764d2d11e636f18b83907e9611cc1860a1202719b6e69d5b6,annex
code/FR_Dats_band_DELTA_EP_C_1_can_D31.xlsx,14251,d282415bc7cbc7ada05aa837eae6c1529bb1f937bc22652cfb38188c33276b99,annex
code/FR_Dats_band_DELTA_EP_C_1_can_D32.xlsx,14213,10b0c789a524aa8453647ad7def1dd58201f5edf6473bdb32fc2e98e9be21a11,annex
code/FR_Dats_band_DELTA_EP_C_1_can_D4.xlsx,14248,c14e97aee7f4414e82562ac8e1771500aaa35d1655ca6cb1788af475bad211cf,annex
code/FR_Dats_band_DELTA_EP_C_1_can_D5.xlsx,14225,593bf1ad423a66853c1346665abcf717a68613617adcd34f09a361d116943026,annex
code/FR_Dats_band_DELTA_EP_C_1_can_D6.xlsx,14223,0efc46826ee98465956a19153c8540183883fa670bcfa0e30528c326d5316192,annex
code/FR_Dats_band_DELTA_EP_C_1_can_D7.xlsx,14192,bdcb0636c9513fae80008de34a62a3324977c20e70c3e512eb6bd38ecbd5a61b,annex
code/FR_Dats_band_DELTA_EP_C_1_can_D8.xlsx,14172,7881f478528f7ffef68fad6d9d9102a2559ba6cbf400105858a841b573615d98,annex
code/FR_Dats_band_DELTA_EP_C_1_can_D9.xlsx,14199,e2ef658aea07a3548c05131ffc4766ef127c1027acc1c1290392f4cc61423dff,annex
code/FR_Dats_band_DELTA_EP_C_2_can_A1.xlsx,14224,a1099f5aad360c1b5901f81a52a54d1521c2be6ebf878be3c1ebe405fb771ba1,annex
code/FR_Dats_band_DELTA_EP_C_2_can_A10.xlsx,14223,d89b08b533c03e5231c58daae6caaca88ee0bf714851b9a6662ddda90495514d,annex
code/FR_Dats_band_DELTA_EP_C_2_can_A11.xlsx,14183,f7e1e94a0afa4eaea45b5f8dc03b52d4d10db18d19c946eb80d4373c9a5d73f1,annex
code/FR_Dats_band_DELTA_EP_C_2_can_A12.xlsx,14131,70a1d6bea6409c8e3defddae2dfd855d9d5b3202b3ade76cb8486bd1a9d28339,annex
code/FR_Dats_band_DELTA_EP_C_2_can_A13.xlsx,14160,aa41328a0f6a145ca54248a687065427ab6018fc70ce1bfae2c6fd648c84c72c,annex
code/FR_Dats_band_DELTA_EP_C_2_can_A14.xlsx,14191,db29b5d91c8456651e7ff9cc1a3de3cdcde586b78c0d75b5970dfda7b9970dd0,annex
code/FR_Dats_band_DELTA_EP_C_2_can_A15.xlsx,14181,11465094d6fb8a944d8c2425d565e66d97774863d902834ed03e0bd438226505,annex
code/FR_Dats_band_DELTA_EP_C_2_can_A16.xlsx,14165,463e76f4861ba08b5ca3a07161278caa35e7c8e3ff6dd6c31fba9af3d41508dc,annex
code/FR_Dats_band_DELTA_EP_C_2_can_A17.xlsx,14205,468f24d37f54f51a5f3cda6088d50a471302b66f159f734e6b98d75d5c5c486f,annex
code/FR_Dats_band_DELTA_EP_C_2_can_A18.xlsx,14182,0f28d21685c2fa391da39e69f400de394ea36ff39b60211309ccadef09886129,annex
code/FR_Dats_band_DELTA_EP_C_2_can_A19.xlsx,14221,88f920ba5e3abd673dee15a062d3df8fdf277fa887488553cdf4eca0674e0e48,annex
code/FR_Dats_band_DELTA_EP_C_2_can_A2.xlsx,14234,e8c53698410342be1a1c49ab4c98bce327c4d4a167d6b56c7d476b0a1927899d,annex
code/FR_Dats_band_DELTA_EP_C_2_can_A20.xlsx,14166,b83d3c735b66d2bbc2507777466ba2e4bae0a49ceac0bb0b3cc86d71bd52b22b,annex
code/FR_Dats_band_DELTA_EP_C_2_can_A21.xlsx,14208,09b37527c892a5d524859450ef8c73fd3e7d8547eb2cd445df5a849e5f494482,annex
code/FR_Dats_band_DELTA_EP_C_2_can_A22.xlsx,14226,194e56081084f92268d2c0a92bfd790a953c6f77692977d747c76de0c686f8a8,annex
code/FR_Dats_band_DELTA_EP_C_2_can_A23.xlsx,14203,7f7fa93b1a1358cb0c7e08cb5aa417ccc1666ae33d88b7a7ca941d6ba7298b81,annex
code/FR_Dats_band_DELTA_EP_C_2_can_A24.xlsx,14268,f86852b23e5cee6165b8d96b7d2b8d3f9051d0e79bcd8629bc9b231ea86e3a2b,annex
code/FR_Dats_band_DELTA_EP_C_2_can_A25.xlsx,14192,77f3d7d1fc1b47d06fc1319e5f645253d0c7b8a3cf903ac51b9a8ea49f1cd5af,annex
code/FR_Dats_band_DELTA_EP_C_2_can_A26.xlsx,14192,e7b81c76053c2542b436e20d3539b0ecc8a21538d073e8671523cda07654775a,annex
code/FR_Dats_band_DELTA_EP_C_2_can_A27.xlsx,14212,1c624715a2a8dd5e7af982805cc761cdd8bae7c5723c2317bc943dc86040f1fb,annex
code/FR_Dats_band_DELTA_EP_C_2_can_A28.xlsx,14222,c79941efb3b16dc0df328e8ee799f15a0c4203e1763f01d1388ee31c37b4cf82,annex
code/FR_Dats_band_DELTA_EP_C_2_can_A29.xlsx,14209,b14289fbc9284d5c0e51f9f067fe23001a22b8f2c52b1191e4243eee209444de,annex
code/FR_Dats_band_DELTA_EP_C_2_can_A3.xlsx,14192,551cb1f1380bf53fc21bd19741747e16760c56e8f49206d1f320b96d1d2d50a5,annex
code/FR_Dats_band_DELTA_EP_C_2_can_A30.xlsx,14236,a3197f3bf4245d412093de1428fd32716c4374a4406ff2a815799c985320797f,annex
code/FR_Dats_band_DELTA_EP_C_2_can_A31.xlsx,14275,5bdeb1c47079c39452bb78a21ec08345eb6f900e23f71abbed22928e95c3ef35,annex
code/FR_Dats_band_DELTA_EP_C_2_can_A32.xlsx,14196,eba8f1f249cbc721c24cbbe78aa6aedba41f0b327e933f46fed0ac76ea962a60,annex
code/FR_Dats_band_DELTA_EP_C_2_can_A4.xlsx,14245,28da8b0983a93fec6e9df05617b4e16b327fcadac08f51e62fd4af8619fd1619,annex
code/FR_Dats_band_DELTA_EP_C_2_can_A5.xlsx,14204,950d1c9b85cb2bde3696397700ed73e83eb42bda15ffcdab22b66d20108318ea,annex
code/FR_Dats_band_DELTA_EP_C_2_can_A6.xlsx,14242,d505accf555485ca1b823d2192a187aadcfbcdc74dd76080eeed4b1d5958f80e,annex
code/FR_Dats_band_DELTA_EP_C_2_can_A7.xlsx,14201,8616d1430ca39b0aa5bb949956e0e1b75eb11715727ae9fe6275b39c75986d78,annex
code/FR_Dats_band_DELTA_EP_C_2_can_A8.xlsx,14225,d3bd983f97b814bede489b8691d85b483c019b57c3258694ed4a3c4d82897db4,annex
code/FR_Dats_band_DELTA_EP_C_2_can_A9.xlsx,14198,97dfe74abc5f1bdb1b849da68455c87599e409d6ca8ad11c128da823929324a3,annex
code/FR_Dats_band_DELTA_EP_C_2_can_B1.xlsx,14255,e1759a88d310e15bde1f45dbb41cc93f097ca094b29ecab6d154015897027c21,annex
code/FR_Dats_band_DELTA_EP_C_2_can_B10.xlsx,14218,5d61b5306f9095b5e11073705487821f00b9d68efaae66cd6a419a502ce66fc7,annex
code/FR_Dats_band_DELTA_EP_C_2_can_B11.xlsx,14246,75d75f87aefec3d334147b1b23e8906dbddcfc93c3f896065d037ce451a20661,annex
code/FR_Dats_band_DELTA_EP_C_2_can_B12.xlsx,14294,a3da88e1a7784c18c1cba8a54b7c1a9d5ed55a8ad7649f60ccaf1b17b7b0559a,annex
code/FR_Dats_band_DELTA_EP_C_2_can_B13.xlsx,14262,84145c514ce9eafcee04f94086f6b0d83b2f123e9ca28fc092c61e1582019456,annex
code/FR_Dats_band_DELTA_EP_C_2_can_B14.xlsx,14258,893caf2525c9db013aa77fd4c7339d21bf4c7cefc28b9db0fe709eca27495f1a,annex
code/FR_Dats_band_DELTA_EP_C_2_can_B15.xlsx,14277,dd8e951cd95e46c7b9ee270de6c6be9f0cc39d1eb7fb72dab05e0bd322dd0bbc,annex
code/FR_Dats_band_DELTA_EP_C_2_can_B16.xlsx,14233,b0b027b646f419a60763ec4e3217ca620c1487561e9c82b2c05212ecda7481bd,annex
code/FR_Dats_band_DELTA_EP_C_2_can_B17.xlsx,14206,568531e23aeedb450ff887e7d3ab4807f2e72d5e304a26f1a32873a9ca42374c,annex
code/FR_Dats_band_DELTA_EP_C_2_can_B18.xlsx,14238,e44093da14c3ce544125bdd3161fdba6f0853287f4ccbdfd893b9056bc638bde,annex
code/FR_Dats_band_DELTA_EP_C_2_can_B19.xlsx,14276,8ba07d2314ede5af96ef5e3913dca8ca3a279224e0f6fc662e153984a8ab2846,annex
code/FR_Dats_band_DELTA_EP_C_2_can_B2.xlsx,14230,fbf7d0966e0dd0a2b3f674a62ac5672ea8290da7e345dde4fc4b2971cbbb3900,annex
code/FR_Dats_band_DELTA_EP_C_2_can_B20.xlsx,14270,be529565157d9d78d6c6a1c291f6358c4b75e5a8c3ed5acebfe5be0cfb535206,annex
code/FR_Dats_band_DELTA_EP_C_2_can_B21.xlsx,14240,6b70e033061da9da428343a5df8a73a28e28ccc9056fa1f787337e32b0d9c051,annex
code/FR_Dats_band_DELTA_EP_C_2_can_B22.xlsx,14238,274747f27b31e383e0912b681e3b3b344f5476eb29f6396fd7b6f5035c0585af,annex
code/FR_Dats_band_DELTA_EP_C_2_can_B23.xlsx,14243,112695558e43731647d14c6e610971e584d98ab159c062674212de6046596b01,annex
code/FR_Dats_band_DELTA_EP_C_2_can_B24.xlsx,14231,3326d131d48ebf8ad53b2d88c6a22b8db865bdd586b944ec90c4e97de41e374c,annex
code/FR_Dats_band_DELTA_EP_C_2_can_B25.xlsx,14293,2db07e438bad26c5837d59c2c46ca6b7f9d2e225071543c21d57f5dd5803b878,annex
code/FR_Dats_band_DELTA_EP_C_2_can_B26.xlsx,14246,37bb9f70e11406420306389331c0ba96a2350531388b412e1c3d47f84f7c2a12,annex
code/FR_Dats_band_DELTA_EP_C_2_can_B27.xlsx,14239,04df16f5c7201d234e04823c54a28669e449d3fa1df17154408699d95ffbb5f7,annex
code/FR_Dats_band_DELTA_EP_C_2_can_B28.xlsx,14199,987835158fbb42238d75ffad1f42c7884c90369e0d28ab9e990f9993df8f8567,annex
code/FR_Dats_band_DELTA_EP_C_2_can_B29.xlsx,14271,3ccc671daafc8c38a7ba686e399d3bfc05ab7a873142f4ff4333b6ab987fb300,annex
code/FR_Dats_band_DELTA_EP_C_2_can_B3.xlsx,14253,ed47206ae90af6a16e5153608565e2856094091fe90894657f5edc9566bcebd3,annex
code/FR_Dats_band_DELTA_EP_C_2_can_B30.xlsx,14288,a1019a7ce688aa848f54d443d84b817e8a031fa45e4a42293baa537b625162b8,annex
code/FR_Dats_band_DELTA_EP_C_2_can_B31.xlsx,14234,6ce32398997ba55b26c54c9b0ab2c468500eac5a8bb79957e39bd78efd47f1f3,annex
code/FR_Dats_band_DELTA_EP_C_2_can_B32.xlsx,14256,aae5bb3833896684fca99d5dd493b098907af052edecfadef4d74a96dc789ba2,annex
code/FR_Dats_band_DELTA_EP_C_2_can_B4.xlsx,14207,9673ec59dab05e7e94688f9d0e524fdb34f221fe74abed80a820b8a1654aa63d,annex
code/FR_Dats_band_DELTA_EP_C_2_can_B5.xlsx,14197,6a9c47d69535b3b941ad820c7b9abf8c66ef94135bb3e335896f8907f2af6b33,annex
code/FR_Dats_band_DELTA_EP_C_2_can_B6.xlsx,14092,45fafebe4b6369d0f7ae764744bd9e514a8e50527d12631fcfa292de04c99016,annex
code/FR_Dats_band_DELTA_EP_C_2_can_B7.xlsx,14165,88f876a0c7cec3ba12e1848a391b2c34b3e71aba129349ebf02511a59ea33235,annex
code/FR_Dats_band_DELTA_EP_C_2_can_B8.xlsx,14193,dca07d622e2a3e7987ea316ab22f580a5a70d51266eb1e5fb61c049ed7d44247,annex
code/FR_Dats_band_DELTA_EP_C_2_can_B9.xlsx,14265,ee9568d79a14451585b9d46d431c144128bd32e811d73be8c487a8f21a7d81b5,annex
code/FR_Dats_band_DELTA_EP_C_2_can_C1.xlsx,14240,e537628903544f35b698ad2bfa8f51d30c86d352391dbc569f8385f0f4b207a8,annex
code/FR_Dats_band_DELTA_EP_C_2_can_C10.xlsx,14197,26ad73bbff72a40c20b8422f2794c95779c68a7d0a1767740c45c1c6bb6fde52,annex
code/FR_Dats_band_DELTA_EP_C_2_can_C11.xlsx,14189,60053f30e325ec590512f234b7df4b4b0f5a5a0840c99d96be97000a54ca6417,annex
code/FR_Dats_band_DELTA_EP_C_2_can_C12.xlsx,14272,bba10f7aced4342fc0f5aeab8f2de4d02cf19095897e43c62a5b75f2ed751a28,annex
code/FR_Dats_band_DELTA_EP_C_2_can_C13.xlsx,14201,36fefdd06edff95ee2142d7da761274f6fc75de627e764145030db16c99aa8e2,annex
code/FR_Dats_band_DELTA_EP_C_2_can_C14.xlsx,14159,707b21aeffa466801c52fd70550f5801ba32364092e0550dfcc517fddf27e093,annex
code/FR_Dats_band_DELTA_EP_C_2_can_C15.xlsx,14113,f6dad72354b3f90e99444f97f40a694dbbf480d30ba22877fffdea77ac999795,annex
code/FR_Dats_band_DELTA_EP_C_2_can_C16.xlsx,14161,bfe05e73b9946eb1d9efa887998435d5cbd6bb84d5269f7f20cb3a0ba584c4aa,annex
code/FR_Dats_band_DELTA_EP_C_2_can_C17.xlsx,14222,9cdae4fbb0da6200a28e0cf4d39bd100adea233e8906be84b0491d2647fe4af2,annex
code/FR_Dats_band_DELTA_EP_C_2_can_C18.xlsx,14222,f4af0995dc3e137d9be1545b91fc4483803a0690d69efb6681f8708860bd5834,annex
code/FR_Dats_band_DELTA_EP_C_2_can_C19.xlsx,14112,e7931013ea88bbd6bc1d0119894bab95857ed74e8467665c10011ce0e715a8c0,annex
code/FR_Dats_band_DELTA_EP_C_2_can_C2.xlsx,14279,19fa4d774608b08ecfc629eeaaa29cce1fb36d1481cb004594aa1f10b8a7e7d7,annex
code/FR_Dats_band_DELTA_EP_C_2_can_C20.xlsx,14207,3dd49d93381b85f84f3c377684fbe36c435e3c320c1ffe24070ef5bce05af02d,annex
code/FR_Dats_band_DELTA_EP_C_2_can_C21.xlsx,14235,6299e403926373aeab31ac46319a54ebea6ff8c00a76555b5859cfd039553a69,annex
code/FR_Dats_band_DELTA_EP_C_2_can_C22.xlsx,14250,0c7fa29bbfb47acefa95bd6902d4c70d2bda7522acf4ea9c797a20dc158acaaa,annex
code/FR_Dats_band_DELTA_EP_C_2_can_C23.xlsx,14194,4ea15cbeb0918131ee1018c40a94904a34f9adb465bfc6f8a8b98d2e301bb3af,annex
code/FR_Dats_band_DELTA_EP_C_2_can_C24.xlsx,14285,17f3e7c1d28d066c9b42f8faf83da20c6ccf35f0bcf9aaa3980ae6c6856e874d,annex
code/FR_Dats_band_DELTA_EP_C_2_can_C25.xlsx,14230,6265a2ce3ae79d284e7f1133e88322176332f9b79b611c39f70ae877c8fb3049,annex
code/FR_Dats_band_DELTA_EP_C_2_can_C26.xlsx,14206,a38e9f8ad3acdc48ded36e413924da48088a5f2460ce80caffab08dfe76049fb,annex
code/FR_Dats_band_DELTA_EP_C_2_can_C27.xlsx,14125,0edcebb8cddd0db0289e3272cccd8f72ca5fdf3ab8f6edf4b7a2f65bd5f0ab9a,annex
code/FR_Dats_band_DELTA_EP_C_2_can_C28.xlsx,14200,f997a187f70c15733f84f585e63f34cdad061dda5bac26ddf2c39df9dac167df,annex
code/FR_Dats_band_DELTA_EP_C_2_can_C29.xlsx,14178,f375d78396a89a78ae743c70cd6a75f2c7178036bfc4909d063305e532973447,annex
code/FR_Dats_band_DELTA_EP_C_2_can_C3.xlsx,14191,a26fc43286c26f04d50e4aca5c267c6265aff66874350537b2fb672b0c433fdb,annex
code/FR_Dats_band_DELTA_EP_C_2_can_C30.xlsx,14202,69c7d9ab8a83790a369c08d5536cdd4b5bc4fde2888febdc8fb6a2d7ddea0969,annex
code/FR_Dats_band_DELTA_EP_C_2_can_C31.xlsx,14182,0e4b5ba9ad95086e6bcc5574923c202d830d524eb1d1190fc4b8992a752484f8,annex
code/FR_Dats_band_DELTA_EP_C_2_can_C32.xlsx,14177,d398dda53898c298fb7b351fe50251262c216eb44072defe578449a725ed096a,annex
code/FR_Dats_band_DELTA_EP_C_2_can_C4.xlsx,14181,2b7d745ce5fa80f1eb17a9681d6c3d0412028fd6b9d370299db1a1997a8f2220,annex
code/FR_Dats_band_DELTA_EP_C_2_can_C5.xlsx,14214,d6b21a23fcb74422044741fb17859fe86e6fb8c23f9c087098c63431e1ffec77,annex
code/FR_Dats_band_DELTA_EP_C_2_can_C6.xlsx,14210,5b21e860f900435d7058fd2bd9ce496e86b5e44bb3e27b97bffe657da68321cb,annex
code/FR_Dats_band_DELTA_EP_C_2_can_C7.xlsx,14182,e106dae8ef9a2a0d235476ff5ce8c39f95978a315cd7dac59493c676e54276b9,annex
code/FR_Dats_band_DELTA_EP_C_2_can_C8.xlsx,14158,1cf3f774f502514e69ee630ed08f668a37a441ccc7464c0f587dcff754626df4,annex
code/FR_Dats_band_DELTA_EP_C_2_can_C9.xlsx,14173,1dae07f289d94716bbfabea0f9daddffc7923c3a85e0073ba2d8488e83ac98b5,annex
code/FR_Dats_band_DELTA_EP_C_2_can_D1.xlsx,14261,a17fc13e21f890d7719eae4e9ea118596dd208fde5d9f1b5a5a34f97e5acc5f3,annex
code/FR_Dats_band_DELTA_EP_C_2_can_D10.xlsx,14267,6e4912898cfab9036e2be298f82e3e4a53cf39136895c63fcab30343abce769e,annex
code/FR_Dats_band_DELTA_EP_C_2_can_D11.xlsx,14161,ca9e3c474fe74b11decc0d33459d8e23155960eebfdf469b37ac81a275d3b2cf,annex
code/FR_Dats_band_DELTA_EP_C_2_can_D12.xlsx,14209,84743e068aeefc925006093a171988509c7d5832805614b41a78c6136a995cc9,annex
code/FR_Dats_band_DELTA_EP_C_2_can_D13.xlsx,14213,c6495e252e00cf5aa0f4753f1ccb39ecf1ca39a67e47266a5ae67e6ebdc92c72,annex
code/FR_Dats_band_DELTA_EP_C_2_can_D14.xlsx,14177,5d7b7d696c1b6e9e56c4363d6f073c267e986cf2ce23d480d5ce3b6462828208,annex
code/FR_Dats_band_DELTA_EP_C_2_can_D15.xlsx,14288,ba2ff2b66447b86e85a8bc0ca27c2f464aa29d7723b6be1241c4af3b48959587,annex
code/FR_Dats_band_DELTA_EP_C_2_can_D16.xlsx,14199,4cad4b9b6c51f7e72d629fd2df12ed90fe40b91448316fecf883ee1dc9f92383,annex
code/FR_Dats_band_DELTA_EP_C_2_can_D17.xlsx,14247,22ea78d3de70de996e772ff2d720dfba7092780a50ada2686f36bdcddd0b43e6,annex
code/FR_Dats_band_DELTA_EP_C_2_can_D18.xlsx,14257,dcc7999dc3273c99e6f70cac6bf1aeeef4d43496605ed4fede6ae750ad32041d,annex
code/FR_Dats_band_DELTA_EP_C_2_can_D19.xlsx,14302,7675060ada93f36b1b72e44ed8e08b5b01b3c990b98b69e8a47e08512001128f,annex
code/FR_Dats_band_DELTA_EP_C_2_can_D2.xlsx,14205,f48c69f5a2644886e4e2fdac893fcf196ef0e3b4259ed98797edcdd30efa32da,annex
code/FR_Dats_band_DELTA_EP_C_2_can_D20.xlsx,14260,515ae3937afa49956e53259d3932e787194ba8864a43d635d7f4e300620131d8,annex
code/FR_Dats_band_DELTA_EP_C_2_can_D21.xlsx,14253,2f6e87430a595dcfba54812510f74f82f091a6e8dd042daaec64512cd27de7cf,annex
code/FR_Dats_band_DELTA_EP_C_2_can_D22.xlsx,14257,ba931b9679485c7374d50e8639dc10892817470b8cd6bb162ab023d9e04183d5,annex
code/FR_Dats_band_DELTA_EP_C_2_can_D23.xlsx,14241,dc8e810acee4ed051c9a45b1e9efab07f409a09bd899af91ac11933128bb8a61,annex
code/FR_Dats_band_DELTA_EP_C_2_can_D24.xlsx,14210,33863eec9fb9e1db43c519e1b1bb85c2ff2787a88f28184e3f1cec6d3c321340,annex
code/FR_Dats_band_DELTA_EP_C_2_can_D25.xlsx,14217,eb53bd7d5ccd630ef204c7ff8c1595eab4ab51982bba76868a5ea6ee5e332a61,annex
code/FR_Dats_band_DELTA_EP_C_2_can_D26.xlsx,14218,53829e80f67acbba1e3aaa3a44a5d7b6698e5cdfa018b21002fc62427a304405,annex
code/FR_Dats_band_DELTA_EP_C_2_can_D27.xlsx,14278,a5991c2bc36891ef5fc2163e7b17bb175633c5b7acdda33ce2f8db20afe168ad,annex
code/FR_Dats_band_DELTA_EP_C_2_can_D28.xlsx,14242,9b80e33b4de3806eccbe5e76d20c7b36f7522719aa8660ad32022876d7ee1880,annex
code/FR_Dats_band_DELTA_EP_C_2_can_D29.xlsx,14207,0d218815f6cb64c3709558fee3065ed27df47f7560fe3dbe357c7b0c34ce2c29,annex
code/FR_Dats_band_DELTA_EP_C_2_can_D3.xlsx,14175,0af8eb9c0a49d71cb8f81c1bd1b7618108f7b82cf681d36485550a599a10d690,annex
code/FR_Dats_band_DELTA_EP_C_2_can_D30.xlsx,14248,c708fe377f2a9e035d461de8c20bc072662097d48b7cae840598319d61a26838,annex
code/FR_Dats_band_DELTA_EP_C_2_can_D31.xlsx,14280,7023ade08347804cd67151d4269e32956e01db03dbfd02568afb25b12e89699e,annex
code/FR_Dats_band_DELTA_EP_C_2_can_D32.xlsx,14218,caff6000e4a3efb80744b76ca8fd9e43db61460d64ee744f559a998c37f26154,annex
code/FR_Dats_band_DELTA_EP_C_2_can_D4.xlsx,14277,b13819755697c570757c2cc102045f1b6603dae955dd5dcb062067ff102c5aa4,annex
code/FR_Dats_band_DELTA_EP_C_2_can_D5.xlsx,14258,aeebca0277766bbf179c48de6e4a5a0e8101a35c8c940d99095c187de71159f5,annex
code/FR_Dats_band_DELTA_EP_C_2_can_D6.xlsx,14237,9f2e3508fb543af8a38fedf1d167e26fb4c5afa00aad25a47dd239d6f6ffb9ac,annex
code/FR_Dats_band_DELTA_EP_C_2_can_D7.xlsx,14113,9474713362e531204e29cf1b30c09bf8c394f91ba0769cb15563d09f49be227e,annex
code/FR_Dats_band_DELTA_EP_C_2_can_D8.xlsx,14178,92e25c11509ae2b638a3d0908447879d8e144b61614950133deef7802534549b,annex
code/FR_Dats_band_DELTA_EP_C_2_can_D9.xlsx,14212,4efc798d5e43bfe91f74d91d2a54a56f6803c5943618637387238fb314ba8e62,annex
code/FR_Dats_band_DELTA_EP_O_1_can_A1.xlsx,14271,ec44731fd59a87806692e6c8c9ed0d33edc37ac46b1faea849eabe51336fa8e4,annex
code/FR_Dats_band_DELTA_EP_O_1_can_A10.xlsx,14195,22eeab55b8e5c61b44796ba0b84aa3b7c8c662ed4a116bf91393758da4cfe67b,annex
code/FR_Dats_band_DELTA_EP_O_1_can_A11.xlsx,14178,c3ab87f5081bab6f067d7fdf8663f7dc50be19539b68e1c5b7139f69f136fa5e,annex
code/FR_Dats_band_DELTA_EP_O_1_can_A12.xlsx,14238,8b1ecf4e534c5a0e67c0281269d6dca661369d5fb42c4feffc46bf7bf0605e9a,annex
code/FR_Dats_band_DELTA_EP_O_1_can_A13.xlsx,14152,915e9d406d5cae2a2200fa9de5722a26ecce4e50ace076001fbaf003c8f3eee8,annex
code/FR_Dats_band_DELTA_EP_O_1_can_A14.xlsx,14183,5b472ff473bc024f162853444073fbee839b8edbfa35a8408661146d50029c5c,annex
code/FR_Dats_band_DELTA_EP_O_1_can_A15.xlsx,14201,6f154c191f572befc340eb5ffba628a2d91e2610248a7029986bf7967b5421ef,annex
code/FR_Dats_band_DELTA_EP_O_1_can_A16.xlsx,14186,095d16bd65d67d08b6f59412eb5c4b4fd9299d155e8fc46366c46ee44d4f2073,annex
code/FR_Dats_band_DELTA_EP_O_1_can_A17.xlsx,14219,829ab87295f287368a97c2ae595529313a2f250c82088af20c351b3a59a498f9,annex
code/FR_Dats_band_DELTA_EP_O_1_can_A18.xlsx,14217,1c9b4a8b82b9690d0de9055c13a0e23ee0657aee9ed66ca1083f477271a4a7eb,annex
code/FR_Dats_band_DELTA_EP_O_1_can_A19.xlsx,14194,1fe317d418cd599f49c9544ca938b1588a002c43031f46462c13264aac5f528b,annex
code/FR_Dats_band_DELTA_EP_O_1_can_A2.xlsx,14249,3334902209fb962d65a883f166bec3806515a27635fb67dddf6ad88f3c57fbdb,annex
code/FR_Dats_band_DELTA_EP_O_1_can_A20.xlsx,14190,a2b6ae4100573cd1e61dbcf167568ed48f4705d24f402b877b2306ecb756c801,annex
code/FR_Dats_band_DELTA_EP_O_1_can_A21.xlsx,14125,93c38a0223d72cb9aee4cb46ecc6caa775c11f7efe13e49afc7e0944484bd24c,annex
code/FR_Dats_band_DELTA_EP_O_1_can_A22.xlsx,14207,b1786795fc9522b191686a327101dc0968c50e34a048247b325202cdb2360b11,annex
code/FR_Dats_band_DELTA_EP_O_1_can_A23.xlsx,14270,595d2b582c3a0626d0a60400c9c4f0dc3b9339dba5ed6aa34bed6c89b9b1734f,annex
code/FR_Dats_band_DELTA_EP_O_1_can_A24.xlsx,14169,eb1bae19ccbf0961cd48d6dce14bdc0d57822d7d69ce09f3e3ea613c099c2237,annex
code/FR_Dats_band_DELTA_EP_O_1_can_A25.xlsx,14192,5573405336a161a35652c76719199708ccda3cd76aeae2307f90345f8b27a275,annex
code/FR_Dats_band_DELTA_EP_O_1_can_A26.xlsx,14162,f2a2576a5da7db2f005042d2d63037ea769fc28f838bf2f47d169f5d20b5a8d3,annex
code/FR_Dats_band_DELTA_EP_O_1_can_A27.xlsx,14222,b15d060032016daee2ce4bd354f03238aafbff3966b50384684fe58d4c9f9b7e,annex
code/FR_Dats_band_DELTA_EP_O_1_can_A28.xlsx,14221,a16f1f47f072218c9292560a7a68df868881727046b44e0b6f5c5306f15bfe1d,annex
code/FR_Dats_band_DELTA_EP_O_1_can_A29.xlsx,14205,4e0c6741787c17ceb7a4ddd244672cc8098eebe0fec0d0b269c8e95d12d29f5b,annex
code/FR_Dats_band_DELTA_EP_O_1_can_A3.xlsx,14216,51bcca015d0759f1829b77b253c53ef21ff95d134a5ee7daa49486631477b5d8,annex
code/FR_Dats_band_DELTA_EP_O_1_can_A30.xlsx,14191,be371c0f33da8db5d9a6e63e6cee0541d769e43fbe73008c40ac4038d3d1f075,annex
code/FR_Dats_band_DELTA_EP_O_1_can_A31.xlsx,14198,2a882149f6f0cae94589549e4dbb3bd1c6af52de1a67ca59c95aa294445c19b6,annex
code/FR_Dats_band_DELTA_EP_O_1_can_A32.xlsx,14269,6defd8acd03eb2802aee1f7d480a1224e7806ccf349b2b4d8440fdd46776f50a,annex
code/FR_Dats_band_DELTA_EP_O_1_can_A4.xlsx,14235,bb7253112e9601aeac1be2cb16cf2d470ff758c7a0504c0d3b500b39d818c7a6,annex
code/FR_Dats_band_DELTA_EP_O_1_can_A5.xlsx,14230,0e2b04a13fa14ae53d35c87fb3ea68957efa582c28f44158d1e891ff5aec5891,annex
code/FR_Dats_band_DELTA_EP_O_1_can_A6.xlsx,14253,8f63947dfdd3e3250196cc5d44ff0a7da2c572a94a0e8f43e5eadffbe9d86c2f,annex
code/FR_Dats_band_DELTA_EP_O_1_can_A7.xlsx,14276,0c256536daabf09c3d309dad5c2ade495af9881eb78d7c02e8cc356a2b40ffbc,annex
code/FR_Dats_band_DELTA_EP_O_1_can_A8.xlsx,14150,e760bdea2682382e7d4577b656894a587171c3b7b462a6f9d6a0cebe95a148ff,annex
code/FR_Dats_band_DELTA_EP_O_1_can_A9.xlsx,14245,d72f0490f3760e0e689aa4ac39381261cf0c13696ad01d834ddc0dcff0b2a979,annex
code/FR_Dats_band_DELTA_EP_O_1_can_B1.xlsx,14242,def67fac7b9c7c6b6d5bb098c73ccff84d0043b7fe50a5ce93c0e315ce7f18fb,annex
code/FR_Dats_band_DELTA_EP_O_1_can_B10.xlsx,14249,982ce3bab6361622290cb4593e80be43c8185b8670cb3ade03a1132d02b8dfbe,annex
code/FR_Dats_band_DELTA_EP_O_1_can_B11.xlsx,14230,fec842a6c4847f4528b1b8b7f74d9e8d64cf3b1f9bf6c70dab8f11e1e0d648cd,annex
code/FR_Dats_band_DELTA_EP_O_1_can_B12.xlsx,14222,9be6973e62bf3ecec9f6a7dd1d73d521e3960d37996a017cc0e5a04f53c991ec,annex
code/FR_Dats_band_DELTA_EP_O_1_can_B13.xlsx,14252,8d2cb6e13e98b80586bc2a7f49e4e324a5def53cbf8f6cfd914142e7e539c70b,annex
code/FR_Dats_band_DELTA_EP_O_1_can_B14.xlsx,14205,adfbde7737e772ca743f8ae961b83f5319f0d3575d37599e2deeefcc5747ca6a,annex
code/FR_Dats_band_DELTA_EP_O_1_can_B15.xlsx,14255,f65f358a581a2916e2fea86597c0d4d42325200165a5c524b8fca665bba89bd6,annex
code/FR_Dats_band_DELTA_EP_O_1_can_B16.xlsx,14273,9d54511b792ec7d5cb33efa9f201ef335ad25cbc80be981c2098f7c6fc2badf4,annex
code/FR_Dats_band_DELTA_EP_O_1_can_B17.xlsx,14218,ed49dfb7f470457bd1bc6c451100a1a93b345dcf9987ca082658178f9d6216a1,annex
code/FR_Dats_band_DELTA_EP_O_1_can_B18.xlsx,14245,9cd363afefd77b769866e1cc72798434c392b63f04371eaf1142c6527c2bfbb9,annex
code/FR_Dats_band_DELTA_EP_O_1_can_B19.xlsx,14222,eff73d8996f509fc6755349ce0f545199b75bee7ffe49afb9814a33bc23a7dc9,annex
code/FR_Dats_band_DELTA_EP_O_1_can_B2.xlsx,14170,5c6dc98329094b35834a507283eca3f41982676e1af4e959d350ac1f4f9c80d0,annex
code/FR_Dats_band_DELTA_EP_O_1_can_B20.xlsx,14242,eb6fa5303d6b48c3ca0c619420d2e0e74674afc6c5864218f742709a1f7a7e5a,annex
code/FR_Dats_band_DELTA_EP_O_1_can_B21.xlsx,14270,fb134938bed072f32b498468d97b8cea699be00be9b7b3a5a9ecbd0521fe1179,annex
code/FR_Dats_band_DELTA_EP_O_1_can_B22.xlsx,14214,8ace88441e2aad7d20092e14030bd753c9891cf23efa268a5340ae0298a81781,annex
code/FR_Dats_band_DELTA_EP_O_1_can_B23.xlsx,14194,e1a48f2ac0e85451ddd202abb85176c65011782fa7377c75e8fbaa057b38acac,annex
code/FR_Dats_band_DELTA_EP_O_1_can_B24.xlsx,14285,97d11d254c2cf4d2dcca07271a52979f665ae5a671a21a494e1de66305fb1270,annex
code/FR_Dats_band_DELTA_EP_O_1_can_B25.xlsx,14252,ba724bb4f63a015ec30e90b756f2bcb5a6592bb7aa298a9ea34637801423c03d,annex
code/FR_Dats_band_DELTA_EP_O_1_can_B26.xlsx,14208,aba2a1cfd8662aec8a34a75c270aa4028b418d38bdd9e4f0f6d7484f529fa82f,annex
code/FR_Dats_band_DELTA_EP_O_1_can_B27.xlsx,14187,39637fb363de9b146470114193f166a3440043e909202f7cbaaf1d9f28551dec,annex
code/FR_Dats_band_DELTA_EP_O_1_can_B28.xlsx,14208,7307c97af89faad17ff096821453c132396bee74a6e0da2dc499d4b1346b1f35,annex
code/FR_Dats_band_DELTA_EP_O_1_can_B29.xlsx,14246,9fa0acc2d5b861121d446a55c498b248b2dc249075ff282d89cf655082e9c677,annex
code/FR_Dats_band_DELTA_EP_O_1_can_B3.xlsx,14240,6d3a34634d67faaab2a11dfb9c80fef94bfe6370cb0d5a636c2fa88654734e8d,annex
code/FR_Dats_band_DELTA_EP_O_1_can_B30.xlsx,14245,091ed1a3d84b993645bd06912da55857d04e8341775a55b751746deb5e2638cd,annex
code/FR_Dats_band_DELTA_EP_O_1_can_B31.xlsx,14271,737f622cd26527be391518d4f706678fa5f720b55e6ddc3a4bca13e191ec58f9,annex
code/FR_Dats_band_DELTA_EP_O_1_can_B32.xlsx,14262,d4b5b98fe34a220abadbff7fcb2ebab31a6819008c666752b3dd545a70bf6be5,annex
code/FR_Dats_band_DELTA_EP_O_1_can_B4.xlsx,14226,5d50f92221b0778d364c01c66069208a45845e963116e3317f94dade08c63797,annex
code/FR_Dats_band_DELTA_EP_O_1_can_B5.xlsx,14206,72cf7a24b1aa08ea9ed2a30e6e272a882b5fe9b58b11a2d51da74525747cacd4,annex
code/FR_Dats_band_DELTA_EP_O_1_can_B6.xlsx,14203,d706300e72bd3ae24984f65e60da9bcd1a30661b12da691cdfcde2bdd7df572d,annex
code/FR_Dats_band_DELTA_EP_O_1_can_B7.xlsx,14227,e38a821a86e9d70dec4693aa7f001eba105e164aef4b9d77ab23b39d904985c5,annex
code/FR_Dats_band_DELTA_EP_O_1_can_B8.xlsx,14195,acd7f7d9c886da59e0254abe8303418f101662f30f19e268258ff2c46677a0e3,annex
code/FR_Dats_band_DELTA_EP_O_1_can_B9.xlsx,14188,87e49fe0755958801d39db9ebb6a3a2bc68b1f1daec612d4d27d261bfc82f431,annex
code/FR_Dats_band_DELTA_EP_O_1_can_C1.xlsx,14245,8711a2a491d4308c571ae53d3ba4b7d61b5caf8721dd3e7f1c48b28faaa182b3,annex
code/FR_Dats_band_DELTA_EP_O_1_can_C10.xlsx,14170,64686ac950232b819299105b3ad6aaebfe8b9843d6a5403184c96e7080865aee,annex
code/FR_Dats_band_DELTA_EP_O_1_can_C11.xlsx,14199,f18ef2719e87f2156b1b44c69887e8dc9141d21ed6dbabec83ebed4d5063adea,annex
code/FR_Dats_band_DELTA_EP_O_1_can_C12.xlsx,14239,2d0fcce695333047903d4757765e710ab9bfed95b80d66478950701980ab0b30,annex
code/FR_Dats_band_DELTA_EP_O_1_can_C13.xlsx,14174,3b15e3ab88aba4c4f660d637fc40bc0e330c8461bfdbd96a416953f8f7f26742,annex
code/FR_Dats_band_DELTA_EP_O_1_can_C14.xlsx,14222,25e5a650973cf09f02b8bd38ca41ce3586c878cde36b53fd2ae11750513cba18,annex
code/FR_Dats_band_DELTA_EP_O_1_can_C15.xlsx,14149,a875855c68a2cb2e1f7d6b543a9761c72a3711117bfeebaf33790c0f312bb37a,annex
code/FR_Dats_band_DELTA_EP_O_1_can_C16.xlsx,14186,8804d8be3aa20e72b2bd6ff9fa6189b824edf67e1335d86aac0a57fc41a0dcff,annex
code/FR_Dats_band_DELTA_EP_O_1_can_C17.xlsx,14216,90feb4c4ff0f04c36a989e93f76371ddd6b3a8e155c1e2e8e7d86b590b68fe79,annex
code/FR_Dats_band_DELTA_EP_O_1_can_C18.xlsx,14239,7c8bf8ccd18d1a9ac530dd032074114b685edda893c70ff9eec2c4db1081223d,annex
code/FR_Dats_band_DELTA_EP_O_1_can_C19.xlsx,14209,d06ce79ee17457d854610e8add89857b9659f84e9167b6d6b6f1eea0406bb51f,annex
code/FR_Dats_band_DELTA_EP_O_1_can_C2.xlsx,14212,189dc6508ddf63e93173a13c8dcd3d5892ff1b252725219f9e6515495180e991,annex
code/FR_Dats_band_DELTA_EP_O_1_can_C20.xlsx,14176,1ab065696f5acbd0049b17e29e4682f2ebed42a389acf000f6722c3476eaa641,annex
code/FR_Dats_band_DELTA_EP_O_1_can_C21.xlsx,14218,c9ba15df2b10ff116fb6dd1bade8d56342bc63c2c5c634b003468507d39755cf,annex
code/FR_Dats_band_DELTA_EP_O_1_can_C22.xlsx,14187,c0026402dd25ed22c84452187ebf18e5042e66c92baac53b76ea95ee51dae933,annex
code/FR_Dats_band_DELTA_EP_O_1_can_C23.xlsx,14217,70929bdaffe27fee7f5d4d90557c2dc56d99fc319770c3a27fe24434f844f6f7,annex
code/FR_Dats_band_DELTA_EP_O_1_can_C24.xlsx,14246,37a559d6df832815e1d51059b8bc468fc1941bbc0136ef21826136ce5fdff201,annex
code/FR_Dats_band_DELTA_EP_O_1_can_C25.xlsx,14191,cdde87303516b6210e277d0ea12fdc1e0e41ea8b176bf88964b6525362c3476d,annex
code/FR_Dats_band_DELTA_EP_O_1_can_C26.xlsx,14191,ffb7f3a8cc51f9117a29930563124694c46bbc2f985629f9c6cc0555c8e041ee,annex
code/FR_Dats_band_DELTA_EP_O_1_can_C27.xlsx,14207,f34205c684eb824836c70a2287ca500963f7b6b9d3b7fd3a87cd53baa4b0af82,annex
code/FR_Dats_band_DELTA_EP_O_1_can_C28.xlsx,14143,53689fc191dace6be0de1ddb6ae31e4da2c1ee482d4efd7d7317b8689a06ba63,annex
code/FR_Dats_band_DELTA_EP_O_1_can_C29.xlsx,14135,a831295c9d4415a1b87bb6415092e179c47963c2d692b8c4d2e01598800bf59b,annex
code/FR_Dats_band_DELTA_EP_O_1_can_C3.xlsx,14224,f39df6c271c294bea6a48e59419e9f9b3f08fedd9d28a0e9b4d8a4748e1a3d84,annex
code/FR_Dats_band_DELTA_EP_O_1_can_C30.xlsx,14191,7b1454b803016286e29a2411fc3adb72091501c69f3bff0b87b28e30e635503c,annex
code/FR_Dats_band_DELTA_EP_O_1_can_C31.xlsx,14183,53b110d0a9c39755c99f330a59cee5023d7a060c09640ae63c29e11a476f9a6c,annex
code/FR_Dats_band_DELTA_EP_O_1_can_C32.xlsx,14133,9954bb55f6cd9a1cd0406585e46fded3935e9f8d6dcdf346c995d35276ca9a2c,annex
code/FR_Dats_band_DELTA_EP_O_1_can_C4.xlsx,14232,089838fdd09072f3fdcbf9b9d4d1c074f07d6b184d1aa005baafd7840d97932d,annex
code/FR_Dats_band_DELTA_EP_O_1_can_C5.xlsx,14203,4412579d23b4904fdf6c9acd69c6ca31e18a837bc5c15917921f6b20b5dc2ef8,annex
code/FR_Dats_band_DELTA_EP_O_1_can_C6.xlsx,14227,e84b59ab11584e5b5f9c8e15eb5894bda83cb7b898c114528fd676286e9436e3,annex
code/FR_Dats_band_DELTA_EP_O_1_can_C7.xlsx,14212,1e7fdd26aebf1875107c64963a1e74784c6675309fdcf281c3b14e7235b9dac8,annex
code/FR_Dats_band_DELTA_EP_O_1_can_C8.xlsx,14105,ed420d792e4a1c06d4b16bde75d1ee43cf3a2a36cbf990b0ee67a34bc4db87af,annex
code/FR_Dats_band_DELTA_EP_O_1_can_C9.xlsx,14229,455d4c67d633d2a818787184db4dc3e28e99b7e1272ece87e3865387f3b10695,annex
code/FR_Dats_band_DELTA_EP_O_1_can_D1.xlsx,14267,8f5febce1c587d57e694007b59aa3bb8c15150c689f69dad8dc76790a098aa93,annex
code/FR_Dats_band_DELTA_EP_O_1_can_D10.xlsx,14220,f10d7fe411595c1230a0ab1e0308d70c64f9b0749084f4d3a34950e29d8dc28e,annex
code/FR_Dats_band_DELTA_EP_O_1_can_D11.xlsx,14287,424d7dea08d48e1f7e2e1cb26b69d4a098604f76250160f68cea8b9c939c1b25,annex
code/FR_Dats_band_DELTA_EP_O_1_can_D12.xlsx,14207,e1906cf5948a90e5e782a5fff7985ab2da429a3c9d074985259c6f0062530034,annex
code/FR_Dats_band_DELTA_EP_O_1_can_D13.xlsx,14206,b97e17a3c314c1107b20a5f04a1205a50075f2dd0dbb4efdfe93412418d43411,annex
code/FR_Dats_band_DELTA_EP_O_1_can_D14.xlsx,14254,9fdd35845009455fd0e3e5ce467af9de2539cf6b61e7620aca467d47a602dd4a,annex
code/FR_Dats_band_DELTA_EP_O_1_can_D15.xlsx,14258,e217efc40a1c6e8806eb1ef022b5fe7b7e67a520835c3b40ee6761f4a6ffaaa1,annex
code/FR_Dats_band_DELTA_EP_O_1_can_D16.xlsx,14237,06d88f06ec22b7867d61853e2ebf835c532091a23aaa297b40f7b57d2cf05df3,annex
code/FR_Dats_band_DELTA_EP_O_1_can_D17.xlsx,14251,ebbdaf56ac0724fdfb337257eddbd58bc4c554d7e7da63b04567c321e5ed3c98,annex
code/FR_Dats_band_DELTA_EP_O_1_can_D18.xlsx,14279,88029aea337edbe471fee53d7479eb45ed07a36c5baf7b78cd1da5b91ff19b93,annex
code/FR_Dats_band_DELTA_EP_O_1_can_D19.xlsx,14234,79ef824be403cb7daa73246a4b7d181c6c7367c88148aaa721807933491c3074,annex
code/FR_Dats_band_DELTA_EP_O_1_can_D2.xlsx,14176,7688d2f8d2065a6246798d9a98565f0a0a269478a3d5d6c5952e4d5b92ca2a33,annex
code/FR_Dats_band_DELTA_EP_O_1_can_D20.xlsx,14245,aa31c6ebbed0f6335b49663249841f545c4056cbb41499c2a1d7ea3b2d475e36,annex
code/FR_Dats_band_DELTA_EP_O_1_can_D21.xlsx,14233,134628a156dcf161b2a6c00e7b8a5887dd23f4aafaf98c155f507b6cc2af6947,annex
code/FR_Dats_band_DELTA_EP_O_1_can_D22.xlsx,14223,fd2b0e635243249268f48b9dd3aa5a8da3c8cfcb3b296c499efc479ad318dcd5,annex
code/FR_Dats_band_DELTA_EP_O_1_can_D23.xlsx,14292,93a64271d618f07320a25aec4e5fdbb8acbfedc7540c9d31a61d38d707dc0c10,annex
code/FR_Dats_band_DELTA_EP_O_1_can_D24.xlsx,14197,fc022344522061cba87410fd609c37fb5e5d071fb1546afca2b328035e096738,annex
code/FR_Dats_band_DELTA_EP_O_1_can_D25.xlsx,14220,862e4abd297b2b7dfc38a38aa04ac09169f6316b2ff0fc779c125a51721cd978,annex
code/FR_Dats_band_DELTA_EP_O_1_can_D26.xlsx,14177,faa0148f796c89d448dabea94a9f17dbae43f14662cd320da913cf8919db9ddd,annex
code/FR_Dats_band_DELTA_EP_O_1_can_D27.xlsx,14246,1f17f5f161e5fd0e515c9ab4b45464df14b26ccf58d76d62ac86478eba287b65,annex
code/FR_Dats_band_DELTA_EP_O_1_can_D28.xlsx,14240,11ee0a3f1ed6f339a6027c4177aa8439673b8ba313a993323f3cf75e8ca95053,annex
code/FR_Dats_band_DELTA_EP_O_1_can_D29.xlsx,14240,fef984bb01550ae5ee2424e5c6c7f4e46f533d458b90e9f44ab859bd0f24c483,annex
code/FR_Dats_band_DELTA_EP_O_1_can_D3.xlsx,14156,c233fc738ddd0ad24caf6394a618d362d2a52c8337b43650dec65e51d2f547b3,annex
code/FR_Dats_band_DELTA_EP_O_1_can_D30.xlsx,14249,df2cc472f624b0172d25df65796f1fc8918d3b42be2a9cd8393e2d07d3ed1d6e,annex
code/FR_Dats_band_DELTA_EP_O_1_can_D31.xlsx,14202,4e3d5b0e354595e2fe80ab24abe9c25281b8990b99be9f1d86701420e8a32555,annex
code/FR_Dats_band_DELTA_EP_O_1_can_D32.xlsx,14266,d240de975f80b3c4d7f7b7703abc2a7d33c144e4083ffbf22287220a98c9e82a,annex
code/FR_Dats_band_DELTA_EP_O_1_can_D4.xlsx,14197,6294510aae4a3e77603c4677c9929e23627dc5570c90e7d6920692246cdd5e00,annex
code/FR_Dats_band_DELTA_EP_O_1_can_D5.xlsx,14158,a5fdc2012af346718850e939c5e299ab857494226b91269f14f77114391b40e7,annex
code/FR_Dats_band_DELTA_EP_O_1_can_D6.xlsx,14180,93d85bd3237b5e965448ccc4d40dfe7904c834ca63e2f7e922940ac8b5fae9fc,annex
code/FR_Dats_band_DELTA_EP_O_1_can_D7.xlsx,14166,2811c7ad7d552d383afbb9d4050599a01550fd4cc6658f4aad1574fe6b627ff4,annex
code/FR_Dats_band_DELTA_EP_O_1_can_D8.xlsx,14174,784d18eda9eccdf661d73ad8aa3d5e3d63dcd86c3bf8cc3e10fb779ccc5af69b,annex
code/FR_Dats_band_DELTA_EP_O_1_can_D9.xlsx,14221,cc5c1ac32ef05c6631dba51c85e98702f178d6000450ac055247b98ea650dd86,annex
code/FR_Dats_band_DELTA_EP_O_2_can_A1.xlsx,14249,0cffa2ac62b60862fbe6b04802df834510851ce3e266f86bf91bf395815f1cc4,annex
code/FR_Dats_band_DELTA_EP_O_2_can_A10.xlsx,14190,7773a13abb4585729912e29d36b2c6e8e4924f8680703d2af75afe6887abda3d,annex
code/FR_Dats_band_DELTA_EP_O_2_can_A11.xlsx,14177,6a21bfa6aaa8b59c105fe2cf944fd3b1828dec149139c859bfcc73ae1ca8d80f,annex
code/FR_Dats_band_DELTA_EP_O_2_can_A12.xlsx,14231,9c04ea20f9fdf233322a1567be7d3515db31a0da9c14ec26e56b0210b763b5c0,annex
code/FR_Dats_band_DELTA_EP_O_2_can_A13.xlsx,14186,6d11531d6318d4aaba58c76b6eed9cb4b1ac33cd71f1de131b343518faef9842,annex
code/FR_Dats_band_DELTA_EP_O_2_can_A14.xlsx,14168,b831c2728a0ed24feb71598142a2fe25428c7b21bce3c6f4671e9e7c202445cd,annex
code/FR_Dats_band_DELTA_EP_O_2_can_A15.xlsx,14208,883326c2ecc96a2297507b94c7d7a97bd1b5b48b04f3b61c651f1728de781997,annex
code/FR_Dats_band_DELTA_EP_O_2_can_A16.xlsx,14157,beb0b8e1086a67716e3515af9db6a0ce36df83a9a6290c0e355784b202b8d1f3,annex
code/FR_Dats_band_DELTA_EP_O_2_can_A17.xlsx,14160,503b1205b5efd54fdac1c4006721148063cadfab39b44dd19e6ca6d0abbbda6e,annex
code/FR_Dats_band_DELTA_EP_O_2_can_A18.xlsx,14205,107964b697c7feb8189664538ca665b7ff72eb201afccc5aeba4e79e6135d050,annex
code/FR_Dats_band_DELTA_EP_O_2_can_A19.xlsx,14199,2809bd68a482b93f392b0fc8bbac1edeff2ffed68b8ebeaa5596695f40c4b7f6,annex
code/FR_Dats_band_DELTA_EP_O_2_can_A2.xlsx,14231,cbcac200327f8c64c2abd89190a3fddbadbf84a3d47820999da650966757a28e,annex
code/FR_Dats_band_DELTA_EP_O_2_can_A20.xlsx,14233,8b8e45bc3a99befd4edeb0c4b29deba771aab5697609230333294e58181319fd,annex
code/FR_Dats_band_DELTA_EP_O_2_can_A21.xlsx,14122,282bedd4e90db059479d57760c56f9b704da70956a1d646a0d6e2cee8925cc90,annex
code/FR_Dats_band_DELTA_EP_O_2_can_A22.xlsx,14227,1a2f096368a5933b065b1079bf6eb3de363e01d4322002f89685e47cb42bdca2,annex
code/FR_Dats_band_DELTA_EP_O_2_can_A23.xlsx,14255,96620703bccab6e81834d6e7fa9dbf89cc952f304af12918ef1e96b42e261725,annex
code/FR_Dats_band_DELTA_EP_O_2_can_A24.xlsx,14273,633cde199901831a3f8f69a7613114018f8f79d7856a3111649eb55eae106620,annex
code/FR_Dats_band_DELTA_EP_O_2_can_A25.xlsx,14194,b733f3e600a7fc62bc11b760b0de44308d7b91bd14f718cda8c5bd09f324f7e8,annex
code/FR_Dats_band_DELTA_EP_O_2_can_A26.xlsx,14168,95d1be138f0c4a996f1474a5c18cc5701669179dbf32072df9330370b08b08e5,annex
code/FR_Dats_band_DELTA_EP_O_2_can_A27.xlsx,14223,85727ed8dda1e298bc2a3852a430eeb8ac74dc528ae1a8c1db38465133fb71a6,annex
code/FR_Dats_band_DELTA_EP_O_2_can_A28.xlsx,14229,459650b48881cc6bcdbf7dd3f50fb097d1630dec78278a62626e8aa4238b60fe,annex
code/FR_Dats_band_DELTA_EP_O_2_can_A29.xlsx,14251,43fadbe5c57040d23b0fde20405b182a468622b125c4a3e153fd580b6b842331,annex
code/FR_Dats_band_DELTA_EP_O_2_can_A3.xlsx,14197,beeeb7a6ddf560f00c3b8b7835fca20b5e26c9f5e3915070bf33fdd01d5d97af,annex
code/FR_Dats_band_DELTA_EP_O_2_can_A30.xlsx,14221,c96ab77087e1fbfc5bf5d5ff6b3729eee3fda57850321547ab63c979161ddc94,annex
code/FR_Dats_band_DELTA_EP_O_2_can_A31.xlsx,14173,bf0f424a5cbb550acff86878ae2bcfd67029bdc154c1a2b24928e21a3e9da1d4,annex
code/FR_Dats_band_DELTA_EP_O_2_can_A32.xlsx,14214,f06885085e43fc6c000108435a6d84edbf297b2faede1423b43e66e0609a8b9f,annex
code/FR_Dats_band_DELTA_EP_O_2_can_A4.xlsx,14206,5774a72a3e14b4fa7b163fc2a898320b5df7182c60025714c22c749ec3478a88,annex
code/FR_Dats_band_DELTA_EP_O_2_can_A5.xlsx,14222,93008ccafbcf1e4ccbf5657997914658ccf82c2c3851e5132484d4635726b9ef,annex
code/FR_Dats_band_DELTA_EP_O_2_can_A6.xlsx,14236,b4a22160b4e7f0685db14b11752006bc672fb3f779338155ccb75edfdfc6adc3,annex
code/FR_Dats_band_DELTA_EP_O_2_can_A7.xlsx,14202,609a7d99379b8630b81a149678f3b9235922c0058446e5d090f73b6d4a0c1556,annex
code/FR_Dats_band_DELTA_EP_O_2_can_A8.xlsx,14219,7cfb71437872ec1f5eb23e8b820dc26b2081184ba70ef4910ea0953b4801edf3,annex
code/FR_Dats_band_DELTA_EP_O_2_can_A9.xlsx,14186,df6aeff18c1e9ee0e911b0e047d88238ebc2d2b7b0c0cdedaa5c0ec046a5efcc,annex
code/FR_Dats_band_DELTA_EP_O_2_can_B1.xlsx,14338,e4e76f740426b2721d063116e5cb90e8bad38856212ca36cb2dd468a48f97560,annex
code/FR_Dats_band_DELTA_EP_O_2_can_B10.xlsx,14217,11d8cf8ae9063185b93d52ba707f3791891ed0490ffaf3b0ea17eee8f284e8a2,annex
code/FR_Dats_band_DELTA_EP_O_2_can_B11.xlsx,14222,b99dc06bb050f83dfb12d316e28c7ef4b0b96555788600787e8751fd72f1f286,annex
code/FR_Dats_band_DELTA_EP_O_2_can_B12.xlsx,14236,dc4ab81d493fcce8be6c3c5357595aab6a14435efb06005e57f86ddf5fe9dd1c,annex
code/FR_Dats_band_DELTA_EP_O_2_can_B13.xlsx,14177,631385db914afd94e792e0ebfa1519ffe6c89da5fee2f539b90b4ceca3465e1d,annex
code/FR_Dats_band_DELTA_EP_O_2_can_B14.xlsx,14219,595a0f3ab763c1aa293743db707b33cac8404c8048580f70131204cf4a15f018,annex
code/FR_Dats_band_DELTA_EP_O_2_can_B15.xlsx,14275,fe5356999c80972de4fb7bbbe67e22e9eb5f7b0ca7a1c98cbf10a9fef4b55c0e,annex
code/FR_Dats_band_DELTA_EP_O_2_can_B16.xlsx,14256,83dd910bc92b85d5712eeb581e291bec0da8826ca7e042b873638daaa698f035,annex
code/FR_Dats_band_DELTA_EP_O_2_can_B17.xlsx,14179,c646aa86dd992e18ced1c1327523f0c35bba902e07fec410f6570e7f2631ce14,annex
code/FR_Dats_band_DELTA_EP_O_2_can_B18.xlsx,14205,83d771a0c33355b12d4e5ac1c480d5b95d7e5313848f4ca92278109557b64f38,annex
code/FR_Dats_band_DELTA_EP_O_2_can_B19.xlsx,14211,5855d9b7919d8a7137134fe8058207f5d2333be497bb375328fd4ba8cf176d8f,annex
code/FR_Dats_band_DELTA_EP_O_2_can_B2.xlsx,14278,3d63f2247b0fc2ee00bf28c0ac27c445391c4c77fcd3dbeb187942c2d4254d87,annex
code/FR_Dats_band_DELTA_EP_O_2_can_B20.xlsx,14213,bee78c00cdea076f68d540f4db1d677d3c7449c1d8b30c174b22aa13f5055363,annex
code/FR_Dats_band_DELTA_EP_O_2_can_B21.xlsx,14261,8823e64f493f0928cd8f13e39319fa0919740e79b1d9f6ad8ece87b5f37a3c6a,annex
code/FR_Dats_band_DELTA_EP_O_2_can_B22.xlsx,14203,0e462b97ca1867887d70eb65f819f8e367e077fd028d4e6f61f5ead3e16bc8dd,annex
code/FR_Dats_band_DELTA_EP_O_2_can_B23.xlsx,14226,59cfdf8c5ebcc5eedf88c875e57c54e900d4f674d40b0909c126236dabd3cd53,annex
code/FR_Dats_band_DELTA_EP_O_2_can_B24.xlsx,14217,3f05e463dff19cdefda05c65794b733c39a8e7778d67d0d14ea80ae93e08fa1b,annex
code/FR_Dats_band_DELTA_EP_O_2_can_B25.xlsx,14212,fa0a4f97549a145b77ef1d168524a1cb6b8eadfd136358344f16bbebe70290b3,annex
code/FR_Dats_band_DELTA_EP_O_2_can_B26.xlsx,14191,90e2b6a6b431ad6568d4b23b4a64051f3d2533fbba94d2bddbe47c54292f39d7,annex
code/FR_Dats_band_DELTA_EP_O_2_can_B27.xlsx,14199,ecd1e2a085cdafbc36dbf4d54cb84f567bbedb370719fd1defe52b75556a8207,annex
code/FR_Dats_band_DELTA_EP_O_2_can_B28.xlsx,14243,63138962116afcfa3141ffb1facb2d79c106c6d40f3de80895423811e9421d68,annex
code/FR_Dats_band_DELTA_EP_O_2_can_B29.xlsx,14263,e79d3e355f598041516bf4bbcb09b762dfa54fe96ead74b86f7ea62e0c2d906d,annex
code/FR_Dats_band_DELTA_EP_O_2_can_B3.xlsx,14238,709a277e813220529803027a6418d6a9e58c7b5a9c65d6ee7ebfd9c6b9d512df,annex
code/FR_Dats_band_DELTA_EP_O_2_can_B30.xlsx,14242,79b378b99e2f414305f1196c66b60888bd51ef44386a59a9c6a110f0af4188b1,annex
code/FR_Dats_band_DELTA_EP_O_2_can_B31.xlsx,14179,b57f155f8fc284013113fbe87cfe76ba59377042efe5e08d1942ecb293f2aba9,annex
code/FR_Dats_band_DELTA_EP_O_2_can_B32.xlsx,14216,ab4bfc3117dc0220cb974471e781b88692b71a86843110742482e43a30d4d521,annex
code/FR_Dats_band_DELTA_EP_O_2_can_B4.xlsx,14246,a2be6158b7ab94c98ef22a264fb2377f5c80846ebeac3b2788b060db322321ac,annex
code/FR_Dats_band_DELTA_EP_O_2_can_B5.xlsx,14182,da1f7d8a6535abc719d617e5e8bb4c19732b27dc92fe4184f1abde41d79305c2,annex
code/FR_Dats_band_DELTA_EP_O_2_can_B6.xlsx,14140,31458a9ff6beaf2088ba4973165d37df903ca619fc874f4af62b5f8f9f119da1,annex
code/FR_Dats_band_DELTA_EP_O_2_can_B7.xlsx,14201,5cb4920c5f43992bc4d352b81b56abc0e2f629b98ddfeca19ad836476ebcd6c1,annex
code/FR_Dats_band_DELTA_EP_O_2_can_B8.xlsx,14202,54562324563983818d9f16a6c3cf37c3f716343a89ed1374c053713879da28f1,annex
code/FR_Dats_band_DELTA_EP_O_2_can_B9.xlsx,14157,2fe74b5d39600c497e8080eae5329b1ad6ef2f3bde00aaa56c823e6f608e668f,annex
code/FR_Dats_band_DELTA_EP_O_2_can_C1.xlsx,14239,246f1394a2c5fcd650aa3db8646aed4119eeb0ca033d5c65cd9ba1b87facf5dc,annex
code/FR_Dats_band_DELTA_EP_O_2_can_C10.xlsx,14153,1a0fd0e78a25fa98b2e1fd326a06e9b3fb83811155354048c9107bd329fea0a3,annex
code/FR_Dats_band_DELTA_EP_O_2_can_C11.xlsx,14211,af6b8a4c0a18cecc8353d79b3d8e233913d10771b8953d36d95b7bf27347de2f,annex
code/FR_Dats_band_DELTA_EP_O_2_can_C12.xlsx,14267,875619c05f3a52eee5b965299bf8af946caef7af14d97e6a2c06f5501798e5a1,annex
code/FR_Dats_band_DELTA_EP_O_2_can_C13.xlsx,14207,d1fb29b725f3fab3f7e61b09ed92a60e35605800ac5820ba40841c1e1c21c792,annex
code/FR_Dats_band_DELTA_EP_O_2_can_C14.xlsx,14183,0b8d431d98018e08c807d7cb4f1921ccb1d9cbc172f8b6a18ae62b3abb6a7246,annex
code/FR_Dats_band_DELTA_EP_O_2_can_C15.xlsx,14224,89d10963068d4a959f9b22c93fa1ca5b9875c6b5ad15b05b20ab5ae0b78a44c2,annex
code/FR_Dats_band_DELTA_EP_O_2_can_C16.xlsx,14112,f80e8365ff1faec198e07dafd58553ae540afd9c64f3412a91147c006b3f64e8,annex
code/FR_Dats_band_DELTA_EP_O_2_can_C17.xlsx,14155,b952f9ff886fc216ab354082a8b60a5b4f9c07cc073258a6aaca6c70f9578299,annex
code/FR_Dats_band_DELTA_EP_O_2_can_C18.xlsx,14234,68682cbaba9144ba09863e038f575f34637d1d8f4a7365e74b4688fadd788f25,annex
code/FR_Dats_band_DELTA_EP_O_2_can_C19.xlsx,14179,cf79d5219c191fe5cff9134fda8465c8c573cca7c5f0f70f3b56a225842b93d3,annex
code/FR_Dats_band_DELTA_EP_O_2_can_C2.xlsx,14261,4272f180e089720d7c1bcc99347352a12ef234f744255bda079f5a43d7ad0162,annex
code/FR_Dats_band_DELTA_EP_O_2_can_C20.xlsx,14173,7fd8579a947e9857efb9fbb1b1652bec58efce8653a91e291bf94b8309890da5,annex
code/FR_Dats_band_DELTA_EP_O_2_can_C21.xlsx,14221,27459416548fbe3942de8ca60f421402937d6ee7ffc983320fb75b254d4cc6a4,annex
code/FR_Dats_band_DELTA_EP_O_2_can_C22.xlsx,14172,1770bf9d444fc7be8abc50d78f35a826a3da7ee7080e303c8ea14e522d479660,annex
code/FR_Dats_band_DELTA_EP_O_2_can_C23.xlsx,14216,3aac1c079f6bd303b204bf3833ef71945c9fc3855dd30cfe6105aaaf0ed4e898,annex
code/FR_Dats_band_DELTA_EP_O_2_can_C24.xlsx,14227,e26c84ee02d6f43756172695adc628720750ad74d108cb94e8a6338245fc9e7a,annex
code/FR_Dats_band_DELTA_EP_O_2_can_C25.xlsx,14249,84a32d92c9175a091af0a389bbff8388e08778b94923862817974538bf07d8ff,annex
code/FR_Dats_band_DELTA_EP_O_2_can_C26.xlsx,14145,12c280b4ba30b018e893008b5033d54110eeca23724fd562c69e53bab998c21f,annex
code/FR_Dats_band_DELTA_EP_O_2_can_C27.xlsx,14177,7225e3d3fb9b1d99b669b00f9c6a722179fa4330423118310f200b8c9afc5c0a,annex
code/FR_Dats_band_DELTA_EP_O_2_can_C28.xlsx,14176,7f15a2781260a37ec8280ca8d01e1ff61a0caad0e92e521c4d65e2c318ba15c0,annex
code/FR_Dats_band_DELTA_EP_O_2_can_C29.xlsx,14163,199612cdafcd82c5aadd07eebf868c3765b4193bef4e3d03690efbbb89cb1d3f,annex
code/FR_Dats_band_DELTA_EP_O_2_can_C3.xlsx,14182,cc8d237c502c12ca8ea50062e2aa8c4a4663771aeb24a972ef51eb4a9dbdf52a,annex
code/FR_Dats_band_DELTA_EP_O_2_can_C30.xlsx,14189,ce0d1b17605e0fa062d5806aa6f16e57c2b477f8ab8292551a0b6cd446e25024,annex
code/FR_Dats_band_DELTA_EP_O_2_can_C31.xlsx,14208,1f5c2e63e745813304f6be96e4d030d10628915cf608e334f6a5f43ed0661cb1,annex
code/FR_Dats_band_DELTA_EP_O_2_can_C32.xlsx,14169,847c327e4abcbe75c722cce9bb91d36f0bcbe8635b51b2e9a680ad96e5e5c3d9,annex
code/FR_Dats_band_DELTA_EP_O_2_can_C4.xlsx,14212,035ea1b3447aca3085e8ae03325ad498500b6ad25a5d2412b448f113c052c923,annex
code/FR_Dats_band_DELTA_EP_O_2_can_C5.xlsx,14217,c023dfccbfd44cdbda143d16b80fab576a86601997db2e629e60a38db567e98c,annex
code/FR_Dats_band_DELTA_EP_O_2_can_C6.xlsx,14173,83876c2ccba3293d0b3b6152c7eb32afa6e02e544da864f524ff61e9e87e555a,annex
code/FR_Dats_band_DELTA_EP_O_2_can_C7.xlsx,14173,af5426c88df5585d056d975de68d176d240f73426ab2028184086939ee7a97c0,annex
code/FR_Dats_band_DELTA_EP_O_2_can_C8.xlsx,14168,eb902bca264c9ac76e7003d0bbc2a7c6ad009260ccffaf4645552f1247846988,annex
code/FR_Dats_band_DELTA_EP_O_2_can_C9.xlsx,14184,8181da6fb2284ed1a65967828c07705b0f4af429a8b2d8a458d6b3b69b1d6644,annex
code/FR_Dats_band_DELTA_EP_O_2_can_D1.xlsx,14230,db553b643cd8f5fd0a910f1e800343b025b2e4f970ffe9b4fba45bf1e22c4818,annex
code/FR_Dats_band_DELTA_EP_O_2_can_D10.xlsx,14230,8940be928c8bcb8b492b7bf686f5b235dcb54b8e9cd18915e7f0a0086a9ef53a,annex
code/FR_Dats_band_DELTA_EP_O_2_can_D11.xlsx,14227,8072830f3e2e64fa4d8d6f6aed923750a361b10fd9fb4be46bae2da5adecde82,annex
code/FR_Dats_band_DELTA_EP_O_2_can_D12.xlsx,14249,a5d176988a253c72edd33af8defc3dcdadd7fdc87267e642bb9eb33e9a2aac44,annex
code/FR_Dats_band_DELTA_EP_O_2_can_D13.xlsx,14261,c07409e4c75295fee88ac16e745a63f7a291552b2c4ac34c81e30496f37319ed,annex
code/FR_Dats_band_DELTA_EP_O_2_can_D14.xlsx,14208,077d452d0442362e9b906ddfe13094095c07a02c4b5af42b84cc93ea3f097a99,annex
code/FR_Dats_band_DELTA_EP_O_2_can_D15.xlsx,14240,bb583fc56d9d4c8b2d06ba91eb5071451320db5491722bddd1aafcf738f79a59,annex
code/FR_Dats_band_DELTA_EP_O_2_can_D16.xlsx,14277,478bb1ad354a2c7d6e94fbb462001030ee3531913985f17b8bd6643186d82d65,annex
code/FR_Dats_band_DELTA_EP_O_2_can_D17.xlsx,14263,634bb3ebbf9f3f25e2628f6c31840a2219afdc1ac0330389c4b85d9fffaa90e0,annex
code/FR_Dats_band_DELTA_EP_O_2_can_D18.xlsx,14235,3ae10a37cf74eb9fe785e3b90c71da6598bf4060e2b4438e8d923b212de45a92,annex
code/FR_Dats_band_DELTA_EP_O_2_can_D19.xlsx,14236,f3e466889326faff35aa43b6b08ac3e0a01990b72a948b7d09d8f6faef4e3aec,annex
code/FR_Dats_band_DELTA_EP_O_2_can_D2.xlsx,14256,cefe56838bf2e7179149260afefa0ae7969e8fb8eef55aaaa28af201284db6ee,annex
code/FR_Dats_band_DELTA_EP_O_2_can_D20.xlsx,14272,4630ba26fe1490a965ce72cee6fa64736d3aa322ded21e37d5a2b33aceb41c03,annex
code/FR_Dats_band_DELTA_EP_O_2_can_D21.xlsx,14218,a53f044dd21c8b3ac955bbeb06b31017aabe7aee689e73a0d5a16345db30cc10,annex
code/FR_Dats_band_DELTA_EP_O_2_can_D22.xlsx,14226,a94d499340dd3cedcbd41ca4b37c1753f5fbc673128b902411047a546d129f69,annex
code/FR_Dats_band_DELTA_EP_O_2_can_D23.xlsx,14220,04a351afa138c9e27644ca991ac97df5931cd48579f3ef55e54214470cde52ca,annex
code/FR_Dats_band_DELTA_EP_O_2_can_D24.xlsx,14235,478099918608557801081a35278f474ec45f85046d600b20edecee1e0e6b132d,annex
code/FR_Dats_band_DELTA_EP_O_2_can_D25.xlsx,14268,1b13f1650d3ccd74498b607a8c7e4dff02ff4d604c8c61a88ee07375316f2b8d,annex
code/FR_Dats_band_DELTA_EP_O_2_can_D26.xlsx,14229,419a54f51c61951d23950457d500e614f0ed5cec18da0b6473db0043ba04adb4,annex
code/FR_Dats_band_DELTA_EP_O_2_can_D27.xlsx,14291,107782fff9d60cdda4c630f390467c00f323c0a2dee5b6f1a41f938fb8b082e7,annex
code/FR_Dats_band_DELTA_EP_O_2_can_D28.xlsx,14264,e9b58a20e3fb28ccc7d3887869b0d8b521a9cd01459ff7cce23659b0bf6dc598,annex
code/FR_Dats_band_DELTA_EP_O_2_can_D29.xlsx,14249,0fd772a0a5774d13a347919fcc08e334a239c8c0e11c167b9509424c0b7abbde,annex
code/FR_Dats_band_DELTA_EP_O_2_can_D3.xlsx,14175,7c98fdea8838bb36acbfac756c6bf7f1d7ce2fc28fd71994105a098850e15139,annex
code/FR_Dats_band_DELTA_EP_O_2_can_D30.xlsx,14237,6b951e0f7e1a7cf48430f757c769889b04c5b62e1e72fd925c25f870c804bf6f,annex
code/FR_Dats_band_DELTA_EP_O_2_can_D31.xlsx,14227,7d25606d04c7e240f10ec6c825d9e9d87b1b43e7cae9927f78d2c3659fe85921,annex
code/FR_Dats_band_DELTA_EP_O_2_can_D32.xlsx,14197,413ed63ec19953ffaff64bb7edfea475c992151e5a6c3272573ec1766fc4ffae,annex
code/FR_Dats_band_DELTA_EP_O_2_can_D4.xlsx,14155,e97fc9b6905716104f74968c7bdfa5ae6e6b90eaf333c5c2d249c271f53bbf62,annex
code/FR_Dats_band_DELTA_EP_O_2_can_D5.xlsx,14209,cc307c1ff04a1dec196782915d1d82fc2731a89c6305292fbba7564f0ca4df38,annex
code/FR_Dats_band_DELTA_EP_O_2_can_D6.xlsx,14185,39c2d6848eb6bc14762b5218a1effe3ba8c321092dd9c2addb7927c67afb0d09,annex
code/FR_Dats_band_DELTA_EP_O_2_can_D7.xlsx,14164,57ac4c58b8e260b82f9f5e214877f410d1adb82addcc060d5192b94da3738632,annex
code/FR_Dats_band_DELTA_EP_O_2_can_D8.xlsx,14240,ad9b320fe54ed1dc2493d06abc1fbe54faac698bc8706ed56d96544b7a9fe0c9,annex
code/FR_Dats_band_DELTA_EP_O_2_can_D9.xlsx,14237,5cef7af0d5e3210efc86a6ebd44db7ad88f3d81cf8811c0e9864d6e6a6fcc5c6,annex
code/FR_Dats_band_THETA_EP_C_1_can_A1.xlsx,14215,047282e5ba62dad98fb3b3048e5353dfaa9970eef3c265719a8b0a5b8c5fa8c6,annex
code/FR_Dats_band_THETA_EP_C_1_can_A10.xlsx,14163,faa637af1984182b6c2f01dff13a3c921bbb6e9840610186e2c79c4cec80a80f,annex
code/FR_Dats_band_THETA_EP_C_1_can_A11.xlsx,14250,ee399448ae1eef0afe3d2aa8868595132fcbd5b6f860ffd79e35ac513f14825d,annex
code/FR_Dats_band_THETA_EP_C_1_can_A12.xlsx,14181,dc90cb1a78b07edf2e6bdcf994cb622f8bf661e6c41a4dd3b7e29784abe89de8,annex
code/FR_Dats_band_THETA_EP_C_1_can_A13.xlsx,14120,20b35d9c31b3c3b7dbe533229391624e3cdbccea88d8973eaf2b7bd7b2c87fcb,annex
code/FR_Dats_band_THETA_EP_C_1_can_A14.xlsx,14167,bdfba08c0b73f41d8f5c5043f3b55cc1a871b7e9be82ab3b64ededb47f9a5877,annex
code/FR_Dats_band_THETA_EP_C_1_can_A15.xlsx,14190,f01c9e4076d813b85b2477a7d68ca8afd5c9cafa00a0e7a4bc4674b3f242e628,annex
code/FR_Dats_band_THETA_EP_C_1_can_A16.xlsx,14238,75ffc290dca8c02f4c0009459d19ee94be3c554e6b36dafa583375b7157ba000,annex
code/FR_Dats_band_THETA_EP_C_1_can_A17.xlsx,14162,23f5c619347233b14ae8d9d055fc18c41c1c4488fe4054e85f67ae7956f21c28,annex
code/FR_Dats_band_THETA_EP_C_1_can_A18.xlsx,14190,b4e12403a274d8ff0440b8219c16cffb52e6dd2a43bf511c26a5b7b694dc8ca3,annex
code/FR_Dats_band_THETA_EP_C_1_can_A19.xlsx,14177,1cfc1edf5602bca3268783223bb47cb9d761c68337d4741a873cce0fe007b73c,annex
code/FR_Dats_band_THETA_EP_C_1_can_A2.xlsx,14233,f0b4ca730909a2af9208d380596140e292ae0975fcf6bf99406395bab2e5418c,annex
code/FR_Dats_band_THETA_EP_C_1_can_A20.xlsx,14219,266424a3815e5d4dedc225206f4aef05a0e7c14a201c49117c701cccee5e4ee0,annex
code/FR_Dats_band_THETA_EP_C_1_can_A21.xlsx,14170,a11fe48ceb4b816b67a1679d42853bea6ecdad4bdd4918be944ae3273949d325,annex
code/FR_Dats_band_THETA_EP_C_1_can_A22.xlsx,14129,dfdbf400828e54be03bee3614885a06287016a180213b60ea16fc687ec1fe539,annex
code/FR_Dats_band_THETA_EP_C_1_can_A23.xlsx,14196,cc89e56d73b5d83532706cfcd4142f47005459a4af0044a964b7512c5e0aaa8a,annex
code/FR_Dats_band_THETA_EP_C_1_can_A24.xlsx,14235,f8ffae6fc6b88fcd1b7cb10ea3ce4a5ee24fa6ae546c908bb18e5a91f977ce84,annex
code/FR_Dats_band_THETA_EP_C_1_can_A25.xlsx,14190,71b6468d25cd41c8a28b8b6004b1ef1dc36c7c9849bd62e0c0df0b2ede4f78d7,annex
code/FR_Dats_band_THETA_EP_C_1_can_A26.xlsx,14186,3cda925fae3f893bc68bab276b45f6d96ada27efc0e56859942dc6ceedef0205,annex
code/FR_Dats_band_THETA_EP_C_1_can_A27.xlsx,14269,c85c7e7bc81de0ab3d7a4d4ae3f641feb99a76ad8b74446b8afe41796ddc3aa5,annex
code/FR_Dats_band_THETA_EP_C_1_can_A28.xlsx,14156,7f2e860dd65cca9dc328827dd19b2929f08a6fb95979f869467941b214c553d7,annex
code/FR_Dats_band_THETA_EP_C_1_can_A29.xlsx,14186,9f2e67f703e69a06d566b86b2623833f4da49662d6ed117ca3d8295c057b927a,annex
code/FR_Dats_band_THETA_EP_C_1_can_A3.xlsx,14196,178191cfa0fe40f9709e5f578757a9699c1b34d492c3800db15ba17907d57bf9,annex
code/FR_Dats_band_THETA_EP_C_1_can_A30.xlsx,14169,f76973fcb4f0e25f3d989e846e2e0d10b903a1073935bbfe28c1d8824131de90,annex
code/FR_Dats_band_THETA_EP_C_1_can_A31.xlsx,14212,0c6cbdbb65d2062372b6f59afddbd0d815718fb0be33ff14d708390cbd74c00f,annex
code/FR_Dats_band_THETA_EP_C_1_can_A32.xlsx,14209,0c097f5ab3e9438348ae04bfd33f90f7d397d7abab6559346dd2311cdcecf1ba,annex
code/FR_Dats_band_THETA_EP_C_1_can_A4.xlsx,14225,6a51a2ee327cc29b0918a6fb173b0dc7ce90d7262df45b0886ca0fe7f44217a4,annex
code/FR_Dats_band_THETA_EP_C_1_can_A5.xlsx,14224,5b34c0173c14298602a6fcc0ca169065161e1647a159dc55608f604181dab138,annex
code/FR_Dats_band_THETA_EP_C_1_can_A6.xlsx,14257,c5cec8c36278392965af334eae388a56e8710a66a84dd1ad98d65e481d672794,annex
code/FR_Dats_band_THETA_EP_C_1_can_A7.xlsx,14261,731d666ca6aaee76bbc6cdb1de20911699109d632180809fc3ce86d706fd8d3f,annex
code/FR_Dats_band_THETA_EP_C_1_can_A8.xlsx,14241,b84ad7b037e985ab9e12a580da70e6c2d80aa0f7bba94a69772ae1fc9dde4384,annex
code/FR_Dats_band_THETA_EP_C_1_can_A9.xlsx,14214,1398609e47909aa8418546973bfab74ae5479a39773667e5cc405ee15f0f0d55,annex
code/FR_Dats_band_THETA_EP_C_1_can_B1.xlsx,14222,c85e17dd7d0c3bcf158d2d9a44f1b97900ba77e0d713b4280a838778bfa61390,annex
code/FR_Dats_band_THETA_EP_C_1_can_B10.xlsx,14261,dd317936542c78898619371fe45cc5d2e83787b854299ee258470b5c99997350,annex
code/FR_Dats_band_THETA_EP_C_1_can_B11.xlsx,14233,8d0afce274df0522ae34a4c9e12ef5a2b59b17e3c0b2c975d3d97b4021b12178,annex
code/FR_Dats_band_THETA_EP_C_1_can_B12.xlsx,14242,fd0a27e7e93da0b719d18762f5b406d0ed187217032c0c31c1a7d1bf4c6a7265,annex
code/FR_Dats_band_THETA_EP_C_1_can_B13.xlsx,14214,ff48e8649f1e26e43cbf6e26c82eae87d253ab8c5054bfbbc067e667aa5d7a8c,annex
code/FR_Dats_band_THETA_EP_C_1_can_B14.xlsx,14212,ad33e5177b918d5d2ba15cd320112739201801a4153520c44048f0c8e58e13d9,annex
code/FR_Dats_band_THETA_EP_C_1_can_B15.xlsx,14235,34dc859144683ef9f8797113ba9d6fa3fe01c5e7bc4c14dc35a91dacc958d8c8,annex
code/FR_Dats_band_THETA_EP_C_1_can_B16.xlsx,14213,d94a240a250ed524214c7ec6e4c1c307ee43e0f3ee10a91d699657634d804e74,annex
code/FR_Dats_band_THETA_EP_C_1_can_B17.xlsx,14260,9c13c18048428a4e0fda2c9b428e0529a99932e6abb32c33083a1c93362aa409,annex
code/FR_Dats_band_THETA_EP_C_1_can_B18.xlsx,14238,bb069b7e6b2891e957791878f52b1dff1adeaefd26825ae6e653f347732e481b,annex
code/FR_Dats_band_THETA_EP_C_1_can_B19.xlsx,14254,122dc4d09d35dd2805c2e5f18e9c16f41da185b379e353090631c1c36c109f20,annex
code/FR_Dats_band_THETA_EP_C_1_can_B2.xlsx,14219,0464fb304ec17ed23b2c8b9ced440aced7ba89e9c482bc9202a13e3712c4af47,annex
code/FR_Dats_band_THETA_EP_C_1_can_B20.xlsx,14239,712fa84cf780a46cb66a07cd04386876d758ad118f51f23d93bf9a7926036d73,annex
code/FR_Dats_band_THETA_EP_C_1_can_B21.xlsx,14235,f24678fd7ab1c5cff0962cc105f70a552a49eb5c1a54eba08f7b83bdad465fb9,annex
code/FR_Dats_band_THETA_EP_C_1_can_B22.xlsx,14256,ecb24d4c75fa0c6e7226f14f4553f9bddc10f4a643b1c80709b4f68b42cf91c7,annex
code/FR_Dats_band_THETA_EP_C_1_can_B23.xlsx,14197,6a6a60e1be3f3bd61cf6916cd2707cf6db216f5445ffeaaeb7b0bc9ba5dc1acb,annex
code/FR_Dats_band_THETA_EP_C_1_can_B24.xlsx,14197,0f320b2d00aef1deca6958d5b13607ad3f8351a8a1d25f782b06e05e05f7a455,annex
code/FR_Dats_band_THETA_EP_C_1_can_B25.xlsx,14225,f29331375c4da1cd24409e2bf83f194606ed027e00d50b967e0ecf31495f967e,annex
code/FR_Dats_band_THETA_EP_C_1_can_B26.xlsx,14206,07c5667899556e32a879143fbf7087ff6f1858ab7399b57e91d6cf915d1b5182,annex
code/FR_Dats_band_THETA_EP_C_1_can_B27.xlsx,14191,8a169d93304f3a8d85f7405542dca7fcc62506a1083ee455d93ee6e996065035,annex
code/FR_Dats_band_THETA_EP_C_1_can_B28.xlsx,14167,d18ff91db977629aa157d819de356c64246f6609f9ef098afdafbbde60899161,annex
code/FR_Dats_band_THETA_EP_C_1_can_B29.xlsx,14172,c2bba41c366190263e84674c4b9fc35de033c0d961db075c4f34dc1f71b82dd2,annex
code/FR_Dats_band_THETA_EP_C_1_can_B3.xlsx,14231,9ab45eee2b4eca3579ee08460ff4ea03f2e2fd1be6e3bed596b649d555b0776c,annex
code/FR_Dats_band_THETA_EP_C_1_can_B30.xlsx,14256,204682189663c9a7e2da785866973df10f3873ded0151d1264d925d1d0b7df20,annex
code/FR_Dats_band_THETA_EP_C_1_can_B31.xlsx,14214,84456e68440ad66ff8b0b0ad5ab9e7059874e801caaa3d53c93cf9c32e9a990f,annex
code/FR_Dats_band_THETA_EP_C_1_can_B32.xlsx,14214,a4179171471484f8d119e986532a66ba4c0aa9303f7e12d7e7b260c05588a501,annex
code/FR_Dats_band_THETA_EP_C_1_can_B4.xlsx,14194,03790e876266a6ab06fbb3111def1ff7ab2b76805512c315dfa379023bf09517,annex
code/FR_Dats_band_THETA_EP_C_1_can_B5.xlsx,14170,9781d2cdcea467c3cef886ee5c4118bba94c4d428047e0991c59205e440795e3,annex
code/FR_Dats_band_THETA_EP_C_1_can_B6.xlsx,14158,db149002561bf80d24f7b280daa3c7ca71784665129e0c1010298c07b56b1bd9,annex
code/FR_Dats_band_THETA_EP_C_1_can_B7.xlsx,14212,441928924f83dff7c8e159539306e7d67121c7d05901a96ee09d4d9ec7507cac,annex
code/FR_Dats_band_THETA_EP_C_1_can_B8.xlsx,14176,fa631926c3ec35603bbb5b94d06bf22e64cbbc74e2bf3320ee169da5436919f1,annex
code/FR_Dats_band_THETA_EP_C_1_can_B9.xlsx,14222,02f64342c15b92f917d57c3a8c01271e9507b288a18f0a7b5b67cd3bbe96367e,annex
code/FR_Dats_band_THETA_EP_C_1_can_C1.xlsx,14291,e654dddf1ffb0690352b5ed3bde280d470bb74cca7f8330e0212259223fb5fa4,annex
code/FR_Dats_band_THETA_EP_C_1_can_C10.xlsx,14221,feceb9553a01aefdef6c0f6f57b25f08b08ff3adadae56bdd57fde2215135436,annex
code/FR_Dats_band_THETA_EP_C_1_can_C11.xlsx,14197,cea0e4a005f28193aa832888c51aa1e296b5903ecdad7a868e966477a3371a53,annex
code/FR_Dats_band_THETA_EP_C_1_can_C12.xlsx,14142,ecd3d7b4b58912f21388d011d3b00d4c5ebd7eeaadab296554104484e12b78e3,annex
code/FR_Dats_band_THETA_EP_C_1_can_C13.xlsx,14206,f75ad7a421e22bc57dac27de8b3506e528ee383bb09855f1dbe0f97d0d2fd0f2,annex
code/FR_Dats_band_THETA_EP_C_1_can_C14.xlsx,14181,c2f16c3744df1381b8ccd87bb1b314709e4a318512ebee9a6810ce3fcda02b4c,annex
code/FR_Dats_band_THETA_EP_C_1_can_C15.xlsx,14219,8227763e2543e17f054439c5476e5a69a5fbd65a468157703fdb346b1a888ff8,annex
code/FR_Dats_band_THETA_EP_C_1_can_C16.xlsx,14136,54938b4c6e15bc4109c214b101565a457d3a9761801f60c2e5d5eea6379abdd3,annex
code/FR_Dats_band_THETA_EP_C_1_can_C17.xlsx,14144,c0d81d29f6de79cd77de3a2a8c1e8892ab428ecad26dc6795c398c1b03f6de6a,annex
code/FR_Dats_band_THETA_EP_C_1_can_C18.xlsx,14139,56aee5a3188a73ef5bc178edc312358c12f865c2e6e0f89f68106943815534d9,annex
code/FR_Dats_band_THETA_EP_C_1_can_C19.xlsx,14157,e182e34f18038522f33cfcb18e55852fde500b202b6ee03725a5b1450555795c,annex
code/FR_Dats_band_THETA_EP_C_1_can_C2.xlsx,14226,23719b7128791fe095d3e9b5564305e4593f206cdb4eb37588598bdeb53f9b1a,annex
code/FR_Dats_band_THETA_EP_C_1_can_C20.xlsx,14157,efcf590a526becb6aeed900d52af1c4e02ef0f65a6e44048fcdc91dffa2a33f9,annex
code/FR_Dats_band_THETA_EP_C_1_can_C21.xlsx,14153,2aaa0720870d6d2695e793c10b1df6d40054400c1868b312f209837020654465,annex
code/FR_Dats_band_THETA_EP_C_1_can_C22.xlsx,14227,955095a2c91a3ade15c4c63ab53ff53aada70cdda2e5093a21798ccd855b297d,annex
code/FR_Dats_band_THETA_EP_C_1_can_C23.xlsx,14240,f5edd9a91445dc881f02e4bbc8634868bccdf886de27f543b6a69df4097eef48,annex
code/FR_Dats_band_THETA_EP_C_1_can_C24.xlsx,14206,61f9c5c898e51c5b30fb0478dba4e8a5d0ed8b8c1f038baf87b7c10569b0ccc1,annex
code/FR_Dats_band_THETA_EP_C_1_can_C25.xlsx,14180,b97fb56cdbaf9d14e63d383c7d6089b7066d9c8d9ac3079da419c2927b65503c,annex
code/FR_Dats_band_THETA_EP_C_1_can_C26.xlsx,14141,5800a3c879b855a97a2882d71e9f8cbd3a9b748e3e58fa5548f55381b21ca3f0,annex
code/FR_Dats_band_THETA_EP_C_1_can_C27.xlsx,14208,b25b0b9fc97da8e373e7b63f0eeddd22b042a4937ae82b2d3bdcac6eafbea3f0,annex
code/FR_Dats_band_THETA_EP_C_1_can_C28.xlsx,14218,662442e03ef697c5674a534e83ae793cbd0cfecc76f5d27fd5c6d53257a16e63,annex
code/FR_Dats_band_THETA_EP_C_1_can_C29.xlsx,14187,2921f2da5608b9173fe209af90f3ccef505ee49876dac23388ada31ddc214be7,annex
code/FR_Dats_band_THETA_EP_C_1_can_C3.xlsx,14247,61f01e57cf016f64a7b28fcf86762bfba7f4af99aaafea6d5cb707ffd3619e80,annex
code/FR_Dats_band_THETA_EP_C_1_can_C30.xlsx,14146,5da1e79a4d33299d9fd1934e12b2a910e765a22a26c2a5e280b37dd1dd1471fc,annex
code/FR_Dats_band_THETA_EP_C_1_can_C31.xlsx,14192,a2879560620a498d051a7e5ec5a003037890345e0611e37bbb28149b97db0903,annex
code/FR_Dats_band_THETA_EP_C_1_can_C32.xlsx,14147,cb268669c4922e6c56bf74f539d37c4006d24c1f2fde067b0b39b038730f0ff9,annex
code/FR_Dats_band_THETA_EP_C_1_can_C4.xlsx,14221,e73a0af51e97578685759f8556ef4a05ab76c282aed3c4018f673428ccc38231,annex
code/FR_Dats_band_THETA_EP_C_1_can_C5.xlsx,14168,3c3c57fd842b5103d2cff456c70b7ae9cf3ddeffa8edc185ebc3421c2e4b3643,annex
code/FR_Dats_band_THETA_EP_C_1_can_C6.xlsx,14193,d9ec508dcfce226e8e5b4f22ffed90c2e128c9f37fa3274b0dc771363d526498,annex
code/FR_Dats_band_THETA_EP_C_1_can_C7.xlsx,14189,0183e70d631fd19e173cc26b78974ecf49c27f087b7790dbbddfd28e86ec24fa,annex
code/FR_Dats_band_THETA_EP_C_1_can_C8.xlsx,14171,940b92173fa8ef7e9dff88797bc77b9bc2817999e7eae002220a5603739f63fc,annex
code/FR_Dats_band_THETA_EP_C_1_can_C9.xlsx,14203,ec21ec27e626b9e82e7567d9a83d0d5ec5e165c14d6cb13fde3a3215219a1975,annex
code/FR_Dats_band_THETA_EP_C_1_can_D1.xlsx,14305,7d121e95e8b7a0a88214b3d748be8c306d30e4fe370ae9c45fae9a71348e46d0,annex
code/FR_Dats_band_THETA_EP_C_1_can_D10.xlsx,14208,db13f7de6274d2a3a90c414ec08fc6620949c87b1549b7545751a02f5b6fb134,annex
code/FR_Dats_band_THETA_EP_C_1_can_D11.xlsx,14224,760565a6a9bddd71059b604593f3ce3e59003196de99066f36680987254872ce,annex
code/FR_Dats_band_THETA_EP_C_1_can_D12.xlsx,14174,6e031d62d22393cbd7768e166c9e3ea06b11ea319aa2342e98d8002e6460b4b7,annex
code/FR_Dats_band_THETA_EP_C_1_can_D13.xlsx,14206,b2642803ba64cf1e02a239ac7b6552fe64a0edf234e4981cc43142e670a5ce45,annex
code/FR_Dats_band_THETA_EP_C_1_can_D14.xlsx,14221,dbf6f22aa3e9986aba0221db0d20498e3f6175db5f1b4d2bb25305a77a36f02a,annex
code/FR_Dats_band_THETA_EP_C_1_can_D15.xlsx,14249,be391ded6a77f149e46f1fa0cb4f0b182e64b1454c46147d736521197dcaee7d,annex
code/FR_Dats_band_THETA_EP_C_1_can_D16.xlsx,14196,474d5695ce8e77519cd096565aaf85042715278dbc2960755695370be161064b,annex
code/FR_Dats_band_THETA_EP_C_1_can_D17.xlsx,14247,a0a30da5594ff74539b772355c5d28a934123f9a25a2021a5b632246a71a882b,annex
code/FR_Dats_band_THETA_EP_C_1_can_D18.xlsx,14239,04ccd79dcdeebec7e0aafd18ec600645650193a069a30b92cc3117b4da79f6a5,annex
code/FR_Dats_band_THETA_EP_C_1_can_D19.xlsx,14258,f8e9b7e5e4259728339dfaf7aa3f78038e5edd8482ce9e8d36cba7cdababa49a,annex
code/FR_Dats_band_THETA_EP_C_1_can_D2.xlsx,14207,4dc7b20ab2f7925f97249e976f0bf3dd343e519f08e17006813e326334c599d0,annex
code/FR_Dats_band_THETA_EP_C_1_can_D20.xlsx,14284,dcddfacc83a07b41c0a5f7b0f55e808b3aa5f11af29df0ebf9c16db1c4a12993,annex
code/FR_Dats_band_THETA_EP_C_1_can_D21.xlsx,14292,65728cdca03035c434dc8db83436c6f54c894dc68f0c4def67b1209c2fbd9bc6,annex
code/FR_Dats_band_THETA_EP_C_1_can_D22.xlsx,14239,e570a0add6723f09ab3cdd58858a9ebac3e9620765d576cd007f87dde9ceaa83,annex
code/FR_Dats_band_THETA_EP_C_1_can_D23.xlsx,14176,e535178e3a2be0463f04ffe5ed7a3b35ab1f214927834663f15568bc59823fc0,annex
code/FR_Dats_band_THETA_EP_C_1_can_D24.xlsx,14219,759c9db1db2892ab75b1be553bb8a75fd2236efc493730ba0e4424ed60f98821,annex
code/FR_Dats_band_THETA_EP_C_1_can_D25.xlsx,14226,8687cb4532c1b282234eaf00d032be89e8b6cc13e3697783b4d039370545cb12,annex
code/FR_Dats_band_THETA_EP_C_1_can_D26.xlsx,14233,526eccca4d0315c50baad95e88d6cc729ca1b8c0a23adcc70d82c9912b614803,annex
code/FR_Dats_band_THETA_EP_C_1_can_D27.xlsx,14237,62d859e4588bae1407c54174b929a4e1712ac6a11b65a6b4e717acb6739dc95d,annex
code/FR_Dats_band_THETA_EP_C_1_can_D28.xlsx,14264,de9016383067b6d40d5f9fa8610490e9be71efc22b91bbf69096ad8f70594d33,annex
code/FR_Dats_band_THETA_EP_C_1_can_D29.xlsx,14286,0615bdf657ba03086ee6a871819d749237f730ceab561b2597d79c7cd982bd80,annex
code/FR_Dats_band_THETA_EP_C_1_can_D3.xlsx,14206,1159a434c54352996d06409c9f051fd82c064b9aaec3b2d7a191156e9019f790,annex
code/FR_Dats_band_THETA_EP_C_1_can_D30.xlsx,14243,98776f95f3645102c81460bdcb283b71171cd85b5b565b83c87d1c74722c0126,annex
code/FR_Dats_band_THETA_EP_C_1_can_D31.xlsx,14264,8bd9f0f8317d061658b4e0a09460fbb76618b82345655054a8e5be6370b73232,annex
code/FR_Dats_band_THETA_EP_C_1_can_D32.xlsx,14175,3e10c5c8c7772edf696f10d51e5ed80654b40497dccf3ef3454f0d614ce32f3e,annex
code/FR_Dats_band_THETA_EP_C_1_can_D4.xlsx,14214,d07fde4ef513c01df585ee870d725196bfb958bf41d445cfe2e61dfa1528899e,annex
code/FR_Dats_band_THETA_EP_C_1_can_D5.xlsx,14214,f0b6e309abef348e0bed59f844df208f4aec8c33958b854201d243d9f2760341,annex
code/FR_Dats_band_THETA_EP_C_1_can_D6.xlsx,14197,157c294f6ea814c58f389c5f28e2fe3f1a72ec9e7d06559b53a10c57c0b766cb,annex
code/FR_Dats_band_THETA_EP_C_1_can_D7.xlsx,14150,7653ca9306d4c21e172523613f8c060ff5ecdaf50a4b6da7c84745653783ba04,annex
code/FR_Dats_band_THETA_EP_C_1_can_D8.xlsx,14167,2ebe99014c09bfe00e04dd1c07aa2d4f9a38301805d089e0faac8af28bf6406f,annex
code/FR_Dats_band_THETA_EP_C_1_can_D9.xlsx,14212,2bb9583eff4951acb76c761a1a013f824a320a66af4473495526095d4851b84d,annex
code/FR_Dats_band_THETA_EP_C_2_can_A1.xlsx,14210,22d25bcbd3dba3b2b2be0eadf399a3593a40190fa52e695368ab2f7dbeb82428,annex
code/FR_Dats_band_THETA_EP_C_2_can_A10.xlsx,14212,e7df828781811d73d3c32722eb6f636b10bad318fc7f3582cdf288e2b98fbecd,annex
code/FR_Dats_band_THETA_EP_C_2_can_A11.xlsx,14174,996c25cb12374d567f062dfc30fec4e11edcd58d46d5d355a150b7df92e4184f,annex
code/FR_Dats_band_THETA_EP_C_2_can_A12.xlsx,14145,232d0ab66bf52906b6a9affe07fbe133ec94e08356882abb0eb5a49448a641c7,annex
code/FR_Dats_band_THETA_EP_C_2_can_A13.xlsx,14146,2912fcaa93afc6c3c250841f80df1bca11bc25a725a52e593f1bb0f857973616,annex
code/FR_Dats_band_THETA_EP_C_2_can_A14.xlsx,14161,cd09d4879dc90e664a082ddb7ef6c7eaa99b154e1d215e400b6eca26ff4a4a7e,annex
code/FR_Dats_band_THETA_EP_C_2_can_A15.xlsx,14162,4a0162b6a41ba3d7e483589a12e1e8e9e303b26abe38653cb8771872f752cf9d,annex
code/FR_Dats_band_THETA_EP_C_2_can_A16.xlsx,14171,bb24bf6930bbc07c62efce84bece055d3380f7131057ef902d7bd2a0f58f2c69,annex
code/FR_Dats_band_THETA_EP_C_2_can_A17.xlsx,14216,73af7124cf91e4581c91f7e4a92f2b04f7408d58eee4932f6c2e0521fd4ba72e,annex
code/FR_Dats_band_THETA_EP_C_2_can_A18.xlsx,14181,b19701f12087fbf8d0a27b01ddcb81e9f08c97847ae7ce49de40813382bc1242,annex
code/FR_Dats_band_THETA_EP_C_2_can_A19.xlsx,14189,38b9eb83296a07425c2041ad87d6f6ef8cd5547ef9e7cd22dfcd646977c2cc21,annex
code/FR_Dats_band_THETA_EP_C_2_can_A2.xlsx,14198,4d27910eba7c6281aac1dfc75b18742a8e40291bd7ed0d5f2cfec7c9ca5b3ff6,annex
code/FR_Dats_band_THETA_EP_C_2_can_A20.xlsx,14156,dc0b69dac1ccaa5963fd2bdd1ebb00fbcd036f6541153b2673b749f49ab2e591,annex
code/FR_Dats_band_THETA_EP_C_2_can_A21.xlsx,14181,a36c5418c7247bf17dd2eb3b88dd0efb422dc3f2abf607f00d5af3455bac5594,annex
code/FR_Dats_band_THETA_EP_C_2_can_A22.xlsx,14220,702f97e25ae11c4a3398a68ee4c0799337502868f994866e984a3fce14c6be4c,annex
code/FR_Dats_band_THETA_EP_C_2_can_A23.xlsx,14137,d695646ac720c16c9e71d028cd0c4ba6e52a7e76de19e814766fd78fabad354d,annex
code/FR_Dats_band_THETA_EP_C_2_can_A24.xlsx,14211,0ba5816044db5589298b48e841c566195855c487f5a61a5e161095e415a22d34,annex
code/FR_Dats_band_THETA_EP_C_2_can_A25.xlsx,14159,6ed4e78f18c134a910620b05e29634f721b2f6a1feafcd1b490fadb4a85f6591,annex
code/FR_Dats_band_THETA_EP_C_2_can_A26.xlsx,14178,4e47d74c596ebcdaeea6bde2cf80d3ae59f066b3f34f7704d64e8ed75da54be8,annex
code/FR_Dats_band_THETA_EP_C_2_can_A27.xlsx,14218,0a30c0c66626f7e6d67157b6a82d78c86c36fc1b1ac113c49345eda80aa3a831,annex
code/FR_Dats_band_THETA_EP_C_2_can_A28.xlsx,14205,820aeefce51d9c4ef2d399581fccb442aafc97afb5ebe7d1c0817d0a4c924ad9,annex
code/FR_Dats_band_THETA_EP_C_2_can_A29.xlsx,14176,0522e6686c8e213d2955301ea1c8bbbf4f6b12031534f8487ef2f0686f849f9b,annex
code/FR_Dats_band_THETA_EP_C_2_can_A3.xlsx,14197,3c9edef104d5c3a0acc9d4a2a7d72a17141c3a0c8b09b62cf9aff1e5ae7b7fe5,annex
code/FR_Dats_band_THETA_EP_C_2_can_A30.xlsx,14233,f7f39de5124d3a9a2b8744009bc3f55e453aac56bfd5fd52c5945bcd23c6cf96,annex
code/FR_Dats_band_THETA_EP_C_2_can_A31.xlsx,14259,b59bb14384aa782ea04b7097aa7586ce504e2dae5ddc6143862ce64b98af0c64,annex
code/FR_Dats_band_THETA_EP_C_2_can_A32.xlsx,14152,d4fcbbd964a24b8f1175cbd3057e7a38027333902919dd94dc22ec820d3ef036,annex
code/FR_Dats_band_THETA_EP_C_2_can_A4.xlsx,14221,937c64d9534588fe8960bdb0abff26e5cc858b7afe72a4fec6835c981ac6ee42,annex
code/FR_Dats_band_THETA_EP_C_2_can_A5.xlsx,14167,f39dfc3d5b772d0a6f75b3d4a542160ca19a56d6fde6eaa00710cebdf3109109,annex
code/FR_Dats_band_THETA_EP_C_2_can_A6.xlsx,14226,ce74ffae6761c93560dfac50343eb2c7cbd8bdef2391c238c24bc03940294dd2,annex
code/FR_Dats_band_THETA_EP_C_2_can_A7.xlsx,14187,808c05423b718f54a09fa79d5906f4906b5129c399b09ece5418644ade5e0dcb,annex
code/FR_Dats_band_THETA_EP_C_2_can_A8.xlsx,14191,5fd9beba850e4209e484e61802ea14737a5153b79e6b14b07fd54b676da12bee,annex
code/FR_Dats_band_THETA_EP_C_2_can_A9.xlsx,14202,557411390a39da255dbfb0b0311a2dc71df0acc7ca14e20cdd9b849b89121c02,annex
code/FR_Dats_band_THETA_EP_C_2_can_B1.xlsx,14241,3b9eca886593eb7b27943cec3068f65843fdf28c2c79c7414156257ac18ce8d9,annex
code/FR_Dats_band_THETA_EP_C_2_can_B10.xlsx,14210,284e0e5c664256895bea0ab1f9d9595a5b4f8597c219d2d23507984a97ace79b,annex
code/FR_Dats_band_THETA_EP_C_2_can_B11.xlsx,14239,3d9a37fa1520d96d19cd6e8ce2e6833a46f1a072b99e7683ca77f4f455eacc80,annex
code/FR_Dats_band_THETA_EP_C_2_can_B12.xlsx,14215,da3bd6f0444984b837853e73ee57197289eeaa548fb9893dc493b5fdf1991877,annex
code/FR_Dats_band_THETA_EP_C_2_can_B13.xlsx,14230,5094ccf43bc1de08abf4de0f6c671763ddbc3f808c5ed948aaac95ff94b6defd,annex
code/FR_Dats_band_THETA_EP_C_2_can_B14.xlsx,14270,4f844f7b1ec19d33042940fc06d62901182dc4324c590bc6745811bd5b205d70,annex
code/FR_Dats_band_THETA_EP_C_2_can_B15.xlsx,14235,1b22c96ece9fb48ff2e6ef961b77624dee6cfa1e0908321359622b2035b97960,annex
code/FR_Dats_band_THETA_EP_C_2_can_B16.xlsx,14216,6245ce839c695409cc8071a476a220104f8cb698a7c2b0144de1db0bdf188a4b,annex
code/FR_Dats_band_THETA_EP_C_2_can_B17.xlsx,14230,1fc94a1203e8485ceab641bd8d1b2946ec22fc87c56b879aef265dfb38316a89,annex
code/FR_Dats_band_THETA_EP_C_2_can_B18.xlsx,14219,33a7d052a6b7d27823a8473e4516c6eefefe0a56468355b4054b70bbfb838327,annex
code/FR_Dats_band_THETA_EP_C_2_can_B19.xlsx,14211,71c4662c066279f114a35ee0e68b6bde8384badbad90e9d6bbee0252c9c93b73,annex
code/FR_Dats_band_THETA_EP_C_2_can_B2.xlsx,14198,af52108afee6a6e209bf89739b0951ec013ac9c4923bb106a647b72f84b14527,annex
code/FR_Dats_band_THETA_EP_C_2_can_B20.xlsx,14266,715984d9bf7c689984fd7dd9a90eaf3500a0b32c35c5edeb5e5162c222f8baa7,annex
code/FR_Dats_band_THETA_EP_C_2_can_B21.xlsx,14256,76d8cf1289271d571de9ae3feed49bab4326ab377c377ab9b873a915bd0793c9,annex
code/FR_Dats_band_THETA_EP_C_2_can_B22.xlsx,14250,cd5f7e6f6cf1c7e28e84bc6d8e3f1496f766df97d57773906e1f33db102983a9,annex
code/FR_Dats_band_THETA_EP_C_2_can_B23.xlsx,14225,5a29f64f10a4dfa2893b7d82af774ccebf46f861dec032310e6a6b0124c254a9,annex
code/FR_Dats_band_THETA_EP_C_2_can_B24.xlsx,14212,02a1878fa7c174c8533e0de9537b0d2de0047cd5fa52470edfae74fbc47b0e81,annex
code/FR_Dats_band_THETA_EP_C_2_can_B25.xlsx,14268,b34137067380c97fb5bf716ac05c936417fa1b20a5dd2bc73f9e3a5824f8dd23,annex
code/FR_Dats_band_THETA_EP_C_2_can_B26.xlsx,14239,796f58a6282c8d7f87fb559e2ae1ce64f7324d229ece8c4686790d906bcbe4b1,annex
code/FR_Dats_band_THETA_EP_C_2_can_B27.xlsx,14248,7342e7b565cdfb3e3c73491a18bb95e1353afedffb3c213570af81e22af90f33,annex
code/FR_Dats_band_THETA_EP_C_2_can_B28.xlsx,14212,28ae0bdc8c1dd47a3b358db5d7c890079b73545c5b45ebdabe3aa4a3e0834c82,annex
code/FR_Dats_band_THETA_EP_C_2_can_B29.xlsx,14195,f4ac3de5d28cdd5cbb71ed87f720f55eb4385bc424177bbe040afb5e01068c27,annex
code/FR_Dats_band_THETA_EP_C_2_can_B3.xlsx,14219,9044420cefa26a54cbe4419cb5b50c65973f3a33d2434241796c8ee042b2d11b,annex
code/FR_Dats_band_THETA_EP_C_2_can_B30.xlsx,14281,e267ad3ad250f0ce965843e10ec73941bfefd98496df43eac6a2e6446fbdff76,annex
code/FR_Dats_band_THETA_EP_C_2_can_B31.xlsx,14227,3d433c2e4fdefa0598e57e888c67c6c37a362d2d00fe6b56876783b39e3aab6e,annex
code/FR_Dats_band_THETA_EP_C_2_can_B32.xlsx,14222,e4c5aa58717e40701faf32d406b121fe38a30a4d407f09b8f15203d8f233357d,annex
code/FR_Dats_band_THETA_EP_C_2_can_B4.xlsx,14190,ba0f11402a19e7728e3163f65d2963a5a28ad5af177c865dcf45c0ec2f71ee0b,annex
code/FR_Dats_band_THETA_EP_C_2_can_B5.xlsx,14172,ae3419fbae477988792127fe954f8df97bb5c36a5680e1d067897d4317ed3f67,annex
code/FR_Dats_band_THETA_EP_C_2_can_B6.xlsx,14097,a9367102c2e19f6cb77957d364ffe613655ae6faeb27d33ab7335b27a513e98e,annex
code/FR_Dats_band_THETA_EP_C_2_can_B7.xlsx,14212,797a299d561c13f1ad97d773a33338ddd53d11027baa35bda08cb92b13081733,annex
code/FR_Dats_band_THETA_EP_C_2_can_B8.xlsx,14179,74c4e2404b26e91b50abaee73b98eb7924697ddea306aafb942e6d49dce66216,annex
code/FR_Dats_band_THETA_EP_C_2_can_B9.xlsx,14260,1871465fda0c0c8837177cca89b902fb26d4cc06f4661cf62a09cd6f696c0f21,annex
code/FR_Dats_band_THETA_EP_C_2_can_C1.xlsx,14246,42901d8424709d123b42e47c866968bf5357d3e67366c6193b217c91aafadb4f,annex
code/FR_Dats_band_THETA_EP_C_2_can_C10.xlsx,14163,077a97a00f3c55c00850baf1f3dc10ae997b0cd644202e196f89a9e3f2026a6f,annex
code/FR_Dats_band_THETA_EP_C_2_can_C11.xlsx,14187,5ddb922a5a62d0c39d1bcd99b3cdba965540a6b3d337f8ba59502f82a4b13613,annex
code/FR_Dats_band_THETA_EP_C_2_can_C12.xlsx,14238,0994202b1a4a1260fa1168ca64c4f642d5f10c9e6c92959a876ad4a77bd03d4e,annex
code/FR_Dats_band_THETA_EP_C_2_can_C13.xlsx,14185,cbdadeb542f12b50938bc6b9f25fbf8235600dc4a865d8f40c2a4c58f85a4c93,annex
code/FR_Dats_band_THETA_EP_C_2_can_C14.xlsx,14119,3b4daeb415f55c4818c0dd3268d6f98d30ee727c20c6f645a6238510ea7479f0,annex
code/FR_Dats_band_THETA_EP_C_2_can_C15.xlsx,14094,9c40c32046e5bfe207ea505e385e8ce7f31f2f6c6f4a345b128ab34c0698e871,annex
code/FR_Dats_band_THETA_EP_C_2_can_C16.xlsx,14161,f81ac9ece2bf6a3cf5860bdaae6f7b916fe66c6ab213475748ad66eead859f22,annex
code/FR_Dats_band_THETA_EP_C_2_can_C17.xlsx,14200,7e8d597c71af7ee4a73ebb8b8dd730e50c486910e639c02cc9784b63c08da27e,annex
code/FR_Dats_band_THETA_EP_C_2_can_C18.xlsx,14195,41ddc5d8798599a5a041042f3c02d6ba48853e1894292a01a0d4ad7b5168ea9e,annex
code/FR_Dats_band_THETA_EP_C_2_can_C19.xlsx,14100,542b3a844baeb3d52a01819c76b5715b07a5b31ccc2d40df2d29d6a1d05afc57,annex
code/FR_Dats_band_THETA_EP_C_2_can_C2.xlsx,14299,2795dd184997006aa5823f1d874313f52f98aa57c6d9130fa6509faa08deb55c,annex
code/FR_Dats_band_THETA_EP_C_2_can_C20.xlsx,14190,d00eabdd28f322dfaa7875c1437caa20904fd87ad885e5e389cf6608d43fd831,annex
code/FR_Dats_band_THETA_EP_C_2_can_C21.xlsx,14230,a9f822da0edf2ac04c5868f5da6e7d9ba9bff58d6eea21b6b5cc3381182e9fbb,annex
code/FR_Dats_band_THETA_EP_C_2_can_C22.xlsx,14239,3d78810b6b10f3c347df7a78be6f17f37dc10f47d0abbefd810462155b56970a,annex
code/FR_Dats_band_THETA_EP_C_2_can_C23.xlsx,14174,fde54b917dfc49149fff0bdf7d8975130142515649921bf056fa87e401725e1c,annex
code/FR_Dats_band_THETA_EP_C_2_can_C24.xlsx,14279,18947eee301b21c41e837c3a71942e739f7f665e5ea2a1ad8f8a0fac725e132a,annex
code/FR_Dats_band_THETA_EP_C_2_can_C25.xlsx,14241,50479024eeeff33756970e8eb0e451e367312ebf4a64ec1a08167817196230b5,annex
code/FR_Dats_band_THETA_EP_C_2_can_C26.xlsx,14207,9904aa0356bd653ceea5d4e08448594aa10341857985e15e04f9a1e9df89c73c,annex
code/FR_Dats_band_THETA_EP_C_2_can_C27.xlsx,14149,8546c545024739867baa071fcb8684bf9bcf85187a4c402173316a07a6425eff,annex
code/FR_Dats_band_THETA_EP_C_2_can_C28.xlsx,14172,e5420d89da12a2f70e1b586043a39ee9c46c69bd9b47557cf6b655d6b0280ba0,annex
code/FR_Dats_band_THETA_EP_C_2_can_C29.xlsx,14162,37301ef811447bd3c1c0a952141a359a6b342a364da3dfa957681f83c9f5e30a,annex
code/FR_Dats_band_THETA_EP_C_2_can_C3.xlsx,14188,1896ecffcce77a6f29fc37e763dc81ae33b250a885b0730e9c2cc0748e90bfd4,annex
code/FR_Dats_band_THETA_EP_C_2_can_C30.xlsx,14185,1e4bb632a86de571dff387dbcdc5838a3df3aff14ebf49ee37a20d6e2fe748b1,annex
code/FR_Dats_band_THETA_EP_C_2_can_C31.xlsx,14167,a1eee3ae4b63ecaf44ac986e91d10c4ea7495d7fd9c1ee289b52bd986fe093fc,annex
code/FR_Dats_band_THETA_EP_C_2_can_C32.xlsx,14180,789fc1d2a05fb4d13e0b649a7450a0d0b9e0d67aa0badf8bded69db9a9b57951,annex
code/FR_Dats_band_THETA_EP_C_2_can_C4.xlsx,14203,04d5c632ce034022569558282adfef285f00d8aae90a3058c07fb44f258b5c5c,annex
code/FR_Dats_band_THETA_EP_C_2_can_C5.xlsx,14183,fd505f7628c4a182dadef98a84e8ca2cd9fc5e8c5f7be60efaa139e33da59de1,annex
code/FR_Dats_band_THETA_EP_C_2_can_C6.xlsx,14171,91c5156f06ed102a308d07291d33d13459b02e699443a2f4571a2652dc3e3069,annex
code/FR_Dats_band_THETA_EP_C_2_can_C7.xlsx,14207,a920da0b04b91634d2e0b929d1c9366937945c15ebfdb461f6dfed9fab2004b4,annex
code/FR_Dats_band_THETA_EP_C_2_can_C8.xlsx,14146,e8ebd1e526d4c8ab3971f78fa7c36929fe9875bd8bcf5df226730cef8cd46396,annex
code/FR_Dats_band_THETA_EP_C_2_can_C9.xlsx,14164,5cb0dbe42f361de15bd0595dac04abb4dc3d98b9e08a82e13203f5fba0e0d691,annex
code/FR_Dats_band_THETA_EP_C_2_can_D1.xlsx,14232,61e087f19cec78570e504cae87bcccd9bfaf3a32c1dc4e9a6a42f58666e070dd,annex
code/FR_Dats_band_THETA_EP_C_2_can_D10.xlsx,14243,7cc923790bbb1df7ef7d9079c13387b0d675dad704ebf80e42f58fbb9a3a675d,annex
code/FR_Dats_band_THETA_EP_C_2_can_D11.xlsx,14169,cf0630936fdee4612d8afb7a15538166ec519662c97649d5f0963ed5ca3734c4,annex
code/FR_Dats_band_THETA_EP_C_2_can_D12.xlsx,14255,90bbd3c43072933ed0924d21ffec09be411350594434ded5dc1da0698f02574c,annex
code/FR_Dats_band_THETA_EP_C_2_can_D13.xlsx,14192,0669af36d1b063cd10eca3c84e010eadb053127a0e9d5aff0a56e995b3819636,annex
code/FR_Dats_band_THETA_EP_C_2_can_D14.xlsx,14151,4c25194fa1b9b1afdee29bf5ab52d3e70513bff226786b8713b3928a8346e216,annex
code/FR_Dats_band_THETA_EP_C_2_can_D15.xlsx,14272,06f7c5d18fece93e54f665a7f698f8c68b3e46f639f1a7bfb38edae38604e7cc,annex
code/FR_Dats_band_THETA_EP_C_2_can_D16.xlsx,14187,f14b22cfc62beb1865cf38a685d4019c84c8dcca30094c6aa704ace211d54786,annex
code/FR_Dats_band_THETA_EP_C_2_can_D17.xlsx,14270,d0711d7b07f1bc62bdb9340ffda77c8558931f406343adb66e23d84bb3a0a762,annex
code/FR_Dats_band_THETA_EP_C_2_can_D18.xlsx,14234,4a58c6a1819ba49a901f73846b42eb75cec4af3146eb5c4c71fbdc041d7d6c24,annex
code/FR_Dats_band_THETA_EP_C_2_can_D19.xlsx,14291,2df83d569717abe62456cf3989f5b2af26fd4f8ad68bc7cfd85e4ca1312726ca,annex
code/FR_Dats_band_THETA_EP_C_2_can_D2.xlsx,14218,251d661dad6817ab52bcd7efe815798e0a33a5b02bb87e4d600143f0af8fac38,annex
code/FR_Dats_band_THETA_EP_C_2_can_D20.xlsx,14255,80405b730465bae498696bb3caa71c2e88bb7a806e910993226927fa74297e0c,annex
code/FR_Dats_band_THETA_EP_C_2_can_D21.xlsx,14224,c808430a51cf5e7fd21e3c88248411aa0fb01d01ea606ed8eb2a522ca76760c4,annex
code/FR_Dats_band_THETA_EP_C_2_can_D22.xlsx,14208,05afa81506b3fa23739b22935728122144376e30418a45bc8162024a76ec3543,annex
code/FR_Dats_band_THETA_EP_C_2_can_D23.xlsx,14263,7fe3b874f5f9f36ba98cdc3975f1a5baecad2161213644d0a369570cff052dec,annex
code/FR_Dats_band_THETA_EP_C_2_can_D24.xlsx,14209,e733d997b293153f29a0d684d0bfda8c0c5f366fefd8eff4e920d5be1e91887e,annex
code/FR_Dats_band_THETA_EP_C_2_can_D25.xlsx,14236,3e6647c6dcc2520368fe79c2e8372f59b8bbe88e309ce1eceb8ad7a36a8a13ed,annex
code/FR_Dats_band_THETA_EP_C_2_can_D26.xlsx,14233,1782a83b2058401fdbcb43c58b22bb05ed0128b9bf68ce9d7cbabeb7b972514f,annex
code/FR_Dats_band_THETA_EP_C_2_can_D27.xlsx,14277,fc7e6a52a5d319c2eb338a31fef581dd055c22160f1599733da672062c7872c5,annex
code/FR_Dats_band_THETA_EP_C_2_can_D28.xlsx,14250,d89641cdc783a6580d6760ff69e35349fb4b773bc5a83d071358813ce7ab1ea0,annex
code/FR_Dats_band_THETA_EP_C_2_can_D29.xlsx,14215,3a53b64ee111cc3e777573ac8497cc1719368b9b6a81ed0c0ff9babdac7bcbe6,annex
code/FR_Dats_band_THETA_EP_C_2_can_D3.xlsx,14218,8a99b86ebc5bc177220ce30186649a650df06b86685d0b6cf5a165f341fce672,annex
code/FR_Dats_band_THETA_EP_C_2_can_D30.xlsx,14225,ac8dc3c97a4aef945a85c55820a905ab20f992ac6c71e71c1151969791f75506,annex
code/FR_Dats_band_THETA_EP_C_2_can_D31.xlsx,14286,ee9cf2779108dc8ba42f5c5e9f537708a32b81bc0b4288361d057f89343c5126,annex
code/FR_Dats_band_THETA_EP_C_2_can_D32.xlsx,14227,01a288be97095a342af86e73f8aca30a7b5971ee5569922d561a1d66a471af35,annex
code/FR_Dats_band_THETA_EP_C_2_can_D4.xlsx,14311,b222f29525bcdca727fba4d0b1750123f7298e9d545ab6a8dba4538b77e236ae,annex
code/FR_Dats_band_THETA_EP_C_2_can_D5.xlsx,14246,479cf9cc4e1e1a44db3cb2920beda6c854a97c3fe1141ca3d9f13c15b12a9b0d,annex
code/FR_Dats_band_THETA_EP_C_2_can_D6.xlsx,14201,38a7d9792236077b6162de8ea0aa31c03a8f532a5e44550c194dc2d5e849b22f,annex
code/FR_Dats_band_THETA_EP_C_2_can_D7.xlsx,14113,4f5e78576faf8ccfaf95cac83ada44191f06292f3fa6cd7bf9b5ce9433fc34e8,annex
code/FR_Dats_band_THETA_EP_C_2_can_D8.xlsx,14167,68ecfbd69e75808ff61a58548582503c3eff0bbde44dd9e0813b8cc40b27b979,annex
code/FR_Dats_band_THETA_EP_C_2_can_D9.xlsx,14207,e63b44eaf6f9c8fc9a21d2c08422fa6cc189d61ba11fda95aa9f3d7276da4fe1,annex
code/FR_Dats_band_THETA_EP_O_1_can_A1.xlsx,14237,0fa553987cfe61828b6ff7e6de2225d1bd6ca66b63e4430fac2c639a544dfdae,annex
code/FR_Dats_band_THETA_EP_O_1_can_A10.xlsx,14162,ba71f097d95afb54140d468098f7002d8e08eab3284d02f30d153aa7ea1ab45b,annex
code/FR_Dats_band_THETA_EP_O_1_can_A11.xlsx,14186,51cd3075eaff0ceff0558aa961574eb43169fa7c275c6ab90a22702052b6732d,annex
code/FR_Dats_band_THETA_EP_O_1_can_A12.xlsx,14207,678f179e0faa73fdf74b6c84190b5a8e57e52406c31ee84e38d9d84fc8affc7e,annex
code/FR_Dats_band_THETA_EP_O_1_can_A13.xlsx,14166,c8494641d6778ad012fe229fc70a3f9a7d61a33764ae04b3a47b883381187ff0,annex
code/FR_Dats_band_THETA_EP_O_1_can_A14.xlsx,14183,a0637dd94ae097bd076f8ca552ca035cee9ad610eaaa09b6a829a4ceebd3c23f,annex
code/FR_Dats_band_THETA_EP_O_1_can_A15.xlsx,14176,703e286d56dc5ac07445bf8d9ca0382ed4d7787de8034e1c4fc340bcc7e4ee2e,annex
code/FR_Dats_band_THETA_EP_O_1_can_A16.xlsx,14194,378f77edae6d2db55bf5d90ac1c0ab9ba67e023e029fa8970a70b3bb46cf97d1,annex
code/FR_Dats_band_THETA_EP_O_1_can_A17.xlsx,14178,6602db174f8c3f0e7d2e98d768cb30c0988e3e1fa828a0640e6dfe39a422e6fb,annex
code/FR_Dats_band_THETA_EP_O_1_can_A18.xlsx,14206,fe25d0deff532cc02f8b61dfec2101dd1defc0e8b1f311f974f38efc5614d4d6,annex
code/FR_Dats_band_THETA_EP_O_1_can_A19.xlsx,14169,b3e21f3544795aa6fb1ec0fcb65b3e75f675b14a0b134398cad843ca0180c234,annex
code/FR_Dats_band_THETA_EP_O_1_can_A2.xlsx,14242,4a1a6a29d9289d5750981650f4130d081a0431ff80cccc9fbb6ef77fbe4fffb7,annex
code/FR_Dats_band_THETA_EP_O_1_can_A20.xlsx,14175,b83549cbaaffdc2a50c4c3fac8e3d76ec266d76a8072588672fa6c064a40ea53,annex
code/FR_Dats_band_THETA_EP_O_1_can_A21.xlsx,14144,25b7586f8a42ee25ce2774d8f0c163b2d0456913fdc83f459477b8f8d7ae60be,annex
code/FR_Dats_band_THETA_EP_O_1_can_A22.xlsx,14179,41fab230a20fa1b5514564790a8599467b2e4bb793a5fd185db852169d9283c2,annex
code/FR_Dats_band_THETA_EP_O_1_can_A23.xlsx,14240,eef547848e6fec469e1c4a8256b20675c184d2e6d7945822e49bea9819627d32,annex
code/FR_Dats_band_THETA_EP_O_1_can_A24.xlsx,14145,b543ae639aed62f387d80399522a3a69c2b62da3a2460dba9bd907bb310be38a,annex
code/FR_Dats_band_THETA_EP_O_1_can_A25.xlsx,14188,0ab5d7d9e9640d0e50bc9cd8fc71de43804264f22512a355bbf2ad25ef126637,annex
code/FR_Dats_band_THETA_EP_O_1_can_A26.xlsx,14149,352f54d71dc7eca098ddb1ac681cc339e17bf51bd8c7fba2a292fa8e9a8ed29e,annex
code/FR_Dats_band_THETA_EP_O_1_can_A27.xlsx,14225,f664c7303eb30bed5ee5c10eb845840480104939686821fab4aebefeaf7cdb20,annex
code/FR_Dats_band_THETA_EP_O_1_can_A28.xlsx,14237,b5e40d7d6fe0fa74dbe8fe2e7cc0fbd93c4955251918b7deffbdce176c9c4e19,annex
code/FR_Dats_band_THETA_EP_O_1_can_A29.xlsx,14213,d57fde8ca05cb0d54e12ba169c077c3853ef53c0668bd4edbc1881e8854c9d82,annex
code/FR_Dats_band_THETA_EP_O_1_can_A3.xlsx,14193,56baf307e731859ca428ae9b0e8ee7d757bea0b6e43f21e0571dab31f0dece74,annex
code/FR_Dats_band_THETA_EP_O_1_can_A30.xlsx,14192,4f36596e02f46b796256f92361228c019f07295097146973fc493e3e10781299,annex
code/FR_Dats_band_THETA_EP_O_1_can_A31.xlsx,14155,af0a09cd460a9230ac740f43144f77c6767558abbfd30a03e7d7e080aea40816,annex
code/FR_Dats_band_THETA_EP_O_1_can_A32.xlsx,14237,a87169b08b65fc1f97ce57ae404c77e3189cacec2ab9c4d08c4aa50ff8509fd2,annex
code/FR_Dats_band_THETA_EP_O_1_can_A4.xlsx,14187,127c1ebe15b61beaa2cd4e09713a3c4bae1be09e2e0fcf752fcf30e8a1cd2000,annex
code/FR_Dats_band_THETA_EP_O_1_can_A5.xlsx,14215,5921b31da70de7dd1c12685ac4da898c308844b8d161673bc46d839fa4ec5a43,annex
code/FR_Dats_band_THETA_EP_O_1_can_A6.xlsx,14244,c007ac8f37f2cf991224d63345f190c8979adf75cbd426a5694ca421b5328ec4,annex
code/FR_Dats_band_THETA_EP_O_1_can_A7.xlsx,14188,0a5b7f2269f47c0f8c84798b33b275ec16d86d9accc1ccfbca972e50ee27d774,annex
code/FR_Dats_band_THETA_EP_O_1_can_A8.xlsx,14171,0201d15964886f13a028c8a3d8b9619b1ec69d64f8abe46f46d0127c62a9bfd6,annex
code/FR_Dats_band_THETA_EP_O_1_can_A9.xlsx,14234,5540e53712c2c03d92f06504c3c6241bc894b4a5e2eb01e61c5dd0ebef4776c8,annex
code/FR_Dats_band_THETA_EP_O_1_can_B1.xlsx,14231,7c0f414cfd5bda9205e7fa4747373d5919867a57a2fd5593254c6d6480e3255f,annex
code/FR_Dats_band_THETA_EP_O_1_can_B10.xlsx,14254,0be338f15cb6df4cde24edd2fbba10ae249b81ee8ad5695bc570d1cb5ce0342e,annex
code/FR_Dats_band_THETA_EP_O_1_can_B11.xlsx,14227,7f0535810d63e4b70dd94d4d69fd85b58d717f453d02b36f00967a3bf205782b,annex
code/FR_Dats_band_THETA_EP_O_1_can_B12.xlsx,14212,d64cb76658ec92b9e5c9b1900e3fc7ce932ccb4dbaac9832000328af18a8bb47,annex
code/FR_Dats_band_THETA_EP_O_1_can_B13.xlsx,14227,3dd11b3ed6ea62f0196dee9eafd3758616f945fd9722a776d849a8469107c4e0,annex
code/FR_Dats_band_THETA_EP_O_1_can_B14.xlsx,14203,4194fcb6309151a33065e15f97b673d4a9161ce85ee8fad1cbcd6e98a4be6665,annex
code/FR_Dats_band_THETA_EP_O_1_can_B15.xlsx,14241,ac36bee1e188b8a3a5370d83ee27503f5700f115b99b1b461a40e2c7980bf288,annex
code/FR_Dats_band_THETA_EP_O_1_can_B16.xlsx,14250,0b4921a012772a3dec03d0116b3242af520bafc72d5ad06aaf4ead9acd557a3e,annex
code/FR_Dats_band_THETA_EP_O_1_can_B17.xlsx,14192,70c00ea233825d05e7900003a2352eedc985261990701012a5c700d2b8b3d0b2,annex
code/FR_Dats_band_THETA_EP_O_1_can_B18.xlsx,14210,bbdb74e7f8ac2eb20af2b9a9915d462b3da89db74fb799e44c30d1d9dffca4a2,annex
code/FR_Dats_band_THETA_EP_O_1_can_B19.xlsx,14242,bf3f0db8d3d646f4347bc19ed3a24729889b0ed0a3f6f5a1890ee182559426ed,annex
code/FR_Dats_band_THETA_EP_O_1_can_B2.xlsx,14174,aa8aa73a6afd4c1bd3803f96d5cbc7d73f214b68af296a2d3e7662ef31681e6e,annex
code/FR_Dats_band_THETA_EP_O_1_can_B20.xlsx,14242,6320bffcd7d32a5f67b7edee8e71e6cc500c31c635c3f58e4e2c4ce0ee640f38,annex
code/FR_Dats_band_THETA_EP_O_1_can_B21.xlsx,14247,3642ea6b2eb3823cb1cd85eaa092eba949225eba69249c77b9106e581f55a3ed,annex
code/FR_Dats_band_THETA_EP_O_1_can_B22.xlsx,14215,95c1c6e7dd58f1735ab75c416f6990ef96049377162ac0ff49d9b0a5e77d604b,annex
code/FR_Dats_band_THETA_EP_O_1_can_B23.xlsx,14180,c271892b8608f08cf7c775a53e8883a59aa1da82bc52e54cf10a72f8de258181,annex
code/FR_Dats_band_THETA_EP_O_1_can_B24.xlsx,14243,f838b7e666087c521be3603712e6487711b18a4977672e028e2981c3cab8c450,annex
code/FR_Dats_band_THETA_EP_O_1_can_B25.xlsx,14210,6c2cd8776f894abaa014ae47d52b36382e37d9e69f5eda5157d71f2a751b19a0,annex
code/FR_Dats_band_THETA_EP_O_1_can_B26.xlsx,14188,6c425fff5d3b79a47b8acc5614cd755531dabad43978cbb9e69045cd9976f4e0,annex
code/FR_Dats_band_THETA_EP_O_1_can_B27.xlsx,14115,2ee96aaac3f7130310dfe052d919c4c932466f9e9713384db940760b3e162a8a,annex
code/FR_Dats_band_THETA_EP_O_1_can_B28.xlsx,14170,551ccd3f88c624c44d8448b6bf8dd25f72aa3b5b7d743847805d862004380f93,annex
code/FR_Dats_band_THETA_EP_O_1_can_B29.xlsx,14179,471e18c432bf8757e5edf438272ba14b0157ae3c0b049fe59713c99469615a90,annex
code/FR_Dats_band_THETA_EP_O_1_can_B3.xlsx,14231,136151be7f0928205fd80bebf0bc93d9c4bdc9d802b75afe22bcd589e7c18eec,annex
code/FR_Dats_band_THETA_EP_O_1_can_B30.xlsx,14230,f9bdecb646fca88fdae64c125dd50da8b8aa0a55a286168de410f41619ba8b18,annex
code/FR_Dats_band_THETA_EP_O_1_can_B31.xlsx,14231,b95effccd0e88f87c962bbafa856db79abe4ff61ca6cb13119aafeea9ebeb493,annex
code/FR_Dats_band_THETA_EP_O_1_can_B32.xlsx,14244,1062fc6627c0a902c93ad82631af810273189f8ea99e937cbf595fad9b1ffd32,annex
code/FR_Dats_band_THETA_EP_O_1_can_B4.xlsx,14226,246571ad7a12d9e2e88109561bb2e59939d9c76c294f58bc87a5a63a69ea3772,annex
code/FR_Dats_band_THETA_EP_O_1_can_B5.xlsx,14211,1ccaa54575ec3e89b7f8faab062c239eb10845fb78ae962d2eb862c7bc551bc9,annex
code/FR_Dats_band_THETA_EP_O_1_can_B6.xlsx,14209,23785f736f0ee20bde7171f9ff4849dd8913c065f782563530a647ae46884743,annex
code/FR_Dats_band_THETA_EP_O_1_can_B7.xlsx,14234,95ff5e27ef59609d82365fabdb64724cacb5cfa6a4014279515adc6292e512dc,annex
code/FR_Dats_band_THETA_EP_O_1_can_B8.xlsx,14190,9379974a95d75188056947bb80c05d888da13e8059d1f009536c499a5123eb3f,annex
code/FR_Dats_band_THETA_EP_O_1_can_B9.xlsx,14192,810f2da48f0409145deac76405462f39915bee692a2e6b51d83e7fb2bee38dbe,annex
code/FR_Dats_band_THETA_EP_O_1_can_C1.xlsx,14241,851fcda8eb50e18a6ceb9abd28fefb37caa36f4ea5359aeb71bc738826e7ecef,annex
code/FR_Dats_band_THETA_EP_O_1_can_C10.xlsx,14168,77e8a7d7ba70b24f9c1e90e6e180cf27569e8f624ccc33088df2a0f97080989a,annex
code/FR_Dats_band_THETA_EP_O_1_can_C11.xlsx,14204,af4ea6c685aebeac9a66d13ff3608f1a51cd79b2a5eeb28f0a378472888d87cf,annex
code/FR_Dats_band_THETA_EP_O_1_can_C12.xlsx,14193,b60fdedad3bae885d684f5f242fb567958e894f37b6917cdbd85443a8125ef36,annex
code/FR_Dats_band_THETA_EP_O_1_can_C13.xlsx,14188,5d29eaac6b1fbf76e5d508e9f6f4c28caeef643674719d43705a697f9cb81bda,annex
code/FR_Dats_band_THETA_EP_O_1_can_C14.xlsx,14184,584d2e43e2ff91c69820b067ceb92f6ef55c181ab8755dcc015963cf2365c700,annex
code/FR_Dats_band_THETA_EP_O_1_can_C15.xlsx,14114,00f324f95626218efafc0a83d571461cbf7f900d33f81eebfa14716d0b77b531,annex
code/FR_Dats_band_THETA_EP_O_1_can_C16.xlsx,14159,402bfe134db8598799765552cd49e779174745e4ef8096e403ad2f2a1833c264,annex
code/FR_Dats_band_THETA_EP_O_1_can_C17.xlsx,14160,a5dba708f01c53afd082f3b61b6220f3ab95131f10b6a5d6d42975d40637ca88,annex
code/FR_Dats_band_THETA_EP_O_1_can_C18.xlsx,14199,fcf247b64936f2a1fddc6e4f3a89a91b478994c590ec1158a055efa8b92a71ac,annex
code/FR_Dats_band_THETA_EP_O_1_can_C19.xlsx,14174,040718b7c150d387b4cf16e7e7c63d2d210bf1d9e33cec416fd069829bc08e3a,annex
code/FR_Dats_band_THETA_EP_O_1_can_C2.xlsx,14196,500c8bf12cb8f98d94a389f1d78b775552a256dbde4aa19086647401e6daa596,annex
code/FR_Dats_band_THETA_EP_O_1_can_C20.xlsx,14130,6151877d7e25dccf689224f339cf8cd6a9a35c082f667e192e51da9f7d9ee6d9,annex
code/FR_Dats_band_THETA_EP_O_1_can_C21.xlsx,14205,bb7a7136da2e2b804f9140cb625b22e782ab1728b666dbc64752c349c86cfee5,annex
code/FR_Dats_band_THETA_EP_O_1_can_C22.xlsx,14206,740ea80181e87c1f2cbc5f5a39a18737983b7c4db3b12586b1210107216136e3,annex
code/FR_Dats_band_THETA_EP_O_1_can_C23.xlsx,14220,54319f63417432fa62a707404488128d15b3519795596b78ba221c104d399368,annex
code/FR_Dats_band_THETA_EP_O_1_can_C24.xlsx,14249,a2fd023ed2ac6e61780c4f113c17e3c54c38b7acd4aba2f5b9905c60c367bbd7,annex
code/FR_Dats_band_THETA_EP_O_1_can_C25.xlsx,14178,c9f10b2bf2f86aac49327ae0fac273762f586b5315318742f26830bffaf2038a,annex
code/FR_Dats_band_THETA_EP_O_1_can_C26.xlsx,14164,7e502ce0b0c943fb755177c84cfd0dc469fa21c4994c2dd84e22e0e965e854e1,annex
code/FR_Dats_band_THETA_EP_O_1_can_C27.xlsx,14221,2a2140a348049f0f772097b069a1612a28ee46db3500b28fff2d800b68a20f5a,annex
code/FR_Dats_band_THETA_EP_O_1_can_C28.xlsx,14113,dfa76666ba64079015863931a5848e69394dcc39d7e3aa3b333fe5cdfea981f8,annex
code/FR_Dats_band_THETA_EP_O_1_can_C29.xlsx,14111,78bbf0b722f2d7aefba853f9f43ce7ee70977cc82416a205c71008d305920236,annex
code/FR_Dats_band_THETA_EP_O_1_can_C3.xlsx,14204,796c5c5c95482d4d1d059f931c37b98548021605e76d1c6ab7bc5d7f19aad1ce,annex
code/FR_Dats_band_THETA_EP_O_1_can_C30.xlsx,14176,7a7cfcc8bf127208959f98cc16e8b6a2c0e257b831cc9564f1cf822ba6614ff4,annex
code/FR_Dats_band_THETA_EP_O_1_can_C31.xlsx,14177,7025099b6f34aaaa19b1ca7595e702ef8a8557c77cfcfb7f99142717cadf2c3a,annex
code/FR_Dats_band_THETA_EP_O_1_can_C32.xlsx,14127,eb39cb56486b5548c2a9eb35449dde31d9fbbb3270ad74a38289153d6ffc74ae,annex
code/FR_Dats_band_THETA_EP_O_1_can_C4.xlsx,14208,d66e699b92cc20f22366f2a571b52a186f72a739d9d07a90d06e72b84023ee43,annex
code/FR_Dats_band_THETA_EP_O_1_can_C5.xlsx,14169,e893d81eafb8ed06f1ccc1a2fc3272b330ff0fc00b7794814b2bbece21710fd7,annex
code/FR_Dats_band_THETA_EP_O_1_can_C6.xlsx,14179,63b12f172bcbe1962ba2fc058cb7ca6c44d8cae4cf9b3d1cbcdf39bab131e9ea,annex
code/FR_Dats_band_THETA_EP_O_1_can_C7.xlsx,14177,9755d2ba3bf729c045209488765264a784207406221270e61a9836affe0b5cae,annex
code/FR_Dats_band_THETA_EP_O_1_can_C8.xlsx,14101,1832145188a5435c051a4e75812d9ae863dd38fb0ed44907a16aa76b761f7077,annex
code/FR_Dats_band_THETA_EP_O_1_can_C9.xlsx,14190,0a1f9d328721bcd3e3d9bbf5e628bd61a8b37b7e112f9ec1a1f89d37c27d9099,annex
code/FR_Dats_band_THETA_EP_O_1_can_D1.xlsx,14239,e0c22fb95fd4ce30de01b024beac7ee40ba66094ba31429ef01efff147414a0e,annex
code/FR_Dats_band_THETA_EP_O_1_can_D10.xlsx,14181,2f43d14044db72a03afee24e4405656bf34f833097a4e63cbe70a13531063cbe,annex
code/FR_Dats_band_THETA_EP_O_1_can_D11.xlsx,14228,5d8b36c5fa754752334163b7214ba993e1496acdacd11f79889e10723292e752,annex
code/FR_Dats_band_THETA_EP_O_1_can_D12.xlsx,14187,620c6592bff3295d2bfff6f1733b4caf55948cbf2aea6bd36d51369dad9fd845,annex
code/FR_Dats_band_THETA_EP_O_1_can_D13.xlsx,14174,6cbb87e460c070416b91615570dd8a830e4b5f1b40c8a3e4449d88cebb8d6ca4,annex
code/FR_Dats_band_THETA_EP_O_1_can_D14.xlsx,14220,263eae9fb0dd934720ab146283811e8cb5fa046d95b7881ce9ffeaff9fdfbf2d,annex
code/FR_Dats_band_THETA_EP_O_1_can_D15.xlsx,14262,8bd2087d8aef7c970112bb6d025115634234d7b4533a03d940826eaaaf1a6813,annex
code/FR_Dats_band_THETA_EP_O_1_can_D16.xlsx,14226,322b8d2a385e61d00677e3e6ad2248db11cee3c6cad4b5d3795d0a8f1395d021,annex
code/FR_Dats_band_THETA_EP_O_1_can_D17.xlsx,14214,49f9f2ead960a936fccc96639358a677f7481f27f9786b1e29391074eccf2761,annex
code/FR_Dats_band_THETA_EP_O_1_can_D18.xlsx,14220,b910d1ae7a23d4de70122a51e23c35254cbeb080bf36c5e62b59dbb1de4d98a6,annex
code/FR_Dats_band_THETA_EP_O_1_can_D19.xlsx,14233,c9b18ab3ccd4f6718e1cf6c6a556a28b45038ae22da9aa1d8dd3aff5ac7a27e4,annex
code/FR_Dats_band_THETA_EP_O_1_can_D2.xlsx,14172,25dce50997783d9c2b1421cf4147b83bb21dbbb6221d2b47aa606dbfc3f09b60,annex
code/FR_Dats_band_THETA_EP_O_1_can_D20.xlsx,14224,7e3434832ac368659e1aaee887cf9cc3953627a1076a01f8b3a671328944618e,annex
code/FR_Dats_band_THETA_EP_O_1_can_D21.xlsx,14220,50ce5c5db0c316b81678595a7d4f7fed4e75cc9d1a3aef32f1a4cd801a7232ba,annex
code/FR_Dats_band_THETA_EP_O_1_can_D22.xlsx,14189,a0f918f6f5e7d8509d7e64967e5c950229342824692383912da41c39419424dd,annex
code/FR_Dats_band_THETA_EP_O_1_can_D23.xlsx,14263,2c54c39538a889ed4ed49182c1c383d412f3daeb694e19d72cd09e42aa22402f,annex
code/FR_Dats_band_THETA_EP_O_1_can_D24.xlsx,14249,11f8d4a6896a6119da0cddadfa6d941e5acffcc64bd5a34836ee66d40f73f6de,annex
code/FR_Dats_band_THETA_EP_O_1_can_D25.xlsx,14228,8a3fb4e4eabc5ae2d962ddd63395b1818a0ecc277b4c65787999000a45f22076,annex
code/FR_Dats_band_THETA_EP_O_1_can_D26.xlsx,14159,6dfb79a25a8e49a78a774e05b386e91acd2b2886717299103b847be43b5e4a1c,annex
code/FR_Dats_band_THETA_EP_O_1_can_D27.xlsx,14244,ce18ae91f4ad2a535855caa0c2b6d1053339483108bf7b218a22885e58224592,annex
code/FR_Dats_band_THETA_EP_O_1_can_D28.xlsx,14217,52f5d2db572a829f65f6a8a64c3db4c57ca24c05aa842d4cf80a4ec8e77c4576,annex
code/FR_Dats_band_THETA_EP_O_1_can_D29.xlsx,14240,1a1aa69ed44d13d7d5f3850bcf2d921e43219d96d215c5c7a89c6462bf35fe63,annex
code/FR_Dats_band_THETA_EP_O_1_can_D3.xlsx,14171,3aa70672779124b42a1ef412f215316a66248551febb201238991cf7cb73e0ed,annex
code/FR_Dats_band_THETA_EP_O_1_can_D30.xlsx,14202,3cf19aff49a38c2762764717a03d025d7c40b4f029d9d648b5ad85023d01034a,annex
code/FR_Dats_band_THETA_EP_O_1_can_D31.xlsx,14211,70f996f38eae18b8b56e554b580d09026fb16815ca94f25ca7a52c947827c701,annex
code/FR_Dats_band_THETA_EP_O_1_can_D32.xlsx,14215,e700f6571a76735b01915fd80888067382d9087d03a2fba27ad2b80b5b55fa58,annex
code/FR_Dats_band_THETA_EP_O_1_can_D4.xlsx,14205,7934bc18a512863946ca42a1f5f9b37a95d4572521fcfdf2344c02a38b559c2b,annex
code/FR_Dats_band_THETA_EP_O_1_can_D5.xlsx,14138,cbb9a3e75b214bd5dbdfecdc8fa3b3ec7f7d266bee6b70f6d343dd68ae251cac,annex
code/FR_Dats_band_THETA_EP_O_1_can_D6.xlsx,14150,dfb50440c3b169c21d32f3c45dc266642d8630e1265abbb41d4d8ec6779ebfad,annex
code/FR_Dats_band_THETA_EP_O_1_can_D7.xlsx,14148,8b57ce63dc55bfb646ddbb1fe3121a2f9c4c6dd9c913e56a0e8d51b1fceb7360,annex
code/FR_Dats_band_THETA_EP_O_1_can_D8.xlsx,14151,1474bf27cb824955b3816ec26b2f8fb1b1e3428d27c289931b448ebd7b6326d3,annex
code/FR_Dats_band_THETA_EP_O_1_can_D9.xlsx,14195,8041b0f165dfe0d9cb42ddc401796351f7ed6841a9f8a21d2e605594f3629660,annex
code/FR_Dats_band_THETA_EP_O_2_can_A1.xlsx,14218,9dccd86e786c8154d7a2fc7c0143e6ef6d6543cba305bc9461cf337927b2cf6e,annex
code/FR_Dats_band_THETA_EP_O_2_can_A10.xlsx,14157,6ba64ba6b1e7701f04cadccc57bfe6899dfb13b79ed48dda4ae1893cc328fd4a,annex
code/FR_Dats_band_THETA_EP_O_2_can_A11.xlsx,14197,726e314fa2c516c8e37fbbb64f38d578b7c17cc5bba34c2a14a6e5f437c8333c,annex
code/FR_Dats_band_THETA_EP_O_2_can_A12.xlsx,14208,e0f128fd09e95f2ee946bd177267eed5e3f6cb05d324bdb05e36287ece0187b8,annex
code/FR_Dats_band_THETA_EP_O_2_can_A13.xlsx,14173,04ddcaf28b3643989ddc607a8406b4689052676dc7b4f4dd587af0e86beeb39b,annex
code/FR_Dats_band_THETA_EP_O_2_can_A14.xlsx,14146,5653c1f1345e604449e3f0463286d69f786181a299e51c10c506b1deecd41c04,annex
code/FR_Dats_band_THETA_EP_O_2_can_A15.xlsx,14183,f114cdf2c7c8e0d332da61043daf53e159ee7d1c3bc8bcb0989de3cffd616b89,annex
code/FR_Dats_band_THETA_EP_O_2_can_A16.xlsx,14176,be41257c5436627d09b420c659f6bda1302e9359e88e5affe3a7de80eeb45db8,annex
code/FR_Dats_band_THETA_EP_O_2_can_A17.xlsx,14189,e9d06bd18b1dc3561cfbaf427677b26fba36b20bd2f1d16d72ecff77da5df313,annex
code/FR_Dats_band_THETA_EP_O_2_can_A18.xlsx,14181,c4647ae4633d97e9151fa9aa8b6d950bb366b965e71a00c557a16d03002996b6,annex
code/FR_Dats_band_THETA_EP_O_2_can_A19.xlsx,14169,c81782dfe376acdf5183e22eac3e885fe6882b65b825cecb69ac11761a40069b,annex
code/FR_Dats_band_THETA_EP_O_2_can_A2.xlsx,14204,7eeba5863977e71bca842eb91254d046747256bd9a1da7d5d5aa205c17fc2966,annex
code/FR_Dats_band_THETA_EP_O_2_can_A20.xlsx,14230,69360a77d64058fc810a6b6e005c3a7ec3813022c7596d7672854d845593a06b,annex
code/FR_Dats_band_THETA_EP_O_2_can_A21.xlsx,14138,f03e8119016a7ad92c7d9a37edf7cb15fbe8739ae1a28cda36c06240ec02d092,annex
code/FR_Dats_band_THETA_EP_O_2_can_A22.xlsx,14230,36ecd9ec29de617ece04ace1148f54870887205c2dbae48ddf44c893dba118d1,annex
code/FR_Dats_band_THETA_EP_O_2_can_A23.xlsx,14201,018d6603a22f161fd26b284d8d80ac43556f258fcbe2c309feae5e76f699b190,annex
code/FR_Dats_band_THETA_EP_O_2_can_A24.xlsx,14267,65b80bbe1c86ffa191c3a5a16a3552d2479be9bfaa6ffebfded55c2f4c573e8d,annex
code/FR_Dats_band_THETA_EP_O_2_can_A25.xlsx,14168,447e444eb10c1279711859f766fbd4fcd14db6b303fbc22eb5c48827d4f76f2e,annex
code/FR_Dats_band_THETA_EP_O_2_can_A26.xlsx,14128,892ad0738c4237b2bb0dce8af3ddad73c9ffa4a2b21eed7f9dba7589f7a515a9,annex
code/FR_Dats_band_THETA_EP_O_2_can_A27.xlsx,14239,cb70e5c22ee08cea6ab8af5c139d79b18d62047c82824f8e95f42ba3c755c296,annex
code/FR_Dats_band_THETA_EP_O_2_can_A28.xlsx,14216,50b1fbf0f97ef5e92893adbbaa5338eca19a67413b76a609858660432fe5486c,annex
code/FR_Dats_band_THETA_EP_O_2_can_A29.xlsx,14233,5b2996f7dff028fdf0eb5e4daadf702e63a9db540474011c9e5a4d141f973bba,annex
code/FR_Dats_band_THETA_EP_O_2_can_A3.xlsx,14181,e261ab2d1d979b7afd30deeb2b7ac97d2c652253d65584fb14f57651bfd26704,annex
code/FR_Dats_band_THETA_EP_O_2_can_A30.xlsx,14246,2a6c94e6872b743a5715c4f7ee2d4321d9ec1a84c04bde57e242ed06c890bfec,annex
code/FR_Dats_band_THETA_EP_O_2_can_A31.xlsx,14198,50121305b5bb3066b0e3270caf5e33b068ccd472d624f47484e1c20d950a081c,annex
code/FR_Dats_band_THETA_EP_O_2_can_A32.xlsx,14204,d3a468bf14974e144712a21e2ac839d2c99275fcd240bdcc7a7af20f15d52d7a,annex
code/FR_Dats_band_THETA_EP_O_2_can_A4.xlsx,14199,647bdb38d7c1d774ac607d9e9c8a9a5d0221a0f4291e1652e22de80eea158560,annex
code/FR_Dats_band_THETA_EP_O_2_can_A5.xlsx,14208,1910a5b87ef7ac96268008e59b35279d51e599f2a249576862ba5c7dcac17cb3,annex
code/FR_Dats_band_THETA_EP_O_2_can_A6.xlsx,14200,c906f8cc28b1cc4ff0e738d4b1717144c017520280dede862789987c35df2ec1,annex
code/FR_Dats_band_THETA_EP_O_2_can_A7.xlsx,14224,b9f0158cf94e62558450f37d212285034283023fff64d5ec6c865bf6208c0dd1,annex
code/FR_Dats_band_THETA_EP_O_2_can_A8.xlsx,14224,88d2e2a3c873c24c3bc462b1454d89200046bdf257375159b1fad75a519f4eeb,annex
code/FR_Dats_band_THETA_EP_O_2_can_A9.xlsx,14209,b991075d05e6e11ddac07762681779a47b1b3bbd4c872f5a270ac93ccc837769,annex
code/FR_Dats_band_THETA_EP_O_2_can_B1.xlsx,14315,4cf72a28ece770e59c3669b1efc22ebfcc9a7dbf1f4fcec145162e0b8e22e282,annex
code/FR_Dats_band_THETA_EP_O_2_can_B10.xlsx,14208,76c8b3522ee181808f46b7ab46cc7015c1300d538bf8577c41cbcf55154d5784,annex
code/FR_Dats_band_THETA_EP_O_2_can_B11.xlsx,14188,abc62e04729e37cbd03d7d12c1f303026256f712a631cb1becc5b15e1464ebe0,annex
code/FR_Dats_band_THETA_EP_O_2_can_B12.xlsx,14230,044253d607c1342642dcbfd06890925200c8f79074d889a9a16f214bca0038a4,annex
code/FR_Dats_band_THETA_EP_O_2_can_B13.xlsx,14172,a35935ebd0e01916df5b8383e9a67bed035b201237ed5e17179992ba3375dedb,annex
code/FR_Dats_band_THETA_EP_O_2_can_B14.xlsx,14179,59fc394af36975e948d03171970e133d21734b6764d335da012d60d741baa69c,annex
code/FR_Dats_band_THETA_EP_O_2_can_B15.xlsx,14235,16e1d2add3659a4f7755a80fdecf04dec90075b64da6e06796ee95fbfeea25a2,annex
code/FR_Dats_band_THETA_EP_O_2_can_B16.xlsx,14192,8bdc7c69591d1290de2efc155ae717b5a464dff833d20a9cc190bfd80c3410ea,annex
code/FR_Dats_band_THETA_EP_O_2_can_B17.xlsx,14165,37b0679c271b9844d4f841e418f174be7c14642503c1545e2aa171c58cf3fed4,annex
code/FR_Dats_band_THETA_EP_O_2_can_B18.xlsx,14158,a656a6ea69fac1511e952fb98a8bc537af5993cbf974d3e4a41cf0b2332f73ca,annex
code/FR_Dats_band_THETA_EP_O_2_can_B19.xlsx,14201,aa24194b361d4bf0d5f83cb7ca0e00fec2894539ecb92d15e5cec01c4376c115,annex
code/FR_Dats_band_THETA_EP_O_2_can_B2.xlsx,14267,87f4d3f86f7f9c9b4d04aad3870dedbe4bc72616c0984820aa52f2889f874208,annex
code/FR_Dats_band_THETA_EP_O_2_can_B20.xlsx,14201,90c74d4daf91f96c6db81750ead53bb724239ee7117ecdfcb64624f430607af0,annex
code/FR_Dats_band_THETA_EP_O_2_can_B21.xlsx,14240,ffeb6d1ad650309b3f4c3edeef66262a4595eba3a659b5bb7ae8e965de328028,annex
code/FR_Dats_band_THETA_EP_O_2_can_B22.xlsx,14187,df6f0bd5ed2c80785ae73097a246791488e0f8bc74e6e73ef5108545f10aac5b,annex
code/FR_Dats_band_THETA_EP_O_2_can_B23.xlsx,14179,e78973a0e546484a6bf47525a739b3140efd187fa594683fbe2933d51b62a0cd,annex
code/FR_Dats_band_THETA_EP_O_2_can_B24.xlsx,14227,1fb18ff44accce5134b8b964885b560dd9dd8347e4c830c28db3538ab7b8323b,annex
code/FR_Dats_band_THETA_EP_O_2_can_B25.xlsx,14162,aeee8f25b159788d55fccb1fff2f51deba7ef9e1a361db56e2999c685d20ee1e,annex
code/FR_Dats_band_THETA_EP_O_2_can_B26.xlsx,14170,c9bb38d5dab21cca2c5d4542403930f2b9d4bd3254a5bea8f43361dc626ca801,annex
code/FR_Dats_band_THETA_EP_O_2_can_B27.xlsx,14198,5828003e94b5c0bd4f95ab3e74ba9686c8be6de08119fffdfbfe5c491eea65a7,annex
code/FR_Dats_band_THETA_EP_O_2_can_B28.xlsx,14230,18ba93d83d7c75c756101f7f28238ea5a989017f740988df7e4c519d95821fe2,annex
code/FR_Dats_band_THETA_EP_O_2_can_B29.xlsx,14248,6d005c1a7cd955590b10a04d501f759519c2a631476f5a3af62d0c4f6e72cb05,annex
code/FR_Dats_band_THETA_EP_O_2_can_B3.xlsx,14227,8deed53a8ed209bdc1e53827e48d2c3889c285163d5ec79adec06b785e7e132d,annex
code/FR_Dats_band_THETA_EP_O_2_can_B30.xlsx,14231,348f024ebd4ae6507c15c52cb4bbbe67066ca2d90f70cdcf56358dd4b00d84b1,annex
code/FR_Dats_band_THETA_EP_O_2_can_B31.xlsx,14212,59fba4feb45f90934712d6e14afa8f96d89e712890528c5f9a02eb5de513f67a,annex
code/FR_Dats_band_THETA_EP_O_2_can_B32.xlsx,14193,73896cd04058c9276ac568e4d6410f851f1a400f2f665c7e542b5110682c246f,annex
code/FR_Dats_band_THETA_EP_O_2_can_B4.xlsx,14250,90b8042f1b17f89e49fa82111fa14eba8812783d0bd76a6d6140e2c70618b54e,annex
code/FR_Dats_band_THETA_EP_O_2_can_B5.xlsx,14159,aadadbeec29a099fe731e93638123ceaa84d80ebcbe6c930a9b00044c7450785,annex
code/FR_Dats_band_THETA_EP_O_2_can_B6.xlsx,14180,270d942dc276b94391ec7e8b0ee1f807e7f95c74ce84734c7b7c1463aa09b793,annex
code/FR_Dats_band_THETA_EP_O_2_can_B7.xlsx,14185,3f0845c9df5f0b40ff3c487266f82fb54ba8cc02a519739367631a33abe9f33b,annex
code/FR_Dats_band_THETA_EP_O_2_can_B8.xlsx,14165,3b7fda974912baff85af640d186e626141c42aeab63d80600e47bd42f4cccef6,annex
code/FR_Dats_band_THETA_EP_O_2_can_B9.xlsx,14131,71af72052308811d43d37d5f486cf5e563357bdc920e4d8c26e00696cdd5be48,annex
code/FR_Dats_band_THETA_EP_O_2_can_C1.xlsx,14248,08191b438fe6028e5d14b955224f170471b7f2683bd26f2f583ea297ded23519,annex
code/FR_Dats_band_THETA_EP_O_2_can_C10.xlsx,14148,01041462752b52ee8907431f562f10484a3dda6f87035716f1cfb524ec75e90b,annex
code/FR_Dats_band_THETA_EP_O_2_can_C11.xlsx,14184,18f49413d52ea6d95ccb81cfba610c62fa2938b2753d4bc92b41d45b74bacfad,annex
code/FR_Dats_band_THETA_EP_O_2_can_C12.xlsx,14280,e9fc906d7eb9ff916591e64e9bcdc93ac04b86193895a397767cc9f9d7d9f85f,annex
code/FR_Dats_band_THETA_EP_O_2_can_C13.xlsx,14192,e98264ec50cfc64ac7a74ae9584e32202115e61d6971ec046d12b2afc7d65076,annex
code/FR_Dats_band_THETA_EP_O_2_can_C14.xlsx,14142,bb7da25496ce93f67329ad889fc2e7833c0876c0bec4cc5483dfef9ac5358722,annex
code/FR_Dats_band_THETA_EP_O_2_can_C15.xlsx,14203,11bfde469b8e820f04f1a44a03cc5d10201421d4782da12c9edc45c265e1033c,annex
code/FR_Dats_band_THETA_EP_O_2_can_C16.xlsx,14138,ef6b3a0910e641e875c8032f30d9e2237208b2211ac2de7f5bdd616570548b53,annex
code/FR_Dats_band_THETA_EP_O_2_can_C17.xlsx,14136,961104f78a7380df592f690abac7becebec1fe394a070a505f55a44555e4ddc7,annex
code/FR_Dats_band_THETA_EP_O_2_can_C18.xlsx,14212,418222a070c6da5ce9197841980da387e2425fd1a35d039d62c557af4bbdfeca,annex
code/FR_Dats_band_THETA_EP_O_2_can_C19.xlsx,14155,cc8d9068bcde8087b4cd850325fface97207ef3c012023a77d6d00e6d76c14f1,annex
code/FR_Dats_band_THETA_EP_O_2_can_C2.xlsx,14218,1753d9e32384c7652d235d4967f622f67a09cba1fe3b4382249110606662fbd2,annex
code/FR_Dats_band_THETA_EP_O_2_can_C20.xlsx,14202,74d030141dc6dfe8e4bb7472232c37ceffaf3da2c9dc36c4a9ee40eaa0b072be,annex
code/FR_Dats_band_THETA_EP_O_2_can_C21.xlsx,14186,3da051f512b39d31bccd2c2dfb1dff0d6c3457a52630c6aaf0c41d51230ac0a8,annex
code/FR_Dats_band_THETA_EP_O_2_can_C22.xlsx,14192,d13ebd1ec60b7bc16cf7d156618920353d1fe799fa8bb08982c89ff63516d93b,annex
code/FR_Dats_band_THETA_EP_O_2_can_C23.xlsx,14183,638feff6ac902a22c491f0b18ed124b831e0522bfa7183efea922cda725ab464,annex
code/FR_Dats_band_THETA_EP_O_2_can_C24.xlsx,14201,3ecae02d03dda784da8814c454e8ade0feaeb55379637055b781011ac6010f03,annex
code/FR_Dats_band_THETA_EP_O_2_can_C25.xlsx,14217,96c99977d0b543a60bde0e8ba00a68244e232a152b90b0da1510539eab197949,annex
code/FR_Dats_band_THETA_EP_O_2_can_C26.xlsx,14142,907aa374cbae33f5122b3f041ee1b68bfa66633406ea1c0efa31a308d2688319,annex
code/FR_Dats_band_THETA_EP_O_2_can_C27.xlsx,14158,b142c6661d6c801b99c8fdfcd07b6fe5a26bda90bfbba3342a6d571530b88c7b,annex
code/FR_Dats_band_THETA_EP_O_2_can_C28.xlsx,14161,a14348c558b6587f2df27e37ecfabd4ba43e0f4dc7ea5505cd365b29820f979a,annex
code/FR_Dats_band_THETA_EP_O_2_can_C29.xlsx,14147,55dd885f60bc700b1a82f6b33547f0c02160789c68e8e57fbd0dabc09c0ce080,annex
code/FR_Dats_band_THETA_EP_O_2_can_C3.xlsx,14220,3aa2064ffc92ac246d70bffddfd5ea2b0f91dfcfa444e23dc9b238bd53f6a91b,annex
code/FR_Dats_band_THETA_EP_O_2_can_C30.xlsx,14181,2f91de97f5ee6ae0081e36a6373c7b3975cdb52558a8fed19f1e6fac4218c78b,annex
code/FR_Dats_band_THETA_EP_O_2_can_C31.xlsx,14183,efaf9fff81315f009d2bdd90f9288a6ef64c47495b745823fa74675de21806a1,annex
code/FR_Dats_band_THETA_EP_O_2_can_C32.xlsx,14146,f989f551e45cfc5ec82301bed6a2e90eb6c8b9769e4176b1090680c564ed16c0,annex
code/FR_Dats_band_THETA_EP_O_2_can_C4.xlsx,14177,1f34b7210972085a6642106b2af3b355af6146ddbd734ed4c390f0ed71a93dcd,annex
code/FR_Dats_band_THETA_EP_O_2_can_C5.xlsx,14201,74a603c5697b83ad8382e7e9e30f5d5eb71f8ada0b5bdb353758f8aabefb83ab,annex
code/FR_Dats_band_THETA_EP_O_2_can_C6.xlsx,14171,900fa694e5c5868378a9524b3efbf6acd45fda82c75d494be47bc085549210fc,annex
code/FR_Dats_band_THETA_EP_O_2_can_C7.xlsx,14174,9c029581ebdc5330a4b1d5930a31812e9b6097773b0817fb12372c7792e6d459,annex
code/FR_Dats_band_THETA_EP_O_2_can_C8.xlsx,14161,c3321dd3eb0b60bd13213221682e631c73e2bd3b91a3048e1fcd2cea0dcac03d,annex
code/FR_Dats_band_THETA_EP_O_2_can_C9.xlsx,14184,15e0db3afc93499c041e7afb4b26b7d469cecdf8b057c1eca895f3efa27378c7,annex
code/FR_Dats_band_THETA_EP_O_2_can_D1.xlsx,14252,f773255215377ddc946779e7ddb4564b8f45d44979675deb4983d272cae48f54,annex
code/FR_Dats_band_THETA_EP_O_2_can_D10.xlsx,14203,cc6909574a6c16530662eed31034865161f4dc81ea7eec337666df5ced06f89e,annex
code/FR_Dats_band_THETA_EP_O_2_can_D11.xlsx,14198,d7ec34f73809d0fdb350666b0ee8a0e02ac8024f147eab74db4e035694eed6e7,annex
code/FR_Dats_band_THETA_EP_O_2_can_D12.xlsx,14220,58ed41a4dd9076175a70f562802635487efaddc345014c6f4ce29dac33ccb60a,annex
code/FR_Dats_band_THETA_EP_O_2_can_D13.xlsx,14221,8016307e9f801aed7ca0c614357890c217a6e65adeee54f78d06d22a9fafda08,annex
code/FR_Dats_band_THETA_EP_O_2_can_D14.xlsx,14193,3d470655feadc1dac44b3dee7d50b44f1663f3df0c0a9d0757d79964d80c4293,annex
code/FR_Dats_band_THETA_EP_O_2_can_D15.xlsx,14244,c69e963fd5389bd8f3a418f304984c134b80d9ae5157d82a70f1149859eef2a1,annex
code/FR_Dats_band_THETA_EP_O_2_can_D16.xlsx,14256,96e23485a43328a846079bf3be1a3f1afddafec1aa4e718c1622040aa02490a1,annex
code/FR_Dats_band_THETA_EP_O_2_can_D17.xlsx,14223,f0d7d7e28f86578c73dafe47e1db6d9b24c39e85b4259b3339591e33ae9aac56,annex
code/FR_Dats_band_THETA_EP_O_2_can_D18.xlsx,14213,6a01090256369f5249b3ad5c491287773ea3744dd05515177bf87fb2a3fe251a,annex
code/FR_Dats_band_THETA_EP_O_2_can_D19.xlsx,14202,3ec1725a95023a233230d8a7b3c3086da535fda553730efe825ab614d6882bb1,annex
code/FR_Dats_band_THETA_EP_O_2_can_D2.xlsx,14249,ffa717ae351598f5bdde85141537f77536fbf5a541a035e053d5fbd389e73895,annex
code/FR_Dats_band_THETA_EP_O_2_can_D20.xlsx,14247,d36a635f842ec243a5b0f1d86ff2ae96f71f232ffd0878f3786ec8cd908de31f,annex
code/FR_Dats_band_THETA_EP_O_2_can_D21.xlsx,14197,703957f0295f5a3edf3c73e9b9b09e543a72fe4c3ca30d00ef1186f6aaee28a4,annex
code/FR_Dats_band_THETA_EP_O_2_can_D22.xlsx,14165,f8d69bf5a709e759a4aedace93b56e0b6f949b40afe9a998630ab6644d00d03f,annex
code/FR_Dats_band_THETA_EP_O_2_can_D23.xlsx,14208,71688475c465d767d89a83c870836e47d703ce11317feabb7aab82b53c45130e,annex
code/FR_Dats_band_THETA_EP_O_2_can_D24.xlsx,14238,dc3910f1a1af442085df258427944a8b6410123794cd0b10dbc5cf210396bcf1,annex
code/FR_Dats_band_THETA_EP_O_2_can_D25.xlsx,14223,010ddc2428fd646d0283e0a377ac9b1f982b28a3122d31c63de9bd998ca42b3e,annex
code/FR_Dats_band_THETA_EP_O_2_can_D26.xlsx,14212,6cc0c7801e10478b473140653c4cf983dbf449064354ec74b696f9adf0f67b1e,annex
code/FR_Dats_band_THETA_EP_O_2_can_D27.xlsx,14287,9df0b0d5a4404041042a08b68500817f508c219e7951d07eaa7f49e9b7606d6b,annex
code/FR_Dats_band_THETA_EP_O_2_can_D28.xlsx,14221,cb015a8c53e694046ae12467a4f8d881e1d72806f09cee37c01193a7907903bf,annex
code/FR_Dats_band_THETA_EP_O_2_can_D29.xlsx,14242,2eefbb9eb19d66c8e429923d92877b65ad43c6e4d604d58ceadca1369b2bf2a9,annex
code/FR_Dats_band_THETA_EP_O_2_can_D3.xlsx,14180,fc9442f31e89ca22fcaea36d357cbf7cf3b48c58186b20d8e3dec8424e0d0b70,annex
code/FR_Dats_band_THETA_EP_O_2_can_D30.xlsx,14211,256091fbe51f954a0a1ea9500c317d892b94ec5d41cd46cb4d473509181f1fe3,annex
code/FR_Dats_band_THETA_EP_O_2_can_D31.xlsx,14225,887e28159f01c3eb11f2d326cf025f89a48ca99368b01579b161f3349e0c62fc,annex
code/FR_Dats_band_THETA_EP_O_2_can_D32.xlsx,14159,763b48a106d4249231d194a7a993023c44a168a111ab0948e773044b9ae57561,annex
code/FR_Dats_band_THETA_EP_O_2_can_D4.xlsx,14127,0f802bd7d0fc3eb61da73b684d01239d659d9c773605b2113e5acc5634a2c22c,annex
code/FR_Dats_band_THETA_EP_O_2_can_D5.xlsx,14247,cdee29dbe8da5e198493858cd56c0ce2d73893f7386b447a6fc1623df778a95e,annex
code/FR_Dats_band_THETA_EP_O_2_can_D6.xlsx,14167,d0cff4209ef83cc60d98de3c2aea82d9ce0440be119ed043b20553f88beb93be,annex
code/FR_Dats_band_THETA_EP_O_2_can_D7.xlsx,14177,a21ad809c1059e4daf25f1becefd624d3f854ba5b6e6bf589dd38fd4bca515d0,annex
code/FR_Dats_band_THETA_EP_O_2_can_D8.xlsx,14185,2bc51b9355d2bfce1ec269cfb2d68a03ea6479fc0c906be428644195557cddbc,annex
code/FR_Dats_band_THETA_EP_O_2_can_D9.xlsx,14209,ca9272a69eeaaa3267489d7f509845aca2b17d737c3d985bf1a2459bd34870b4,annex
dataset_description.json,1330,b5db378a5895d0f388a13001746ce3b65fce4277350b8cd8df02cc1811c2b3cd,git
participants.json,4587,3067e03fb6c66a185ff90a311dae25385fac210aae0f44d57397b513453de7e2,git
participants.tsv,16004,45ea5fef857ea15e7d7fa09f6e815de0f69f786521f393fe96dc94d0572b07fa,git
sub-1005sg/eeg/sub-1005sg_coordsystem.json,110,dbec4867167ec49e8750c14be246f4ff917b2c3e021289a1a3a29f6efe9e65fa,git
sub-1005sg/eeg/sub-1005sg_electrodes.tsv,4164,e8bcbcf55421fe45ded233c9fcbba71690a83d1960db37b4dcc783f02cb01e1e,git
sub-1005sg/eeg/sub-1005sg_task-restingstate_acq-epochs_eeg.json,1440,b926b03a00319338f76032feea64ca6649b1da18a308494759a52ac42341f626,git
sub-1005sg/eeg/sub-1005sg_task-restingstate_acq-epochs_eeg.set,13677824,dc867ed91e39ac51d945dae3c755c9d449f6a45987f3f8c6e2c8896f99d52d85,annex
sub-1005sg/eeg/sub-1005sg_task-restingstate_channels.tsv,3196,da55c8c0caeaad149051040b11484d8c0034d28a0243a5ad8cf154ba62f956dc,git
sub-1005sg/eeg/sub-1005sg_task-restingstate_desc-preprocessed_eeg.json,1489,40572121addaab633f938a447c1c04be7decc012760eecc3d62ca418720dd617,git
sub-1005sg/eeg/sub-1005sg_task-restingstate_desc-preprocessed_eeg.set,49635176,f67ba0b9bb33f648aa94829a1f0f221cddd9b2fa53d6a97423cd7d74cece01d8,annex
sub-1009sg/eeg/sub-1009sg_coordsystem.json,110,dbec4867167ec49e8750c14be246f4ff917b2c3e021289a1a3a29f6efe9e65fa,git
sub-1009sg/eeg/sub-1009sg_electrodes.tsv,4164,e8bcbcf55421fe45ded233c9fcbba71690a83d1960db37b4dcc783f02cb01e1e,git
sub-1009sg/eeg/sub-1009sg_task-restingstate_acq-epochs_eeg.json,1440,b926b03a00319338f76032feea64ca6649b1da18a308494759a52ac42341f626,git
sub-1009sg/eeg/sub-1009sg_task-restingstate_acq-epochs_eeg.set,7125712,d2b42cea71f542d8a3661535d13f5ccf1c551da9db657055ab85aec84e447867,annex
sub-1009sg/eeg/sub-1009sg_task-restingstate_channels.tsv,3196,da55c8c0caeaad149051040b11484d8c0034d28a0243a5ad8cf154ba62f956dc,git
sub-1009sg/eeg/sub-1009sg_task-restingstate_desc-preprocessed_eeg.json,1489,40572121addaab633f938a447c1c04be7decc012760eecc3d62ca418720dd617,git
sub-1009sg/eeg/sub-1009sg_task-restingstate_desc-preprocessed_eeg.set,11098072,fed27e5d33f32701e04fb94aca1661f591e2cfdf7b29252986addd287ef16b36,annex
sub-1013sg/eeg/sub-1013sg_coordsystem.json,110,dbec4867167ec49e8750c14be246f4ff917b2c3e021289a1a3a29f6efe9e65fa,git
sub-1013sg/eeg/sub-1013sg_electrodes.tsv,4164,e8bcbcf55421fe45ded233c9fcbba71690a83d1960db37b4dcc783f02cb01e1e,git
sub-1013sg/eeg/sub-1013sg_task-restingstate_acq-epochs_eeg.json,1440,b926b03a00319338f76032feea64ca6649b1da18a308494759a52ac42341f626,git
sub-1013sg/eeg/sub-1013sg_task-restingstate_acq-epochs_eeg.set,7103992,e8a108da752f7607c0fe4b841428aef164c9a516b6f7943638a29b53c6789570,annex
sub-1013sg/eeg/sub-1013sg_task-restingstate_channels.tsv,3196,da55c8c0caeaad149051040b11484d8c0034d28a0243a5ad8cf154ba62f956dc,git
sub-1013sg/eeg/sub-1013sg_task-restingstate_desc-preprocessed_eeg.json,1489,40572121addaab633f938a447c1c04be7decc012760eecc3d62ca418720dd617,git
sub-1013sg/eeg/sub-1013sg_task-restingstate_desc-preprocessed_eeg.set,11549432,6783f105934f3173dcf23e4e1765e9280c3a47b0f4b1ac8f6a42747ab733fc82,annex
sub-1017sg/eeg/sub-1017sg_coordsystem.json,110,dbec4867167ec49e8750c14be246f4ff917b2c3e021289a1a3a29f6efe9e65fa,git
sub-1017sg/eeg/sub-1017sg_electrodes.tsv,4164,e8bcbcf55421fe45ded233c9fcbba71690a83d1960db37b4dcc783f02cb01e1e,git
sub-1017sg/eeg/sub-1017sg_task-restingstate_acq-epochs_eeg.json,1440,b926b03a00319338f76032feea64ca6649b1da18a308494759a52ac42341f626,git
sub-1017sg/eeg/sub-1017sg_task-restingstate_acq-epochs_eeg.set,13618904,1d03826fcb9c5d5491b88acee8e4b006b30a5626dc0c8003bb19b748022146d1,annex
sub-1017sg/eeg/sub-1017sg_task-restingstate_channels.tsv,3196,da55c8c0caeaad149051040b11484d8c0034d28a0243a5ad8cf154ba62f956dc,git
sub-1017sg/eeg/sub-1017sg_task-restingstate_desc-preprocessed_eeg.json,1489,40572121addaab633f938a447c1c04be7decc012760eecc3d62ca418720dd617,git
sub-1017sg/eeg/sub-1017sg_task-restingstate_desc-preprocessed_eeg.set,49462592,7d8e116dcf95e144fc4cca4d91924c9fed4e58243cd32cd526f78b72200d6c1c,annex
sub-1018sg/eeg/sub-1018sg_coordsystem.json,110,dbec4867167ec49e8750c14be246f4ff917b2c3e021289a1a3a29f6efe9e65fa,git
sub-1018sg/eeg/sub-1018sg_electrodes.tsv,4164,e8bcbcf55421fe45ded233c9fcbba71690a83d1960db37b4dcc783f02cb01e1e,git
sub-1018sg/eeg/sub-1018sg_task-restingstate_acq-epochs_eeg.json,1440,b926b03a00319338f76032feea64ca6649b1da18a308494759a52ac42341f626,git
sub-1018sg/eeg/sub-1018sg_task-restingstate_acq-epochs_eeg.set,13684024,4c9c601fc39cfdcf4122f209f309645ade459ef96e971cce3ea35d5faadbf5ae,annex
sub-1018sg/eeg/sub-1018sg_task-restingstate_channels.tsv,3196,da55c8c0caeaad149051040b11484d8c0034d28a0243a5ad8cf154ba62f956dc,git
sub-1018sg/eeg/sub-1018sg_task-restingstate_desc-preprocessed_eeg.json,1489,40572121addaab633f938a447c1c04be7decc012760eecc3d62ca418720dd617,git
sub-1018sg/eeg/sub-1018sg_task-restingstate_desc-preprocessed_eeg.set,49373088,244a41355849ea211f3c0e7a5398a1fd0cb46a454f9b3d843b83dda7a277908f,annex
sub-1020sg/eeg/sub-1020sg_coordsystem.json,110,dbec4867167ec49e8750c14be246f4ff917b2c3e021289a1a3a29f6efe9e65fa,git
sub-1020sg/eeg/sub-1020sg_electrodes.tsv,4164,e8bcbcf55421fe45ded233c9fcbba71690a83d1960db37b4dcc783f02cb01e1e,git
sub-1020sg/eeg/sub-1020sg_task-restingstate_acq-epochs_eeg.json,1440,b926b03a00319338f76032feea64ca6649b1da18a308494759a52ac42341f626,git
sub-1020sg/eeg/sub-1020sg_task-restingstate_acq-epochs_eeg.set,7116400,7083b97f7370420383d19833fcda41aaa823e366a0f50d2dd1523793410ac5a3,annex
sub-1020sg/eeg/sub-1020sg_task-restingstate_channels.tsv,3196,da55c8c0caeaad149051040b11484d8c0034d28a0243a5ad8cf154ba62f956dc,git
sub-1020sg/eeg/sub-1020sg_task-restingstate_desc-preprocessed_eeg.json,1489,40572121addaab633f938a447c1c04be7decc012760eecc3d62ca418720dd617,git
sub-1020sg/eeg/sub-1020sg_task-restingstate_desc-preprocessed_eeg.set,11091832,c1969763159e6825c383100da0ede63e4c3525ce823feed7a25f4cf795860146,annex
sub-1021sg/eeg/sub-1021sg_coordsystem.json,110,dbec4867167ec49e8750c14be246f4ff917b2c3e021289a1a3a29f6efe9e65fa,git
sub-1021sg/eeg/sub-1021sg_electrodes.tsv,4164,e8bcbcf55421fe45ded233c9fcbba71690a83d1960db37b4dcc783f02cb01e1e,git
sub-1021sg/eeg/sub-1021sg_task-restingstate_acq-epochs_eeg.json,1440,b926b03a00319338f76032feea64ca6649b1da18a308494759a52ac42341f626,git
sub-1021sg/eeg/sub-1021sg_task-restingstate_acq-epochs_eeg.set,7085392,466e58e10e41b47b8c9adf3b106ccb30357d5d0ccc5cc36a0aa3dfb2e8421803,annex
sub-1021sg/eeg/sub-1021sg_task-restingstate_channels.tsv,3196,da55c8c0caeaad149051040b11484d8c0034d28a0243a5ad8cf154ba62f956dc,git
sub-1021sg/eeg/sub-1021sg_task-restingstate_desc-preprocessed_eeg.json,1489,40572121addaab633f938a447c1c04be7decc012760eecc3d62ca418720dd617,git
sub-1021sg/eeg/sub-1021sg_task-restingstate_desc-preprocessed_eeg.set,11137624,87096879c97f0050979fb014aaa8587e44e00432acb4e58202ee4f625df8f1c4,annex
sub-1027sg/eeg/sub-1027sg_coordsystem.json,110,dbec4867167ec49e8750c14be246f4ff917b2c3e021289a1a3a29f6efe9e65fa,git
sub-1027sg/eeg/sub-1027sg_electrodes.tsv,4164,e8bcbcf55421fe45ded233c9fcbba71690a83d1960db37b4dcc783f02cb01e1e,git
sub-1027sg/eeg/sub-1027sg_task-restingstate_acq-epochs_eeg.json,1440,b926b03a00319338f76032feea64ca6649b1da18a308494759a52ac42341f626,git
sub-1027sg/eeg/sub-1027sg_task-restingstate_acq-epochs_eeg.set,13659344,615e67002f5c9b6b0aa54e488759357b89c9a8efe986816c8784f0a48f4c70e7,annex
sub-1027sg/eeg/sub-1027sg_task-restingstate_channels.tsv,3196,da55c8c0caeaad149051040b11484d8c0034d28a0243a5ad8cf154ba62f956dc,git
sub-1027sg/eeg/sub-1027sg_task-restingstate_desc-preprocessed_eeg.json,1489,40572121addaab633f938a447c1c04be7decc012760eecc3d62ca418720dd617,git
sub-1027sg/eeg/sub-1027sg_task-restingstate_desc-preprocessed_eeg.set,49356784,f7f7a97b19f8f61a8bd220f8a47338d692fef84abe9181b60daf3167d4fd0adc,annex
sub-1028sg/eeg/sub-1028sg_coordsystem.json,110,dbec4867167ec49e8750c14be246f4ff917b2c3e021289a1a3a29f6efe9e65fa,git
sub-1028sg/eeg/sub-1028sg_electrodes.tsv,4164,e8bcbcf55421fe45ded233c9fcbba71690a83d1960db37b4dcc783f02cb01e1e,git
sub-1028sg/eeg/sub-1028sg_task-restingstate_acq-epochs_eeg.json,1440,b926b03a00319338f76032feea64ca6649b1da18a308494759a52ac42341f626,git
sub-1028sg/eeg/sub-1028sg_task-restingstate_acq-epochs_eeg.set,13622000,901c60c82b121b13f255e7067c61d82a10e8afaedcbd63369573e165413eff71,annex
sub-1028sg/eeg/sub-1028sg_task-restingstate_channels.tsv,3196,da55c8c0caeaad149051040b11484d8c0034d28a0243a5ad8cf154ba62f956dc,git
sub-1028sg/eeg/sub-1028sg_task-restingstate_desc-preprocessed_eeg.json,1489,40572121addaab633f938a447c1c04be7decc012760eecc3d62ca418720dd617,git
sub-1028sg/eeg/sub-1028sg_task-restingstate_desc-preprocessed_eeg.set,49930584,778cd6270bc4fdb4234127f6f181c6d6d2d1264ead84a84a828b2dd0b137adab,annex
sub-1029sg/eeg/sub-1029sg_coordsystem.json,110,dbec4867167ec49e8750c14be246f4ff917b2c3e021289a1a3a29f6efe9e65fa,git
sub-1029sg/eeg/sub-1029sg_electrodes.tsv,4164,e8bcbcf55421fe45ded233c9fcbba71690a83d1960db37b4dcc783f02cb01e1e,git
sub-1029sg/eeg/sub-1029sg_task-restingstate_acq-epochs_eeg.json,1440,b926b03a00319338f76032feea64ca6649b1da18a308494759a52ac42341f626,git
sub-1029sg/eeg/sub-1029sg_task-restingstate_acq-epochs_eeg.set,13668648,bcc722a61d2f87e696adf925562e54b41d70b664f734ec565a49f640cea939b8,annex
sub-1029sg/eeg/sub-1029sg_task-restingstate_channels.tsv,3196,da55c8c0caeaad149051040b11484d8c0034d28a0243a5ad8cf154ba62f956dc,git
sub-1029sg/eeg/sub-1029sg_task-restingstate_desc-preprocessed_eeg.json,1489,40572121addaab633f938a447c1c04be7decc012760eecc3d62ca418720dd617,git
sub-1029sg/eeg/sub-1029sg_task-restingstate_desc-preprocessed_eeg.set,49762376,02527d6f5fa07e16ddf145343c353455dfe0e5576983fa24ddf095e3f9daf10d,annex
sub-1030sg/eeg/sub-1030sg_coordsystem.json,110,dbec4867167ec49e8750c14be246f4ff917b2c3e021289a1a3a29f6efe9e65fa,git
sub-1030sg/eeg/sub-1030sg_electrodes.tsv,4164,e8bcbcf55421fe45ded233c9fcbba71690a83d1960db37b4dcc783f02cb01e1e,git
sub-1030sg/eeg/sub-1030sg_task-restingstate_acq-epochs_eeg.json,1440,b926b03a00319338f76032feea64ca6649b1da18a308494759a52ac42341f626,git
sub-1030sg/eeg/sub-1030sg_task-restingstate_acq-epochs_eeg.set,13653008,fd1112403353d870b853faefa8f9cb8e14716652534382db9cfb833453ab7cca,annex
sub-1030sg/eeg/sub-1030sg_task-restingstate_channels.tsv,3196,da55c8c0caeaad149051040b11484d8c0034d28a0243a5ad8cf154ba62f956dc,git
sub-1030sg/eeg/sub-1030sg_task-restingstate_desc-preprocessed_eeg.json,1489,40572121addaab633f938a447c1c04be7decc012760eecc3d62ca418720dd617,git
sub-1030sg/eeg/sub-1030sg_task-restingstate_desc-preprocessed_eeg.set,49352304,b1ad3ab95cccddb807eadcabe4c0b5f1c03086a6ba4d75cf5bf347f1faa5466c,annex
sub-1031sg/eeg/sub-1031sg_coordsystem.json,110,dbec4867167ec49e8750c14be246f4ff917b2c3e021289a1a3a29f6efe9e65fa,git
sub-1031sg/eeg/sub-1031sg_electrodes.tsv,4164,e8bcbcf55421fe45ded233c9fcbba71690a83d1960db37b4dcc783f02cb01e1e,git
sub-1031sg/eeg/sub-1031sg_task-restingstate_acq-epochs_eeg.json,1440,b926b03a00319338f76032feea64ca6649b1da18a308494759a52ac42341f626,git
sub-1031sg/eeg/sub-1031sg_task-restingstate_acq-epochs_eeg.set,13615792,12be4dc9bca45d5ef98383b5c8003805bf26c137df76e93eb15168c17a90023e,annex
sub-1031sg/eeg/sub-1031sg_task-restingstate_channels.tsv,3196,da55c8c0caeaad149051040b11484d8c0034d28a0243a5ad8cf154ba62f956dc,git
sub-1031sg/eeg/sub-1031sg_task-restingstate_desc-preprocessed_eeg.json,1489,40572121addaab633f938a447c1c04be7decc012760eecc3d62ca418720dd617,git
sub-1031sg/eeg/sub-1031sg_task-restingstate_desc-preprocessed_eeg.set,49194256,bddffb815731ff3e8c2a3a2707d97c4f52216b80b0e7cbf3e4c83b45cb0f1fb9,annex
sub-1032sg/eeg/sub-1032sg_coordsystem.json,110,dbec4867167ec49e8750c14be246f4ff917b2c3e021289a1a3a29f6efe9e65fa,git
sub-1032sg/eeg/sub-1032sg_electrodes.tsv,4164,e8bcbcf55421fe45ded233c9fcbba71690a83d1960db37b4dcc783f02cb01e1e,git
sub-1032sg/eeg/sub-1032sg_task-restingstate_acq-epochs_eeg.json,1440,b926b03a00319338f76032feea64ca6649b1da18a308494759a52ac42341f626,git
sub-1032sg/eeg/sub-1032sg_task-restingstate_acq-epochs_eeg.set,13528976,7b9b8cec1c4ee5f4a88f368df8f1ac2c15aeafcdb0c84eefa8fe24cf185cbb41,annex
sub-1032sg/eeg/sub-1032sg_task-restingstate_channels.tsv,3196,da55c8c0caeaad149051040b11484d8c0034d28a0243a5ad8cf154ba62f956dc,git
sub-1032sg/eeg/sub-1032sg_task-restingstate_desc-preprocessed_eeg.json,1489,40572121addaab633f938a447c1c04be7decc012760eecc3d62ca418720dd617,git
sub-1032sg/eeg/sub-1032sg_task-restingstate_desc-preprocessed_eeg.set,49269240,4b061c5d7ce2fdcb17a89d89f30d83ff5cdf69625a3c4e8e28248b9cdda2ea0d,annex
sub-1033sg/eeg/sub-1033sg_coordsystem.json,110,dbec4867167ec49e8750c14be246f4ff917b2c3e021289a1a3a29f6efe9e65fa,git
sub-1033sg/eeg/sub-1033sg_electrodes.tsv,4164,e8bcbcf55421fe45ded233c9fcbba71690a83d1960db37b4dcc783f02cb01e1e,git
sub-1033sg/eeg/sub-1033sg_task-restingstate_acq-epochs_eeg.json,1440,b926b03a00319338f76032feea64ca6649b1da18a308494759a52ac42341f626,git
sub-1033sg/eeg/sub-1033sg_task-restingstate_acq-epochs_eeg.set,13718136,2818db2a20a529242c4e51056d0f252b7284242397d0067bbbe0c41c2e4d48b1,annex
sub-1033sg/eeg/sub-1033sg_task-restingstate_channels.tsv,3196,da55c8c0caeaad149051040b11484d8c0034d28a0243a5ad8cf154ba62f956dc,git
sub-1033sg/eeg/sub-1033sg_task-restingstate_desc-preprocessed_eeg.json,1489,40572121addaab633f938a447c1c04be7decc012760eecc3d62ca418720dd617,git
sub-1033sg/eeg/sub-1033sg_task-restingstate_desc-preprocessed_eeg.set,50194656,04117bb4a12b97390879ce850f0d9281029d67174b96fb855ebd872560e6b7c6,annex
sub-1035sg/eeg/sub-1035sg_coordsystem.json,110,dbec4867167ec49e8750c14be246f4ff917b2c3e021289a1a3a29f6efe9e65fa,git
sub-1035sg/eeg/sub-1035sg_electrodes.tsv,4164,e8bcbcf55421fe45ded233c9fcbba71690a83d1960db37b4dcc783f02cb01e1e,git
sub-1035sg/eeg/sub-1035sg_task-restingstate_acq-epochs_eeg.json,1440,b926b03a00319338f76032feea64ca6649b1da18a308494759a52ac42341f626,git
sub-1035sg/eeg/sub-1035sg_task-restingstate_acq-epochs_eeg.set,13643704,7ceb61277b65d0e26a8cc1725c810c5bb70a7a3fac0f31bbf83fb924b7b7a5ed,annex
sub-1035sg/eeg/sub-1035sg_task-restingstate_channels.tsv,3196,da55c8c0caeaad149051040b11484d8c0034d28a0243a5ad8cf154ba62f956dc,git
sub-1035sg/eeg/sub-1035sg_task-restingstate_desc-preprocessed_eeg.json,1489,40572121addaab633f938a447c1c04be7decc012760eecc3d62ca418720dd617,git
sub-1035sg/eeg/sub-1035sg_task-restingstate_desc-preprocessed_eeg.set,49612312,12c3f760cf860d84785e6db3c3928948c57b3539954dcf7a06feac71dd2ebccf,annex
sub-1037sg/eeg/sub-1037sg_coordsystem.json,110,dbec4867167ec49e8750c14be246f4ff917b2c3e021289a1a3a29f6efe9e65fa,git
sub-1037sg/eeg/sub-1037sg_electrodes.tsv,4164,e8bcbcf55421fe45ded233c9fcbba71690a83d1960db37b4dcc783f02cb01e1e,git
sub-1037sg/eeg/sub-1037sg_task-restingstate_acq-epochs_eeg.json,1440,b926b03a00319338f76032feea64ca6649b1da18a308494759a52ac42341f626,git
sub-1037sg/eeg/sub-1037sg_task-restingstate_acq-epochs_eeg.set,13643712,ffe1f793952b0fb3b68448506040bbafc699588263932363d383a84b9e3314a1,annex
sub-1037sg/eeg/sub-1037sg_task-restingstate_channels.tsv,3196,da55c8c0caeaad149051040b11484d8c0034d28a0243a5ad8cf154ba62f956dc,git
sub-1037sg/eeg/sub-1037sg_task-restingstate_desc-preprocessed_eeg.json,1489,40572121addaab633f938a447c1c04be7decc012760eecc3d62ca418720dd617,git
sub-1037sg/eeg/sub-1037sg_task-restingstate_desc-preprocessed_eeg.set,49346088,d2169361fb3abac57b8ebdd1cfcc3ee1c7aff7466b861341a2db51eae54a991b,annex
sub-1038sg/eeg/sub-1038sg_coordsystem.json,110,dbec4867167ec49e8750c14be246f4ff917b2c3e021289a1a3a29f6efe9e65fa,git
sub-1038sg/eeg/sub-1038sg_electrodes.tsv,4164,e8bcbcf55421fe45ded233c9fcbba71690a83d1960db37b4dcc783f02cb01e1e,git
sub-1038sg/eeg/sub-1038sg_task-restingstate_acq-epochs_eeg.json,1440,b926b03a00319338f76032feea64ca6649b1da18a308494759a52ac42341f626,git
sub-1038sg/eeg/sub-1038sg_task-restingstate_acq-epochs_eeg.set,13640608,550a8422f2a23a1dc1762fd47136a6826e9efb22ae2f6b41fb278a26df7207db,annex
sub-1038sg/eeg/sub-1038sg_task-restingstate_channels.tsv,3196,da55c8c0caeaad149051040b11484d8c0034d28a0243a5ad8cf154ba62f956dc,git
sub-1038sg/eeg/sub-1038sg_task-restingstate_desc-preprocessed_eeg.json,1489,40572121addaab633f938a447c1c04be7decc012760eecc3d62ca418720dd617,git
sub-1038sg/eeg/sub-1038sg_task-restingstate_desc-preprocessed_eeg.set,49210888,d65a24830a7bfcd2634bb8be8ea8bd473d9d9caac45831e56148dd7e47456669,annex
sub-1039sg/eeg/sub-1039sg_coordsystem.json,110,dbec4867167ec49e8750c14be246f4ff917b2c3e021289a1a3a29f6efe9e65fa,git
sub-1039sg/eeg/sub-1039sg_electrodes.tsv,4164,e8bcbcf55421fe45ded233c9fcbba71690a83d1960db37b4dcc783f02cb01e1e,git
sub-1039sg/eeg/sub-1039sg_task-restingstate_acq-epochs_eeg.json,1440,b926b03a00319338f76032feea64ca6649b1da18a308494759a52ac42341f626,git
sub-1039sg/eeg/sub-1039sg_task-restingstate_acq-epochs_eeg.set,13687128,2a3f4e76c83eaf6d0dad905c8bdb9841b75e1c9ace72713072c372876eb494eb,annex
sub-1039sg/eeg/sub-1039sg_task-restingstate_channels.tsv,3196,da55c8c0caeaad149051040b11484d8c0034d28a0243a5ad8cf154ba62f956dc,git
sub-1039sg/eeg/sub-1039sg_task-restingstate_desc-preprocessed_eeg.json,1489,40572121addaab633f938a447c1c04be7decc012760eecc3d62ca418720dd617,git
sub-1039sg/eeg/sub-1039sg_task-restingstate_desc-preprocessed_eeg.set,49242048,576a3144173dc5395be27195a42a10656c8f68421d3f538a26fbbbe5b25ba2c9,annex
sub-1040sg/eeg/sub-1040sg_coordsystem.json,110,dbec4867167ec49e8750c14be246f4ff917b2c3e021289a1a3a29f6efe9e65fa,git
sub-1040sg/eeg/sub-1040sg_electrodes.tsv,4164,e8bcbcf55421fe45ded233c9fcbba71690a83d1960db37b4dcc783f02cb01e1e,git
sub-1040sg/eeg/sub-1040sg_task-restingstate_acq-epochs_eeg.json,1440,b926b03a00319338f76032feea64ca6649b1da18a308494759a52ac42341f626,git
sub-1040sg/eeg/sub-1040sg_task-restingstate_acq-epochs_eeg.set,13597192,9cedcac44ddc718c71c35a3cc791907f39361550d487f9c338793798d76a2e65,annex
sub-1040sg/eeg/sub-1040sg_task-restingstate_channels.tsv,3196,da55c8c0caeaad149051040b11484d8c0034d28a0243a5ad8cf154ba62f956dc,git
sub-1040sg/eeg/sub-1040sg_task-restingstate_desc-preprocessed_eeg.json,1489,40572121addaab633f938a447c1c04be7decc012760eecc3d62ca418720dd617,git
sub-1040sg/eeg/sub-1040sg_task-restingstate_desc-preprocessed_eeg.set,49581168,a5802675d93b5877828636b94762207b531455fd8ef90b64a07a14b264a1fdb6,annex
sub-1041sg/eeg/sub-1041sg_coordsystem.json,110,dbec4867167ec49e8750c14be246f4ff917b2c3e021289a1a3a29f6efe9e65fa,git
sub-1041sg/eeg/sub-1041sg_electrodes.tsv,4164,e8bcbcf55421fe45ded233c9fcbba71690a83d1960db37b4dcc783f02cb01e1e,git
sub-1041sg/eeg/sub-1041sg_task-restingstate_acq-epochs_eeg.json,1440,b926b03a00319338f76032feea64ca6649b1da18a308494759a52ac42341f626,git
sub-1041sg/eeg/sub-1041sg_task-restingstate_acq-epochs_eeg.set,13659216,103958f68b92a3499eea59dab13b824201a90ce73d4d8721f440f58be5a34ca9,annex
sub-1041sg/eeg/sub-1041sg_task-restingstate_channels.tsv,3196,da55c8c0caeaad149051040b11484d8c0034d28a0243a5ad8cf154ba62f956dc,git
sub-1041sg/eeg/sub-1041sg_task-restingstate_desc-preprocessed_eeg.json,1489,40572121addaab633f938a447c1c04be7decc012760eecc3d62ca418720dd617,git
sub-1041sg/eeg/sub-1041sg_task-restingstate_desc-preprocessed_eeg.set,50155192,4b6dc2a78d549079c3093b17d0bc5d47c2698733eeac6612b30dc1250d709558,annex
sub-1042sg/eeg/sub-1042sg_coordsystem.json,110,dbec4867167ec49e8750c14be246f4ff917b2c3e021289a1a3a29f6efe9e65fa,git
sub-1042sg/eeg/sub-1042sg_electrodes.tsv,4164,e8bcbcf55421fe45ded233c9fcbba71690a83d1960db37b4dcc783f02cb01e1e,git
sub-1042sg/eeg/sub-1042sg_task-restingstate_acq-epochs_eeg.json,1440,b926b03a00319338f76032feea64ca6649b1da18a308494759a52ac42341f626,git
sub-1042sg/eeg/sub-1042sg_task-restingstate_acq-epochs_eeg.set,13622000,4ff08f71e61c5ac004c0870d519cadb9bac4fd2faec738c9a356a3e79f7db9fe,annex
sub-1042sg/eeg/sub-1042sg_task-restingstate_channels.tsv,3196,da55c8c0caeaad149051040b11484d8c0034d28a0243a5ad8cf154ba62f956dc,git
sub-1042sg/eeg/sub-1042sg_task-restingstate_desc-preprocessed_eeg.json,1489,40572121addaab633f938a447c1c04be7decc012760eecc3d62ca418720dd617,git
sub-1042sg/eeg/sub-1042sg_task-restingstate_desc-preprocessed_eeg.set,49264984,8e430f7bf48a0344cc9319e969f1af47ccafbe16cf01c513eaaa0a387d29ea74,annex
sub-1043sg/eeg/sub-1043sg_coordsystem.json,110,dbec4867167ec49e8750c14be246f4ff917b2c3e021289a1a3a29f6efe9e65fa,git
sub-1043sg/eeg/sub-1043sg_electrodes.tsv,4164,e8bcbcf55421fe45ded233c9fcbba71690a83d1960db37b4dcc783f02cb01e1e,git
sub-1043sg/eeg/sub-1043sg_task-restingstate_acq-epochs_eeg.json,1440,b926b03a00319338f76032feea64ca6649b1da18a308494759a52ac42341f626,git
sub-1043sg/eeg/sub-1043sg_task-restingstate_acq-epochs_eeg.set,13575488,45e67e27a63cac9a62861e06fc2f2d7fcafb690a4f719593363a4b52078aed9c,annex
sub-1043sg/eeg/sub-1043sg_task-restingstate_channels.tsv,3196,da55c8c0caeaad149051040b11484d8c0034d28a0243a5ad8cf154ba62f956dc,git
sub-1043sg/eeg/sub-1043sg_task-restingstate_desc-preprocessed_eeg.json,1489,40572121addaab633f938a447c1c04be7decc012760eecc3d62ca418720dd617,git
sub-1043sg/eeg/sub-1043sg_task-restingstate_desc-preprocessed_eeg.set,49832864,f50c91494aeadbc6143b6a9580d1a42c4e28d7f5333f927decd1191a1164e117,annex
sub-1044sg/eeg/sub-1044sg_coordsystem.json,110,dbec4867167ec49e8750c14be246f4ff917b2c3e021289a1a3a29f6efe9e65fa,git
sub-1044sg/eeg/sub-1044sg_electrodes.tsv,4164,e8bcbcf55421fe45ded233c9fcbba71690a83d1960db37b4dcc783f02cb01e1e,git
sub-1044sg/eeg/sub-1044sg_task-restingstate_acq-epochs_eeg.json,1440,b926b03a00319338f76032feea64ca6649b1da18a308494759a52ac42341f626,git
sub-1044sg/eeg/sub-1044sg_task-restingstate_acq-epochs_eeg.set,13665416,b505a836658f6745f898469c3aa290ac93c0ccf50441ffea9c5a6da2dd82058a,annex
sub-1044sg/eeg/sub-1044sg_task-restingstate_channels.tsv,3196,da55c8c0caeaad149051040b11484d8c0034d28a0243a5ad8cf154ba62f956dc,git
sub-1044sg/eeg/sub-1044sg_task-restingstate_desc-preprocessed_eeg.json,1489,40572121addaab633f938a447c1c04be7decc012760eecc3d62ca418720dd617,git
sub-1044sg/eeg/sub-1044sg_task-restingstate_desc-preprocessed_eeg.set,49227504,27d549fc05ec01142fd233d578478c9591664dc5c5ed5b683455d828b53f1836,annex
sub-1045sg/eeg/sub-1045sg_coordsystem.json,110,dbec4867167ec49e8750c14be246f4ff917b2c3e021289a1a3a29f6efe9e65fa,git
sub-1045sg/eeg/sub-1045sg_electrodes.tsv,4164,e8bcbcf55421fe45ded233c9fcbba71690a83d1960db37b4dcc783f02cb01e1e,git
sub-1045sg/eeg/sub-1045sg_task-restingstate_acq-epochs_eeg.json,1440,b926b03a00319338f76032feea64ca6649b1da18a308494759a52ac42341f626,git
sub-1045sg/eeg/sub-1045sg_task-restingstate_acq-epochs_eeg.set,13671616,1e3e2694dae688c5f529febec0cb978631b4ba5e45438d2f811b7668b4397a68,annex
sub-1045sg/eeg/sub-1045sg_task-restingstate_channels.tsv,3196,da55c8c0caeaad149051040b11484d8c0034d28a0243a5ad8cf154ba62f956dc,git
sub-1045sg/eeg/sub-1045sg_task-restingstate_desc-preprocessed_eeg.json,1489,40572121addaab633f938a447c1c04be7decc012760eecc3d62ca418720dd617,git
sub-1045sg/eeg/sub-1045sg_task-restingstate_desc-preprocessed_eeg.set,49631016,0f312e7d6af72e110e414fc89dd3e7c760d63bc5a627847acd2badc16b791889,annex
sub-1046sg/eeg/sub-1046sg_coordsystem.json,110,dbec4867167ec49e8750c14be246f4ff917b2c3e021289a1a3a29f6efe9e65fa,git
sub-1046sg/eeg/sub-1046sg_electrodes.tsv,4164,e8bcbcf55421fe45ded233c9fcbba71690a83d1960db37b4dcc783f02cb01e1e,git
sub-1046sg/eeg/sub-1046sg_task-restingstate_acq-epochs_eeg.json,1440,b926b03a00319338f76032feea64ca6649b1da18a308494759a52ac42341f626,git
sub-1046sg/eeg/sub-1046sg_task-restingstate_acq-epochs_eeg.set,13659216,a07ec3e07ce62f0743a8cd5f54f6bf0115678d9ca6d2e07d657ef113ee888006,annex
sub-1046sg/eeg/sub-1046sg_task-restingstate_channels.tsv,3196,da55c8c0caeaad149051040b11484d8c0034d28a0243a5ad8cf154ba62f956dc,git
sub-1046sg/eeg/sub-1046sg_task-restingstate_desc-preprocessed_eeg.json,1489,40572121addaab633f938a447c1c04be7decc012760eecc3d62ca418720dd617,git
sub-1046sg/eeg/sub-1046sg_task-restingstate_desc-preprocessed_eeg.set,49755832,d5f8804d363ba0d54b1848f6cc6c79d01417abc2ea4619616d41deb1b4cee70e,annex
sub-1047sg/eeg/sub-1047sg_coordsystem.json,110,dbec4867167ec49e8750c14be246f4ff917b2c3e021289a1a3a29f6efe9e65fa,git
sub-1047sg/eeg/sub-1047sg_electrodes.tsv,4164,e8bcbcf55421fe45ded233c9fcbba71690a83d1960db37b4dcc783f02cb01e1e,git
sub-1047sg/eeg/sub-1047sg_task-restingstate_acq-epochs_eeg.json,1440,b926b03a00319338f76032feea64ca6649b1da18a308494759a52ac42341f626,git
sub-1047sg/eeg/sub-1047sg_task-restingstate_acq-epochs_eeg.set,13662320,e3a39e2212d80592eca06546b219a63f86bf7459bdb068186f7bcd01ad72ae51,annex
sub-1047sg/eeg/sub-1047sg_task-restingstate_channels.tsv,3196,da55c8c0caeaad149051040b11484d8c0034d28a0243a5ad8cf154ba62f956dc,git
sub-1047sg/eeg/sub-1047sg_task-restingstate_desc-preprocessed_eeg.json,1489,40572121addaab633f938a447c1c04be7decc012760eecc3d62ca418720dd617,git
sub-1047sg/eeg/sub-1047sg_task-restingstate_desc-preprocessed_eeg.set,49558232,d651dd0233fe70f9fca3da5a6a183e0de07cad6808ba7c17c5fa683b7f9e16a6,annex
sub-1048sg/eeg/sub-1048sg_coordsystem.json,110,dbec4867167ec49e8750c14be246f4ff917b2c3e021289a1a3a29f6efe9e65fa,git
sub-1048sg/eeg/sub-1048sg_electrodes.tsv,4164,e8bcbcf55421fe45ded233c9fcbba71690a83d1960db37b4dcc783f02cb01e1e,git
sub-1048sg/eeg/sub-1048sg_task-restingstate_acq-epochs_eeg.json,1440,b926b03a00319338f76032feea64ca6649b1da18a308494759a52ac42341f626,git
sub-1048sg/eeg/sub-1048sg_task-restingstate_acq-epochs_eeg.set,13609592,0a69ef41f49e6e9e2ec1e045b9f0f0544ccdc2920874b41a57bd97fe71713708,annex
sub-1048sg/eeg/sub-1048sg_task-restingstate_channels.tsv,3196,da55c8c0caeaad149051040b11484d8c0034d28a0243a5ad8cf154ba62f956dc,git
sub-1048sg/eeg/sub-1048sg_task-restingstate_desc-preprocessed_eeg.json,1489,40572121addaab633f938a447c1c04be7decc012760eecc3d62ca418720dd617,git
sub-1048sg/eeg/sub-1048sg_task-restingstate_desc-preprocessed_eeg.set,49389784,96adb10545aeb6789979162fe0860a1ae089f9e9ff6c223c4ec4ed6ebc86d69e,annex
sub-1050sg/eeg/sub-1050sg_coordsystem.json,110,dbec4867167ec49e8750c14be246f4ff917b2c3e021289a1a3a29f6efe9e65fa,git
sub-1050sg/eeg/sub-1050sg_electrodes.tsv,4164,e8bcbcf55421fe45ded233c9fcbba71690a83d1960db37b4dcc783f02cb01e1e,git
sub-1050sg/eeg/sub-1050sg_task-restingstate_acq-epochs_eeg.json,1440,b926b03a00319338f76032feea64ca6649b1da18a308494759a52ac42341f626,git
sub-1050sg/eeg/sub-1050sg_task-restingstate_acq-epochs_eeg.set,13668504,5114b2b21981e6dd8f30e9be5d0ee6a71851027894b169c1722e4ed5357d34ff,annex
sub-1050sg/eeg/sub-1050sg_task-restingstate_channels.tsv,3196,da55c8c0caeaad149051040b11484d8c0034d28a0243a5ad8cf154ba62f956dc,git
sub-1050sg/eeg/sub-1050sg_task-restingstate_desc-preprocessed_eeg.json,1489,40572121addaab633f938a447c1c04be7decc012760eecc3d62ca418720dd617,git
sub-1050sg/eeg/sub-1050sg_task-restingstate_desc-preprocessed_eeg.set,49362672,a3f31eba9ea4854cd08869f0ad414d11b07d8ddd0ba197e396e49ce6b89ee53c,annex
sub-1051sg/eeg/sub-1051sg_coordsystem.json,110,dbec4867167ec49e8750c14be246f4ff917b2c3e021289a1a3a29f6efe9e65fa,git
sub-1051sg/eeg/sub-1051sg_electrodes.tsv,4164,e8bcbcf55421fe45ded233c9fcbba71690a83d1960db37b4dcc783f02cb01e1e,git
sub-1051sg/eeg/sub-1051sg_task-restingstate_acq-epochs_eeg.json,1440,b926b03a00319338f76032feea64ca6649b1da18a308494759a52ac42341f626,git
sub-1051sg/eeg/sub-1051sg_task-restingstate_acq-epochs_eeg.set,13720544,a9e368a55baee6f5ac39ea21ddd274e9ff1d27919ddb704c7b5014bb2551ff3e,annex
sub-1051sg/eeg/sub-1051sg_task-restingstate_channels.tsv,3196,da55c8c0caeaad149051040b11484d8c0034d28a0243a5ad8cf154ba62f956dc,git
sub-1051sg/eeg/sub-1051sg_task-restingstate_desc-preprocessed_eeg.json,1489,40572121addaab633f938a447c1c04be7decc012760eecc3d62ca418720dd617,git
sub-1051sg/eeg/sub-1051sg_task-restingstate_desc-preprocessed_eeg.set,49387688,e7f89fe7d182793141f6d52c8fdaacde74faa7e26cc52356f655ad1cf3ca1333,annex
sub-1053sg/eeg/sub-1053sg_coordsystem.json,110,dbec4867167ec49e8750c14be246f4ff917b2c3e021289a1a3a29f6efe9e65fa,git
sub-1053sg/eeg/sub-1053sg_electrodes.tsv,4164,e8bcbcf55421fe45ded233c9fcbba71690a83d1960db37b4dcc783f02cb01e1e,git
sub-1053sg/eeg/sub-1053sg_task-restingstate_acq-epochs_eeg.json,1440,b926b03a00319338f76032feea64ca6649b1da18a308494759a52ac42341f626,git
sub-1053sg/eeg/sub-1053sg_task-restingstate_acq-epochs_eeg.set,13662320,2463342417184a91efe19a969ac12b32fdd9fd17ef1dcc4bff094074bfb01aa5,annex
sub-1053sg/eeg/sub-1053sg_task-restingstate_channels.tsv,3196,da55c8c0caeaad149051040b11484d8c0034d28a0243a5ad8cf154ba62f956dc,git
sub-1053sg/eeg/sub-1053sg_task-restingstate_desc-preprocessed_eeg.json,1489,40572121addaab633f938a447c1c04be7decc012760eecc3d62ca418720dd617,git
sub-1053sg/eeg/sub-1053sg_task-restingstate_desc-preprocessed_eeg.set,49425112,426b4a291932139a91d2cc2e46c28e8982ccc53799f8bcdcfb9e3b69a39d564b,annex
sub-1054sg/eeg/sub-1054sg_coordsystem.json,110,dbec4867167ec49e8750c14be246f4ff917b2c3e021289a1a3a29f6efe9e65fa,git
sub-1054sg/eeg/sub-1054sg_electrodes.tsv,4164,e8bcbcf55421fe45ded233c9fcbba71690a83d1960db37b4dcc783f02cb01e1e,git
sub-1054sg/eeg/sub-1054sg_task-restingstate_acq-epochs_eeg.json,1440,b926b03a00319338f76032feea64ca6649b1da18a308494759a52ac42341f626,git
sub-1054sg/eeg/sub-1054sg_task-restingstate_acq-epochs_eeg.set,13646808,aa3f53b0215bd9d4387f4920495ca09164366fcfc9038f5453f5f27dec02898d,annex
sub-1054sg/eeg/sub-1054sg_task-restingstate_channels.tsv,3196,da55c8c0caeaad149051040b11484d8c0034d28a0243a5ad8cf154ba62f956dc,git
sub-1054sg/eeg/sub-1054sg_task-restingstate_desc-preprocessed_eeg.json,1489,40572121addaab633f938a447c1c04be7decc012760eecc3d62ca418720dd617,git
sub-1054sg/eeg/sub-1054sg_task-restingstate_desc-preprocessed_eeg.set,49481280,f97e7c4faa7cb97a35372b662fac4cf0d218e9bab576abdf69706d33e72fa597,annex
sub-1056sg/eeg/sub-1056sg_coordsystem.json,110,dbec4867167ec49e8750c14be246f4ff917b2c3e021289a1a3a29f6efe9e65fa,git
sub-1056sg/eeg/sub-1056sg_electrodes.tsv,4164,e8bcbcf55421fe45ded233c9fcbba71690a83d1960db37b4dcc783f02cb01e1e,git
sub-1056sg/eeg/sub-1056sg_task-restingstate_acq-epochs_eeg.json,1440,b926b03a00319338f76032feea64ca6649b1da18a308494759a52ac42341f626,git
sub-1056sg/eeg/sub-1056sg_task-restingstate_acq-epochs_eeg.set,13634536,129bf696ba4a5f8e0b00fc192b4c9d16a46b8eff1b3c4d00f7d0dfa2a7b07f8b,annex
sub-1056sg/eeg/sub-1056sg_task-restingstate_channels.tsv,3196,da55c8c0caeaad149051040b11484d8c0034d28a0243a5ad8cf154ba62f956dc,git
sub-1056sg/eeg/sub-1056sg_task-restingstate_desc-preprocessed_eeg.json,1489,40572121addaab633f938a447c1c04be7decc012760eecc3d62ca418720dd617,git
sub-1056sg/eeg/sub-1056sg_task-restingstate_desc-preprocessed_eeg.set,49406728,77e7a264640348edbb77bc759b5d5075d93cfe574c7e0514f456ac978f12de03,annex
sub-1057sg/eeg/sub-1057sg_coordsystem.json,110,dbec4867167ec49e8750c14be246f4ff917b2c3e021289a1a3a29f6efe9e65fa,git
sub-1057sg/eeg/sub-1057sg_electrodes.tsv,4164,e8bcbcf55421fe45ded233c9fcbba71690a83d1960db37b4dcc783f02cb01e1e,git
sub-1057sg/eeg/sub-1057sg_task-restingstate_acq-epochs_eeg.json,1440,b926b03a00319338f76032feea64ca6649b1da18a308494759a52ac42341f626,git
sub-1057sg/eeg/sub-1057sg_task-restingstate_acq-epochs_eeg.set,13628200,fdc02e8b7682e166a8a4f633fcca7d45a2a1d89518013626f1f8f421f70af287,annex
sub-1057sg/eeg/sub-1057sg_task-restingstate_channels.tsv,3196,da55c8c0caeaad149051040b11484d8c0034d28a0243a5ad8cf154ba62f956dc,git
sub-1057sg/eeg/sub-1057sg_task-restingstate_desc-preprocessed_eeg.json,1489,40572121addaab633f938a447c1c04be7decc012760eecc3d62ca418720dd617,git
sub-1057sg/eeg/sub-1057sg_task-restingstate_desc-preprocessed_eeg.set,50200968,efafe9c1fd91975c857477a990021b7bd8e0d8b31b859dbc792206bb66a428de,annex
sub-1058sg/eeg/sub-1058sg_coordsystem.json,110,dbec4867167ec49e8750c14be246f4ff917b2c3e021289a1a3a29f6efe9e65fa,git
sub-1058sg/eeg/sub-1058sg_electrodes.tsv,4164,e8bcbcf55421fe45ded233c9fcbba71690a83d1960db37b4dcc783f02cb01e1e,git
sub-1058sg/eeg/sub-1058sg_task-restingstate_acq-epochs_eeg.json,1440,b926b03a00319338f76032feea64ca6649b1da18a308494759a52ac42341f626,git
sub-1058sg/eeg/sub-1058sg_task-restingstate_acq-epochs_eeg.set,13649920,4c675fae0f347f4647ac6e934ee71eaee606d40f35f6e65418903320fbb7c144,annex
sub-1058sg/eeg/sub-1058sg_task-restingstate_channels.tsv,3196,da55c8c0caeaad149051040b11484d8c0034d28a0243a5ad8cf154ba62f956dc,git
sub-1058sg/eeg/sub-1058sg_task-restingstate_desc-preprocessed_eeg.json,1489,40572121addaab633f938a447c1c04be7decc012760eecc3d62ca418720dd617,git
sub-1058sg/eeg/sub-1058sg_task-restingstate_desc-preprocessed_eeg.set,49749608,541becb1183bb05cb7b104e1e1563d6aa06d41bedbfc4a70c78eb0a8f266e3f1,annex
sub-1059sg/eeg/sub-1059sg_coordsystem.json,110,dbec4867167ec49e8750c14be246f4ff917b2c3e021289a1a3a29f6efe9e65fa,git
sub-1059sg/eeg/sub-1059sg_electrodes.tsv,4164,e8bcbcf55421fe45ded233c9fcbba71690a83d1960db37b4dcc783f02cb01e1e,git
sub-1059sg/eeg/sub-1059sg_task-restingstate_acq-epochs_eeg.json,1440,b926b03a00319338f76032feea64ca6649b1da18a308494759a52ac42341f626,git
sub-1059sg/eeg/sub-1059sg_task-restingstate_acq-epochs_eeg.set,13693328,e812dc27bac95b58d107f9a90f87c920efe5f3053936c705cc5c9b5fdc54cc68,annex
sub-1059sg/eeg/sub-1059sg_task-restingstate_channels.tsv,3196,da55c8c0caeaad149051040b11484d8c0034d28a0243a5ad8cf154ba62f956dc,git
sub-1059sg/eeg/sub-1059sg_task-restingstate_desc-preprocessed_eeg.json,1489,40572121addaab633f938a447c1c04be7decc012760eecc3d62ca418720dd617,git
sub-1059sg/eeg/sub-1059sg_task-restingstate_desc-preprocessed_eeg.set,49512440,98b6c072a657462edc4c3864d0e892d9ace7db81302c2cd4d7719ff3d0c40136,annex
sub-1061sg/eeg/sub-1061sg_coordsystem.json,110,dbec4867167ec49e8750c14be246f4ff917b2c3e021289a1a3a29f6efe9e65fa,git
sub-1061sg/eeg/sub-1061sg_electrodes.tsv,4164,e8bcbcf55421fe45ded233c9fcbba71690a83d1960db37b4dcc783f02cb01e1e,git
sub-1061sg/eeg/sub-1061sg_task-restingstate_acq-epochs_eeg.json,1440,b926b03a00319338f76032feea64ca6649b1da18a308494759a52ac42341f626,git
sub-1061sg/eeg/sub-1061sg_task-restingstate_acq-epochs_eeg.set,13665416,461672434f22909c3740341b17b502d76e5e0a9ef8ceec29366a31189df0818c,annex
sub-1061sg/eeg/sub-1061sg_task-restingstate_channels.tsv,3196,da55c8c0caeaad149051040b11484d8c0034d28a0243a5ad8cf154ba62f956dc,git
sub-1061sg/eeg/sub-1061sg_task-restingstate_desc-preprocessed_eeg.json,1489,40572121addaab633f938a447c1c04be7decc012760eecc3d62ca418720dd617,git
sub-1061sg/eeg/sub-1061sg_task-restingstate_desc-preprocessed_eeg.set,49227504,1931e27fd9d0252d733231567080573903883480887204d32404410e5c08ed8a,annex
sub-1063sg/eeg/sub-1063sg_coordsystem.json,110,dbec4867167ec49e8750c14be246f4ff917b2c3e021289a1a3a29f6efe9e65fa,git
sub-1063sg/eeg/sub-1063sg_electrodes.tsv,4164,e8bcbcf55421fe45ded233c9fcbba71690a83d1960db37b4dcc783f02cb01e1e,git
sub-1063sg/eeg/sub-1063sg_task-restingstate_acq-epochs_eeg.json,1440,b926b03a00319338f76032feea64ca6649b1da18a308494759a52ac42341f626,git
sub-1063sg/eeg/sub-1063sg_task-restingstate_acq-epochs_eeg.set,13634408,e91630e35cfcdad085170c85c74f2ab04e14c65b9b7124a0513b983286072804,annex
sub-1063sg/eeg/sub-1063sg_task-restingstate_channels.tsv,3196,da55c8c0caeaad149051040b11484d8c0034d28a0243a5ad8cf154ba62f956dc,git
sub-1063sg/eeg/sub-1063sg_task-restingstate_desc-preprocessed_eeg.json,1489,40572121addaab633f938a447c1c04be7decc012760eecc3d62ca418720dd617,git
sub-1063sg/eeg/sub-1063sg_task-restingstate_desc-preprocessed_eeg.set,49273296,98aed2ca176778ac48bdf9dece8b18cf3cf279b62da810f525ab408512b0be26,annex
sub-1064sg/eeg/sub-1064sg_coordsystem.json,110,dbec4867167ec49e8750c14be246f4ff917b2c3e021289a1a3a29f6efe9e65fa,git
sub-1064sg/eeg/sub-1064sg_electrodes.tsv,4164,e8bcbcf55421fe45ded233c9fcbba71690a83d1960db37b4dcc783f02cb01e1e,git
sub-1064sg/eeg/sub-1064sg_task-restingstate_acq-epochs_eeg.json,1440,b926b03a00319338f76032feea64ca6649b1da18a308494759a52ac42341f626,git
sub-1064sg/eeg/sub-1064sg_task-restingstate_acq-epochs_eeg.set,13665416,91269aba5b85ae3de46085112ff68193e1bd0fd6d3e923c32bedf5fdefe14634,annex
sub-1064sg/eeg/sub-1064sg_task-restingstate_channels.tsv,3196,da55c8c0caeaad149051040b11484d8c0034d28a0243a5ad8cf154ba62f956dc,git
sub-1064sg/eeg/sub-1064sg_task-restingstate_desc-preprocessed_eeg.json,1489,40572121addaab633f938a447c1c04be7decc012760eecc3d62ca418720dd617,git
sub-1064sg/eeg/sub-1064sg_task-restingstate_desc-preprocessed_eeg.set,49427184,b64b4f602d42fedbde422902a5e87bb48e7163874730eee7acf8ae9952e91d65,annex
sub-1065sg/eeg/sub-1065sg_coordsystem.json,110,dbec4867167ec49e8750c14be246f4ff917b2c3e021289a1a3a29f6efe9e65fa,git
sub-1065sg/eeg/sub-1065sg_electrodes.tsv,4164,e8bcbcf55421fe45ded233c9fcbba71690a83d1960db37b4dcc783f02cb01e1e,git
sub-1065sg/eeg/sub-1065sg_task-restingstate_acq-epochs_eeg.json,1440,b926b03a00319338f76032feea64ca6649b1da18a308494759a52ac42341f626,git
sub-1065sg/eeg/sub-1065sg_task-restingstate_acq-epochs_eeg.set,13622000,36fa27ce041af17c336db925dbf592c4a884254d3b0d3b5ec4bde5692a504113,annex
sub-1065sg/eeg/sub-1065sg_task-restingstate_channels.tsv,3196,da55c8c0caeaad149051040b11484d8c0034d28a0243a5ad8cf154ba62f956dc,git
sub-1065sg/eeg/sub-1065sg_task-restingstate_desc-preprocessed_eeg.json,1489,40572121addaab633f938a447c1c04be7decc012760eecc3d62ca418720dd617,git
sub-1065sg/eeg/sub-1065sg_task-restingstate_desc-preprocessed_eeg.set,49398104,b96d8f241b84880b698255b416cda2a7c639a1f017efaefb6dfca3b12d4efed1,annex
sub-1066sg/eeg/sub-1066sg_coordsystem.json,110,dbec4867167ec49e8750c14be246f4ff917b2c3e021289a1a3a29f6efe9e65fa,git
sub-1066sg/eeg/sub-1066sg_electrodes.tsv,4164,e8bcbcf55421fe45ded233c9fcbba71690a83d1960db37b4dcc783f02cb01e1e,git
sub-1066sg/eeg/sub-1066sg_task-restingstate_acq-epochs_eeg.json,1440,b926b03a00319338f76032feea64ca6649b1da18a308494759a52ac42341f626,git
sub-1066sg/eeg/sub-1066sg_task-restingstate_acq-epochs_eeg.set,13662312,f542ba4b5efb1f59167cc1807d4b36a4db961143220ed5297387243e210c6e18,annex
sub-1066sg/eeg/sub-1066sg_task-restingstate_channels.tsv,3196,da55c8c0caeaad149051040b11484d8c0034d28a0243a5ad8cf154ba62f956dc,git
sub-1066sg/eeg/sub-1066sg_task-restingstate_desc-preprocessed_eeg.json,1489,40572121addaab633f938a447c1c04be7decc012760eecc3d62ca418720dd617,git
sub-1066sg/eeg/sub-1066sg_task-restingstate_desc-preprocessed_eeg.set,49624776,b0023cda2677bef462cf95c1dd10f8b4ce835ec2c931be99f4684618cd86ac32,annex
sub-1067sg/eeg/sub-1067sg_coordsystem.json,110,dbec4867167ec49e8750c14be246f4ff917b2c3e021289a1a3a29f6efe9e65fa,git
sub-1067sg/eeg/sub-1067sg_electrodes.tsv,4164,e8bcbcf55421fe45ded233c9fcbba71690a83d1960db37b4dcc783f02cb01e1e,git
sub-1067sg/eeg/sub-1067sg_task-restingstate_acq-epochs_eeg.json,1440,b926b03a00319338f76032feea64ca6649b1da18a308494759a52ac42341f626,git
sub-1067sg/eeg/sub-1067sg_task-restingstate_acq-epochs_eeg.set,13640600,67565a1b77a1080f54406ba6cd151f51ddbf48ec98b0b2c72d455e23613a9aa6,annex
sub-1067sg/eeg/sub-1067sg_task-restingstate_channels.tsv,3196,da55c8c0caeaad149051040b11484d8c0034d28a0243a5ad8cf154ba62f956dc,git
sub-1067sg/eeg/sub-1067sg_task-restingstate_desc-preprocessed_eeg.json,1489,40572121addaab633f938a447c1c04be7decc012760eecc3d62ca418720dd617,git
sub-1067sg/eeg/sub-1067sg_task-restingstate_desc-preprocessed_eeg.set,49210872,2603a74652f19e5e34bc24979df2278a646dfeb51799922edba977aafa1a65b7,annex
sub-1068sg/eeg/sub-1068sg_coordsystem.json,110,dbec4867167ec49e8750c14be246f4ff917b2c3e021289a1a3a29f6efe9e65fa,git
sub-1068sg/eeg/sub-1068sg_electrodes.tsv,4164,e8bcbcf55421fe45ded233c9fcbba71690a83d1960db37b4dcc783f02cb01e1e,git
sub-1068sg/eeg/sub-1068sg_task-restingstate_acq-epochs_eeg.json,1440,b926b03a00319338f76032feea64ca6649b1da18a308494759a52ac42341f626,git
sub-1068sg/eeg/sub-1068sg_task-restingstate_acq-epochs_eeg.set,13637504,b9a08b8702a22dc9675cffb26c114c912666f60a826ea083b91cd946f3808820,annex
sub-1068sg/eeg/sub-1068sg_task-restingstate_channels.tsv,3196,da55c8c0caeaad149051040b11484d8c0034d28a0243a5ad8cf154ba62f956dc,git
sub-1068sg/eeg/sub-1068sg_task-restingstate_desc-preprocessed_eeg.json,1489,40572121addaab633f938a447c1c04be7decc012760eecc3d62ca418720dd617,git
sub-1068sg/eeg/sub-1068sg_task-restingstate_desc-preprocessed_eeg.set,49208800,ea621ce8954b34cddf71c7a4eda31ea27726f5c7a982b2e5846f473c959cc60a,annex
sub-1069sg/eeg/sub-1069sg_coordsystem.json,110,dbec4867167ec49e8750c14be246f4ff917b2c3e021289a1a3a29f6efe9e65fa,git
sub-1069sg/eeg/sub-1069sg_electrodes.tsv,4164,e8bcbcf55421fe45ded233c9fcbba71690a83d1960db37b4dcc783f02cb01e1e,git
sub-1069sg/eeg/sub-1069sg_task-restingstate_acq-epochs_eeg.json,1440,b926b03a00319338f76032feea64ca6649b1da18a308494759a52ac42341f626,git
sub-1069sg/eeg/sub-1069sg_task-restingstate_acq-epochs_eeg.set,13625104,80a9277b503b47793603177ec7d6f2fb1be8d92050f2e25a36e82b07b6480bc1,annex
sub-1069sg/eeg/sub-1069sg_task-restingstate_channels.tsv,3196,da55c8c0caeaad149051040b11484d8c0034d28a0243a5ad8cf154ba62f956dc,git
sub-1069sg/eeg/sub-1069sg_task-restingstate_desc-preprocessed_eeg.json,1489,40572121addaab633f938a447c1c04be7decc012760eecc3d62ca418720dd617,git
sub-1069sg/eeg/sub-1069sg_task-restingstate_desc-preprocessed_eeg.set,49866096,294f7c1e75fce713180d532055d12f8e5d086f4cf95ad5c25be2672747daaec0,annex
sub-1070sg/eeg/sub-1070sg_coordsystem.json,110,dbec4867167ec49e8750c14be246f4ff917b2c3e021289a1a3a29f6efe9e65fa,git
sub-1070sg/eeg/sub-1070sg_electrodes.tsv,4164,e8bcbcf55421fe45ded233c9fcbba71690a83d1960db37b4dcc783f02cb01e1e,git
sub-1070sg/eeg/sub-1070sg_task-restingstate_acq-epochs_eeg.json,1440,b926b03a00319338f76032feea64ca6649b1da18a308494759a52ac42341f626,git
sub-1070sg/eeg/sub-1070sg_task-restingstate_acq-epochs_eeg.set,13631312,43f5bd555ab593a84fa2186481bc6b4d62e493361a6079f38768bc4290af4137,annex
sub-1070sg/eeg/sub-1070sg_task-restingstate_channels.tsv,3196,da55c8c0caeaad149051040b11484d8c0034d28a0243a5ad8cf154ba62f956dc,git
sub-1070sg/eeg/sub-1070sg_task-restingstate_desc-preprocessed_eeg.json,1489,40572121addaab633f938a447c1c04be7decc012760eecc3d62ca418720dd617,git
sub-1070sg/eeg/sub-1070sg_task-restingstate_desc-preprocessed_eeg.set,49271224,efe6bd27b5dbfff860ea8f36393cbd2d3e66d5f4d3080ebace6c02313e6d8b44,annex
sub-1071sg/eeg/sub-1071sg_coordsystem.json,110,dbec4867167ec49e8750c14be246f4ff917b2c3e021289a1a3a29f6efe9e65fa,git
sub-1071sg/eeg/sub-1071sg_electrodes.tsv,4164,e8bcbcf55421fe45ded233c9fcbba71690a83d1960db37b4dcc783f02cb01e1e,git
sub-1071sg/eeg/sub-1071sg_task-restingstate_acq-epochs_eeg.json,1440,b926b03a00319338f76032feea64ca6649b1da18a308494759a52ac42341f626,git
sub-1071sg/eeg/sub-1071sg_task-restingstate_acq-epochs_eeg.set,13609600,086dc7ef95cb38642bc38f742f5ec8d5d6c97ae73c389d68a1471500dbc09bba,annex
sub-1071sg/eeg/sub-1071sg_task-restingstate_channels.tsv,3196,da55c8c0caeaad149051040b11484d8c0034d28a0243a5ad8cf154ba62f956dc,git
sub-1071sg/eeg/sub-1071sg_task-restingstate_desc-preprocessed_eeg.json,1489,40572121addaab633f938a447c1c04be7decc012760eecc3d62ca418720dd617,git
sub-1071sg/eeg/sub-1071sg_task-restingstate_desc-preprocessed_eeg.set,49456360,7045554c5b6dbde98411102530c24f0e411f5e252c14d9c509e6d1bdc87ec7b2,annex
sub-1072sg/eeg/sub-1072sg_coordsystem.json,110,dbec4867167ec49e8750c14be246f4ff917b2c3e021289a1a3a29f6efe9e65fa,git
sub-1072sg/eeg/sub-1072sg_electrodes.tsv,4164,e8bcbcf55421fe45ded233c9fcbba71690a83d1960db37b4dcc783f02cb01e1e,git
sub-1072sg/eeg/sub-1072sg_task-restingstate_acq-epochs_eeg.json,1440,b926b03a00319338f76032feea64ca6649b1da18a308494759a52ac42341f626,git
sub-1072sg/eeg/sub-1072sg_task-restingstate_acq-epochs_eeg.set,13631296,b053e65896063f2472b334d820a22356ba485b9471cadf818b9adc5490c7e0bf,annex
sub-1072sg/eeg/sub-1072sg_task-restingstate_channels.tsv,3196,da55c8c0caeaad149051040b11484d8c0034d28a0243a5ad8cf154ba62f956dc,git
sub-1072sg/eeg/sub-1072sg_task-restingstate_desc-preprocessed_eeg.json,1489,40572121addaab633f938a447c1c04be7decc012760eecc3d62ca418720dd617,git
sub-1072sg/eeg/sub-1072sg_task-restingstate_desc-preprocessed_eeg.set,50602392,fd8b804454b14ee37c8bfc403a7ce2b4b02a1d72b75509f552f0cfbdfac8721c,annex
sub-1073sg/eeg/sub-1073sg_coordsystem.json,110,dbec4867167ec49e8750c14be246f4ff917b2c3e021289a1a3a29f6efe9e65fa,git
sub-1073sg/eeg/sub-1073sg_electrodes.tsv,4164,e8bcbcf55421fe45ded233c9fcbba71690a83d1960db37b4dcc783f02cb01e1e,git
sub-1073sg/eeg/sub-1073sg_task-restingstate_acq-epochs_eeg.json,1440,b926b03a00319338f76032feea64ca6649b1da18a308494759a52ac42341f626,git
sub-1073sg/eeg/sub-1073sg_task-restingstate_acq-epochs_eeg.set,13658040,bd437e495b586d839994846c76cc986dd229d6fa324c2760237c471264a9971f,annex
sub-1073sg/eeg/sub-1073sg_task-restingstate_channels.tsv,3196,da55c8c0caeaad149051040b11484d8c0034d28a0243a5ad8cf154ba62f956dc,git
sub-1073sg/eeg/sub-1073sg_task-restingstate_desc-preprocessed_eeg.json,1489,40572121addaab633f938a447c1c04be7decc012760eecc3d62ca418720dd617,git
sub-1073sg/eeg/sub-1073sg_task-restingstate_desc-preprocessed_eeg.set,49247560,bff8d90c98cc9d725680b7581cd979aaf224ec7e718d2c1b9b081e80a5e19680,annex
sub-1074sg/eeg/sub-1074sg_coordsystem.json,110,dbec4867167ec49e8750c14be246f4ff917b2c3e021289a1a3a29f6efe9e65fa,git
sub-1074sg/eeg/sub-1074sg_electrodes.tsv,4164,e8bcbcf55421fe45ded233c9fcbba71690a83d1960db37b4dcc783f02cb01e1e,git
sub-1074sg/eeg/sub-1074sg_task-restingstate_acq-epochs_eeg.json,1440,b926b03a00319338f76032feea64ca6649b1da18a308494759a52ac42341f626,git
sub-1074sg/eeg/sub-1074sg_task-restingstate_acq-epochs_eeg.set,13615800,411e2dc28beba7b44906886d750f37c91f66d72f139ce4a51665b0b0701da369,annex
sub-1074sg/eeg/sub-1074sg_task-restingstate_channels.tsv,3196,da55c8c0caeaad149051040b11484d8c0034d28a0243a5ad8cf154ba62f956dc,git
sub-1074sg/eeg/sub-1074sg_task-restingstate_desc-preprocessed_eeg.json,1489,40572121addaab633f938a447c1c04be7decc012760eecc3d62ca418720dd617,git
sub-1074sg/eeg/sub-1074sg_task-restingstate_desc-preprocessed_eeg.set,49194272,769905c8fd96561bb28228347787f0b88eaa0722ef1b56e1ddeef4b49a7b8299,annex
sub-1075sg/eeg/sub-1075sg_coordsystem.json,110,dbec4867167ec49e8750c14be246f4ff917b2c3e021289a1a3a29f6efe9e65fa,git
sub-1075sg/eeg/sub-1075sg_electrodes.tsv,4164,e8bcbcf55421fe45ded233c9fcbba71690a83d1960db37b4dcc783f02cb01e1e,git
sub-1075sg/eeg/sub-1075sg_task-restingstate_acq-epochs_eeg.json,1440,b926b03a00319338f76032feea64ca6649b1da18a308494759a52ac42341f626,git
sub-1075sg/eeg/sub-1075sg_task-restingstate_acq-epochs_eeg.set,13649920,dfb9828347cf19b0de493631e5fe9946a46db88816137af6f9b10b3fa6aa71b6,annex
sub-1075sg/eeg/sub-1075sg_task-restingstate_channels.tsv,3196,da55c8c0caeaad149051040b11484d8c0034d28a0243a5ad8cf154ba62f956dc,git
sub-1075sg/eeg/sub-1075sg_task-restingstate_desc-preprocessed_eeg.json,1489,40572121addaab633f938a447c1c04be7decc012760eecc3d62ca418720dd617,git
sub-1075sg/eeg/sub-1075sg_task-restingstate_desc-preprocessed_eeg.set,49749608,434ddeabf830f954c5b0ad5b6f4de6714583ea5a53af5751fc061c4cc37561ed,annex
sub-1076sg2/eeg/sub-1076sg2_coordsystem.json,110,dbec4867167ec49e8750c14be246f4ff917b2c3e021289a1a3a29f6efe9e65fa,git
sub-1076sg2/eeg/sub-1076sg2_electrodes.tsv,4164,e8bcbcf55421fe45ded233c9fcbba71690a83d1960db37b4dcc783f02cb01e1e,git
sub-1076sg2/eeg/sub-1076sg2_task-restingstate_acq-epochs_eeg.json,1440,b926b03a00319338f76032feea64ca6649b1da18a308494759a52ac42341f626,git
sub-1076sg2/eeg/sub-1076sg2_task-restingstate_acq-epochs_eeg.set,13684032,3922c6c65c288736379d25adac5ff86fb339f319d9a3874dde9cf6060938d374,annex
sub-1076sg2/eeg/sub-1076sg2_task-restingstate_channels.tsv,3196,da55c8c0caeaad149051040b11484d8c0034d28a0243a5ad8cf154ba62f956dc,git
sub-1076sg2/eeg/sub-1076sg2_task-restingstate_desc-preprocessed_eeg.json,1489,40572121addaab633f938a447c1c04be7decc012760eecc3d62ca418720dd617,git
sub-1076sg2/eeg/sub-1076sg2_task-restingstate_desc-preprocessed_eeg.set,49439648,05c90b510ac71add24760855de6d11c609477bbf943ebd212010d91646df4020,annex
sub-1077sg2/eeg/sub-1077sg2_coordsystem.json,110,dbec4867167ec49e8750c14be246f4ff917b2c3e021289a1a3a29f6efe9e65fa,git
sub-1077sg2/eeg/sub-1077sg2_electrodes.tsv,4164,e8bcbcf55421fe45ded233c9fcbba71690a83d1960db37b4dcc783f02cb01e1e,git
sub-1077sg2/eeg/sub-1077sg2_task-restingstate_acq-epochs_eeg.json,1440,b926b03a00319338f76032feea64ca6649b1da18a308494759a52ac42341f626,git
sub-1077sg2/eeg/sub-1077sg2_task-restingstate_acq-epochs_eeg.set,13656720,e2cfa1a8331b5ddfd6f90ec833f855c0a937f1ec3e6a6434f42bd14b7842d163,annex
sub-1077sg2/eeg/sub-1077sg2_task-restingstate_channels.tsv,3196,da55c8c0caeaad149051040b11484d8c0034d28a0243a5ad8cf154ba62f956dc,git
sub-1077sg2/eeg/sub-1077sg2_task-restingstate_desc-preprocessed_eeg.json,1489,40572121addaab633f938a447c1c04be7decc012760eecc3d62ca418720dd617,git
sub-1077sg2/eeg/sub-1077sg2_task-restingstate_desc-preprocessed_eeg.set,49510584,edb4b0e82009359a470cf219589cdd1b00e3135bd9d9e548d19d13f2e2981b87,annex
sub-1078sg2/eeg/sub-1078sg2_coordsystem.json,110,dbec4867167ec49e8750c14be246f4ff917b2c3e021289a1a3a29f6efe9e65fa,git
sub-1078sg2/eeg/sub-1078sg2_electrodes.tsv,4164,e8bcbcf55421fe45ded233c9fcbba71690a83d1960db37b4dcc783f02cb01e1e,git
sub-1078sg2/eeg/sub-1078sg2_task-restingstate_acq-epochs_eeg.json,1440,b926b03a00319338f76032feea64ca6649b1da18a308494759a52ac42341f626,git
sub-1078sg2/eeg/sub-1078sg2_task-restingstate_acq-epochs_eeg.set,13671624,496d736b4c78d30c3c1824dbcb326f5e765c2beaf4fdde0e858c263cef2e076e,annex
sub-1078sg2/eeg/sub-1078sg2_task-restingstate_channels.tsv,3196,da55c8c0caeaad149051040b11484d8c0034d28a0243a5ad8cf154ba62f956dc,git
sub-1078sg2/eeg/sub-1078sg2_task-restingstate_desc-preprocessed_eeg.json,1489,40572121addaab633f938a447c1c04be7decc012760eecc3d62ca418720dd617,git
sub-1078sg2/eeg/sub-1078sg2_task-restingstate_desc-preprocessed_eeg.set,49298216,031026f12ed58c2fd41fb79b4d9b0aeb454765987555bcff031c5ee960f3b22f,annex
sub-1079sg2/eeg/sub-1079sg2_coordsystem.json,110,dbec4867167ec49e8750c14be246f4ff917b2c3e021289a1a3a29f6efe9e65fa,git
sub-1079sg2/eeg/sub-1079sg2_electrodes.tsv,4164,e8bcbcf55421fe45ded233c9fcbba71690a83d1960db37b4dcc783f02cb01e1e,git
sub-1079sg2/eeg/sub-1079sg2_task-restingstate_acq-epochs_eeg.json,1440,b926b03a00319338f76032feea64ca6649b1da18a308494759a52ac42341f626,git
sub-1079sg2/eeg/sub-1079sg2_task-restingstate_acq-epochs_eeg.set,13689352,b8a25d06c8b3559f11adb408c76c861946c3842dc3a0cbccb89fc961d8db824d,annex
sub-1079sg2/eeg/sub-1079sg2_task-restingstate_channels.tsv,3196,da55c8c0caeaad149051040b11484d8c0034d28a0243a5ad8cf154ba62f956dc,git
sub-1079sg2/eeg/sub-1079sg2_task-restingstate_desc-preprocessed_eeg.json,1489,40572121addaab633f938a447c1c04be7decc012760eecc3d62ca418720dd617,git
sub-1079sg2/eeg/sub-1079sg2_task-restingstate_desc-preprocessed_eeg.set,49357432,42cd6bcf8d2f5f168e137a1e7091be06de9476b43bed7de0f88ef6175150a80c,annex
sub-1081sg2/eeg/sub-1081sg2_coordsystem.json,110,dbec4867167ec49e8750c14be246f4ff917b2c3e021289a1a3a29f6efe9e65fa,git
sub-1081sg2/eeg/sub-1081sg2_electrodes.tsv,4164,e8bcbcf55421fe45ded233c9fcbba71690a83d1960db37b4dcc783f02cb01e1e,git
sub-1081sg2/eeg/sub-1081sg2_task-restingstate_acq-epochs_eeg.json,1440,b926b03a00319338f76032feea64ca6649b1da18a308494759a52ac42341f626,git
sub-1081sg2/eeg/sub-1081sg2_task-restingstate_acq-epochs_eeg.set,13659216,03b689ed40f6453112b48b98554d7ca567f316556a10ac41a654d29f72c0818a,annex
sub-1081sg2/eeg/sub-1081sg2_task-restingstate_channels.tsv,3196,da55c8c0caeaad149051040b11484d8c0034d28a0243a5ad8cf154ba62f956dc,git
sub-1081sg2/eeg/sub-1081sg2_task-restingstate_desc-preprocessed_eeg.json,1489,40572121addaab633f938a447c1c04be7decc012760eecc3d62ca418720dd617,git
sub-1081sg2/eeg/sub-1081sg2_task-restingstate_desc-preprocessed_eeg.set,49489576,033765aeee8a2bacba08dd7f61fea70a2db2d59a556a14335a7b99621587e855,annex
sub-1083sg2/eeg/sub-1083sg2_coordsystem.json,110,dbec4867167ec49e8750c14be246f4ff917b2c3e021289a1a3a29f6efe9e65fa,git
sub-1083sg2/eeg/sub-1083sg2_electrodes.tsv,4164,e8bcbcf55421fe45ded233c9fcbba71690a83d1960db37b4dcc783f02cb01e1e,git
sub-1083sg2/eeg/sub-1083sg2_task-restingstate_acq-epochs_eeg.json,1440,b926b03a00319338f76032feea64ca6649b1da18a308494759a52ac42341f626,git
sub-1083sg2/eeg/sub-1083sg2_task-restingstate_acq-epochs_eeg.set,13712160,e6f04eebb91d63da0ecd69b04c1695bb694ee387adaf72be14e894f8a4db9532,annex
sub-1083sg2/eeg/sub-1083sg2_task-restingstate_channels.tsv,3196,da55c8c0caeaad149051040b11484d8c0034d28a0243a5ad8cf154ba62f956dc,git
sub-1083sg2/eeg/sub-1083sg2_task-restingstate_desc-preprocessed_eeg.json,1489,40572121addaab633f938a447c1c04be7decc012760eecc3d62ca418720dd617,git
sub-1083sg2/eeg/sub-1083sg2_task-restingstate_desc-preprocessed_eeg.set,49352784,f11780db8e6d37597445d093679f4017717ba2c2398e13177847210272d11c01,annex
sub-1084sg2/eeg/sub-1084sg2_coordsystem.json,110,dbec4867167ec49e8750c14be246f4ff917b2c3e021289a1a3a29f6efe9e65fa,git
sub-1084sg2/eeg/sub-1084sg2_electrodes.tsv,4164,e8bcbcf55421fe45ded233c9fcbba71690a83d1960db37b4dcc783f02cb01e1e,git
sub-1084sg2/eeg/sub-1084sg2_task-restingstate_acq-epochs_eeg.json,1440,b926b03a00319338f76032feea64ca6649b1da18a308494759a52ac42341f626,git
sub-1084sg2/eeg/sub-1084sg2_task-restingstate_acq-epochs_eeg.set,13640464,6fc3b52eed13ba087b460d598882eff0feb02bf3c12c4f3f40e85048a3a15873,annex
sub-1084sg2/eeg/sub-1084sg2_task-restingstate_channels.tsv,3196,da55c8c0caeaad149051040b11484d8c0034d28a0243a5ad8cf154ba62f956dc,git
sub-1084sg2/eeg/sub-1084sg2_task-restingstate_desc-preprocessed_eeg.json,1489,40572121addaab633f938a447c1c04be7decc012760eecc3d62ca418720dd617,git
sub-1084sg2/eeg/sub-1084sg2_task-restingstate_desc-preprocessed_eeg.set,1333080,47bdb74adae84d1132d083f89487daad4a3c67a9765f1cfe1e1af8c9eb3a1e0c,annex
sub-1087sg2/eeg/sub-1087sg2_coordsystem.json,110,dbec4867167ec49e8750c14be246f4ff917b2c3e021289a1a3a29f6efe9e65fa,git
sub-1087sg2/eeg/sub-1087sg2_electrodes.tsv,4164,e8bcbcf55421fe45ded233c9fcbba71690a83d1960db37b4dcc783f02cb01e1e,git
sub-1087sg2/eeg/sub-1087sg2_task-restingstate_acq-epochs_eeg.json,1440,b926b03a00319338f76032feea64ca6649b1da18a308494759a52ac42341f626,git
sub-1087sg2/eeg/sub-1087sg2_task-restingstate_acq-epochs_eeg.set,13687136,c609a580a25b2e535c274c08100ef39243261129756c61d3ab80be48c58d27ee,annex
sub-1087sg2/eeg/sub-1087sg2_task-restingstate_channels.tsv,3196,da55c8c0caeaad149051040b11484d8c0034d28a0243a5ad8cf154ba62f956dc,git
sub-1087sg2/eeg/sub-1087sg2_task-restingstate_desc-preprocessed_eeg.json,1489,40572121addaab633f938a447c1c04be7decc012760eecc3d62ca418720dd617,git
sub-1087sg2/eeg/sub-1087sg2_task-restingstate_desc-preprocessed_eeg.set,49308608,9ee9555804c3a2257a1383517772e5c76ec3a1704ebb11f3be81e5aca32a3103,annex
sub-1096sg2/eeg/sub-1096sg2_coordsystem.json,110,dbec4867167ec49e8750c14be246f4ff917b2c3e021289a1a3a29f6efe9e65fa,git
sub-1096sg2/eeg/sub-1096sg2_electrodes.tsv,4164,e8bcbcf55421fe45ded233c9fcbba71690a83d1960db37b4dcc783f02cb01e1e,git
sub-1096sg2/eeg/sub-1096sg2_task-restingstate_acq-epochs_eeg.json,1440,b926b03a00319338f76032feea64ca6649b1da18a308494759a52ac42341f626,git
sub-1096sg2/eeg/sub-1096sg2_task-restingstate_acq-epochs_eeg.set,13659216,ce3934dd0b88cb4357ae8893e7c476db0483fefa348c19c4c004d7754abc6eff,annex
sub-1096sg2/eeg/sub-1096sg2_task-restingstate_channels.tsv,3196,da55c8c0caeaad149051040b11484d8c0034d28a0243a5ad8cf154ba62f956dc,git
sub-1096sg2/eeg/sub-1096sg2_task-restingstate_desc-preprocessed_eeg.json,1489,40572121addaab633f938a447c1c04be7decc012760eecc3d62ca418720dd617,git
sub-1096sg2/eeg/sub-1096sg2_task-restingstate_desc-preprocessed_eeg.set,49423016,e2f3807efdaa9c298a928b046228017fd14524daba629dc9b8f2e0b8471cf6d7,annex
sub-1097sg2/eeg/sub-1097sg2_coordsystem.json,110,dbec4867167ec49e8750c14be246f4ff917b2c3e021289a1a3a29f6efe9e65fa,git
sub-1097sg2/eeg/sub-1097sg2_electrodes.tsv,4164,e8bcbcf55421fe45ded233c9fcbba71690a83d1960db37b4dcc783f02cb01e1e,git
sub-1097sg2/eeg/sub-1097sg2_task-restingstate_acq-epochs_eeg.json,1440,b926b03a00319338f76032feea64ca6649b1da18a308494759a52ac42341f626,git
sub-1097sg2/eeg/sub-1097sg2_task-restingstate_acq-epochs_eeg.set,13687136,37f871e6a1011a7e28a3d386d01ae6414e5ea155add5afdf78fd8787e64015e1,annex
sub-1097sg2/eeg/sub-1097sg2_task-restingstate_channels.tsv,3196,da55c8c0caeaad149051040b11484d8c0034d28a0243a5ad8cf154ba62f956dc,git
sub-1097sg2/eeg/sub-1097sg2_task-restingstate_desc-preprocessed_eeg.json,1489,40572121addaab633f938a447c1c04be7decc012760eecc3d62ca418720dd617,git
sub-1097sg2/eeg/sub-1097sg2_task-restingstate_desc-preprocessed_eeg.set,49508288,01cb739bd42f676f41ac4ac97325e27c7385fe895a187e3c9fdb505f23ba47e2,annex
sub-1099sg2/eeg/sub-1099sg2_coordsystem.json,110,dbec4867167ec49e8750c14be246f4ff917b2c3e021289a1a3a29f6efe9e65fa,git
sub-1099sg2/eeg/sub-1099sg2_electrodes.tsv,4164,e8bcbcf55421fe45ded233c9fcbba71690a83d1960db37b4dcc783f02cb01e1e,git
sub-1099sg2/eeg/sub-1099sg2_task-restingstate_acq-epochs_eeg.json,1440,b926b03a00319338f76032feea64ca6649b1da18a308494759a52ac42341f626,git
sub-1099sg2/eeg/sub-1099sg2_task-restingstate_acq-epochs_eeg.set,13656128,2bfeb420f0cabaa3f5c88d03d6c22793d988591b4c4d20b0b7b70d561576363b,annex
sub-1099sg2/eeg/sub-1099sg2_task-restingstate_channels.tsv,3196,da55c8c0caeaad149051040b11484d8c0034d28a0243a5ad8cf154ba62f956dc,git
sub-1099sg2/eeg/sub-1099sg2_task-restingstate_desc-preprocessed_eeg.json,1489,40572121addaab633f938a447c1c04be7decc012760eecc3d62ca418720dd617,git
sub-1099sg2/eeg/sub-1099sg2_task-restingstate_desc-preprocessed_eeg.set,49354400,ec47827920c168c7b153d8f7c7c7480dbc4f79053aa2d1606eb31db32583979d,annex
sub-1100sg2/eeg/sub-1100sg2_coordsystem.json,110,dbec4867167ec49e8750c14be246f4ff917b2c3e021289a1a3a29f6efe9e65fa,git
sub-1100sg2/eeg/sub-1100sg2_electrodes.tsv,4164,e8bcbcf55421fe45ded233c9fcbba71690a83d1960db37b4dcc783f02cb01e1e,git
sub-1100sg2/eeg/sub-1100sg2_task-restingstate_acq-epochs_eeg.json,1440,b926b03a00319338f76032feea64ca6649b1da18a308494759a52ac42341f626,git
sub-1100sg2/eeg/sub-1100sg2_task-restingstate_acq-epochs_eeg.set,13677824,b8495ff890c126b786dfc4e92bbac03fe36f536c44ff81bce1532e9db458b7b3,annex
sub-1100sg2/eeg/sub-1100sg2_task-restingstate_channels.tsv,3196,da55c8c0caeaad149051040b11484d8c0034d28a0243a5ad8cf154ba62f956dc,git
sub-1100sg2/eeg/sub-1100sg2_task-restingstate_desc-preprocessed_eeg.json,1489,40572121addaab633f938a447c1c04be7decc012760eecc3d62ca418720dd617,git
sub-1100sg2/eeg/sub-1100sg2_task-restingstate_desc-preprocessed_eeg.set,49368920,a2f70dd5547438f52e9b4668f4781b70875b0ae564f6cac495af7873b1e74e8d,annex
sub-1103sg2/eeg/sub-1103sg2_coordsystem.json,110,dbec4867167ec49e8750c14be246f4ff917b2c3e021289a1a3a29f6efe9e65fa,git
sub-1103sg2/eeg/sub-1103sg2_electrodes.tsv,4164,e8bcbcf55421fe45ded233c9fcbba71690a83d1960db37b4dcc783f02cb01e1e,git
sub-1103sg2/eeg/sub-1103sg2_task-restingstate_acq-epochs_eeg.json,1440,b926b03a00319338f76032feea64ca6649b1da18a308494759a52ac42341f626,git
sub-1103sg2/eeg/sub-1103sg2_task-restingstate_acq-epochs_eeg.set,13618912,a15df139128955cf37c467722d880f9345e203161d377bca786b86b08b946642,annex
sub-1103sg2/eeg/sub-1103sg2_task-restingstate_channels.tsv,3196,da55c8c0caeaad149051040b11484d8c0034d28a0243a5ad8cf154ba62f956dc,git
sub-1103sg2/eeg/sub-1103sg2_task-restingstate_desc-preprocessed_eeg.json,1489,40572121addaab633f938a447c1c04be7decc012760eecc3d62ca418720dd617,git
sub-1103sg2/eeg/sub-1103sg2_task-restingstate_desc-preprocessed_eeg.set,49396032,f54b3d9b05a26354e99c2b3e4f41e9ba2b6975a40c351db8d27a0eae583c30a1,annex
sub-1104sg2/eeg/sub-1104sg2_coordsystem.json,110,dbec4867167ec49e8750c14be246f4ff917b2c3e021289a1a3a29f6efe9e65fa,git
sub-1104sg2/eeg/sub-1104sg2_electrodes.tsv,4164,e8bcbcf55421fe45ded233c9fcbba71690a83d1960db37b4dcc783f02cb01e1e,git
sub-1104sg2/eeg/sub-1104sg2_task-restingstate_acq-epochs_eeg.json,1440,b926b03a00319338f76032feea64ca6649b1da18a308494759a52ac42341f626,git
sub-1104sg2/eeg/sub-1104sg2_task-restingstate_acq-epochs_eeg.set,13594104,4db8594d2beb6cc0435d32d4b051b087c2c29d80d844c705affaa859abe3613e,annex
sub-1104sg2/eeg/sub-1104sg2_task-restingstate_channels.tsv,3196,da55c8c0caeaad149051040b11484d8c0034d28a0243a5ad8cf154ba62f956dc,git
sub-1104sg2/eeg/sub-1104sg2_task-restingstate_desc-preprocessed_eeg.json,1489,40572121addaab633f938a447c1c04be7decc012760eecc3d62ca418720dd617,git
sub-1104sg2/eeg/sub-1104sg2_task-restingstate_desc-preprocessed_eeg.set,49445976,fdfb97238faac52d3785061513909070cdee384987ca6621134b860b17bf521c,annex
sub-1105sg2/eeg/sub-1105sg2_coordsystem.json,110,dbec4867167ec49e8750c14be246f4ff917b2c3e021289a1a3a29f6efe9e65fa,git
sub-1105sg2/eeg/sub-1105sg2_electrodes.tsv,4164,e8bcbcf55421fe45ded233c9fcbba71690a83d1960db37b4dcc783f02cb01e1e,git
sub-1105sg2/eeg/sub-1105sg2_task-restingstate_acq-epochs_eeg.json,1440,b926b03a00319338f76032feea64ca6649b1da18a308494759a52ac42341f626,git
sub-1105sg2/eeg/sub-1105sg2_task-restingstate_acq-epochs_eeg.set,13634416,a5d4baf79a9a4b6c6c062107296409d6c3877d2a7610609aea1f2012c194d66e,annex
sub-1105sg2/eeg/sub-1105sg2_task-restingstate_channels.tsv,3196,da55c8c0caeaad149051040b11484d8c0034d28a0243a5ad8cf154ba62f956dc,git
sub-1105sg2/eeg/sub-1105sg2_task-restingstate_desc-preprocessed_eeg.json,1489,40572121addaab633f938a447c1c04be7decc012760eecc3d62ca418720dd617,git
sub-1105sg2/eeg/sub-1105sg2_task-restingstate_desc-preprocessed_eeg.set,50671056,fdded4714f525cf7ff4b189848ec845239d1de7e3e8c86eb834977d9d499753d,annex
sub-1106sg2/eeg/sub-1106sg2_coordsystem.json,110,dbec4867167ec49e8750c14be246f4ff917b2c3e021289a1a3a29f6efe9e65fa,git
sub-1106sg2/eeg/sub-1106sg2_electrodes.tsv,4164,e8bcbcf55421fe45ded233c9fcbba71690a83d1960db37b4dcc783f02cb01e1e,git
sub-1106sg2/eeg/sub-1106sg2_task-restingstate_acq-epochs_eeg.json,1440,b926b03a00319338f76032feea64ca6649b1da18a308494759a52ac42341f626,git
sub-1106sg2/eeg/sub-1106sg2_task-restingstate_acq-epochs_eeg.set,13681064,d0e9d982d3a002f11059f125dd13101703ac3ec37aedd9c24759d575998dd7a2,annex
sub-1106sg2/eeg/sub-1106sg2_task-restingstate_channels.tsv,3196,da55c8c0caeaad149051040b11484d8c0034d28a0243a5ad8cf154ba62f956dc,git
sub-1106sg2/eeg/sub-1106sg2_task-restingstate_desc-preprocessed_eeg.json,1489,40572121addaab633f938a447c1c04be7decc012760eecc3d62ca418720dd617,git
sub-1106sg2/eeg/sub-1106sg2_task-restingstate_desc-preprocessed_eeg.set,51501248,8a1a6eafc513a370e275e662773553628382b574d4c6d5c1cf66c9d6b52335cb,annex
sub-1107sg2/eeg/sub-1107sg2_coordsystem.json,110,dbec4867167ec49e8750c14be246f4ff917b2c3e021289a1a3a29f6efe9e65fa,git
sub-1107sg2/eeg/sub-1107sg2_electrodes.tsv,4164,e8bcbcf55421fe45ded233c9fcbba71690a83d1960db37b4dcc783f02cb01e1e,git
sub-1107sg2/eeg/sub-1107sg2_task-restingstate_acq-epochs_eeg.json,1440,b926b03a00319338f76032feea64ca6649b1da18a308494759a52ac42341f626,git
sub-1107sg2/eeg/sub-1107sg2_task-restingstate_acq-epochs_eeg.set,13689696,669986db569655a451f0b9a52092bd759caaa74f82b5d6319986e06d439afd70,annex
sub-1107sg2/eeg/sub-1107sg2_task-restingstate_channels.tsv,3196,da55c8c0caeaad149051040b11484d8c0034d28a0243a5ad8cf154ba62f956dc,git
sub-1107sg2/eeg/sub-1107sg2_task-restingstate_desc-preprocessed_eeg.json,1489,40572121addaab633f938a447c1c04be7decc012760eecc3d62ca418720dd617,git
sub-1107sg2/eeg/sub-1107sg2_task-restingstate_desc-preprocessed_eeg.set,50733808,c83065932ae75aaaca272f67340b812e8ce7b1d9d374a69a707acdc630842420,annex
sub-1108sg2/eeg/sub-1108sg2_coordsystem.json,110,dbec4867167ec49e8750c14be246f4ff917b2c3e021289a1a3a29f6efe9e65fa,git
sub-1108sg2/eeg/sub-1108sg2_electrodes.tsv,4164,e8bcbcf55421fe45ded233c9fcbba71690a83d1960db37b4dcc783f02cb01e1e,git
sub-1108sg2/eeg/sub-1108sg2_task-restingstate_acq-epochs_eeg.json,1440,b926b03a00319338f76032feea64ca6649b1da18a308494759a52ac42341f626,git
sub-1108sg2/eeg/sub-1108sg2_task-restingstate_acq-epochs_eeg.set,13677832,acf89964fffe44c0d3da073c87194060daa3727d0e7ea708e12c2cdaf8e0f87e,annex
sub-1108sg2/eeg/sub-1108sg2_task-restingstate_channels.tsv,3196,da55c8c0caeaad149051040b11484d8c0034d28a0243a5ad8cf154ba62f956dc,git
sub-1108sg2/eeg/sub-1108sg2_task-restingstate_desc-preprocessed_eeg.json,1489,40572121addaab633f938a447c1c04be7decc012760eecc3d62ca418720dd617,git
sub-1108sg2/eeg/sub-1108sg2_task-restingstate_desc-preprocessed_eeg.set,50899816,a2d1520f36c2550de53f7f20243d35e81e150650a9f04425364d918568ec012b,annex
sub-1109sg2/eeg/sub-1109sg2_coordsystem.json,110,dbec4867167ec49e8750c14be246f4ff917b2c3e021289a1a3a29f6efe9e65fa,git
sub-1109sg2/eeg/sub-1109sg2_electrodes.tsv,4164,e8bcbcf55421fe45ded233c9fcbba71690a83d1960db37b4dcc783f02cb01e1e,git
sub-1109sg2/eeg/sub-1109sg2_task-restingstate_acq-epochs_eeg.json,1440,b926b03a00319338f76032feea64ca6649b1da18a308494759a52ac42341f626,git
sub-1109sg2/eeg/sub-1109sg2_task-restingstate_acq-epochs_eeg.set,13659344,054acb2a66a9cc6f8255182530dc0d92e16947714931e88d5c83c12b5b81a401,annex
sub-1109sg2/eeg/sub-1109sg2_task-restingstate_channels.tsv,3196,da55c8c0caeaad149051040b11484d8c0034d28a0243a5ad8cf154ba62f956dc,git
sub-1109sg2/eeg/sub-1109sg2_task-restingstate_desc-preprocessed_eeg.json,1489,40572121addaab633f938a447c1c04be7decc012760eecc3d62ca418720dd617,git
sub-1109sg2/eeg/sub-1109sg2_task-restingstate_desc-preprocessed_eeg.set,50421728,c2d3fb9cbf546e6ab29e1ae0766396faa40c74dd842e6988bcfea193cbd47628,annex
sub-1110sg2/eeg/sub-1110sg2_coordsystem.json,110,dbec4867167ec49e8750c14be246f4ff917b2c3e021289a1a3a29f6efe9e65fa,git
sub-1110sg2/eeg/sub-1110sg2_electrodes.tsv,4164,e8bcbcf55421fe45ded233c9fcbba71690a83d1960db37b4dcc783f02cb01e1e,git
sub-1110sg2/eeg/sub-1110sg2_task-restingstate_acq-epochs_eeg.json,1440,b926b03a00319338f76032feea64ca6649b1da18a308494759a52ac42341f626,git
sub-1110sg2/eeg/sub-1110sg2_task-restingstate_acq-epochs_eeg.set,13646800,4800599de6ee18c9f30cb87fe7c3d1d3c8eb6f42a8e650e02da480a305c6691f,annex
sub-1110sg2/eeg/sub-1110sg2_task-restingstate_channels.tsv,3196,da55c8c0caeaad149051040b11484d8c0034d28a0243a5ad8cf154ba62f956dc,git
sub-1110sg2/eeg/sub-1110sg2_task-restingstate_desc-preprocessed_eeg.json,1489,40572121addaab633f938a447c1c04be7decc012760eecc3d62ca418720dd617,git
sub-1110sg2/eeg/sub-1110sg2_task-restingstate_desc-preprocessed_eeg.set,51012128,379f3c05e6c8227f7ec58d0074ee543f6ccd1245da9c927c0b6330d725c51626,annex
sub-1111sg2/eeg/sub-1111sg2_coordsystem.json,110,dbec4867167ec49e8750c14be246f4ff917b2c3e021289a1a3a29f6efe9e65fa,git
sub-1111sg2/eeg/sub-1111sg2_electrodes.tsv,4164,e8bcbcf55421fe45ded233c9fcbba71690a83d1960db37b4dcc783f02cb01e1e,git
sub-1111sg2/eeg/sub-1111sg2_task-restingstate_acq-epochs_eeg.json,1440,b926b03a00319338f76032feea64ca6649b1da18a308494759a52ac42341f626,git
sub-1111sg2/eeg/sub-1111sg2_task-restingstate_acq-epochs_eeg.set,13693328,563fcb0150c5ed1052c4fc08489ec9e6897065c53d49890a3b0a6d65e7166711,annex
sub-1111sg2/eeg/sub-1111sg2_task-restingstate_channels.tsv,3196,da55c8c0caeaad149051040b11484d8c0034d28a0243a5ad8cf154ba62f956dc,git
sub-1111sg2/eeg/sub-1111sg2_task-restingstate_desc-preprocessed_eeg.json,1489,40572121addaab633f938a447c1c04be7decc012760eecc3d62ca418720dd617,git
sub-1111sg2/eeg/sub-1111sg2_task-restingstate_desc-preprocessed_eeg.set,49578984,8e9713ca335b77e05d4eee033235302a10de0361bc3935c8eb02b2f4e99599bf,annex
sub-1112sg2/eeg/sub-1112sg2_coordsystem.json,110,dbec4867167ec49e8750c14be246f4ff917b2c3e021289a1a3a29f6efe9e65fa,git
sub-1112sg2/eeg/sub-1112sg2_electrodes.tsv,4164,e8bcbcf55421fe45ded233c9fcbba71690a83d1960db37b4dcc783f02cb01e1e,git
sub-1112sg2/eeg/sub-1112sg2_task-restingstate_acq-epochs_eeg.json,1440,b926b03a00319338f76032feea64ca6649b1da18a308494759a52ac42341f626,git
sub-1112sg2/eeg/sub-1112sg2_task-restingstate_acq-epochs_eeg.set,13666416,549d29ac90338174db3fc197d41c626c90cf29eca5aa7803e120a23a076b42e3,annex
sub-1112sg2/eeg/sub-1112sg2_task-restingstate_channels.tsv,3196,da55c8c0caeaad149051040b11484d8c0034d28a0243a5ad8cf154ba62f956dc,git
sub-1112sg2/eeg/sub-1112sg2_task-restingstate_desc-preprocessed_eeg.json,1489,40572121addaab633f938a447c1c04be7decc012760eecc3d62ca418720dd617,git
sub-1112sg2/eeg/sub-1112sg2_task-restingstate_desc-preprocessed_eeg.set,50316488,51d5f60cc9ebbeb674daa31436b47b124d29b66705556fb2110225561c015fe2,annex
sub-1113sg2/eeg/sub-1113sg2_coordsystem.json,110,dbec4867167ec49e8750c14be246f4ff917b2c3e021289a1a3a29f6efe9e65fa,git
sub-1113sg2/eeg/sub-1113sg2_electrodes.tsv,4164,e8bcbcf55421fe45ded233c9fcbba71690a83d1960db37b4dcc783f02cb01e1e,git
sub-1113sg2/eeg/sub-1113sg2_task-restingstate_acq-epochs_eeg.json,1440,b926b03a00319338f76032feea64ca6649b1da18a308494759a52ac42341f626,git
sub-1113sg2/eeg/sub-1113sg2_task-restingstate_acq-epochs_eeg.set,13634400,6104ce9cca9cffe0da559718a6566befeb1846d065f5a12c7fe7290267548c07,annex
sub-1113sg2/eeg/sub-1113sg2_task-restingstate_channels.tsv,3196,da55c8c0caeaad149051040b11484d8c0034d28a0243a5ad8cf154ba62f956dc,git
sub-1113sg2/eeg/sub-1113sg2_task-restingstate_desc-preprocessed_eeg.json,1489,40572121addaab633f938a447c1c04be7decc012760eecc3d62ca418720dd617,git
sub-1113sg2/eeg/sub-1113sg2_task-restingstate_desc-preprocessed_eeg.set,50937264,01963f8ad0dd4b59041fc97d48b5b59d30790e6573afc2dcf863b0e579404463,annex
sub-1114sg2/eeg/sub-1114sg2_coordsystem.json,110,dbec4867167ec49e8750c14be246f4ff917b2c3e021289a1a3a29f6efe9e65fa,git
sub-1114sg2/eeg/sub-1114sg2_electrodes.tsv,4164,e8bcbcf55421fe45ded233c9fcbba71690a83d1960db37b4dcc783f02cb01e1e,git
sub-1114sg2/eeg/sub-1114sg2_task-restingstate_acq-epochs_eeg.json,1440,b926b03a00319338f76032feea64ca6649b1da18a308494759a52ac42341f626,git
sub-1114sg2/eeg/sub-1114sg2_task-restingstate_acq-epochs_eeg.set,13649928,a615b446bd30ad70609889bcae1a064fa44668b607cbbe6d3cb56e3ccc869171,annex
sub-1114sg2/eeg/sub-1114sg2_task-restingstate_channels.tsv,3196,da55c8c0caeaad149051040b11484d8c0034d28a0243a5ad8cf154ba62f956dc,git
sub-1114sg2/eeg/sub-1114sg2_task-restingstate_desc-preprocessed_eeg.json,1489,40572121addaab633f938a447c1c04be7decc012760eecc3d62ca418720dd617,git
sub-1114sg2/eeg/sub-1114sg2_task-restingstate_desc-preprocessed_eeg.set,49882728,016d146d873942169eb929c82e76e2e6d9853b3afab61adbe5c0dfe00d489c9b,annex
sub-1115sg2/eeg/sub-1115sg2_coordsystem.json,110,dbec4867167ec49e8750c14be246f4ff917b2c3e021289a1a3a29f6efe9e65fa,git
sub-1115sg2/eeg/sub-1115sg2_electrodes.tsv,4164,e8bcbcf55421fe45ded233c9fcbba71690a83d1960db37b4dcc783f02cb01e1e,git
sub-1115sg2/eeg/sub-1115sg2_task-restingstate_acq-epochs_eeg.json,1440,b926b03a00319338f76032feea64ca6649b1da18a308494759a52ac42341f626,git
sub-1115sg2/eeg/sub-1115sg2_task-restingstate_acq-epochs_eeg.set,13659216,d7aa491d387c7c59d91b7696287f8b868953f933adfe0208c9d1a2a06760be54,annex
sub-1115sg2/eeg/sub-1115sg2_task-restingstate_channels.tsv,3196,da55c8c0caeaad149051040b11484d8c0034d28a0243a5ad8cf154ba62f956dc,git
sub-1115sg2/eeg/sub-1115sg2_task-restingstate_desc-preprocessed_eeg.json,1489,40572121addaab633f938a447c1c04be7decc012760eecc3d62ca418720dd617,git
sub-1115sg2/eeg/sub-1115sg2_task-restingstate_desc-preprocessed_eeg.set,49689256,038b24b0b23482cba17c93abfafb615a87886585b29978e90bfcb920a22a144d,annex
sub-2001cg/eeg/sub-2001cg_coordsystem.json,110,dbec4867167ec49e8750c14be246f4ff917b2c3e021289a1a3a29f6efe9e65fa,git
sub-2001cg/eeg/sub-2001cg_electrodes.tsv,4164,e8bcbcf55421fe45ded233c9fcbba71690a83d1960db37b4dcc783f02cb01e1e,git
sub-2001cg/eeg/sub-2001cg_task-restingstate_acq-epochs_eeg.json,1440,b926b03a00319338f76032feea64ca6649b1da18a308494759a52ac42341f626,git
sub-2001cg/eeg/sub-2001cg_task-restingstate_acq-epochs_eeg.set,13656120,575368f8d689acd558512b1baa26d52badbc231475caaba845eb8b90dafea47d,annex
sub-2001cg/eeg/sub-2001cg_task-restingstate_channels.tsv,3196,da55c8c0caeaad149051040b11484d8c0034d28a0243a5ad8cf154ba62f956dc,git
sub-2001cg/eeg/sub-2001cg_task-restingstate_desc-preprocessed_eeg.json,1489,40572121addaab633f938a447c1c04be7decc012760eecc3d62ca418720dd617,git
sub-2001cg/eeg/sub-2001cg_task-restingstate_desc-preprocessed_eeg.set,50153112,539058a579510160a4da33e69202defcb333683f6314072e0afc813e5698225a,annex
sub-2002cg/eeg/sub-2002cg_coordsystem.json,110,dbec4867167ec49e8750c14be246f4ff917b2c3e021289a1a3a29f6efe9e65fa,git
sub-2002cg/eeg/sub-2002cg_electrodes.tsv,4164,e8bcbcf55421fe45ded233c9fcbba71690a83d1960db37b4dcc783f02cb01e1e,git
sub-2002cg/eeg/sub-2002cg_task-restingstate_acq-epochs_eeg.json,1440,b926b03a00319338f76032feea64ca6649b1da18a308494759a52ac42341f626,git
sub-2002cg/eeg/sub-2002cg_task-restingstate_acq-epochs_eeg.set,13646808,892e8824476e0d353929ae01b4fd6a48445770780e4f922eec52bbe52b235543,annex
sub-2002cg/eeg/sub-2002cg_task-restingstate_channels.tsv,3196,da55c8c0caeaad149051040b11484d8c0034d28a0243a5ad8cf154ba62f956dc,git
sub-2002cg/eeg/sub-2002cg_task-restingstate_desc-preprocessed_eeg.json,1489,40572121addaab633f938a447c1c04be7decc012760eecc3d62ca418720dd617,git
sub-2002cg/eeg/sub-2002cg_task-restingstate_desc-preprocessed_eeg.set,49481272,39c48d616ea5333f34182cf7e3b13a968f902cb4bde37444d899d0d5f28daea8,annex
sub-2003cg/eeg/sub-2003cg_coordsystem.json,110,dbec4867167ec49e8750c14be246f4ff917b2c3e021289a1a3a29f6efe9e65fa,git
sub-2003cg/eeg/sub-2003cg_electrodes.tsv,4164,e8bcbcf55421fe45ded233c9fcbba71690a83d1960db37b4dcc783f02cb01e1e,git
sub-2003cg/eeg/sub-2003cg_task-restingstate_acq-epochs_eeg.json,1440,b926b03a00319338f76032feea64ca6649b1da18a308494759a52ac42341f626,git
sub-2003cg/eeg/sub-2003cg_task-restingstate_acq-epochs_eeg.set,13649912,f0c09f9c18b6b0ff1dd831ad028ab4f5789e554668fdfbc51caa651946e67052,annex
sub-2003cg/eeg/sub-2003cg_task-restingstate_channels.tsv,3196,da55c8c0caeaad149051040b11484d8c0034d28a0243a5ad8cf154ba62f956dc,git
sub-2003cg/eeg/sub-2003cg_task-restingstate_desc-preprocessed_eeg.json,1489,40572121addaab633f938a447c1c04be7decc012760eecc3d62ca418720dd617,git
sub-2003cg/eeg/sub-2003cg_task-restingstate_desc-preprocessed_eeg.set,49483344,2862cd3efea70cceae9ddf18bbda909ca79fd96b5c3029ccc760ed3a5b4cf51e,annex
sub-2004cg/eeg/sub-2004cg_coordsystem.json,110,dbec4867167ec49e8750c14be246f4ff917b2c3e021289a1a3a29f6efe9e65fa,git
sub-2004cg/eeg/sub-2004cg_electrodes.tsv,4164,e8bcbcf55421fe45ded233c9fcbba71690a83d1960db37b4dcc783f02cb01e1e,git
sub-2004cg/eeg/sub-2004cg_task-restingstate_acq-epochs_eeg.json,1440,b926b03a00319338f76032feea64ca6649b1da18a308494759a52ac42341f626,git
sub-2004cg/eeg/sub-2004cg_task-restingstate_acq-epochs_eeg.set,13680928,331910cc57f8aa910bdcacc8398e09ac72255a4c135c49f67f3ce9358935d812,annex
sub-2004cg/eeg/sub-2004cg_task-restingstate_channels.tsv,3196,da55c8c0caeaad149051040b11484d8c0034d28a0243a5ad8cf154ba62f956dc,git
sub-2004cg/eeg/sub-2004cg_task-restingstate_desc-preprocessed_eeg.json,1489,40572121addaab633f938a447c1c04be7decc012760eecc3d62ca418720dd617,git
sub-2004cg/eeg/sub-2004cg_task-restingstate_desc-preprocessed_eeg.set,49304448,781c501bd46f576ad30162c5b9c7cd2051d3b069306fc5ef9221c33037abe231,annex
sub-2005cg/eeg/sub-2005cg_coordsystem.json,110,dbec4867167ec49e8750c14be246f4ff917b2c3e021289a1a3a29f6efe9e65fa,git
sub-2005cg/eeg/sub-2005cg_electrodes.tsv,4164,e8bcbcf55421fe45ded233c9fcbba71690a83d1960db37b4dcc783f02cb01e1e,git
sub-2005cg/eeg/sub-2005cg_task-restingstate_acq-epochs_eeg.json,1440,b926b03a00319338f76032feea64ca6649b1da18a308494759a52ac42341f626,git
sub-2005cg/eeg/sub-2005cg_task-restingstate_acq-epochs_eeg.set,13705728,34ab09cb5eaa5ab68807ee1f203ead94d5a66698dd7784f9a8d9b258614d9ab0,annex
sub-2005cg/eeg/sub-2005cg_task-restingstate_channels.tsv,3196,da55c8c0caeaad149051040b11484d8c0034d28a0243a5ad8cf154ba62f956dc,git
sub-2005cg/eeg/sub-2005cg_task-restingstate_desc-preprocessed_eeg.json,1489,40572121addaab633f938a447c1c04be7decc012760eecc3d62ca418720dd617,git
sub-2005cg/eeg/sub-2005cg_task-restingstate_desc-preprocessed_eeg.set,49454168,57b477d6a5acebda25948aa712b67b391914675522e8fe9b88ed83fb5fd27082,annex
sub-2006cg/eeg/sub-2006cg_coordsystem.json,110,dbec4867167ec49e8750c14be246f4ff917b2c3e021289a1a3a29f6efe9e65fa,git
sub-2006cg/eeg/sub-2006cg_electrodes.tsv,4164,e8bcbcf55421fe45ded233c9fcbba71690a83d1960db37b4dcc783f02cb01e1e,git
sub-2006cg/eeg/sub-2006cg_task-restingstate_acq-epochs_eeg.json,1440,b926b03a00319338f76032feea64ca6649b1da18a308494759a52ac42341f626,git
sub-2006cg/eeg/sub-2006cg_task-restingstate_acq-epochs_eeg.set,13665400,b46af300c8dcf41f26f2dfa7d24467cdbb2c67b21c5e7cff663c2fa5b2a1fac6,annex
sub-2006cg/eeg/sub-2006cg_task-restingstate_channels.tsv,3196,da55c8c0caeaad149051040b11484d8c0034d28a0243a5ad8cf154ba62f956dc,git
sub-2006cg/eeg/sub-2006cg_task-restingstate_desc-preprocessed_eeg.json,1489,40572121addaab633f938a447c1c04be7decc012760eecc3d62ca418720dd617,git
sub-2006cg/eeg/sub-2006cg_task-restingstate_desc-preprocessed_eeg.set,49294024,b4f05304db8195ad09d3321040e3674ed69a557fb88250a8d650180837b88def,annex
sub-2007cg/eeg/sub-2007cg_coordsystem.json,110,dbec4867167ec49e8750c14be246f4ff917b2c3e021289a1a3a29f6efe9e65fa,git
sub-2007cg/eeg/sub-2007cg_electrodes.tsv,4164,e8bcbcf55421fe45ded233c9fcbba71690a83d1960db37b4dcc783f02cb01e1e,git
sub-2007cg/eeg/sub-2007cg_task-restingstate_acq-epochs_eeg.json,1440,b926b03a00319338f76032feea64ca6649b1da18a308494759a52ac42341f626,git
sub-2007cg/eeg/sub-2007cg_task-restingstate_acq-epochs_eeg.set,13637512,48d7b955a3b5aa4f9ff09b9923bf8e4bb8c35add80942ada1d6cfba09d56ab1e,annex
sub-2007cg/eeg/sub-2007cg_task-restingstate_channels.tsv,3196,da55c8c0caeaad149051040b11484d8c0034d28a0243a5ad8cf154ba62f956dc,git
sub-2007cg/eeg/sub-2007cg_task-restingstate_desc-preprocessed_eeg.json,1489,40572121addaab633f938a447c1c04be7decc012760eecc3d62ca418720dd617,git
sub-2007cg/eeg/sub-2007cg_task-restingstate_desc-preprocessed_eeg.set,49208808,c9b20b6f19625b88a7ead4342d12eb3151b91f889d1e2b790f9c2a6f428e4720,annex
sub-2008cg/eeg/sub-2008cg_coordsystem.json,110,dbec4867167ec49e8750c14be246f4ff917b2c3e021289a1a3a29f6efe9e65fa,git
sub-2008cg/eeg/sub-2008cg_electrodes.tsv,4164,e8bcbcf55421fe45ded233c9fcbba71690a83d1960db37b4dcc783f02cb01e1e,git
sub-2008cg/eeg/sub-2008cg_task-restingstate_acq-epochs_eeg.json,1440,b926b03a00319338f76032feea64ca6649b1da18a308494759a52ac42341f626,git
sub-2008cg/eeg/sub-2008cg_task-restingstate_acq-epochs_eeg.set,13628208,7e067b23a4fa1005f9c63b746ca6ec8cb8298621826a9720c0fead62e1179fb8,annex
sub-2008cg/eeg/sub-2008cg_task-restingstate_channels.tsv,3196,da55c8c0caeaad149051040b11484d8c0034d28a0243a5ad8cf154ba62f956dc,git
sub-2008cg/eeg/sub-2008cg_task-restingstate_desc-preprocessed_eeg.json,1489,40572121addaab633f938a447c1c04be7decc012760eecc3d62ca418720dd617,git
sub-2008cg/eeg/sub-2008cg_task-restingstate_desc-preprocessed_eeg.set,49402256,06cac3ed86a69d545bd448a4c392aa5a80f80d454edfced332211256af8b05ca,annex
sub-2009cg/eeg/sub-2009cg_coordsystem.json,110,dbec4867167ec49e8750c14be246f4ff917b2c3e021289a1a3a29f6efe9e65fa,git
sub-2009cg/eeg/sub-2009cg_electrodes.tsv,4164,e8bcbcf55421fe45ded233c9fcbba71690a83d1960db37b4dcc783f02cb01e1e,git
sub-2009cg/eeg/sub-2009cg_task-restingstate_acq-epochs_eeg.json,1440,b926b03a00319338f76032feea64ca6649b1da18a308494759a52ac42341f626,git
sub-2009cg/eeg/sub-2009cg_task-restingstate_acq-epochs_eeg.set,13649912,3f82f3e1d76695c5b0e3a891ad877e3ffbb94d027903aeaca55e7dc8c1889e77,annex
sub-2009cg/eeg/sub-2009cg_task-restingstate_channels.tsv,3196,da55c8c0caeaad149051040b11484d8c0034d28a0243a5ad8cf154ba62f956dc,git
sub-2009cg/eeg/sub-2009cg_task-restingstate_desc-preprocessed_eeg.json,1489,40572121addaab633f938a447c1c04be7decc012760eecc3d62ca418720dd617,git
sub-2009cg/eeg/sub-2009cg_task-restingstate_desc-preprocessed_eeg.set,49217104,10026b1721bf433cc46959331c0a41cc44f4b17dff988e32c362964d6eb36d79,annex
sub-2010cg/eeg/sub-2010cg_coordsystem.json,110,dbec4867167ec49e8750c14be246f4ff917b2c3e021289a1a3a29f6efe9e65fa,git
sub-2010cg/eeg/sub-2010cg_electrodes.tsv,4164,e8bcbcf55421fe45ded233c9fcbba71690a83d1960db37b4dcc783f02cb01e1e,git
sub-2010cg/eeg/sub-2010cg_task-restingstate_acq-epochs_eeg.json,1440,b926b03a00319338f76032feea64ca6649b1da18a308494759a52ac42341f626,git
sub-2010cg/eeg/sub-2010cg_task-restingstate_acq-epochs_eeg.set,13677808,42ad4ea094c9f0a0c971a3e3e44de6f9b37b3022eef079e8001a5321e1e333e5,annex
sub-2010cg/eeg/sub-2010cg_task-restingstate_channels.tsv,3196,da55c8c0caeaad149051040b11484d8c0034d28a0243a5ad8cf154ba62f956dc,git
sub-2010cg/eeg/sub-2010cg_task-restingstate_desc-preprocessed_eeg.json,1489,40572121addaab633f938a447c1c04be7decc012760eecc3d62ca418720dd617,git
sub-2010cg/eeg/sub-2010cg_task-restingstate_desc-preprocessed_eeg.set,49502016,f3f88279be10a5bd1c831a5ea5bbbd9112ec963e8de98ebba7e850820fc4a280,annex
sub-2011cg/eeg/sub-2011cg_coordsystem.json,110,dbec4867167ec49e8750c14be246f4ff917b2c3e021289a1a3a29f6efe9e65fa,git
sub-2011cg/eeg/sub-2011cg_electrodes.tsv,4164,e8bcbcf55421fe45ded233c9fcbba71690a83d1960db37b4dcc783f02cb01e1e,git
sub-2011cg/eeg/sub-2011cg_task-restingstate_acq-epochs_eeg.json,1440,b926b03a00319338f76032feea64ca6649b1da18a308494759a52ac42341f626,git
sub-2011cg/eeg/sub-2011cg_task-restingstate_acq-epochs_eeg.set,13690216,1665a2b09963550b3f5c4eef595149e4985dd8aa8906fc33294894283ff41723,annex
sub-2011cg/eeg/sub-2011cg_task-restingstate_channels.tsv,3196,da55c8c0caeaad149051040b11484d8c0034d28a0243a5ad8cf154ba62f956dc,git
sub-2011cg/eeg/sub-2011cg_task-restingstate_desc-preprocessed_eeg.json,1489,40572121addaab633f938a447c1c04be7decc012760eecc3d62ca418720dd617,git
sub-2011cg/eeg/sub-2011cg_task-restingstate_desc-preprocessed_eeg.set,49244096,9622cf0be5bef8512a39dad281a3584f5df90f373ed85794c71892faf6b09e60,annex
sub-2012cg/eeg/sub-2012cg_coordsystem.json,110,dbec4867167ec49e8750c14be246f4ff917b2c3e021289a1a3a29f6efe9e65fa,git
sub-2012cg/eeg/sub-2012cg_electrodes.tsv,4164,e8bcbcf55421fe45ded233c9fcbba71690a83d1960db37b4dcc783f02cb01e1e,git
sub-2012cg/eeg/sub-2012cg_task-restingstate_acq-epochs_eeg.json,1440,b926b03a00319338f76032feea64ca6649b1da18a308494759a52ac42341f626,git
sub-2012cg/eeg/sub-2012cg_task-restingstate_acq-epochs_eeg.set,13612704,3253b85d0a2368a438af4f588b3811d90df12d0702cf16b1fefbcfd5cd608ac7,annex
sub-2012cg/eeg/sub-2012cg_task-restingstate_channels.tsv,3196,da55c8c0caeaad149051040b11484d8c0034d28a0243a5ad8cf154ba62f956dc,git
sub-2012cg/eeg/sub-2012cg_task-restingstate_desc-preprocessed_eeg.json,1489,40572121addaab633f938a447c1c04be7decc012760eecc3d62ca418720dd617,git
sub-2012cg/eeg/sub-2012cg_task-restingstate_desc-preprocessed_eeg.set,49192192,8039a5d3af82a6d2ef9bf107973e22c5869fd497535537a261fd261b4765379c,annex
sub-2014cg/eeg/sub-2014cg_coordsystem.json,110,dbec4867167ec49e8750c14be246f4ff917b2c3e021289a1a3a29f6efe9e65fa,git
sub-2014cg/eeg/sub-2014cg_electrodes.tsv,4164,e8bcbcf55421fe45ded233c9fcbba71690a83d1960db37b4dcc783f02cb01e1e,git
sub-2014cg/eeg/sub-2014cg_task-restingstate_acq-epochs_eeg.json,1440,b926b03a00319338f76032feea64ca6649b1da18a308494759a52ac42341f626,git
sub-2014cg/eeg/sub-2014cg_task-restingstate_acq-epochs_eeg.set,13594096,68ce6d447a77758e163d31034c0078814989360fd45a11e8ef2465dc6506367c,annex
sub-2014cg/eeg/sub-2014cg_task-restingstate_channels.tsv,3196,da55c8c0caeaad149051040b11484d8c0034d28a0243a5ad8cf154ba62f956dc,git
sub-2014cg/eeg/sub-2014cg_task-restingstate_desc-preprocessed_eeg.json,1489,40572121addaab633f938a447c1c04be7decc012760eecc3d62ca418720dd617,git
sub-2014cg/eeg/sub-2014cg_task-restingstate_desc-preprocessed_eeg.set,49445968,7b0debacbbfb947172f2a977c825342c2d818f4ef3b2350d38061b8ef0e6fa4c,annex
sub-2015cg/eeg/sub-2015cg_coordsystem.json,110,dbec4867167ec49e8750c14be246f4ff917b2c3e021289a1a3a29f6efe9e65fa,git
sub-2015cg/eeg/sub-2015cg_electrodes.tsv,4164,e8bcbcf55421fe45ded233c9fcbba71690a83d1960db37b4dcc783f02cb01e1e,git
sub-2015cg/eeg/sub-2015cg_task-restingstate_acq-epochs_eeg.json,1440,b926b03a00319338f76032feea64ca6649b1da18a308494759a52ac42341f626,git
sub-2015cg/eeg/sub-2015cg_task-restingstate_acq-epochs_eeg.set,13609728,a54531d29d75cec37b0dccf35da8a18ad73b89ccbf8d17709783228b4db63787,annex
sub-2015cg/eeg/sub-2015cg_task-restingstate_channels.tsv,3196,da55c8c0caeaad149051040b11484d8c0034d28a0243a5ad8cf154ba62f956dc,git
sub-2015cg/eeg/sub-2015cg_task-restingstate_desc-preprocessed_eeg.json,1489,40572121addaab633f938a447c1c04be7decc012760eecc3d62ca418720dd617,git
sub-2015cg/eeg/sub-2015cg_task-restingstate_desc-preprocessed_eeg.set,49190424,55bb94c428e6414b0e68ad4f442eac9de735dd281e48471a8c0e0d37c562dbaa,annex
sub-2016cg/eeg/sub-2016cg_coordsystem.json,110,dbec4867167ec49e8750c14be246f4ff917b2c3e021289a1a3a29f6efe9e65fa,git
sub-2016cg/eeg/sub-2016cg_electrodes.tsv,4164,e8bcbcf55421fe45ded233c9fcbba71690a83d1960db37b4dcc783f02cb01e1e,git
sub-2016cg/eeg/sub-2016cg_task-restingstate_acq-epochs_eeg.json,1440,b926b03a00319338f76032feea64ca6649b1da18a308494759a52ac42341f626,git
sub-2016cg/eeg/sub-2016cg_task-restingstate_acq-epochs_eeg.set,13656120,2d9a802659d06371e47f7bbdbe0ce5b6102f215efb17ccf7a6b7f77b7759cadc,annex
sub-2016cg/eeg/sub-2016cg_task-restingstate_channels.tsv,3196,da55c8c0caeaad149051040b11484d8c0034d28a0243a5ad8cf154ba62f956dc,git
sub-2016cg/eeg/sub-2016cg_task-restingstate_desc-preprocessed_eeg.json,1489,40572121addaab633f938a447c1c04be7decc012760eecc3d62ca418720dd617,git
sub-2016cg/eeg/sub-2016cg_task-restingstate_desc-preprocessed_eeg.set,49554072,4aa0020775b269ff0bc8fb2e45ca84ff087b8d1154c6cae32aa6d691a96f59da,annex
sub-2017cg/eeg/sub-2017cg_coordsystem.json,110,dbec4867167ec49e8750c14be246f4ff917b2c3e021289a1a3a29f6efe9e65fa,git
sub-2017cg/eeg/sub-2017cg_electrodes.tsv,4164,e8bcbcf55421fe45ded233c9fcbba71690a83d1960db37b4dcc783f02cb01e1e,git
sub-2017cg/eeg/sub-2017cg_task-restingstate_acq-epochs_eeg.json,1440,b926b03a00319338f76032feea64ca6649b1da18a308494759a52ac42341f626,git
sub-2017cg/eeg/sub-2017cg_task-restingstate_acq-epochs_eeg.set,13656120,d6b2a5e1b9879b1bdabf9fa92d9a803d9f5a849e2747d65c724ad4ee575797ab,annex
sub-2017cg/eeg/sub-2017cg_task-restingstate_channels.tsv,3196,da55c8c0caeaad149051040b11484d8c0034d28a0243a5ad8cf154ba62f956dc,git
sub-2017cg/eeg/sub-2017cg_task-restingstate_desc-preprocessed_eeg.json,1489,40572121addaab633f938a447c1c04be7decc012760eecc3d62ca418720dd617,git
sub-2017cg/eeg/sub-2017cg_task-restingstate_desc-preprocessed_eeg.set,49287832,6a239f71eb8c20630c2b00001d5b5178b7f06587ba45e1efe64255bbe4040039,annex
sub-2018cg/eeg/sub-2018cg_coordsystem.json,110,dbec4867167ec49e8750c14be246f4ff917b2c3e021289a1a3a29f6efe9e65fa,git
sub-2018cg/eeg/sub-2018cg_electrodes.tsv,4164,e8bcbcf55421fe45ded233c9fcbba71690a83d1960db37b4dcc783f02cb01e1e,git
sub-2018cg/eeg/sub-2018cg_task-restingstate_acq-epochs_eeg.json,1440,b926b03a00319338f76032feea64ca6649b1da18a308494759a52ac42341f626,git
sub-2018cg/eeg/sub-2018cg_task-restingstate_acq-epochs_eeg.set,13649920,0fbe2ef49abaa6fa5e6bff8a2888edcaaffd77259641719d32f4956c926edde8,annex
sub-2018cg/eeg/sub-2018cg_task-restingstate_channels.tsv,3196,da55c8c0caeaad149051040b11484d8c0034d28a0243a5ad8cf154ba62f956dc,git
sub-2018cg/eeg/sub-2018cg_task-restingstate_desc-preprocessed_eeg.json,1489,40572121addaab633f938a447c1c04be7decc012760eecc3d62ca418720dd617,git
sub-2018cg/eeg/sub-2018cg_task-restingstate_desc-preprocessed_eeg.set,49683040,a0861f709846456f02897cd1477c9ec14f87754e44f68a036b90aca94192cd47,annex
sub-2019cg/eeg/sub-2019cg_coordsystem.json,110,dbec4867167ec49e8750c14be246f4ff917b2c3e021289a1a3a29f6efe9e65fa,git
sub-2019cg/eeg/sub-2019cg_electrodes.tsv,4164,e8bcbcf55421fe45ded233c9fcbba71690a83d1960db37b4dcc783f02cb01e1e,git
sub-2019cg/eeg/sub-2019cg_task-restingstate_acq-epochs_eeg.json,1440,b926b03a00319338f76032feea64ca6649b1da18a308494759a52ac42341f626,git
sub-2019cg/eeg/sub-2019cg_task-restingstate_acq-epochs_eeg.set,13550608,a1423eab6bb54d25d2753bdfea507b8b4b78f8e67ef141c649004bd2d6562222,annex
sub-2019cg/eeg/sub-2019cg_task-restingstate_channels.tsv,3196,da55c8c0caeaad149051040b11484d8c0034d28a0243a5ad8cf154ba62f956dc,git
sub-2019cg/eeg/sub-2019cg_task-restingstate_desc-preprocessed_eeg.json,1489,40572121addaab633f938a447c1c04be7decc012760eecc3d62ca418720dd617,git
sub-2019cg/eeg/sub-2019cg_task-restingstate_desc-preprocessed_eeg.set,48684576,d527696a685394cc15f3cdc61fb38dcc40909b6213f9a2bceb64025c85c54dc8,annex
sub-2020cg/eeg/sub-2020cg_coordsystem.json,110,dbec4867167ec49e8750c14be246f4ff917b2c3e021289a1a3a29f6efe9e65fa,git
sub-2020cg/eeg/sub-2020cg_electrodes.tsv,4164,e8bcbcf55421fe45ded233c9fcbba71690a83d1960db37b4dcc783f02cb01e1e,git
sub-2020cg/eeg/sub-2020cg_task-restingstate_acq-epochs_eeg.json,1440,b926b03a00319338f76032feea64ca6649b1da18a308494759a52ac42341f626,git
sub-2020cg/eeg/sub-2020cg_task-restingstate_acq-epochs_eeg.set,13656240,a980683601dd7e9afc404bc55942a27962b2aeefef863b27600c2ca39634facb,annex
sub-2020cg/eeg/sub-2020cg_task-restingstate_channels.tsv,3196,da55c8c0caeaad149051040b11484d8c0034d28a0243a5ad8cf154ba62f956dc,git
sub-2020cg/eeg/sub-2020cg_task-restingstate_desc-preprocessed_eeg.json,1489,40572121addaab633f938a447c1c04be7decc012760eecc3d62ca418720dd617,git
sub-2020cg/eeg/sub-2020cg_task-restingstate_desc-preprocessed_eeg.set,50219968,cd7b7dd4b4a02f99fb251eb03057db5442a15d75704b55779ed426b6b80a2fc4,annex
sub-2021cg/eeg/sub-2021cg_coordsystem.json,110,dbec4867167ec49e8750c14be246f4ff917b2c3e021289a1a3a29f6efe9e65fa,git
sub-2021cg/eeg/sub-2021cg_electrodes.tsv,4164,e8bcbcf55421fe45ded233c9fcbba71690a83d1960db37b4dcc783f02cb01e1e,git
sub-2021cg/eeg/sub-2021cg_task-restingstate_acq-epochs_eeg.json,1440,b926b03a00319338f76032feea64ca6649b1da18a308494759a52ac42341f626,git
sub-2021cg/eeg/sub-2021cg_task-restingstate_acq-epochs_eeg.set,13637632,eacffb77716ff1bf3b2a785849579efd406955c3192dbeb2b030efb150dc1835,annex
sub-2021cg/eeg/sub-2021cg_task-restingstate_channels.tsv,3196,da55c8c0caeaad149051040b11484d8c0034d28a0243a5ad8cf154ba62f956dc,git
sub-2021cg/eeg/sub-2021cg_task-restingstate_desc-preprocessed_eeg.json,1489,40572121addaab633f938a447c1c04be7decc012760eecc3d62ca418720dd617,git
sub-2021cg/eeg/sub-2021cg_task-restingstate_desc-preprocessed_eeg.set,51006224,0a76ae187378a1d767913f74d65a93fd4f4b17cad32403adcbd361f95b5d1bba,annex
sub-2022cg/eeg/sub-2022cg_coordsystem.json,110,dbec4867167ec49e8750c14be246f4ff917b2c3e021289a1a3a29f6efe9e65fa,git
sub-2022cg/eeg/sub-2022cg_electrodes.tsv,4164,e8bcbcf55421fe45ded233c9fcbba71690a83d1960db37b4dcc783f02cb01e1e,git
sub-2022cg/eeg/sub-2022cg_task-restingstate_acq-epochs_eeg.json,1440,b926b03a00319338f76032feea64ca6649b1da18a308494759a52ac42341f626,git
sub-2022cg/eeg/sub-2022cg_task-restingstate_acq-epochs_eeg.set,13618904,754e1b4739c737a3e5a1bb1c95791099380a39a8e9adf4f10391baf5f0f8ae95,annex
sub-2022cg/eeg/sub-2022cg_task-restingstate_channels.tsv,3196,da55c8c0caeaad149051040b11484d8c0034d28a0243a5ad8cf154ba62f956dc,git
sub-2022cg/eeg/sub-2022cg_task-restingstate_desc-preprocessed_eeg.json,1489,40572121addaab633f938a447c1c04be7decc012760eecc3d62ca418720dd617,git
sub-2022cg/eeg/sub-2022cg_task-restingstate_desc-preprocessed_eeg.set,49462584,cbaf4ae2af58c21f26d2e753dfb7e41da681c5063a84ca170127ec03ff24b2c2,annex
sub-2023cg/eeg/sub-2023cg_coordsystem.json,110,dbec4867167ec49e8750c14be246f4ff917b2c3e021289a1a3a29f6efe9e65fa,git
sub-2023cg/eeg/sub-2023cg_electrodes.tsv,4164,e8bcbcf55421fe45ded233c9fcbba71690a83d1960db37b4dcc783f02cb01e1e,git
sub-2023cg/eeg/sub-2023cg_task-restingstate_acq-epochs_eeg.json,1440,b926b03a00319338f76032feea64ca6649b1da18a308494759a52ac42341f626,git
sub-2023cg/eeg/sub-2023cg_task-restingstate_acq-epochs_eeg.set,13662320,f02db5a857355ff27c4f13ae8f2c5cb680c289970b371311b1dc67f281b15774,annex
sub-2023cg/eeg/sub-2023cg_task-restingstate_channels.tsv,3196,da55c8c0caeaad149051040b11484d8c0034d28a0243a5ad8cf154ba62f956dc,git
sub-2023cg/eeg/sub-2023cg_task-restingstate_desc-preprocessed_eeg.json,1489,40572121addaab633f938a447c1c04be7decc012760eecc3d62ca418720dd617,git
sub-2023cg/eeg/sub-2023cg_task-restingstate_desc-preprocessed_eeg.set,51355344,4a91b16149d61f0c766b55ca023b87345250e71c714efcd800c2d7158fe05b47,annex
sub-2026cg/eeg/sub-2026cg_coordsystem.json,110,dbec4867167ec49e8750c14be246f4ff917b2c3e021289a1a3a29f6efe9e65fa,git
sub-2026cg/eeg/sub-2026cg_electrodes.tsv,4164,e8bcbcf55421fe45ded233c9fcbba71690a83d1960db37b4dcc783f02cb01e1e,git
sub-2026cg/eeg/sub-2026cg_task-restingstate_acq-epochs_eeg.json,1440,b926b03a00319338f76032feea64ca6649b1da18a308494759a52ac42341f626,git
sub-2026cg/eeg/sub-2026cg_task-restingstate_acq-epochs_eeg.set,13687256,1caea46582996984570a9345007a7547bfc49d13a6328bf3666c1808aa992ea7,annex
sub-2026cg/eeg/sub-2026cg_task-restingstate_channels.tsv,3196,da55c8c0caeaad149051040b11484d8c0034d28a0243a5ad8cf154ba62f956dc,git
sub-2026cg/eeg/sub-2026cg_task-restingstate_desc-preprocessed_eeg.json,1489,40572121addaab633f938a447c1c04be7decc012760eecc3d62ca418720dd617,git
sub-2026cg/eeg/sub-2026cg_task-restingstate_desc-preprocessed_eeg.set,51039472,01528dd5ec27da3837d3f20b85898febae1e983382bde38b1219eeb0aa643225,annex
sub-2028cg/eeg/sub-2028cg_coordsystem.json,110,dbec4867167ec49e8750c14be246f4ff917b2c3e021289a1a3a29f6efe9e65fa,git
sub-2028cg/eeg/sub-2028cg_electrodes.tsv,4164,e8bcbcf55421fe45ded233c9fcbba71690a83d1960db37b4dcc783f02cb01e1e,git
sub-2028cg/eeg/sub-2028cg_task-restingstate_acq-epochs_eeg.json,1440,b926b03a00319338f76032feea64ca6649b1da18a308494759a52ac42341f626,git
sub-2028cg/eeg/sub-2028cg_task-restingstate_acq-epochs_eeg.set,13656120,d5f4ca96df78e20726981ee04b021a38a5da34268a304a92cb9ecf197f7d19d8,annex
sub-2028cg/eeg/sub-2028cg_task-restingstate_channels.tsv,3196,da55c8c0caeaad149051040b11484d8c0034d28a0243a5ad8cf154ba62f956dc,git
sub-2028cg/eeg/sub-2028cg_task-restingstate_desc-preprocessed_eeg.json,1489,40572121addaab633f938a447c1c04be7decc012760eecc3d62ca418720dd617,git
sub-2028cg/eeg/sub-2028cg_task-restingstate_desc-preprocessed_eeg.set,51484312,ff81cda797438f39af1d0e5fa1351cd09daeae9ad9022f5d56775b00c0348c05,annex
sub-2029cg/eeg/sub-2029cg_coordsystem.json,110,dbec4867167ec49e8750c14be246f4ff917b2c3e021289a1a3a29f6efe9e65fa,git
sub-2029cg/eeg/sub-2029cg_electrodes.tsv,4164,e8bcbcf55421fe45ded233c9fcbba71690a83d1960db37b4dcc783f02cb01e1e,git
sub-2029cg/eeg/sub-2029cg_task-restingstate_acq-epochs_eeg.json,1440,b926b03a00319338f76032feea64ca6649b1da18a308494759a52ac42341f626,git
sub-2029cg/eeg/sub-2029cg_task-restingstate_acq-epochs_eeg.set,13631440,8d1aadbd34a734e73967372f6b84f6aabf2ee7cc05ec79fb32293be31abf3158,annex
sub-2029cg/eeg/sub-2029cg_task-restingstate_channels.tsv,3196,da55c8c0caeaad149051040b11484d8c0034d28a0243a5ad8cf154ba62f956dc,git
sub-2029cg/eeg/sub-2029cg_task-restingstate_desc-preprocessed_eeg.json,1489,40572121addaab633f938a447c1c04be7decc012760eecc3d62ca418720dd617,git
sub-2029cg/eeg/sub-2029cg_task-restingstate_desc-preprocessed_eeg.set,49737448,9632e5157b3de33adfcf9347ddad09c4fbf21a0245f0ee8716ed5f27b5d08b57,annex
sub-2030cg/eeg/sub-2030cg_coordsystem.json,110,dbec4867167ec49e8750c14be246f4ff917b2c3e021289a1a3a29f6efe9e65fa,git
sub-2030cg/eeg/sub-2030cg_electrodes.tsv,4164,e8bcbcf55421fe45ded233c9fcbba71690a83d1960db37b4dcc783f02cb01e1e,git
sub-2030cg/eeg/sub-2030cg_task-restingstate_acq-epochs_eeg.json,1440,b926b03a00319338f76032feea64ca6649b1da18a308494759a52ac42341f626,git
sub-2030cg/eeg/sub-2030cg_task-restingstate_acq-epochs_eeg.set,13625112,8ac9b1f932b90818bcb757b02c4bf18416063bfd3f125b2f524962b3e9992053,annex
sub-2030cg/eeg/sub-2030cg_task-restingstate_channels.tsv,3196,da55c8c0caeaad149051040b11484d8c0034d28a0243a5ad8cf154ba62f956dc,git
sub-2030cg/eeg/sub-2030cg_task-restingstate_desc-preprocessed_eeg.json,1489,40572121addaab633f938a447c1c04be7decc012760eecc3d62ca418720dd617,git
sub-2030cg/eeg/sub-2030cg_task-restingstate_desc-preprocessed_eeg.set,52728184,e964701b65701a1c08273518b15ef2a35d91bbb85563a459c741021f36257075,annex
sub-2031cg/eeg/sub-2031cg_coordsystem.json,110,dbec4867167ec49e8750c14be246f4ff917b2c3e021289a1a3a29f6efe9e65fa,git
sub-2031cg/eeg/sub-2031cg_electrodes.tsv,4164,e8bcbcf55421fe45ded233c9fcbba71690a83d1960db37b4dcc783f02cb01e1e,git
sub-2031cg/eeg/sub-2031cg_task-restingstate_acq-epochs_eeg.json,1440,b926b03a00319338f76032feea64ca6649b1da18a308494759a52ac42341f626,git
sub-2031cg/eeg/sub-2031cg_task-restingstate_acq-epochs_eeg.set,13603400,7e521f41a2ab66eebfc12f34c89684a9b783a575c56c9d838828ec2b04307e51,annex
sub-2031cg/eeg/sub-2031cg_task-restingstate_channels.tsv,3196,da55c8c0caeaad149051040b11484d8c0034d28a0243a5ad8cf154ba62f956dc,git
sub-2031cg/eeg/sub-2031cg_task-restingstate_desc-preprocessed_eeg.json,1489,40572121addaab633f938a447c1c04be7decc012760eecc3d62ca418720dd617,git
sub-2031cg/eeg/sub-2031cg_task-restingstate_desc-preprocessed_eeg.set,49518760,b8b8c062d566a8cb88b8e7a7b891cd1c5e6d3ed7c7d5e128d76cab3312f83bf2,annex
sub-2033cg/eeg/sub-2033cg_coordsystem.json,110,dbec4867167ec49e8750c14be246f4ff917b2c3e021289a1a3a29f6efe9e65fa,git
sub-2033cg/eeg/sub-2033cg_electrodes.tsv,4164,e8bcbcf55421fe45ded233c9fcbba71690a83d1960db37b4dcc783f02cb01e1e,git
sub-2033cg/eeg/sub-2033cg_task-restingstate_acq-epochs_eeg.json,1440,b926b03a00319338f76032feea64ca6649b1da18a308494759a52ac42341f626,git
sub-2033cg/eeg/sub-2033cg_task-restingstate_acq-epochs_eeg.set,13628208,944ba5df545f3426aba7cc3a931ff195cf98c708218661298dd939e2e26e30ad,annex
sub-2033cg/eeg/sub-2033cg_task-restingstate_channels.tsv,3196,da55c8c0caeaad149051040b11484d8c0034d28a0243a5ad8cf154ba62f956dc,git
sub-2033cg/eeg/sub-2033cg_task-restingstate_desc-preprocessed_eeg.json,1489,40572121addaab633f938a447c1c04be7decc012760eecc3d62ca418720dd617,git
sub-2033cg/eeg/sub-2033cg_task-restingstate_desc-preprocessed_eeg.set,51399056,4cf1c76079305e358880da18ce45d71f9f6a2a64a5de9283df304d0d9824531a,annex
sub-2034cg/eeg/sub-2034cg_coordsystem.json,110,dbec4867167ec49e8750c14be246f4ff917b2c3e021289a1a3a29f6efe9e65fa,git
sub-2034cg/eeg/sub-2034cg_electrodes.tsv,4164,e8bcbcf55421fe45ded233c9fcbba71690a83d1960db37b4dcc783f02cb01e1e,git
sub-2034cg/eeg/sub-2034cg_task-restingstate_acq-epochs_eeg.json,1440,b926b03a00319338f76032feea64ca6649b1da18a308494759a52ac42341f626,git
sub-2034cg/eeg/sub-2034cg_task-restingstate_acq-epochs_eeg.set,13677824,299b43d9b062cdfc595a611d58a4bd1d0477e26afb3c1bcb444a272e3f359126,annex
sub-2034cg/eeg/sub-2034cg_task-restingstate_channels.tsv,3196,da55c8c0caeaad149051040b11484d8c0034d28a0243a5ad8cf154ba62f956dc,git
sub-2034cg/eeg/sub-2034cg_task-restingstate_desc-preprocessed_eeg.json,1489,40572121addaab633f938a447c1c04be7decc012760eecc3d62ca418720dd617,git
sub-2034cg/eeg/sub-2034cg_task-restingstate_desc-preprocessed_eeg.set,51166048,5423e79c2cb51102586d599e8f561b35b2b20ff7bbcd4136f7a694d97d355bd7,annex
sub-2036cg/eeg/sub-2036cg_coordsystem.json,110,dbec4867167ec49e8750c14be246f4ff917b2c3e021289a1a3a29f6efe9e65fa,git
sub-2036cg/eeg/sub-2036cg_electrodes.tsv,4164,e8bcbcf55421fe45ded233c9fcbba71690a83d1960db37b4dcc783f02cb01e1e,git
sub-2036cg/eeg/sub-2036cg_task-restingstate_acq-epochs_eeg.json,1440,b926b03a00319338f76032feea64ca6649b1da18a308494759a52ac42341f626,git
sub-2036cg/eeg/sub-2036cg_task-restingstate_acq-epochs_eeg.set,13634408,4792fef43688a96025a99f61fb720168c820d32275a258d63f1fbb1913c3e078,annex
sub-2036cg/eeg/sub-2036cg_task-restingstate_channels.tsv,3196,da55c8c0caeaad149051040b11484d8c0034d28a0243a5ad8cf154ba62f956dc,git
sub-2036cg/eeg/sub-2036cg_task-restingstate_desc-preprocessed_eeg.json,1489,40572121addaab633f938a447c1c04be7decc012760eecc3d62ca418720dd617,git
sub-2036cg/eeg/sub-2036cg_task-restingstate_desc-preprocessed_eeg.set,49672648,320c8c2943f2aeaadb16472ca71b95c09d34f2a16b7c0efbc91cd772d6aba6dd,annex
sub-2037cg/eeg/sub-2037cg_coordsystem.json,110,dbec4867167ec49e8750c14be246f4ff917b2c3e021289a1a3a29f6efe9e65fa,git
sub-2037cg/eeg/sub-2037cg_electrodes.tsv,4164,e8bcbcf55421fe45ded233c9fcbba71690a83d1960db37b4dcc783f02cb01e1e,git
sub-2037cg/eeg/sub-2037cg_task-restingstate_acq-epochs_eeg.json,1440,b926b03a00319338f76032feea64ca6649b1da18a308494759a52ac42341f626,git
sub-2037cg/eeg/sub-2037cg_task-restingstate_acq-epochs_eeg.set,13600304,29bf860fc58d7e5cca08cc1c805ed15dc179a10e80ec3323f8c2d5f806dbaefc,annex
sub-2037cg/eeg/sub-2037cg_task-restingstate_channels.tsv,3196,da55c8c0caeaad149051040b11484d8c0034d28a0243a5ad8cf154ba62f956dc,git
sub-2037cg/eeg/sub-2037cg_task-restingstate_desc-preprocessed_eeg.json,1489,40572121addaab633f938a447c1c04be7decc012760eecc3d62ca418720dd617,git
sub-2037cg/eeg/sub-2037cg_task-restingstate_desc-preprocessed_eeg.set,49516688,004b91f54766f35a3d1692d5d1e40f794f696ec74045bb0eaf1aa0229f5486c2,annex
sub-2038cg/eeg/sub-2038cg_coordsystem.json,110,dbec4867167ec49e8750c14be246f4ff917b2c3e021289a1a3a29f6efe9e65fa,git
sub-2038cg/eeg/sub-2038cg_electrodes.tsv,4164,e8bcbcf55421fe45ded233c9fcbba71690a83d1960db37b4dcc783f02cb01e1e,git
sub-2038cg/eeg/sub-2038cg_task-restingstate_acq-epochs_eeg.json,1440,b926b03a00319338f76032feea64ca6649b1da18a308494759a52ac42341f626,git
sub-2038cg/eeg/sub-2038cg_task-restingstate_acq-epochs_eeg.set,13671616,ca961d916c9e4710ed6a407fa50e478bcd8de439eb473d92b9c522256ad59060,annex
sub-2038cg/eeg/sub-2038cg_task-restingstate_channels.tsv,3196,da55c8c0caeaad149051040b11484d8c0034d28a0243a5ad8cf154ba62f956dc,git
sub-2038cg/eeg/sub-2038cg_task-restingstate_desc-preprocessed_eeg.json,1489,40572121addaab633f938a447c1c04be7decc012760eecc3d62ca418720dd617,git
sub-2038cg/eeg/sub-2038cg_task-restingstate_desc-preprocessed_eeg.set,49497888,2b71eb67c58c3e3c41d6c1fda11d71916a9146c9aa72e300e2b7d18548c55c29,annex
sub-2040cg/eeg/sub-2040cg_coordsystem.json,110,dbec4867167ec49e8750c14be246f4ff917b2c3e021289a1a3a29f6efe9e65fa,git
sub-2040cg/eeg/sub-2040cg_electrodes.tsv,4164,e8bcbcf55421fe45ded233c9fcbba71690a83d1960db37b4dcc783f02cb01e1e,git
sub-2040cg/eeg/sub-2040cg_task-restingstate_acq-epochs_eeg.json,1440,b926b03a00319338f76032feea64ca6649b1da18a308494759a52ac42341f626,git
sub-2040cg/eeg/sub-2040cg_task-restingstate_acq-epochs_eeg.set,13656120,0ab45cf41f93aa863b1a8adb3964f33090a4f38ab9f184919c812dadea7d68f5,annex
sub-2040cg/eeg/sub-2040cg_task-restingstate_channels.tsv,3196,da55c8c0caeaad149051040b11484d8c0034d28a0243a5ad8cf154ba62f956dc,git
sub-2040cg/eeg/sub-2040cg_task-restingstate_desc-preprocessed_eeg.json,1489,40572121addaab633f938a447c1c04be7decc012760eecc3d62ca418720dd617,git
sub-2040cg/eeg/sub-2040cg_task-restingstate_desc-preprocessed_eeg.set,49753752,c1d599a8efc7be2c2ea8ecc11433b8509878d9aa4b9f516e930dbff53cec27b8,annex
sub-2043cg/eeg/sub-2043cg_coordsystem.json,110,dbec4867167ec49e8750c14be246f4ff917b2c3e021289a1a3a29f6efe9e65fa,git
sub-2043cg/eeg/sub-2043cg_electrodes.tsv,4164,e8bcbcf55421fe45ded233c9fcbba71690a83d1960db37b4dcc783f02cb01e1e,git
sub-2043cg/eeg/sub-2043cg_task-restingstate_acq-epochs_eeg.json,1440,b926b03a00319338f76032feea64ca6649b1da18a308494759a52ac42341f626,git
sub-2043cg/eeg/sub-2043cg_task-restingstate_acq-epochs_eeg.set,13637512,9b3c74ba062e329a58f5e0c8e424d25a4affd5e55ab948d0f9330bea2da907ea,annex
sub-2043cg/eeg/sub-2043cg_task-restingstate_channels.tsv,3196,da55c8c0caeaad149051040b11484d8c0034d28a0243a5ad8cf154ba62f956dc,git
sub-2043cg/eeg/sub-2043cg_task-restingstate_desc-preprocessed_eeg.json,1489,40572121addaab633f938a447c1c04be7decc012760eecc3d62ca418720dd617,git
sub-2043cg/eeg/sub-2043cg_task-restingstate_desc-preprocessed_eeg.set,51471848,95ce50964ffdc445ee0aa46bf0345dc1c7db3dccb28c08af901d63d9f5430d36,annex
sub-2044cg/eeg/sub-2044cg_coordsystem.json,110,dbec4867167ec49e8750c14be246f4ff917b2c3e021289a1a3a29f6efe9e65fa,git
sub-2044cg/eeg/sub-2044cg_electrodes.tsv,4164,e8bcbcf55421fe45ded233c9fcbba71690a83d1960db37b4dcc783f02cb01e1e,git
sub-2044cg/eeg/sub-2044cg_task-restingstate_acq-epochs_eeg.json,1440,b926b03a00319338f76032feea64ca6649b1da18a308494759a52ac42341f626,git
sub-2044cg/eeg/sub-2044cg_task-restingstate_acq-epochs_eeg.set,13659216,c7327618c851a9fdd62c793aee02af61a65fee9b862491e126d86751c1314a56,annex
sub-2044cg/eeg/sub-2044cg_task-restingstate_channels.tsv,3196,da55c8c0caeaad149051040b11484d8c0034d28a0243a5ad8cf154ba62f956dc,git
sub-2044cg/eeg/sub-2044cg_task-restingstate_desc-preprocessed_eeg.json,1489,40572121addaab633f938a447c1c04be7decc012760eecc3d62ca418720dd617,git
sub-2044cg/eeg/sub-2044cg_task-restingstate_desc-preprocessed_eeg.set,50155184,decf1c56bf1f90cfde452577d32e3bbd321b7e72079244450b557e685c496152,annex
sub-2045cg/eeg/sub-2045cg_coordsystem.json,110,dbec4867167ec49e8750c14be246f4ff917b2c3e021289a1a3a29f6efe9e65fa,git
sub-2045cg/eeg/sub-2045cg_electrodes.tsv,4164,e8bcbcf55421fe45ded233c9fcbba71690a83d1960db37b4dcc783f02cb01e1e,git
sub-2045cg/eeg/sub-2045cg_task-restingstate_acq-epochs_eeg.json,1440,b926b03a00319338f76032feea64ca6649b1da18a308494759a52ac42341f626,git
sub-2045cg/eeg/sub-2045cg_task-restingstate_acq-epochs_eeg.set,13674720,d9884813d23e24fe1878e4899108ba41b6825abbddba05de5e30b929a668faf8,annex
sub-2045cg/eeg/sub-2045cg_task-restingstate_channels.tsv,3196,da55c8c0caeaad149051040b11484d8c0034d28a0243a5ad8cf154ba62f956dc,git
sub-2045cg/eeg/sub-2045cg_task-restingstate_desc-preprocessed_eeg.json,1489,40572121addaab633f938a447c1c04be7decc012760eecc3d62ca418720dd617,git
sub-2045cg/eeg/sub-2045cg_task-restingstate_desc-preprocessed_eeg.set,51363640,682ffa1a2d92f5d670550d3a2ea73ab170fb65a6adc97ae4dff0f959542d76dc,annex
sub-2046cg/eeg/sub-2046cg_coordsystem.json,110,dbec4867167ec49e8750c14be246f4ff917b2c3e021289a1a3a29f6efe9e65fa,git
sub-2046cg/eeg/sub-2046cg_electrodes.tsv,4164,e8bcbcf55421fe45ded233c9fcbba71690a83d1960db37b4dcc783f02cb01e1e,git
sub-2046cg/eeg/sub-2046cg_task-restingstate_acq-epochs_eeg.json,1440,b926b03a00319338f76032feea64ca6649b1da18a308494759a52ac42341f626,git
sub-2046cg/eeg/sub-2046cg_task-restingstate_acq-epochs_eeg.set,13628200,0c67d7ff1ae00a77d554d892d2a8751558fc350625bdf6ded5b6994544bb0263,annex
sub-2046cg/eeg/sub-2046cg_task-restingstate_channels.tsv,3196,da55c8c0caeaad149051040b11484d8c0034d28a0243a5ad8cf154ba62f956dc,git
sub-2046cg/eeg/sub-2046cg_task-restingstate_desc-preprocessed_eeg.json,1489,40572121addaab633f938a447c1c04be7decc012760eecc3d62ca418720dd617,git
sub-2046cg/eeg/sub-2046cg_task-restingstate_desc-preprocessed_eeg.set,52530560,89c2cc23fc135442d56a9d5ff2c1edaa268d881309cf07a7ad251cf9f1888a28,annex
sub-2047cg/eeg/sub-2047cg_coordsystem.json,110,dbec4867167ec49e8750c14be246f4ff917b2c3e021289a1a3a29f6efe9e65fa,git
sub-2047cg/eeg/sub-2047cg_electrodes.tsv,4164,e8bcbcf55421fe45ded233c9fcbba71690a83d1960db37b4dcc783f02cb01e1e,git
sub-2047cg/eeg/sub-2047cg_task-restingstate_acq-epochs_eeg.json,1440,b926b03a00319338f76032feea64ca6649b1da18a308494759a52ac42341f626,git
sub-2047cg/eeg/sub-2047cg_task-restingstate_acq-epochs_eeg.set,13637512,d29228aa7d16e3e8c9dd8588cfbf2d7e2be2caa73879e6f042d93c6a779493df,annex
sub-2047cg/eeg/sub-2047cg_task-restingstate_channels.tsv,3196,da55c8c0caeaad149051040b11484d8c0034d28a0243a5ad8cf154ba62f956dc,git
sub-2047cg/eeg/sub-2047cg_task-restingstate_desc-preprocessed_eeg.json,1489,40572121addaab633f938a447c1c04be7decc012760eecc3d62ca418720dd617,git
sub-2047cg/eeg/sub-2047cg_task-restingstate_desc-preprocessed_eeg.set,51671528,b9fb47a8ce15b400e407f3ced68459da6ef566199c25bf90656e99ec6cf9e5de,annex
sub-2048cg/eeg/sub-2048cg_coordsystem.json,110,dbec4867167ec49e8750c14be246f4ff917b2c3e021289a1a3a29f6efe9e65fa,git
sub-2048cg/eeg/sub-2048cg_electrodes.tsv,4164,e8bcbcf55421fe45ded233c9fcbba71690a83d1960db37b4dcc783f02cb01e1e,git
sub-2048cg/eeg/sub-2048cg_task-restingstate_acq-epochs_eeg.json,1440,b926b03a00319338f76032feea64ca6649b1da18a308494759a52ac42341f626,git
sub-2048cg/eeg/sub-2048cg_task-restingstate_acq-epochs_eeg.set,13612832,77c95cb1227ea17518cc119d5694db99c141a01dc8f313063daebc835571dd02,annex
sub-2048cg/eeg/sub-2048cg_task-restingstate_channels.tsv,3196,da55c8c0caeaad149051040b11484d8c0034d28a0243a5ad8cf154ba62f956dc,git
sub-2048cg/eeg/sub-2048cg_task-restingstate_desc-preprocessed_eeg.json,1489,40572121addaab633f938a447c1c04be7decc012760eecc3d62ca418720dd617,git
sub-2048cg/eeg/sub-2048cg_task-restingstate_desc-preprocessed_eeg.set,52520504,0362a228c217a67ca23942828d35421d83c1a06575e459efb2120bdcced26e2a,annex
sub-2050cg/eeg/sub-2050cg_coordsystem.json,110,dbec4867167ec49e8750c14be246f4ff917b2c3e021289a1a3a29f6efe9e65fa,git
sub-2050cg/eeg/sub-2050cg_electrodes.tsv,4164,e8bcbcf55421fe45ded233c9fcbba71690a83d1960db37b4dcc783f02cb01e1e,git
sub-2050cg/eeg/sub-2050cg_task-restingstate_acq-epochs_eeg.json,1440,b926b03a00319338f76032feea64ca6649b1da18a308494759a52ac42341f626,git
sub-2050cg/eeg/sub-2050cg_task-restingstate_acq-epochs_eeg.set,13671744,7b7f2c227de15617b5398dc261776b84d2085e169ea0b2eeab8671d3346d6e95,annex
sub-2050cg/eeg/sub-2050cg_task-restingstate_channels.tsv,3196,da55c8c0caeaad149051040b11484d8c0034d28a0243a5ad8cf154ba62f956dc,git
sub-2050cg/eeg/sub-2050cg_task-restingstate_desc-preprocessed_eeg.json,1489,40572121addaab633f938a447c1c04be7decc012760eecc3d62ca418720dd617,git
sub-2050cg/eeg/sub-2050cg_task-restingstate_desc-preprocessed_eeg.set,51495000,6edb3fbfa26b1595cdddc333c18063c97d6784dcf266b6fd7ad0b1b0447a4947,annex
sub-2051cg/eeg/sub-2051cg_coordsystem.json,110,dbec4867167ec49e8750c14be246f4ff917b2c3e021289a1a3a29f6efe9e65fa,git
sub-2051cg/eeg/sub-2051cg_electrodes.tsv,4164,e8bcbcf55421fe45ded233c9fcbba71690a83d1960db37b4dcc783f02cb01e1e,git
sub-2051cg/eeg/sub-2051cg_task-restingstate_acq-epochs_eeg.json,1440,b926b03a00319338f76032feea64ca6649b1da18a308494759a52ac42341f626,git
sub-2051cg/eeg/sub-2051cg_task-restingstate_acq-epochs_eeg.set,13693328,2151b300289c793250fb3f7426e8203c72780334102e6102bb00dc6ab324ffbd,annex
sub-2051cg/eeg/sub-2051cg_task-restingstate_channels.tsv,3196,da55c8c0caeaad149051040b11484d8c0034d28a0243a5ad8cf154ba62f956dc,git
sub-2051cg/eeg/sub-2051cg_task-restingstate_desc-preprocessed_eeg.json,1489,40572121addaab633f938a447c1c04be7decc012760eecc3d62ca418720dd617,git
sub-2051cg/eeg/sub-2051cg_task-restingstate_desc-preprocessed_eeg.set,51975152,b872038f62a14eb7202d3408876f519a3228bf4ca33a98bcc3fd1e54e868bd56,annex
sub-2052cg/eeg/sub-2052cg_coordsystem.json,110,dbec4867167ec49e8750c14be246f4ff917b2c3e021289a1a3a29f6efe9e65fa,git
sub-2052cg/eeg/sub-2052cg_electrodes.tsv,4164,e8bcbcf55421fe45ded233c9fcbba71690a83d1960db37b4dcc783f02cb01e1e,git
sub-2052cg/eeg/sub-2052cg_task-restingstate_acq-epochs_eeg.json,1440,b926b03a00319338f76032feea64ca6649b1da18a308494759a52ac42341f626,git
sub-2052cg/eeg/sub-2052cg_task-restingstate_acq-epochs_eeg.set,13687128,2ffdba70505d267596188cf020ebb4f85d97778116884b5db41225f7dee530c0,annex
sub-2052cg/eeg/sub-2052cg_task-restingstate_channels.tsv,3196,da55c8c0caeaad149051040b11484d8c0034d28a0243a5ad8cf154ba62f956dc,git
sub-2052cg/eeg/sub-2052cg_task-restingstate_desc-preprocessed_eeg.json,1489,40572121addaab633f938a447c1c04be7decc012760eecc3d62ca418720dd617,git
sub-2052cg/eeg/sub-2052cg_task-restingstate_desc-preprocessed_eeg.set,49707960,a332ec4f660d445481ee0952e7ff8cfc3a56521518f5acb50048c46030634443,annex
sub-2054cg/eeg/sub-2054cg_coordsystem.json,110,dbec4867167ec49e8750c14be246f4ff917b2c3e021289a1a3a29f6efe9e65fa,git
sub-2054cg/eeg/sub-2054cg_electrodes.tsv,4164,e8bcbcf55421fe45ded233c9fcbba71690a83d1960db37b4dcc783f02cb01e1e,git
sub-2054cg/eeg/sub-2054cg_task-restingstate_acq-epochs_eeg.json,1440,b926b03a00319338f76032feea64ca6649b1da18a308494759a52ac42341f626,git
sub-2054cg/eeg/sub-2054cg_task-restingstate_acq-epochs_eeg.set,13699528,088594953ebc300a80b0bb7d811ae6d20a9c8bb3adf8cb538c4138fa7842a9cc,annex
sub-2054cg/eeg/sub-2054cg_task-restingstate_channels.tsv,3196,da55c8c0caeaad149051040b11484d8c0034d28a0243a5ad8cf154ba62f956dc,git
sub-2054cg/eeg/sub-2054cg_task-restingstate_desc-preprocessed_eeg.json,1489,40572121addaab633f938a447c1c04be7decc012760eecc3d62ca418720dd617,git
sub-2054cg/eeg/sub-2054cg_task-restingstate_desc-preprocessed_eeg.set,52511776,b5faff834a63d5f1573445bb9c8cd4b5e04a786d28a382752c308f1a88fc8242,annex
sub-2055cg/eeg/sub-2055cg_coordsystem.json,110,dbec4867167ec49e8750c14be246f4ff917b2c3e021289a1a3a29f6efe9e65fa,git
sub-2055cg/eeg/sub-2055cg_electrodes.tsv,4164,e8bcbcf55421fe45ded233c9fcbba71690a83d1960db37b4dcc783f02cb01e1e,git
sub-2055cg/eeg/sub-2055cg_task-restingstate_acq-epochs_eeg.json,1440,b926b03a00319338f76032feea64ca6649b1da18a308494759a52ac42341f626,git
sub-2055cg/eeg/sub-2055cg_task-restingstate_acq-epochs_eeg.set,13622000,cc992a0888b2f043b008fdf5efc83b669346e6cf30fda8d8aec7c3543ce0d8e0,annex
sub-2055cg/eeg/sub-2055cg_task-restingstate_channels.tsv,3196,da55c8c0caeaad149051040b11484d8c0034d28a0243a5ad8cf154ba62f956dc,git
sub-2055cg/eeg/sub-2055cg_task-restingstate_desc-preprocessed_eeg.json,1489,40572121addaab633f938a447c1c04be7decc012760eecc3d62ca418720dd617,git
sub-2055cg/eeg/sub-2055cg_task-restingstate_desc-preprocessed_eeg.set,49464656,30a57f4f68c7bc09ffc01a8db34f977233b82628ee366658b0cdabb79e2d5cbb,annex
sub-2056cg/eeg/sub-2056cg_coordsystem.json,110,dbec4867167ec49e8750c14be246f4ff917b2c3e021289a1a3a29f6efe9e65fa,git
sub-2056cg/eeg/sub-2056cg_electrodes.tsv,4164,e8bcbcf55421fe45ded233c9fcbba71690a83d1960db37b4dcc783f02cb01e1e,git
sub-2056cg/eeg/sub-2056cg_task-restingstate_acq-epochs_eeg.json,1440,b926b03a00319338f76032feea64ca6649b1da18a308494759a52ac42341f626,git
sub-2056cg/eeg/sub-2056cg_task-restingstate_acq-epochs_eeg.set,13674720,7c4f7adeaa66426d409bea58d00f74e76c6c674d89052d2c522869ba2180f0fd,annex
sub-2056cg/eeg/sub-2056cg_task-restingstate_channels.tsv,3196,da55c8c0caeaad149051040b11484d8c0034d28a0243a5ad8cf154ba62f956dc,git
sub-2056cg/eeg/sub-2056cg_task-restingstate_desc-preprocessed_eeg.json,1489,40572121addaab633f938a447c1c04be7decc012760eecc3d62ca418720dd617,git
sub-2056cg/eeg/sub-2056cg_task-restingstate_desc-preprocessed_eeg.set,50232120,ceb74a460412ddb77493f1f8c2da2c4a39a8fa3aed74b082c4284ac81e355171,annex
sub-2057cg/eeg/sub-2057cg_coordsystem.json,110,dbec4867167ec49e8750c14be246f4ff917b2c3e021289a1a3a29f6efe9e65fa,git
sub-2057cg/eeg/sub-2057cg_electrodes.tsv,4164,e8bcbcf55421fe45ded233c9fcbba71690a83d1960db37b4dcc783f02cb01e1e,git
sub-2057cg/eeg/sub-2057cg_task-restingstate_acq-epochs_eeg.json,1440,b926b03a00319338f76032feea64ca6649b1da18a308494759a52ac42341f626,git
sub-2057cg/eeg/sub-2057cg_task-restingstate_acq-epochs_eeg.set,13612832,c63867ab9ebf29cab84ff78f48b793c53ecd3a60ae38491ea633d4a45a05b704,annex
sub-2057cg/eeg/sub-2057cg_task-restingstate_channels.tsv,3196,da55c8c0caeaad149051040b11484d8c0034d28a0243a5ad8cf154ba62f956dc,git
sub-2057cg/eeg/sub-2057cg_task-restingstate_desc-preprocessed_eeg.json,1489,40572121addaab633f938a447c1c04be7decc012760eecc3d62ca418720dd617,git
sub-2057cg/eeg/sub-2057cg_task-restingstate_desc-preprocessed_eeg.set,49458744,2c98d8b382883cc2b21694fc4bc131e6e0b7d49c774d3cd598ca374117d7b644,annex
sub-2059cg/eeg/sub-2059cg_coordsystem.json,110,dbec4867167ec49e8750c14be246f4ff917b2c3e021289a1a3a29f6efe9e65fa,git
sub-2059cg/eeg/sub-2059cg_electrodes.tsv,4164,e8bcbcf55421fe45ded233c9fcbba71690a83d1960db37b4dcc783f02cb01e1e,git
sub-2059cg/eeg/sub-2059cg_task-restingstate_acq-epochs_eeg.json,1440,b926b03a00319338f76032feea64ca6649b1da18a308494759a52ac42341f626,git
sub-2059cg/eeg/sub-2059cg_task-restingstate_acq-epochs_eeg.set,13615928,60f69afd758de89baec239ec38e827f90e37d9f5508e95ccc58712af30d8c4fa,annex
sub-2059cg/eeg/sub-2059cg_task-restingstate_channels.tsv,3196,da55c8c0caeaad149051040b11484d8c0034d28a0243a5ad8cf154ba62f956dc,git
sub-2059cg/eeg/sub-2059cg_task-restingstate_desc-preprocessed_eeg.json,1489,40572121addaab633f938a447c1c04be7decc012760eecc3d62ca418720dd617,git
sub-2059cg/eeg/sub-2059cg_task-restingstate_desc-preprocessed_eeg.set,51856976,118c4fa9f0341848ceaa0da0033c86436fad7abb98f10ed68acc2ed4af23ddc1,annex
sub-2060cg/eeg/sub-2060cg_coordsystem.json,110,dbec4867167ec49e8750c14be246f4ff917b2c3e021289a1a3a29f6efe9e65fa,git
sub-2060cg/eeg/sub-2060cg_electrodes.tsv,4164,e8bcbcf55421fe45ded233c9fcbba71690a83d1960db37b4dcc783f02cb01e1e,git
sub-2060cg/eeg/sub-2060cg_task-restingstate_acq-epochs_eeg.json,1440,b926b03a00319338f76032feea64ca6649b1da18a308494759a52ac42341f626,git
sub-2060cg/eeg/sub-2060cg_task-restingstate_acq-epochs_eeg.set,13650048,7c56a5150bdf413ce17c1e08e80eeefde04fa9b2a2a040e9c16953f2b1765fd1,annex
sub-2060cg/eeg/sub-2060cg_task-restingstate_channels.tsv,3196,da55c8c0caeaad149051040b11484d8c0034d28a0243a5ad8cf154ba62f956dc,git
sub-2060cg/eeg/sub-2060cg_task-restingstate_desc-preprocessed_eeg.json,1489,40572121addaab633f938a447c1c04be7decc012760eecc3d62ca418720dd617,git
sub-2060cg/eeg/sub-2060cg_task-restingstate_desc-preprocessed_eeg.set,51813272,e76287c6b1adc56e04cbe130f05c5fa4b0e23cf8fed89c878779ac2c94fbb36f,annex
sub-2061cg/eeg/sub-2061cg_coordsystem.json,110,dbec4867167ec49e8750c14be246f4ff917b2c3e021289a1a3a29f6efe9e65fa,git
sub-2061cg/eeg/sub-2061cg_electrodes.tsv,4164,e8bcbcf55421fe45ded233c9fcbba71690a83d1960db37b4dcc783f02cb01e1e,git
sub-2061cg/eeg/sub-2061cg_task-restingstate_acq-epochs_eeg.json,1440,b926b03a00319338f76032feea64ca6649b1da18a308494759a52ac42341f626,git
sub-2061cg/eeg/sub-2061cg_task-restingstate_acq-epochs_eeg.set,13625112,4f09c1903191e3edcbb656437238f0cd9d8f8bcfafc851b3b42d5668100cc748,annex
sub-2061cg/eeg/sub-2061cg_task-restingstate_channels.tsv,3196,da55c8c0caeaad149051040b11484d8c0034d28a0243a5ad8cf154ba62f956dc,git
sub-2061cg/eeg/sub-2061cg_task-restingstate_desc-preprocessed_eeg.json,1489,40572121addaab633f938a447c1c04be7decc012760eecc3d62ca418720dd617,git
sub-2061cg/eeg/sub-2061cg_task-restingstate_desc-preprocessed_eeg.set,52129144,a09af83e23103671e635d6540ea3ae387826aa9cddc39f9c4e195b6fef8a5eb6,annex
sub-2062cg/eeg/sub-2062cg_coordsystem.json,110,dbec4867167ec49e8750c14be246f4ff917b2c3e021289a1a3a29f6efe9e65fa,git
sub-2062cg/eeg/sub-2062cg_electrodes.tsv,4164,e8bcbcf55421fe45ded233c9fcbba71690a83d1960db37b4dcc783f02cb01e1e,git
sub-2062cg/eeg/sub-2062cg_task-restingstate_acq-epochs_eeg.json,1440,b926b03a00319338f76032feea64ca6649b1da18a308494759a52ac42341f626,git
sub-2062cg/eeg/sub-2062cg_task-restingstate_acq-epochs_eeg.set,13625112,57f4a6a6c3249728770632cd8f8720b9b05cddf2a18f3105bc042401c37fb47b,annex
sub-2062cg/eeg/sub-2062cg_task-restingstate_channels.tsv,3196,da55c8c0caeaad149051040b11484d8c0034d28a0243a5ad8cf154ba62f956dc,git
sub-2062cg/eeg/sub-2062cg_task-restingstate_desc-preprocessed_eeg.json,1489,40572121addaab633f938a447c1c04be7decc012760eecc3d62ca418720dd617,git
sub-2062cg/eeg/sub-2062cg_task-restingstate_desc-preprocessed_eeg.set,49466744,f93ceb99dcda69cadc83e968dae6a9ae1b1ce2d5d43d52a2f0390f8031259def,annex
sub-2063cg/eeg/sub-2063cg_coordsystem.json,110,dbec4867167ec49e8750c14be246f4ff917b2c3e021289a1a3a29f6efe9e65fa,git
sub-2063cg/eeg/sub-2063cg_electrodes.tsv,4164,e8bcbcf55421fe45ded233c9fcbba71690a83d1960db37b4dcc783f02cb01e1e,git
sub-2063cg/eeg/sub-2063cg_task-restingstate_acq-epochs_eeg.json,1440,b926b03a00319338f76032feea64ca6649b1da18a308494759a52ac42341f626,git
sub-2063cg/eeg/sub-2063cg_task-restingstate_acq-epochs_eeg.set,13584792,e428c628a060e78820518d287f101cd45fe98154304d36c20ab4ecf7705f6eae,annex
sub-2063cg/eeg/sub-2063cg_task-restingstate_channels.tsv,3196,da55c8c0caeaad149051040b11484d8c0034d28a0243a5ad8cf154ba62f956dc,git
sub-2063cg/eeg/sub-2063cg_task-restingstate_desc-preprocessed_eeg.json,1489,40572121addaab633f938a447c1c04be7decc012760eecc3d62ca418720dd617,git
sub-2063cg/eeg/sub-2063cg_task-restingstate_desc-preprocessed_eeg.set,52035576,9f35656512ef4b089c6f11c3aab86ae344f3fc2fd7b67cc41db2fc4e62400d51,annex
sub-2064cg/eeg/sub-2064cg_coordsystem.json,110,dbec4867167ec49e8750c14be246f4ff917b2c3e021289a1a3a29f6efe9e65fa,git
sub-2064cg/eeg/sub-2064cg_electrodes.tsv,4164,e8bcbcf55421fe45ded233c9fcbba71690a83d1960db37b4dcc783f02cb01e1e,git
sub-2064cg/eeg/sub-2064cg_task-restingstate_acq-epochs_eeg.json,1440,b926b03a00319338f76032feea64ca6649b1da18a308494759a52ac42341f626,git
sub-2064cg/eeg/sub-2064cg_task-restingstate_acq-epochs_eeg.set,13668520,e372f5a0099bc9805d24454a8b95509de0840eb4f44324cfb5edda3731a9b7d8,annex
sub-2064cg/eeg/sub-2064cg_task-restingstate_channels.tsv,3196,da55c8c0caeaad149051040b11484d8c0034d28a0243a5ad8cf154ba62f956dc,git
sub-2064cg/eeg/sub-2064cg_task-restingstate_desc-preprocessed_eeg.json,1489,40572121addaab633f938a447c1c04be7decc012760eecc3d62ca418720dd617,git
sub-2064cg/eeg/sub-2064cg_task-restingstate_desc-preprocessed_eeg.set,49495816,ee55ee44542e6c2075cdede4cd49cf8b720e2e8a0a6c76b83464b595eed8a930,annex
sub-2065cg/eeg/sub-2065cg_coordsystem.json,110,dbec4867167ec49e8750c14be246f4ff917b2c3e021289a1a3a29f6efe9e65fa,git
sub-2065cg/eeg/sub-2065cg_electrodes.tsv,4164,e8bcbcf55421fe45ded233c9fcbba71690a83d1960db37b4dcc783f02cb01e1e,git
sub-2065cg/eeg/sub-2065cg_task-restingstate_acq-epochs_eeg.json,1440,b926b03a00319338f76032feea64ca6649b1da18a308494759a52ac42341f626,git
sub-2065cg/eeg/sub-2065cg_task-restingstate_acq-epochs_eeg.set,13665536,e5251a27aaf008cc2a9c65675c17729a0c5645bc411ce867cb0f60cde775a6a0,annex
sub-2065cg/eeg/sub-2065cg_task-restingstate_channels.tsv,3196,da55c8c0caeaad149051040b11484d8c0034d28a0243a5ad8cf154ba62f956dc,git
sub-2065cg/eeg/sub-2065cg_task-restingstate_desc-preprocessed_eeg.json,1489,40572121addaab633f938a447c1c04be7decc012760eecc3d62ca418720dd617,git
sub-2065cg/eeg/sub-2065cg_task-restingstate_desc-preprocessed_eeg.set,49959952,7929d6edfba5c3b4ea92fb97e967c30665cffc2fc95176d5c15fff0e4de81d10,annex
sub-2066cg/eeg/sub-2066cg_coordsystem.json,110,dbec4867167ec49e8750c14be246f4ff917b2c3e021289a1a3a29f6efe9e65fa,git
sub-2066cg/eeg/sub-2066cg_electrodes.tsv,4164,e8bcbcf55421fe45ded233c9fcbba71690a83d1960db37b4dcc783f02cb01e1e,git
sub-2066cg/eeg/sub-2066cg_task-restingstate_acq-epochs_eeg.json,1440,b926b03a00319338f76032feea64ca6649b1da18a308494759a52ac42341f626,git
sub-2066cg/eeg/sub-2066cg_task-restingstate_acq-epochs_eeg.set,13628200,d2275dfb13f79cd9342a9bdb0d81e0b330ce23986de676a9ea1dde2a617e761f,annex
sub-2066cg/eeg/sub-2066cg_task-restingstate_channels.tsv,3196,da55c8c0caeaad149051040b11484d8c0034d28a0243a5ad8cf154ba62f956dc,git
sub-2066cg/eeg/sub-2066cg_task-restingstate_desc-preprocessed_eeg.json,1489,40572121addaab633f938a447c1c04be7decc012760eecc3d62ca418720dd617,git
sub-2066cg/eeg/sub-2066cg_task-restingstate_desc-preprocessed_eeg.set,49468800,0a14f2b837fb933f6c4cd976cf04769149d1a0dfb87c52184f2638c550664289,annex
sub-2067cg/eeg/sub-2067cg_coordsystem.json,110,dbec4867167ec49e8750c14be246f4ff917b2c3e021289a1a3a29f6efe9e65fa,git
sub-2067cg/eeg/sub-2067cg_electrodes.tsv,4164,e8bcbcf55421fe45ded233c9fcbba71690a83d1960db37b4dcc783f02cb01e1e,git
sub-2067cg/eeg/sub-2067cg_task-restingstate_acq-epochs_eeg.json,1440,b926b03a00319338f76032feea64ca6649b1da18a308494759a52ac42341f626,git
sub-2067cg/eeg/sub-2067cg_task-restingstate_acq-epochs_eeg.set,13671616,59b0bb89e77e5220276be6d457a1c7741e9837a78285b1f2482fffbb1015840f,annex
sub-2067cg/eeg/sub-2067cg_task-restingstate_channels.tsv,3196,da55c8c0caeaad149051040b11484d8c0034d28a0243a5ad8cf154ba62f956dc,git
sub-2067cg/eeg/sub-2067cg_task-restingstate_desc-preprocessed_eeg.json,1489,40572121addaab633f938a447c1c04be7decc012760eecc3d62ca418720dd617,git
sub-2067cg/eeg/sub-2067cg_task-restingstate_desc-preprocessed_eeg.set,49830688,1cf5630cc2e8cc45a7b333ae744d3920aa8b429d348d9d4754f6bc28d67fb74d,annex
sub-2068cg/eeg/sub-2068cg_coordsystem.json,110,dbec4867167ec49e8750c14be246f4ff917b2c3e021289a1a3a29f6efe9e65fa,git
sub-2068cg/eeg/sub-2068cg_electrodes.tsv,4164,e8bcbcf55421fe45ded233c9fcbba71690a83d1960db37b4dcc783f02cb01e1e,git
sub-2068cg/eeg/sub-2068cg_task-restingstate_acq-epochs_eeg.json,1440,b926b03a00319338f76032feea64ca6649b1da18a308494759a52ac42341f626,git
sub-2068cg/eeg/sub-2068cg_task-restingstate_acq-epochs_eeg.set,13665408,41ed8859bf0838535ebbf5321a52bdf913c1a4ce0a78910d4dc580f3cf31d6fa,annex
sub-2068cg/eeg/sub-2068cg_task-restingstate_channels.tsv,3196,da55c8c0caeaad149051040b11484d8c0034d28a0243a5ad8cf154ba62f956dc,git
sub-2068cg/eeg/sub-2068cg_task-restingstate_desc-preprocessed_eeg.json,1489,40572121addaab633f938a447c1c04be7decc012760eecc3d62ca418720dd617,git
sub-2068cg/eeg/sub-2068cg_task-restingstate_desc-preprocessed_eeg.set,51956440,e736fb4640c7730ecf8437ae436787a771cec36c1e41d6a60daea5f725f95f56,annex
sub-2070cg/eeg/sub-2070cg_coordsystem.json,110,dbec4867167ec49e8750c14be246f4ff917b2c3e021289a1a3a29f6efe9e65fa,git
sub-2070cg/eeg/sub-2070cg_electrodes.tsv,4164,e8bcbcf55421fe45ded233c9fcbba71690a83d1960db37b4dcc783f02cb01e1e,git
sub-2070cg/eeg/sub-2070cg_task-restingstate_acq-epochs_eeg.json,1440,b926b03a00319338f76032feea64ca6649b1da18a308494759a52ac42341f626,git
sub-2070cg/eeg/sub-2070cg_task-restingstate_acq-epochs_eeg.set,13656120,0d4a64407df9642e5ce6713e25be56d94ef20301448cb5da1cd868187081b2ba,annex
sub-2070cg/eeg/sub-2070cg_task-restingstate_channels.tsv,3196,da55c8c0caeaad149051040b11484d8c0034d28a0243a5ad8cf154ba62f956dc,git
sub-2070cg/eeg/sub-2070cg_task-restingstate_desc-preprocessed_eeg.json,1489,40572121addaab633f938a447c1c04be7decc012760eecc3d62ca418720dd617,git
sub-2070cg/eeg/sub-2070cg_task-restingstate_desc-preprocessed_eeg.set,51883672,8860804f1dc46a2de0a6fdf58ff837a4b40b4af81d6a4dae27ffecf050979aa4,annex
sub-2071cg/eeg/sub-2071cg_coordsystem.json,110,dbec4867167ec49e8750c14be246f4ff917b2c3e021289a1a3a29f6efe9e65fa,git
sub-2071cg/eeg/sub-2071cg_electrodes.tsv,4164,e8bcbcf55421fe45ded233c9fcbba71690a83d1960db37b4dcc783f02cb01e1e,git
sub-2071cg/eeg/sub-2071cg_task-restingstate_acq-epochs_eeg.json,1440,b926b03a00319338f76032feea64ca6649b1da18a308494759a52ac42341f626,git
sub-2071cg/eeg/sub-2071cg_task-restingstate_acq-epochs_eeg.set,13668520,0f289fd218400cca5e7aa8513cced4aa44e64400cdc6be9cede76095b58bcefc,annex
sub-2071cg/eeg/sub-2071cg_task-restingstate_channels.tsv,3196,da55c8c0caeaad149051040b11484d8c0034d28a0243a5ad8cf154ba62f956dc,git
sub-2071cg/eeg/sub-2071cg_task-restingstate_desc-preprocessed_eeg.json,1489,40572121addaab633f938a447c1c04be7decc012760eecc3d62ca418720dd617,git
sub-2071cg/eeg/sub-2071cg_task-restingstate_desc-preprocessed_eeg.set,51692296,c733a41b58a37323fea88ca8b5c0e11b22a2ab414f46d045654869b8fdf82b72,annex
sub-2072cg/eeg/sub-2072cg_coordsystem.json,110,dbec4867167ec49e8750c14be246f4ff917b2c3e021289a1a3a29f6efe9e65fa,git
sub-2072cg/eeg/sub-2072cg_electrodes.tsv,4164,e8bcbcf55421fe45ded233c9fcbba71690a83d1960db37b4dcc783f02cb01e1e,git
sub-2072cg/eeg/sub-2072cg_task-restingstate_acq-epochs_eeg.json,1440,b926b03a00319338f76032feea64ca6649b1da18a308494759a52ac42341f626,git
sub-2072cg/eeg/sub-2072cg_task-restingstate_acq-epochs_eeg.set,13711936,459d71baa8112773077a31a020b7f86659570e4b193d02dc2cfebf283431d9e1,annex
sub-2072cg/eeg/sub-2072cg_task-restingstate_channels.tsv,3196,da55c8c0caeaad149051040b11484d8c0034d28a0243a5ad8cf154ba62f956dc,git
sub-2072cg/eeg/sub-2072cg_task-restingstate_desc-preprocessed_eeg.json,1489,40572121addaab633f938a447c1c04be7decc012760eecc3d62ca418720dd617,git
sub-2072cg/eeg/sub-2072cg_task-restingstate_desc-preprocessed_eeg.set,51588256,5837b7ff892716a91709e5f72e257888c743a8404d75618a786f276d5e8e9cc1,annex
sub-2074cg/eeg/sub-2074cg_coordsystem.json,110,dbec4867167ec49e8750c14be246f4ff917b2c3e021289a1a3a29f6efe9e65fa,git
sub-2074cg/eeg/sub-2074cg_electrodes.tsv,4164,e8bcbcf55421fe45ded233c9fcbba71690a83d1960db37b4dcc783f02cb01e1e,git
sub-2074cg/eeg/sub-2074cg_task-restingstate_acq-epochs_eeg.json,1440,b926b03a00319338f76032feea64ca6649b1da18a308494759a52ac42341f626,git
sub-2074cg/eeg/sub-2074cg_task-restingstate_acq-epochs_eeg.set,13659344,aae717d2704c396454daa7f27771d6f109e27ba8066f3d2b6c96669bde3bd7ee,annex
sub-2074cg/eeg/sub-2074cg_task-restingstate_channels.tsv,3196,da55c8c0caeaad149051040b11484d8c0034d28a0243a5ad8cf154ba62f956dc,git
sub-2074cg/eeg/sub-2074cg_task-restingstate_desc-preprocessed_eeg.json,1489,40572121addaab633f938a447c1c04be7decc012760eecc3d62ca418720dd617,git
sub-2074cg/eeg/sub-2074cg_task-restingstate_desc-preprocessed_eeg.set,51353576,dee48217e58cea43a8072b8e63d2294b2554e4e17cfe03fcf0472eafc4707662,annex
sub-2075cg/eeg/sub-2075cg_coordsystem.json,110,dbec4867167ec49e8750c14be246f4ff917b2c3e021289a1a3a29f6efe9e65fa,git
sub-2075cg/eeg/sub-2075cg_electrodes.tsv,4164,e8bcbcf55421fe45ded233c9fcbba71690a83d1960db37b4dcc783f02cb01e1e,git
sub-2075cg/eeg/sub-2075cg_task-restingstate_acq-epochs_eeg.json,1440,b926b03a00319338f76032feea64ca6649b1da18a308494759a52ac42341f626,git
sub-2075cg/eeg/sub-2075cg_task-restingstate_acq-epochs_eeg.set,13665536,f783092c8e3da29042e26ccd05dab047699e22b4cbef9eb19fd9f879b68619f8,annex
sub-2075cg/eeg/sub-2075cg_task-restingstate_channels.tsv,3196,da55c8c0caeaad149051040b11484d8c0034d28a0243a5ad8cf154ba62f956dc,git
sub-2075cg/eeg/sub-2075cg_task-restingstate_desc-preprocessed_eeg.json,1489,40572121addaab633f938a447c1c04be7decc012760eecc3d62ca418720dd617,git
sub-2075cg/eeg/sub-2075cg_task-restingstate_desc-preprocessed_eeg.set,52023312,9c6a473ff25eca64434c8edd2167c86b66b99d0fd3728ef7c5ae03d07d247674,annex
sub-2077cg/eeg/sub-2077cg_coordsystem.json,110,dbec4867167ec49e8750c14be246f4ff917b2c3e021289a1a3a29f6efe9e65fa,git
sub-2077cg/eeg/sub-2077cg_electrodes.tsv,4164,e8bcbcf55421fe45ded233c9fcbba71690a83d1960db37b4dcc783f02cb01e1e,git
sub-2077cg/eeg/sub-2077cg_task-restingstate_acq-epochs_eeg.json,1440,b926b03a00319338f76032feea64ca6649b1da18a308494759a52ac42341f626,git
sub-2077cg/eeg/sub-2077cg_task-restingstate_acq-epochs_eeg.set,13665416,23d1789945a19704f7cea7a791abe685afa86b7148d64fd1f348a9bda7c4574f,annex
sub-2077cg/eeg/sub-2077cg_task-restingstate_channels.tsv,3196,da55c8c0caeaad149051040b11484d8c0034d28a0243a5ad8cf154ba62f956dc,git
sub-2077cg/eeg/sub-2077cg_task-restingstate_desc-preprocessed_eeg.json,1489,40572121addaab633f938a447c1c04be7decc012760eecc3d62ca418720dd617,git
sub-2077cg/eeg/sub-2077cg_task-restingstate_desc-preprocessed_eeg.set,51157736,6c3b973a408456ecd1138ab985c0425e3dde858e39c23ee5dde331e2b3fc0ce5,annex
sub-2079cg/eeg/sub-2079cg_coordsystem.json,110,dbec4867167ec49e8750c14be246f4ff917b2c3e021289a1a3a29f6efe9e65fa,git
sub-2079cg/eeg/sub-2079cg_electrodes.tsv,4164,e8bcbcf55421fe45ded233c9fcbba71690a83d1960db37b4dcc783f02cb01e1e,git
sub-2079cg/eeg/sub-2079cg_task-restingstate_acq-epochs_eeg.json,1440,b926b03a00319338f76032feea64ca6649b1da18a308494759a52ac42341f626,git
sub-2079cg/eeg/sub-2079cg_task-restingstate_acq-epochs_eeg.set,13668520,948a1a707e2eb3cd060b1ee762985fc382160fdf5a7e4a33eb4474864501dccb,annex
sub-2079cg/eeg/sub-2079cg_task-restingstate_channels.tsv,3196,da55c8c0caeaad149051040b11484d8c0034d28a0243a5ad8cf154ba62f956dc,git
sub-2079cg/eeg/sub-2079cg_task-restingstate_desc-preprocessed_eeg.json,1489,40572121addaab633f938a447c1c04be7decc012760eecc3d62ca418720dd617,git
sub-2079cg/eeg/sub-2079cg_task-restingstate_desc-preprocessed_eeg.set,52357896,0cad948d32b2a01cab9b8071c42449d8ab8e68866ef25d3efd536db8e82c0a03,annex
sub-2080cg/eeg/sub-2080cg_coordsystem.json,110,dbec4867167ec49e8750c14be246f4ff917b2c3e021289a1a3a29f6efe9e65fa,git
sub-2080cg/eeg/sub-2080cg_electrodes.tsv,4164,e8bcbcf55421fe45ded233c9fcbba71690a83d1960db37b4dcc783f02cb01e1e,git
sub-2080cg/eeg/sub-2080cg_task-restingstate_acq-epochs_eeg.json,1440,b926b03a00319338f76032feea64ca6649b1da18a308494759a52ac42341f626,git
sub-2080cg/eeg/sub-2080cg_task-restingstate_acq-epochs_eeg.set,13677952,5746548a984a5bc3101a46bda832cf6e080679bcadddba414423515e72444e4f,annex
sub-2080cg/eeg/sub-2080cg_task-restingstate_channels.tsv,3196,da55c8c0caeaad149051040b11484d8c0034d28a0243a5ad8cf154ba62f956dc,git
sub-2080cg/eeg/sub-2080cg_task-restingstate_desc-preprocessed_eeg.json,1489,40572121addaab633f938a447c1c04be7decc012760eecc3d62ca418720dd617,git
sub-2080cg/eeg/sub-2080cg_task-restingstate_desc-preprocessed_eeg.set,49502360,8aafceb20bb3b3e14ff3ac78ae405be560503f4cdef40a8546bde3a722b1dd31,annex
sub-2081cg/eeg/sub-2081cg_coordsystem.json,110,dbec4867167ec49e8750c14be246f4ff917b2c3e021289a1a3a29f6efe9e65fa,git
sub-2081cg/eeg/sub-2081cg_electrodes.tsv,4164,e8bcbcf55421fe45ded233c9fcbba71690a83d1960db37b4dcc783f02cb01e1e,git
sub-2081cg/eeg/sub-2081cg_task-restingstate_acq-epochs_eeg.json,1440,b926b03a00319338f76032feea64ca6649b1da18a308494759a52ac42341f626,git
sub-2081cg/eeg/sub-2081cg_task-restingstate_acq-epochs_eeg.set,13662320,7f3972bccc73aa78d81e314ce6729ef7950bc1deb238fa30523a9c30d7c85fa1,annex
sub-2081cg/eeg/sub-2081cg_task-restingstate_channels.tsv,3196,da55c8c0caeaad149051040b11484d8c0034d28a0243a5ad8cf154ba62f956dc,git
sub-2081cg/eeg/sub-2081cg_task-restingstate_desc-preprocessed_eeg.json,1489,40572121addaab633f938a447c1c04be7decc012760eecc3d62ca418720dd617,git
sub-2081cg/eeg/sub-2081cg_task-restingstate_desc-preprocessed_eeg.set,51887824,628f04290bdcc8f8e97c6a6e4dae8f0086498326f8b1a604b53c385c30ab6d5b,annex
sub-2082cg/eeg/sub-2082cg_coordsystem.json,110,dbec4867167ec49e8750c14be246f4ff917b2c3e021289a1a3a29f6efe9e65fa,git
sub-2082cg/eeg/sub-2082cg_electrodes.tsv,4164,e8bcbcf55421fe45ded233c9fcbba71690a83d1960db37b4dcc783f02cb01e1e,git
sub-2082cg/eeg/sub-2082cg_task-restingstate_acq-epochs_eeg.json,1440,b926b03a00319338f76032feea64ca6649b1da18a308494759a52ac42341f626,git
sub-2082cg/eeg/sub-2082cg_task-restingstate_acq-epochs_eeg.set,13656120,0eee43dc44efb6964a9f2b7b496c93deaca1a625ed92d09740016aa1ff9429b6,annex
sub-2082cg/eeg/sub-2082cg_task-restingstate_channels.tsv,3196,da55c8c0caeaad149051040b11484d8c0034d28a0243a5ad8cf154ba62f956dc,git
sub-2082cg/eeg/sub-2082cg_task-restingstate_desc-preprocessed_eeg.json,1489,40572121addaab633f938a447c1c04be7decc012760eecc3d62ca418720dd617,git
sub-2082cg/eeg/sub-2082cg_task-restingstate_desc-preprocessed_eeg.set,49620632,a7b679bf7fc1dcb9e2c40c4e4d875b526f760576c7716c19c2586aa06ec0ce96,annex
